t,k,ping,wall,tick_ms,mx0,mxd0,mth0,my0,myd0,mph0,mz0,mzd0,mps0,mr0,mx1,mxd1,mth1,my1,myd1,mph1,mz1,mzd1,mps1,mr1,mx2,mxd2,mth2,my2,myd2,mph2,mz2,mzd2,mps2,mr2,mx3,mxd3,mth3,my3,myd3,mph3,mz3,mzd3,mps3,mr3,px0,pxd0,pth0,py0,pyd0,pph0,pz0,pzd0,pps0,pr0,px1,pxd1,pth1,py1,pyd1,pph1,pz1,pzd1,pps1,pr1,px2,pxd2,pth2,py2,pyd2,pph2,pz2,pzd2,pps2,pr2,px3,pxd3,pth3,py3,pyd3,pph3,pz3,pzd3,pps3,pr3
0.0000,0,0,0.0000,0.00,0.80633,-0.00616,-0.01149,0.06709,-0.00949,0.02275,0.38048,-0.00491,0.15373,0.27666,-0.28995,0.04024,0.00658,0.07797,-0.03598,0.01515,0.36426,0.03113,0.03195,-0.00490,1.27971,-0.03180,0.00586,0.05867,-0.04722,-0.01018,0.35413,0.00448,-0.02792,0.02260,0.28865,0.00422,0.00785,0.03462,-0.00634,-0.00561,0.37420,0.01339,-0.00097,0.03924,0.80633,-0.00616,-0.01149,0.06709,-0.00949,0.02275,0.38048,-0.00491,0.15373,0.27666,-0.28995,0.04024,0.00658,0.07797,-0.03598,0.01515,0.36426,0.03113,0.03195,-0.00490,1.27971,-0.03180,0.00586,0.05867,-0.04722,-0.01018,0.35413,0.00448,-0.02792,0.02260,0.28865,0.00422,0.00785,0.03462,-0.00634,-0.00561,0.37420,0.01339,-0.00097,0.03924
0.0500,5,0,0.0499,49.92,0.80422,-0.01221,-0.01149,0.06969,-0.00927,0.02275,0.38102,-0.00119,0.15373,0.27666,-0.28566,0.03221,0.02133,0.07191,-0.05765,0.00215,0.36435,0.03197,0.03135,0.05236,1.27398,-0.03725,-0.01289,0.05866,-0.01300,-0.02342,0.35329,0.02677,-0.02460,-0.02433,0.28918,0.00344,-0.00645,0.03398,-0.00379,0.00239,0.37626,0.02037,0.00418,0.04737,0.80590,-0.01086,-0.00803,0.06647,-0.01278,-0.00688,0.38097,0.02346,0.16652,0.23603,-0.28787,0.04276,0.00384,0.07605,-0.03959,0.00053,0.36617,0.04539,0.03176,-0.00300,1.27810,-0.03397,-0.01328,0.05637,-0.04592,0.00375,0.35491,0.02629,-0.02682,0.02168,0.28887,0.00302,-0.01131,0.03431,-0.00726,0.00821,0.37528,0.02978,0.00090,0.03580
0.1000,10,0,0.0998,49.91,0.80422,-0.01221,-0.01237,0.06969,-0.00927,-0.00126,0.38102,-0.00119,0.18466,0.47411,-0.28566,0.03221,0.02133,0.07191,-0.05765,0.00215,0.36435,0.03197,0.03135,0.05236,1.27398,-0.03725,-0.01289,0.05866,-0.01300,-0.02342,0.35329,0.02677,-0.02460,-0.02433,0.28918,0.00344,-0.00645,0.03398,-0.00379,0.00239,0.37626,0.02037,0.00418,0.04737,0.80526,-0.01432,-0.00629,0.06600,-0.00471,-0.02439,0.38274,0.04669,0.17742,0.20061,-0.28570,0.04410,0.00170,0.07411,-0.03730,-0.00917,0.36879,0.05944,0.03165,-0.00138,1.27619,-0.04365,-0.02519,0.05399,-0.04996,0.01194,0.35673,0.04645,-0.02575,0.02083,0.28883,-0.00571,-0.02334,0.03381,-0.01345,0.01627,0.37717,0.04566,0.00261,0.03276
0.1500,15,0,0.1506,50.72,0.80318,-0.00546,-0.01237,0.06993,0.00588,-0.00126,0.38125,0.01577,0.18466,0.47411,-0.28280,0.00799,0.01650,0.07070,-0.03225,-0.01176,0.36385,0.01772,0.04728,0.15595,1.26850,-0.03867,-0.01583,0.06057,0.02050,-0.02064,0.35480,0.03925,-0.03010,-0.09127,0.29123,0.01594,-0.00162,0.03617,0.00950,0.00795,0.37742,0.02899,0.00612,0.01330,0.80448,-0.01721,-0.00564,0.06611,0.00983,-0.03384,0.38558,0.06609,0.18666,0.16975,-0.28348,0.04450,0.00000,0.07239,-0.03115,-0.01545,0.37210,0.07297,0.03161,-0.00000,1.27366,-0.05788,-0.03218,0.05132,-0.05702,0.01632,0.35953,0.06490,-0.02473,0.02005,0.28822,-0.01908,-0.03051,0.03291,-0.02260,0.02049,0.37984,0.06073,0.00418,0.03006
0.2000,20,0,0.2010,50.48,0.80318,-0.00546,0.00017,0.06993,0.00588,-0.00950,0.38125,0.01577,0.24220,0.52277,-0.28280,0.00799,0.01650,0.07070,-0.03225,-0.01176,0.36385,0.01772,0.04728,0.15595,1.26850,-0.03867,-0.01583,0.06057,0.02050,-0.02064,0.35480,0.03925,-0.03010,-0.09127,0.29123,0.01594,-0.00162,0.03617,0.00950,0.00795,0.37742,0.02899,0.00612,0.01330,0.80355,-0.01996,-0.00568,0.06704,0.02762,-0.03799,0.38930,0.08252,0.19446,0.14286,-0.28126,0.04416,-0.00137,0.07104,-0.02253,-0.01937,0.37608,0.08578,0.03164,0.00118,1.27036,-0.07467,-0.03583,0.04826,-0.06556,0.01816,0.36320,0.08164,-0.02375,0.01933,0.28688,-0.03511,-0.03440,0.03152,-0.03315,0.02218,0.38323,0.07486,0.00563,0.02767
0.2500,25,0,0.2500,48.98,0.80135,-0.00695,0.00017,0.06556,-0.02636,-0.00950,0.38264,0.04582,0.24220,0.52277,-0.28180,0.00108,0.01135,0.06627,-0.03238,-0.00884,0.36279,-0.00086,0.05936,0.03489,1.26659,-0.01342,-0.02545,0.06014,0.01714,0.00930,0.35974,0.07305,-0.03847,-0.10288,0.29336,0.01685,-0.00136,0.03942,0.01950,0.01212,0.38102,0.05344,0.00343,-0.04296,0.80248,-0.02284,-0.00611,0.06889,0.04655,-0.03875,0.39379,0.09661,0.20100,0.11943,-0.27907,0.04319,-0.00251,0.07016,-0.01241,-0.02166,0.38067,0.09774,0.03173,0.00218,1.26618,-0.09267,-0.03725,0.04476,-0.07457,0.01838,0.36766,0.09673,-0.02280,0.01867,0.28469,-0.05247,-0.03607,0.02959,-0.04409,0.02224,0.38731,0.08795,0.00696,0.02555
0.3000,30,0,0.3000,50.02,0.80135,-0.00695,0.00533,0.06556,-0.02636,0.01075,0.38264,0.04582,0.28671,0.28345,-0.28180,0.00108,0.01135,0.06627,-0.03238,-0.00884,0.36279,-0.00086,0.05936,0.03489,1.26659,-0.01342,-0.02545,0.06014,0.01714,0.00930,0.35974,0.07305,-0.03847,-0.10288,0.29336,0.01685,-0.00136,0.03942,0.01950,0.01212,0.38102,0.05344,0.00343,-0.04296,0.80126,-0.02599,-0.00674,0.07169,0.06529,-0.03740,0.39893,0.10881,0.20645,0.09904,-0.27695,0.04172,-0.00347,0.06981,-0.00147,-0.02280,0.38584,0.10879,0.03186,0.00302,1.26109,-0.11098,-0.03720,0.04081,-0.08342,0.01757,0.37284,0.11026,-0.02188,0.01807,0.28162,-0.07026,-0.03626,0.02712,-0.05479,0.02126,0.39201,0.09999,0.00819,0.02367
0.3500,35,0,0.3497,49.68,0.79838,-0.02104,0.00533,0.06344,-0.01635,0.01075,0.38923,0.09072,0.28671,0.28345,-0.28136,-0.00298,0.00350,0.06563,-0.01354,-0.01637,0.36268,0.00251,0.05709,-0.08451,1.26494,-0.00453,-0.01310,0.06450,0.02778,0.00479,0.36689,0.08535,-0.04537,-0.02324,0.29604,0.01967,0.01635,0.04004,0.00357,0.01426,0.38681,0.06766,-0.00442,-0.08515,0.79987,-0.02946,-0.00744,0.07540,0.08304,-0.03479,0.40464,0.11942,0.21095,0.08129,-0.27491,0.03981,-0.00429,0.07002,0.00983,-0.02316,0.39153,0.11893,0.03203,0.00374,1.25508,-0.12901,-0.03618,0.03643,-0.09171,0.01615,0.37866,0.12233,-0.02099,0.01751,0.27767,-0.08789,-0.03550,0.02413,-0.06485,0.01968,0.39729,0.11097,0.00933,0.02200
0.4000,40,0,0.4016,51.91,0.79838,-0.02104,-0.00700,0.06344,-0.01635,-0.02761,0.38923,0.09072,0.29759,-0.08688,-0.28136,-0.00298,0.00350,0.06563,-0.01354,-0.01637,0.36268,0.00251,0.05709,-0.08451,1.26494,-0.00453,-0.01310,0.06450,0.02778,0.00479,0.36689,0.08535,-0.04537,-0.02324,0.29604,0.01967,0.01635,0.04004,0.00357,0.01426,0.38681,0.06766,-0.00442,-0.08515,0.79831,-0.03328,-0.00813,0.07997,0.09932,-0.03151,0.41085,0.12869,0.21462,0.06584,-0.27297,0.03753,-0.00500,0.07079,0.02116,-0.02297,0.39771,0.12815,0.03223,0.00434,1.24820,-0.14638,-0.03456,0.03165,-0.09921,0.01439,0.38505,0.13304,-0.02013,0.01699,0.27284,-0.10498,-0.03412,0.02065,-0.07404,0.01775,0.40309,0.12093,0.01039,0.02051
0.4500,45,0,0.4501,48.46,0.79628,-0.01778,-0.00700,0.06270,-0.00008,-0.02761,0.39988,0.11998,0.29759,-0.08688,-0.28112,-0.00486,0.00033,0.06455,0.00382,-0.01447,0.36513,0.04398,0.05139,-0.06478,1.26715,0.02483,-0.01464,0.06035,-0.02797,0.02405,0.37589,0.10744,-0.04552,-0.00328,0.29624,-0.00001,0.00321,0.04248,-0.00794,0.01729,0.39510,0.09314,-0.01303,-0.14379,0.79654,-0.03742,-0.00876,0.08530,0.11390,-0.02793,0.41749,0.13679,0.21757,0.05241,-0.27116,0.03492,-0.00561,0.07213,0.03230,-0.02241,0.40433,0.13648,0.03246,0.00484,1.24046,-0.16285,-0.03258,0.02652,-0.10580,0.01247,0.39195,0.14250,-0.01929,0.01651,0.26718,-0.12130,-0.03237,0.01674,-0.08224,0.01568,0.40936,0.12990,0.01138,0.01918
0.5000,50,0,0.4999,49.81,0.79628,-0.01778,-0.01346,0.06270,-0.00008,-0.01689,0.39988,0.11998,0.27291,-0.36298,-0.28112,-0.00486,0.00033,0.06455,0.00382,-0.01447,0.36513,0.04398,0.05139,-0.06478,1.26715,0.02483,-0.01464,0.06035,-0.02797,0.02405,0.37589,0.10744,-0.04552,-0.00328,0.29624,-0.00001,0.00321,0.04248,-0.00794,0.01729,0.39510,0.09314,-0.01303,-0.14379,0.79456,-0.04186,-0.00931,0.09133,0.12671,-0.02430,0.42451,0.14386,0.21989,0.04073,-0.26949,0.03204,-0.00613,0.07402,0.04310,-0.02159,0.41135,0.14396,0.03271,0.00526,1.23193,-0.17831,-0.03040,0.02109,-0.11144,0.01051,0.39928,0.15081,-0.01848,0.01607,0.26073,-0.13670,-0.03040,0.01244,-0.08941,0.01357,0.41606,0.13793,0.01231,0.01800
0.5500,55,0,0.5505,50.57,0.79225,-0.02891,-0.01346,0.07027,0.07339,-0.01689,0.41103,0.12929,0.27291,-0.36298,-0.27943,0.00861,-0.00309,0.06354,0.01138,-0.01034,0.37257,0.08319,0.04610,-0.04250,1.26670,0.01354,0.01122,0.05822,-0.03877,0.01109,0.38539,0.11592,-0.04206,0.01717,0.29885,0.01039,0.01273,0.03503,-0.05533,0.01511,0.40586,0.12005,-0.02284,-0.02712,0.79235,-0.04654,-0.00975,0.09795,0.13776,-0.02077,0.43186,0.15002,0.22167,0.03059,-0.26796,0.02892,-0.00659,0.07643,0.05345,-0.02060,0.41871,0.15061,0.03298,0.00561,1.22265,-0.19266,-0.02812,0.01539,-0.11612,0.00860,0.40701,0.15806,-0.01768,0.01566,0.25353,-0.15110,-0.02833,0.00781,-0.09556,0.01150,0.42314,0.14508,0.01318,0.01695
0.6000,60,0,0.5999,49.38,0.79225,-0.02891,-0.00446,0.07027,0.07339,-0.04431,0.41103,0.12929,0.23973,-0.28275,-0.27943,0.00861,-0.00309,0.06354,0.01138,-0.01034,0.37257,0.08319,0.04610,-0.04250,1.26670,0.01354,0.01122,0.05822,-0.03877,0.01109,0.38539,0.11592,-0.04206,0.01717,0.29885,0.01039,0.01273,0.03503,-0.05533,0.01511,0.40586,0.12005,-0.02284,-0.02712,0.78990,-0.05141,-0.01009,0.10508,0.14712,-0.01744,0.43950,0.15535,0.22297,0.02179,-0.26660,0.02559,-0.00698,0.07935,0.06329,-0.01949,0.42640,0.15649,0.03327,0.00589,1.21268,-0.20589,-0.02583,0.00949,-0.11989,0.00677,0.41507,0.16435,-0.01691,0.01528,0.24563,-0.16448,-0.02622,0.00290,-0.10071,0.00953,0.43056,0.15140,0.01401,0.01601
0.6500,65,0,0.6501,50.27,0.78962,-0.02959,-0.00446,0.07902,0.10021,-0.04431,0.42427,0.14003,0.23973,-0.28275,-0.27748,0.01575,-0.00357,0.06389,0.01650,-0.01141,0.38161,0.09558,0.04350,-0.00989,1.26800,0.00146,0.02113,0.05278,-0.05423,0.01728,0.39843,0.13983,-0.03918,0.01941,0.29934,-0.00655,0.03040,0.02857,-0.06911,0.01202,0.41934,0.13022,-0.02397,0.05560,0.78721,-0.05641,-0.01031,0.11263,0.15491,-0.01435,0.44739,0.15994,0.22387,0.01416,-0.26540,0.02208,-0.00731,0.08275,0.07256,-0.01832,0.43435,0.16164,0.03357,0.00612,1.20208,-0.21800,-0.02357,0.00342,-0.12278,0.00506,0.42343,0.16976,-0.01616,0.01492,0.23710,-0.17683,-0.02413,-0.00224,-0.10493,0.00768,0.43827,0.15694,0.01478,0.01516
0.7000,70,0,0.7010,50.86,0.78962,-0.02959,-0.00761,0.07902,0.10021,-0.02104,0.42427,0.14003,0.21448,-0.22595,-0.27748,0.01575,-0.00357,0.06389,0.01650,-0.01141,0.38161,0.09558,0.04350,-0.00989,1.26800,0.00146,0.02113,0.05278,-0.05423,0.01728,0.39843,0.13983,-0.03918,0.01941,0.29934,-0.00655,0.03040,0.02857,-0.06911,0.01202,0.41934,0.13022,-0.02397,0.05560,0.78426,-0.06151,-0.01044,0.12054,0.16124,-0.01152,0.45548,0.16386,0.22440,0.00755,-0.26439,0.01842,-0.00759,0.08660,0.08125,-0.01711,0.44255,0.16611,0.03388,0.00630,1.19090,-0.22902,-0.02137,-0.00278,-0.12487,0.00348,0.43204,0.17435,-0.01542,0.01459,0.22797,-0.18816,-0.02209,-0.00758,-0.10827,0.00596,0.44624,0.16175,0.01552,0.01441
0.7500,75,0,0.7496,48.59,0.78723,-0.02527,-0.00761,0.08623,0.09798,-0.02104,0.44016,0.15860,0.21448,-0.22595,-0.27422,0.02538,-0.00426,0.06403,0.02078,-0.01216,0.39233,0.12599,0.04343,0.05946,1.26498,-0.03851,0.03372,0.04935,-0.04951,0.01683,0.40993,0.13406,-0.03845,-0.00127,0.29627,-0.04863,0.04792,0.02671,-0.05567,0.00302,0.43089,0.11258,-0.01756,0.08898,0.78106,-0.06664,-0.01047,0.12873,0.16626,-0.00897,0.46376,0.16716,0.22464,0.00182,-0.26356,0.01465,-0.00781,0.09087,0.08934,-0.01588,0.45095,0.16995,0.03420,0.00645,1.17919,-0.23898,-0.01925,-0.00906,-0.12622,0.00203,0.44085,0.17822,-0.01470,0.01428,0.21830,-0.19851,-0.02012,-0.01306,-0.11080,0.00439,0.45443,0.16590,0.01623,0.01373
0.8000,80,0,0.7995,49.89,0.78723,-0.02527,0.00522,0.08623,0.09798,-0.00412,0.44016,0.15860,0.20557,0.08595,-0.27422,0.02538,-0.00426,0.06403,0.02078,-0.01216,0.39233,0.12599,0.04343,0.05946,1.26498,-0.03851,0.03372,0.04935,-0.04951,0.01683,0.40993,0.13406,-0.03845,-0.00127,0.29627,-0.04863,0.04792,0.02671,-0.05567,0.00302,0.43089,0.11258,-0.01756,0.08898,0.77760,-0.07176,-0.01041,0.13715,0.17008,-0.00668,0.47219,0.16990,0.22460,-0.00313,-0.26293,0.01077,-0.00798,0.09552,0.09683,-0.01466,0.45953,0.17319,0.03453,0.00656,1.16702,-0.24793,-0.01723,-0.01539,-0.12689,0.00073,0.44985,0.18141,-0.01399,0.01399,0.20813,-0.20791,-0.01822,-0.01864,-0.11260,0.00296,0.46282,0.16942,0.01690,0.01312
0.8500,85,0,0.8498,50.33,0.78412,-0.02772,0.00522,0.09302,0.08994,-0.00412,0.45566,0.15110,0.20557,0.08595,-0.27142,0.02858,-0.00415,0.06806,0.04238,-0.01180,0.40642,0.13995,0.04610,0.00774,1.25904,-0.07613,0.03997,0.04389,-0.06383,0.01654,0.42340,0.13956,-0.03711,-0.01477,0.28868,-0.09395,0.03878,0.02517,-0.05331,0.01932,0.44095,0.09448,-0.00510,0.17358,0.77388,-0.07684,-0.01027,0.14572,0.17285,-0.00465,0.48074,0.17213,0.22433,-0.00740,-0.26249,0.00682,-0.00811,0.10054,0.10373,-0.01345,0.46826,0.17589,0.03486,0.00664,1.15442,-0.25590,-0.01530,-0.02173,-0.12695,-0.00045,0.45898,0.18399,-0.01330,0.01372,0.19752,-0.21640,-0.01641,-0.02431,-0.11373,0.00166,0.47137,0.17236,0.01754,0.01257
0.9000,90,0,0.8999,50.11,0.78412,-0.02772,-0.00008,0.09302,0.08994,0.00662,0.45566,0.15110,0.21757,0.14526,-0.27142,0.02858,-0.00415,0.06806,0.04238,-0.01180,0.40642,0.13995,0.04610,0.00774,1.25904,-0.07613,0.03997,0.04389,-0.06383,0.01654,0.42340,0.13956,-0.03711,-0.01477,0.28868,-0.09395,0.03878,0.02517,-0.05331,0.01932,0.44095,0.09448,-0.00510,0.17358,0.76991,-0.08182,-0.01006,0.15442,0.17468,-0.00285,0.48940,0.17390,0.22387,-0.01108,-0.26225,0.00282,-0.00820,0.10589,0.11003,-0.01226,0.47711,0.17807,0.03519,0.00670,1.14144,-0.26295,-0.01346,-0.02807,-0.12647,-0.00150,0.46824,0.18603,-0.01262,0.01347,0.18651,-0.22402,-0.01468,-0.03001,-0.11425,0.00050,0.48005,0.17478,0.01816,0.01207
0.9500,95,0,0.9497,49.81,0.78015,-0.03075,-0.00008,0.10469,0.09483,0.00662,0.47029,0.14192,0.21757,0.14526,-0.26809,0.03191,0.00160,0.07246,0.04774,-0.00619,0.42042,0.12737,0.04339,-0.03747,1.24909,-0.12501,0.04166,0.04129,-0.05227,0.02902,0.43073,0.12777,-0.03908,-0.01602,0.27888,-0.12114,0.03420,0.01498,-0.10226,0.01884,0.44904,0.08499,0.01560,0.18734,0.76570,-0.08670,-0.00979,0.16318,0.17569,-0.00127,0.49813,0.17524,0.22324,-0.01424,-0.26221,-0.00121,-0.00824,0.11153,0.11576,-0.01110,0.48606,0.17979,0.03553,0.00673,1.12814,-0.26912,-0.01173,-0.03437,-0.12550,-0.00243,0.47758,0.18755,-0.01195,0.01323,0.17513,-0.23081,-0.01304,-0.03572,-0.11424,-0.00054,0.48884,0.17671,0.01875,0.01162
1.0000,100,1,0.9995,49.79,0.78015,-0.03075,-0.00307,0.10469,0.09483,0.00498,0.47029,0.14192,0.23400,0.18357,-0.26809,0.03191,0.00160,0.07246,0.04774,-0.00619,0.42042,0.12737,0.04339,-0.03747,1.24909,-0.12501,0.04166,0.04129,-0.05227,0.02902,0.43073,0.12777,-0.03908,-0.01602,0.27888,-0.12114,0.03420,0.01498,-0.10226,0.01884,0.44904,0.08499,0.01560,0.18734,0.78015,-0.03075,-0.00307,0.10469,0.09483,0.00498,0.47029,0.14192,0.23400,0.18357,-0.26809,0.03191,0.00160,0.07246,0.04774,-0.00619,0.42042,0.12737,0.04339,-0.03747,1.24909,-0.12501,0.04166,0.04129,-0.05227,0.02902,0.43073,0.12777,-0.03908,-0.01602,0.27888,-0.12114,0.03420,0.01498,-0.10226,0.01884,0.44904,0.08499,0.01560,0.18734
1.0500,105,1,1.0498,50.26,0.77871,-0.01551,-0.00307,0.11193,0.07606,0.00498,0.48361,0.12322,0.23400,0.18357,-0.26461,0.02970,0.00571,0.07855,0.06119,-0.00728,0.43633,0.15723,0.03881,-0.02770,1.23583,-0.16286,0.04174,0.03292,-0.08591,0.03151,0.44488,0.16107,-0.04140,-0.06177,0.26618,-0.14559,0.02641,0.00726,-0.10692,0.01075,0.45860,0.11136,0.03126,0.11231,0.77858,-0.03185,-0.00161,0.10942,0.09545,-0.00649,0.47729,0.13897,0.24242,0.15404,-0.26648,0.03230,0.00008,0.07494,0.05180,-0.01005,0.42714,0.14092,0.04168,-0.03118,1.24323,-0.11162,0.01481,0.03834,-0.06548,0.02495,0.43742,0.13945,-0.03977,-0.01148,0.27315,-0.11015,0.01215,0.00965,-0.11051,0.01490,0.45375,0.10280,0.02439,0.16470
1.1000,110,1,1.1006,50.84,0.77871,-0.01551,-0.00991,0.11193,0.07606,0.00342,0.48361,0.12322,0.25523,0.17894,-0.26461,0.02970,0.00571,0.07855,0.06119,-0.00728,0.43633,0.15723,0.03881,-0.02770,1.23583,-0.16286,0.04174,0.03292,-0.08591,0.03151,0.44488,0.16107,-0.04140,-0.06177,0.26618,-0.14559,0.02641,0.00726,-0.10692,0.01075,0.45860,0.11136,0.03126,0.11231,0.77697,-0.03249,-0.00116,0.11430,0.10036,-0.01286,0.48424,0.13932,0.24946,0.12831,-0.26487,0.03204,-0.00109,0.07766,0.05735,-0.01234,0.43448,0.15207,0.04026,-0.02571,1.23775,-0.10894,-0.00258,0.03478,-0.07681,0.02134,0.44464,0.14913,-0.04024,-0.00754,0.26772,-0.10796,-0.00214,0.00396,-0.11699,0.01160,0.45927,0.11763,0.03212,0.14488
1.1500,115,1,1.1500,49.41,0.77797,-0.00039,-0.00991,0.11930,0.06682,0.00342,0.49470,0.09651,0.25523,0.17894,-0.26386,0.01118,0.01531,0.08717,0.07562,0.01289,0.45638,0.18848,0.03689,-0.01282,1.21942,-0.17244,-0.04454,0.02570,-0.08064,-0.03227,0.45854,0.16212,-0.04622,0.02568,0.25245,-0.14768,-0.02700,-0.00206,-0.09514,-0.02818,0.46971,0.10881,0.03675,0.07932,0.77533,-0.03309,-0.00134,0.11949,0.10752,-0.01588,0.49125,0.14160,0.25531,0.10592,-0.26329,0.03128,-0.00201,0.08069,0.06373,-0.01355,0.44232,0.16132,0.03910,-0.02096,1.23222,-0.11310,-0.01351,0.03069,-0.08648,0.01813,0.45231,0.15726,-0.04053,-0.00414,0.26226,-0.11138,-0.01111,-0.00202,-0.12197,0.00879,0.46547,0.13008,0.03892,0.12751
1.2000,120,1,1.2018,51.76,0.77797,-0.00039,-0.01182,0.11930,0.06682,0.03351,0.49470,0.09651,0.27621,0.22641,-0.26386,0.01118,0.01531,0.08717,0.07562,0.01289,0.45638,0.18848,0.03689,-0.01282,1.21942,-0.17244,-0.04454,0.02570,-0.08064,-0.03227,0.45854,0.16212,-0.04622,0.02568,0.25245,-0.14768,-0.02700,-0.00206,-0.09514,-0.02818,0.46971,0.10881,0.03675,0.07932,0.77366,-0.03387,-0.00188,0.12507,0.11559,-0.01674,0.49841,0.14490,0.26010,0.08642,-0.26175,0.03010,-0.00275,0.08404,0.07052,-0.01402,0.45058,0.16903,0.03816,-0.01684,1.22637,-0.12148,-0.02003,0.02615,-0.09465,0.01526,0.46035,0.16413,-0.04066,-0.00120,0.25653,-0.11827,-0.01646,-0.00822,-0.12567,0.00639,0.47225,0.14058,0.04490,0.11230
1.2500,125,1,1.2501,48.36,0.77995,0.01703,-0.01182,0.12390,0.03165,0.03351,0.50217,0.06335,0.27621,0.22641,-0.26340,-0.00106,0.00962,0.09385,0.05656,0.02782,0.47099,0.07097,0.03465,-0.02568,1.20671,-0.10625,-0.06638,0.01886,-0.05414,-0.03021,0.47229,0.14055,-0.04894,-0.02650,0.24074,-0.10645,-0.04161,-0.00909,-0.06195,-0.03385,0.47991,0.09382,0.04548,0.07557,0.77194,-0.03496,-0.00260,0.13105,0.12372,-0.01624,0.50575,0.14863,0.26399,0.06946,-0.26028,0.02860,-0.00336,0.08774,0.07741,-0.01398,0.45920,0.17548,0.03740,-0.01326,1.22003,-0.13227,-0.02357,0.02125,-0.10149,0.01269,0.46870,0.16995,-0.04066,0.00134,0.25040,-0.12713,-0.01937,-0.01457,-0.12829,0.00432,0.47950,0.14946,0.05018,0.09897
1.3000,130,1,1.3017,51.56,0.77995,0.01703,0.00834,0.12390,0.03165,0.02953,0.50217,0.06335,0.29609,0.18821,-0.26340,-0.00106,0.00962,0.09385,0.05656,0.02782,0.47099,0.07097,0.03465,-0.02568,1.20671,-0.10625,-0.06638,0.01886,-0.05414,-0.03021,0.47229,0.14055,-0.04894,-0.02650,0.24074,-0.10645,-0.04161,-0.00909,-0.06195,-0.03385,0.47991,0.09382,0.04548,0.07557,0.77016,-0.03643,-0.00338,0.13743,0.13139,-0.01494,0.51328,0.15244,0.26709,0.05471,-0.25890,0.02683,-0.00386,0.09178,0.08418,-0.01359,0.46811,0.18085,0.03682,-0.01016,1.21312,-0.14427,-0.02510,0.01603,-0.10715,0.01040,0.47733,0.17487,-0.04053,0.00353,0.24380,-0.13700,-0.02063,-0.02103,-0.12996,0.00253,0.48717,0.15697,0.05483,0.08729
1.3500,135,1,1.3500,48.31,0.78100,0.02121,0.00834,0.12056,-0.01590,0.02953,0.50490,0.04293,0.29609,0.18821,-0.26112,0.00451,0.00251,0.09538,0.01662,0.03106,0.46922,-0.02231,0.03314,-0.03533,1.20197,-0.02739,-0.06764,0.01226,-0.03599,-0.03499,0.48532,0.12352,-0.05018,0.00438,0.23305,-0.05618,-0.04161,-0.01207,-0.01426,-0.03385,0.49002,0.10537,0.04548,0.07557,0.76829,-0.03828,-0.00415,0.14418,0.13831,-0.01319,0.52099,0.15609,0.26949,0.04189,-0.25760,0.02483,-0.00428,0.09615,0.09070,-0.01297,0.47727,0.18529,0.03638,-0.00747,1.20560,-0.15667,-0.02531,0.01055,-0.11173,0.00834,0.48618,0.17902,-0.04031,0.00541,0.23669,-0.14719,-0.02080,-0.02755,-0.13081,0.00099,0.49518,0.16331,0.05893,0.07706
1.4000,140,1,1.4000,50.02,0.78100,0.02121,0.01054,0.12056,-0.01590,0.01816,0.50490,0.04293,0.31467,0.24340,-0.26112,0.00451,0.00251,0.09538,0.01662,0.03106,0.46922,-0.02231,0.03314,-0.03533,1.20197,-0.02739,-0.06764,0.01226,-0.03599,-0.03499,0.48532,0.12352,-0.05018,0.00438,0.23305,-0.05618,-0.05734,-0.01207,-0.01426,-0.01901,0.49002,0.10537,0.05356,0.09393,0.76632,-0.04049,-0.00486,0.15125,0.14430,-0.01124,0.52888,0.15944,0.27130,0.03075,-0.25642,0.02264,-0.00463,0.10084,0.09688,-0.01220,0.48663,0.18892,0.03607,-0.00515,1.19746,-0.16895,-0.02465,0.00487,-0.11536,0.00650,0.49522,0.18247,-0.04000,0.00703,0.22908,-0.15728,-0.02026,-0.03410,-0.13096,-0.00035,0.50348,0.16862,0.06255,0.06809
1.4500,145,1,1.4505,50.49,0.78279,0.01160,0.01054,0.12353,-0.01123,0.01816,0.50844,0.04559,0.31467,0.24340,-0.26015,0.00671,0.00045,0.09456,-0.01615,0.01777,0.46686,-0.01970,0.03497,-0.02607,1.20341,0.03101,-0.06764,0.01025,-0.00649,-0.03499,0.49444,0.09752,-0.05018,0.00438,0.22983,-0.01070,-0.02946,-0.01405,-0.00940,-0.00707,0.49914,0.09244,0.05969,0.05680,0.76424,-0.04303,-0.00548,0.15859,0.14932,-0.00922,0.53693,0.16242,0.27259,0.02109,-0.25534,0.02030,-0.00492,0.10583,0.10265,-0.01132,0.49615,0.19184,0.03586,-0.00314,1.18871,-0.18076,-0.02343,-0.00097,-0.11815,0.00487,0.50441,0.18530,-0.03961,0.00841,0.22097,-0.16699,-0.01926,-0.04064,-0.13049,-0.00150,0.51203,0.17303,0.06576,0.06022
1.5000,150,1,1.5002,49.64,0.78279,0.01160,0.00470,0.12353,-0.01123,-0.00159,0.50844,0.04559,0.33616,0.20298,-0.26015,0.00671,0.00045,0.09456,-0.01615,0.01777,0.46686,-0.01970,0.03497,-0.02607,1.20341,0.03101,-0.03860,0.01025,-0.00649,-0.01756,0.49444,0.09752,-0.04797,-0.02007,0.22983,-0.01070,-0.02946,-0.01405,-0.00940,-0.00707,0.49914,0.09244,0.05969,0.05680,0.76202,-0.04585,-0.00599,0.16616,0.15336,-0.00726,0.54512,0.16499,0.27343,0.01272,-0.25439,0.01782,-0.00517,0.11110,0.10797,-0.01039,0.50580,0.19411,0.03575,-0.00140,1.17939,-0.19189,-0.02189,-0.00693,-0.12017,0.00341,0.51374,0.18757,-0.03916,0.00960,0.21239,-0.17613,-0.01800,-0.04714,-0.12951,-0.00250,0.52077,0.17664,0.06859,0.05333
1.5500,155,1,1.5500,49.86,0.78603,0.01699,0.00470,0.11999,-0.00978,-0.00159,0.51656,0.08002,0.33616,0.20298,-0.25406,0.02430,-0.00310,0.09170,-0.03667,0.00367,0.47099,0.05411,0.03363,-0.00497,1.20783,0.05111,-0.00270,0.01143,0.00768,-0.00016,0.50089,0.08096,-0.04975,-0.02278,0.22932,0.00946,-0.01639,-0.01466,-0.01062,0.02204,0.50755,0.09169,0.06712,0.11707,0.75965,-0.04889,-0.00640,0.17391,0.15645,-0.00539,0.55342,0.16714,0.27388,0.00546,-0.25356,0.01524,-0.00537,0.11662,0.11283,-0.00942,0.51555,0.19581,0.03572,0.00009,1.16954,-0.20220,-0.02016,-0.01298,-0.12151,0.00211,0.52316,0.18931,-0.03865,0.01061,0.20337,-0.18462,-0.01657,-0.05358,-0.12807,-0.00334,0.52968,0.17955,0.07110,0.04728
1.6000,160,1,1.5999,49.86,0.78603,0.01699,0.00297,0.11999,-0.00978,-0.03196,0.51656,0.08002,0.34641,0.03650,-0.25406,0.02430,-0.00310,0.09170,-0.03667,0.00367,0.47099,0.05411,0.03363,-0.00497,1.20783,0.05111,-0.00270,0.01143,0.00768,-0.00016,0.50089,0.08096,-0.04975,-0.02278,0.22932,0.00946,-0.01639,-0.01466,-0.01062,0.02204,0.50755,0.09169,0.06712,0.11707,0.75712,-0.05211,-0.00669,0.18180,0.15866,-0.00365,0.56182,0.16889,0.27400,-0.00082,-0.25287,0.01256,-0.00553,0.12238,0.11722,-0.00844,0.52537,0.19698,0.03575,0.00138,1.15919,-0.21165,-0.01834,-0.01908,-0.12226,0.00097,0.53266,0.19058,-0.03810,0.01146,0.19394,-0.19238,-0.01508,-0.05994,-0.12625,-0.00406,0.53872,0.18181,0.07333,0.04198
1.6500,165,1,1.6499,50.01,0.78603,0.01699,0.00297,0.11999,-0.00978,-0.03196,0.51656,0.08002,0.34641,0.03650,-0.25025,0.03106,0.00443,0.08918,-0.02502,-0.01809,0.47896,0.11035,0.03193,0.02422,1.21145,0.02810,0.03458,0.01304,0.01264,0.01935,0.50436,0.06342,-0.05328,-0.03896,0.23006,0.00686,-0.01639,-0.01666,-0.02938,0.02204,0.51569,0.08970,0.06712,0.11707,0.75443,-0.05545,-0.00689,0.18977,0.16006,-0.00206,0.57030,0.17023,0.27382,-0.00624,-0.25231,0.00982,-0.00565,0.12834,0.12112,-0.00747,0.53524,0.19769,0.03585,0.00249,1.14839,-0.22019,-0.01650,-0.02520,-0.12248,-0.00004,0.54221,0.19142,-0.03751,0.01219,0.18414,-0.19941,-0.01356,-0.06620,-0.12411,-0.00466,0.54785,0.18351,0.07531,0.03733
1.7000,170,1,1.6995,49.64,0.78701,-0.00035,0.00892,0.12178,0.03096,-0.05027,0.52684,0.12066,0.34827,-0.00306,-0.25025,0.03106,0.00443,0.08918,-0.02502,-0.01809,0.47896,0.11035,0.03193,0.02422,1.21145,0.02810,0.03458,0.01304,0.01264,0.01935,0.50436,0.06342,-0.05328,-0.03896,0.23006,0.00686,0.01878,-0.01666,-0.02938,0.01582,0.51569,0.08970,0.07807,0.13358,0.75158,-0.05885,-0.00698,0.19779,0.16071,-0.00063,0.57884,0.17119,0.27338,-0.01092,-0.25189,0.00702,-0.00574,0.13448,0.12455,-0.00651,0.54514,0.19797,0.03600,0.00344,1.13718,-0.22783,-0.01467,-0.03132,-0.12224,-0.00093,0.55180,0.19186,-0.03689,0.01280,0.17401,-0.20569,-0.01206,-0.07235,-0.12169,-0.00516,0.55706,0.18469,0.07707,0.03324
1.7500,175,1,1.7498,50.30,0.79083,-0.01905,0.00892,0.14085,0.12606,-0.05027,0.53317,0.12837,0.34827,-0.00306,-0.24531,0.03204,0.00713,0.08690,-0.00307,-0.02714,0.49152,0.14358,0.03239,0.03523,1.21367,-0.01028,0.03458,0.01015,-0.04479,0.01935,0.51300,0.11575,-0.05328,-0.03896,0.22399,-0.04020,0.03725,-0.01689,-0.02717,0.01681,0.52869,0.12034,0.09158,0.11550,0.74855,-0.06228,-0.00699,0.20583,0.16070,0.00066,0.58742,0.17180,0.27274,-0.01495,-0.25161,0.00420,-0.00579,0.14078,0.12751,-0.00556,0.55503,0.19786,0.03619,0.00425,1.12562,-0.23459,-0.01290,-0.03741,-0.12159,-0.00169,0.56139,0.19193,-0.03623,0.01331,0.16359,-0.21125,-0.01060,-0.07837,-0.11906,-0.00556,0.56631,0.18541,0.07865,0.02965
1.8000,180,1,1.7999,50.05,0.79083,-0.01905,0.01925,0.14085,0.12606,-0.03970,0.53317,0.12837,0.34769,-0.02486,-0.24531,0.03204,0.00713,0.08690,-0.00307,-0.02714,0.49152,0.14358,0.03239,0.03523,1.21367,-0.01028,0.04981,0.01015,-0.04479,0.04075,0.51300,0.11575,-0.05793,0.02955,0.22399,-0.04020,0.03725,-0.01689,-0.02717,0.01681,0.52869,0.12034,0.09158,0.11550,0.74535,-0.06569,-0.00691,0.21385,0.16009,0.00180,0.59602,0.17208,0.27190,-0.01841,-0.25147,0.00135,-0.00581,0.14722,0.13001,-0.00465,0.56492,0.19741,0.03642,0.00494,1.11374,-0.24050,-0.01119,-0.04347,-0.12059,-0.00236,0.57098,0.19166,-0.03556,0.01374,0.15290,-0.21610,-0.00919,-0.08425,-0.11625,-0.00588,0.57559,0.18571,0.08005,0.02650
1.8500,185,1,1.8499,50.01,0.78974,-0.03377,0.01925,0.15025,0.12225,-0.03970,0.55206,0.19618,0.34769,-0.02486,-0.24137,0.02714,0.01055,0.09313,0.05089,-0.03124,0.50971,0.18199,0.03494,0.02388,1.21138,-0.05925,0.05579,0.00193,-0.08486,0.02237,0.52993,0.18410,-0.05434,0.05142,0.21937,-0.06994,0.03696,-0.02328,-0.07194,0.03246,0.54417,0.15499,0.10183,0.04110,0.74198,-0.06904,-0.00676,0.22183,0.15895,0.00281,0.60462,0.17205,0.27090,-0.02138,-0.25147,-0.00150,-0.00580,0.15378,0.13207,-0.00376,0.57477,0.19663,0.03669,0.00553,1.10158,-0.24558,-0.00956,-0.04947,-0.11930,-0.00293,0.58055,0.19108,-0.03486,0.01409,0.14199,-0.22028,-0.00784,-0.08999,-0.11330,-0.00613,0.58488,0.18563,0.08130,0.02373
1.9000,190,1,1.9002,50.29,0.78974,-0.03377,0.01790,0.15025,0.12225,-0.01991,0.55206,0.19618,0.34708,0.00588,-0.24137,0.02714,0.01055,0.09313,0.05089,-0.03124,0.50971,0.18199,0.03494,0.02388,1.21138,-0.05925,0.05579,0.00193,-0.08486,0.02237,0.52993,0.18410,-0.05434,0.05142,0.21937,-0.06994,0.03696,-0.02328,-0.07194,0.03246,0.54417,0.15499,0.10183,0.04110,0.73845,-0.07231,-0.00654,0.22974,0.15735,0.00370,0.61322,0.17174,0.26977,-0.02391,-0.25162,-0.00434,-0.00577,0.16042,0.13370,-0.00290,0.58457,0.19557,0.03698,0.00603,1.08919,-0.24989,-0.00800,-0.05539,-0.11774,-0.00341,0.59009,0.19023,-0.03415,0.01437,0.13088,-0.22381,-0.00656,-0.09558,-0.11025,-0.00630,0.59415,0.18521,0.08243,0.02130
1.9500,195,1,1.9497,49.56,0.78704,-0.05036,0.01790,0.15811,0.12224,-0.01991,0.57231,0.23258,0.34708,0.00588,-0.23790,0.01864,0.01723,0.09951,0.08040,-0.02566,0.52831,0.19080,0.03671,-0.00614,1.20103,-0.12736,0.05579,-0.00505,-0.08343,0.02237,0.54835,0.21568,-0.05434,0.05142,0.20038,-0.13368,0.03696,-0.04152,-0.13785,0.03246,0.55290,0.14977,0.10183,0.04110,0.73475,-0.07545,-0.00627,0.23756,0.15534,0.00448,0.62179,0.17117,0.26852,-0.02607,-0.25190,-0.00715,-0.00570,0.16714,0.13492,-0.00208,0.59432,0.19424,0.03729,0.00645,1.07661,-0.25345,-0.00653,-0.06124,-0.11597,-0.00381,0.59957,0.18911,-0.03342,0.01460,0.11962,-0.22672,-0.00534,-0.10101,-0.10712,-0.00642,0.60339,0.18448,0.08344,0.01916
2.0000,200,2,2.0005,50.75,0.78704,-0.05036,0.02413,0.15811,0.12224,-0.01099,0.57231,0.23258,0.34808,0.04942,-0.23790,0.01864,0.01723,0.09951,0.08040,-0.02566,0.52831,0.19080,0.03671,-0.00614,1.20103,-0.12736,0.05733,-0.00505,-0.08343,0.00699,0.54835,0.21568,-0.04845,0.04289,0.20038,-0.13368,0.03531,-0.04152,-0.13785,0.02509,0.55290,0.14977,0.10366,0.04450,0.78704,-0.05036,0.02413,0.15811,0.12224,-0.01099,0.57231,0.23258,0.34808,0.04942,-0.23790,0.01864,0.01723,0.09951,0.08040,-0.02566,0.52831,0.19080,0.03671,-0.00614,1.20103,-0.12736,0.05733,-0.00505,-0.08343,0.00699,0.54835,0.21568,-0.04845,0.04289,0.20038,-0.13368,0.03531,-0.04152,-0.13785,0.02509,0.55290,0.14977,0.10366,0.04450
2.0500,205,2,2.0499,49.36,0.78055,-0.07660,0.02413,0.17034,0.12618,-0.01099,0.59595,0.24550,0.34808,0.04942,-0.23585,0.00596,0.01788,0.10816,0.09880,-0.01946,0.54677,0.18582,0.03531,0.02228,1.20103,-0.12736,0.05733,-0.00505,-0.08343,0.00699,0.54835,0.21568,-0.04845,0.04289,0.20038,-0.13368,0.03531,-0.04152,-0.13785,0.02509,0.55290,0.14977,0.10366,0.04450,0.78478,-0.04057,0.01621,0.16436,0.12750,-0.01032,0.58347,0.21499,0.35020,0.03576,-0.23678,0.02546,0.01095,0.10382,0.09143,-0.01965,0.53807,0.19912,0.03648,-0.00345,1.19523,-0.10706,0.02750,-0.00931,-0.08707,0.00772,0.55913,0.21512,-0.04637,0.04027,0.19405,-0.12107,0.01736,-0.04868,-0.14742,0.01455,0.56073,0.16276,0.10577,0.03976
2.1000,210,2,2.1000,50.19,0.78055,-0.07660,0.01848,0.17034,0.12618,-0.01309,0.59595,0.24550,0.35091,0.15969,-0.23585,0.00596,0.01788,0.10816,0.09880,-0.01946,0.54677,0.18582,0.03531,0.02228,1.18512,-0.18208,0.04481,-0.01323,-0.08741,0.00931,0.57051,0.23742,-0.04432,-0.00680,0.18360,-0.17031,0.02637,-0.05455,-0.14672,-0.00931,0.56824,0.16407,0.11172,0.09275,0.78293,-0.03411,0.01045,0.17085,0.13227,-0.00908,0.59391,0.20337,0.35168,0.02391,-0.23540,0.02968,0.00653,0.10861,0.09993,-0.01523,0.54818,0.20465,0.03636,-0.00112,1.19012,-0.09872,0.00792,-0.01376,-0.09089,0.00775,0.56984,0.21351,-0.04442,0.03795,0.18815,-0.11564,0.00560,-0.05619,-0.15264,0.00718,0.56912,0.17227,0.10765,0.03559
2.1500,215,2,2.1498,49.75,0.76809,-0.10465,0.01848,0.19122,0.16069,-0.01309,0.61840,0.21882,0.35091,0.15969,-0.23590,-0.01357,0.01621,0.11758,0.11276,0.00663,0.56415,0.16383,0.03656,0.02318,1.16216,-0.20458,-0.05439,-0.01129,-0.03069,-0.03962,0.58498,0.19752,-0.04594,0.06236,0.16445,-0.17752,0.02637,-0.06917,-0.12739,-0.00931,0.58184,0.13783,0.11172,0.09275,0.78133,-0.03007,0.00623,0.17757,0.13636,-0.00754,0.60387,0.19560,0.35262,0.01364,-0.23385,0.03207,0.00339,0.11378,0.10655,-0.01191,0.55850,0.20811,0.03636,0.00089,1.18523,-0.09815,-0.00464,-0.01840,-0.09460,0.00734,0.58047,0.21130,-0.04257,0.03588,0.18240,-0.11488,-0.00192,-0.06389,-0.15483,0.00204,0.57791,0.17915,0.10933,0.03192
2.2000,220,2,2.2003,50.48,0.76809,-0.10465,0.00039,0.19122,0.16069,0.05523,0.61840,0.21882,0.38176,0.26002,-0.23590,-0.01357,0.01621,0.11758,0.11276,0.00663,0.56415,0.16383,0.03656,0.02318,1.16216,-0.20458,-0.05439,-0.01129,-0.03069,-0.03962,0.58498,0.19752,-0.04594,0.06236,0.16445,-0.17752,-0.05155,-0.06917,-0.12739,-0.04776,0.58184,0.13783,0.11861,0.07818,0.77989,-0.02782,0.00312,0.18447,0.13964,-0.00585,0.61351,0.19027,0.35307,0.00474,-0.23221,0.03315,0.00116,0.11924,0.11174,-0.00935,0.56896,0.21005,0.03645,0.00261,1.18023,-0.10249,-0.01242,-0.02321,-0.09805,0.00669,0.59097,0.20874,-0.04082,0.03404,0.17662,-0.11705,-0.00655,-0.07164,-0.15489,-0.00155,0.58700,0.18403,0.11085,0.02869
2.2500,225,2,2.2497,49.43,0.76809,-0.10465,0.00039,0.19122,0.16069,0.05523,0.61840,0.21882,0.38176,0.26002,-0.23733,-0.02041,0.00454,0.12580,0.07746,0.03761,0.57913,0.11447,0.03934,0.00454,1.14518,-0.13057,-0.08346,-0.01281,-0.00362,-0.02166,0.60382,0.17645,-0.04494,0.00484,0.14924,-0.12529,-0.05155,-0.07731,-0.06730,-0.04776,0.59290,0.09882,0.11861,0.07818,0.77853,-0.02688,0.00083,0.19152,0.14210,-0.00415,0.62292,0.18648,0.35311,-0.00295,-0.23055,0.03331,-0.00045,0.12494,0.11581,-0.00732,0.57949,0.21082,0.03661,0.00410,1.17493,-0.10980,-0.01693,-0.02820,-0.10114,0.00590,0.60134,0.20598,-0.03916,0.03240,0.17067,-0.12099,-0.00922,-0.07936,-0.15349,-0.00403,0.59629,0.18734,0.11221,0.02584
2.3000,230,2,2.2999,50.15,0.76300,-0.04747,-0.00401,0.19804,0.05186,0.07872,0.63833,0.15906,0.40408,0.17379,-0.23733,-0.02041,0.00454,0.12580,0.07746,0.03761,0.57913,0.11447,0.03934,0.00454,1.14518,-0.13057,-0.08346,-0.01281,-0.00362,-0.02166,0.60382,0.17645,-0.04494,0.00484,0.14924,-0.12529,-0.07056,-0.07731,-0.06730,-0.04426,0.59290,0.09882,0.12301,0.02882,0.77718,-0.02690,-0.00085,0.19867,0.14372,-0.00250,0.63217,0.18359,0.35279,-0.00959,-0.22889,0.03279,-0.00161,0.13081,0.11898,-0.00567,0.59003,0.21069,0.03685,0.00537,1.16922,-0.11875,-0.01924,-0.03332,-0.10383,0.00506,0.61157,0.20311,-0.03758,0.03094,0.16450,-0.12588,-0.01057,-0.08697,-0.15106,-0.00575,0.60571,0.18940,0.11344,0.02333
2.3500,235,2,2.3495,49.62,0.76300,-0.04747,-0.00401,0.19804,0.05186,0.07872,0.63833,0.15906,0.40408,0.17379,-0.23927,-0.01814,-0.00349,0.12922,0.03405,0.03816,0.58653,0.05266,0.03811,-0.00610,1.13929,-0.02247,-0.08346,-0.03171,-0.06308,-0.02166,0.62310,0.16509,-0.04494,0.00484,0.14079,-0.05186,-0.07056,-0.07964,-0.01310,-0.04426,0.60000,0.06539,0.12301,0.02882,0.77582,-0.02763,-0.00207,0.20588,0.14456,-0.00093,0.64129,0.18123,0.35217,-0.01532,-0.22727,0.03178,-0.00246,0.13682,0.12142,-0.00429,0.60054,0.20984,0.03715,0.00645,1.16304,-0.12844,-0.02009,-0.03857,-0.10611,0.00422,0.62165,0.20018,-0.03607,0.02963,0.15807,-0.13121,-0.01103,-0.09445,-0.14794,-0.00691,0.61521,0.19047,0.11455,0.02112
2.4000,240,2,2.3998,50.29,0.76050,-0.01664,-0.01227,0.19941,0.00004,0.05127,0.65108,0.10016,0.41811,0.11362,-0.23927,-0.01814,-0.00349,0.12922,0.03405,0.03816,0.58653,0.05266,0.03811,-0.00610,1.13929,-0.02247,-0.08981,-0.03171,-0.06308,-0.02450,0.62310,0.16509,-0.03988,-0.01454,0.14079,-0.05186,-0.07810,-0.07964,-0.01310,-0.03528,0.60000,0.06539,0.12288,-0.02797,0.77441,-0.02888,-0.00295,0.21311,0.14465,0.00053,0.65030,0.17912,0.35128,-0.02024,-0.22572,0.03042,-0.00308,0.14294,0.12322,-0.00310,0.61100,0.20841,0.03750,0.00738,1.15637,-0.13829,-0.01996,-0.04393,-0.10798,0.00341,0.63158,0.19720,-0.03462,0.02846,0.15138,-0.13661,-0.01091,-0.10176,-0.14435,-0.00767,0.62474,0.19071,0.11555,0.01917
2.4500,245,2,2.4501,50.37,0.76019,0.01018,-0.01227,0.19520,-0.02901,0.05127,0.65873,0.05984,0.41811,0.11362,-0.24098,-0.00994,-0.01412,0.13125,0.00771,0.02272,0.59449,0.09285,0.03876,-0.00247,1.13887,0.03808,-0.05138,-0.03430,-0.02413,-0.02513,0.63476,0.12095,-0.03984,-0.02974,0.13940,0.01479,-0.05502,-0.08018,0.01520,-0.01207,0.60590,0.06492,0.11984,-0.01705,0.77293,-0.03048,-0.00355,0.22033,0.14406,0.00186,0.65920,0.17712,0.35016,-0.02448,-0.22424,0.02879,-0.00354,0.14914,0.12448,-0.00205,0.62138,0.20651,0.03788,0.00817,1.14922,-0.14792,-0.01920,-0.04936,-0.10946,0.00265,0.64137,0.19417,-0.03322,0.02740,0.14442,-0.14185,-0.01042,-0.10888,-0.14047,-0.00814,0.63427,0.19028,0.11647,0.01744
2.5000,250,2,2.5000,49.85,0.76019,0.01018,-0.01060,0.19520,-0.02901,0.02267,0.65873,0.05984,0.42667,0.09932,-0.24098,-0.00994,-0.01412,0.13125,0.00771,0.02272,0.59449,0.09285,0.03876,-0.00247,1.13887,0.03808,-0.05138,-0.03430,-0.02413,-0.02513,0.63476,0.12095,-0.03984,-0.02974,0.13940,0.01479,-0.05502,-0.08018,0.01520,-0.01207,0.60590,0.06492,0.11984,-0.01705,0.77136,-0.03233,-0.00394,0.22751,0.14285,0.00308,0.66801,0.17512,0.34884,-0.02810,-0.22284,0.02696,-0.00388,0.15538,0.12524,-0.00110,0.63165,0.20420,0.03831,0.00883,1.14159,-0.15706,-0.01805,-0.05487,-0.11059,0.00195,0.65100,0.19109,-0.03187,0.02645,0.13720,-0.14680,-0.00970,-0.11580,-0.13640,-0.00840,0.64376,0.18927,0.11730,0.01592
2.5500,255,2,2.5499,49.89,0.76122,0.02288,-0.01060,0.19366,-0.03185,0.02267,0.66348,0.04461,0.42667,0.09932,-0.24113,0.00748,-0.01673,0.12889,-0.01492,0.00447,0.59766,0.04614,0.03878,0.01180,1.14276,0.06308,-0.01620,-0.03410,0.00001,-0.00336,0.64254,0.08836,-0.04193,-0.00666,0.14167,0.04366,-0.01788,-0.07392,0.04062,0.00962,0.61479,0.10395,0.11888,0.00745,0.76970,-0.03432,-0.00415,0.23461,0.14106,0.00417,0.67672,0.17304,0.34735,-0.03119,-0.22154,0.02500,-0.00412,0.16165,0.12557,-0.00024,0.64179,0.20156,0.03877,0.00939,1.13352,-0.16559,-0.01667,-0.06042,-0.11138,0.00131,0.66047,0.18795,-0.03057,0.02560,0.12974,-0.15135,-0.00884,-0.12252,-0.13225,-0.00850,0.65319,0.18778,0.11806,0.01457
2.6000,260,2,2.5998,49.90,0.76122,0.02288,-0.01580,0.19366,-0.03185,-0.00413,0.66348,0.04461,0.43292,0.04096,-0.24113,0.00748,-0.01673,0.12889,-0.01492,0.00447,0.59766,0.04614,0.03878,0.01180,1.14276,0.06308,-0.01620,-0.03410,0.00001,-0.00336,0.64254,0.08836,-0.04193,-0.00666,0.14167,0.04366,-0.01788,-0.07392,0.04062,0.00962,0.61479,0.10395,0.11888,0.00745,0.76793,-0.03638,-0.00423,0.24161,0.13877,0.00516,0.68531,0.17088,0.34573,-0.03383,-0.22034,0.02293,-0.00430,0.16793,0.12549,0.00055,0.65180,0.19863,0.03925,0.00986,1.12504,-0.17340,-0.01516,-0.06600,-0.11188,0.00074,0.66979,0.18474,-0.02931,0.02482,0.12207,-0.15546,-0.00791,-0.12903,-0.12808,-0.00849,0.66253,0.18587,0.11876,0.01337
2.6500,265,2,2.6496,49.86,0.76302,0.02577,-0.01717,0.19392,-0.00084,-0.02577,0.66812,0.05540,0.43505,0.05933,-0.23930,0.02642,-0.01707,0.12518,-0.01830,-0.01255,0.60329,0.08143,0.03833,0.01766,1.14754,0.05573,0.01485,-0.03334,0.00007,0.01529,0.64939,0.09334,-0.04483,-0.02980,0.14576,0.04614,0.01324,-0.07295,0.01376,0.03352,0.62669,0.14188,0.11758,0.00917,0.76606,-0.03845,-0.00419,0.24848,0.13602,0.00604,0.69380,0.16859,0.34398,-0.03606,-0.21925,0.02079,-0.00443,0.17420,0.12504,0.00128,0.66165,0.19544,0.03975,0.01025,1.11619,-0.18045,-0.01361,-0.07160,-0.11212,0.00024,0.67895,0.18146,-0.02809,0.02412,0.11421,-0.15910,-0.00695,-0.13533,-0.12394,-0.00839,0.67177,0.18360,0.11940,0.01231
2.7000,270,2,2.6996,50.02,0.76302,0.02577,-0.01717,0.19392,-0.00084,-0.02577,0.66812,0.05540,0.43505,0.05933,-0.23930,0.02642,-0.01707,0.12518,-0.01830,-0.01255,0.60329,0.08143,0.03833,0.01766,1.14754,0.05573,0.01485,-0.03334,0.00007,0.01529,0.64939,0.09334,-0.04483,-0.02980,0.14576,0.04614,0.01324,-0.07295,0.01376,0.03352,0.62669,0.14188,0.11758,0.00917,0.76408,-0.04048,-0.00408,0.25520,0.13286,0.00683,0.70217,0.16618,0.34213,-0.03794,-0.21827,0.01860,-0.00451,0.18043,0.12425,0.00196,0.67134,0.19203,0.04027,0.01057,1.10701,-0.18675,-0.01205,-0.07721,-0.11213,-0.00020,0.68794,0.17809,-0.02690,0.02348,0.10617,-0.16227,-0.00599,-0.14142,-0.11986,-0.00822,0.68089,0.18101,0.11999,0.01136
2.7500,275,2,2.7500,50.34,0.76572,0.03149,-0.01717,0.19337,0.03122,-0.02577,0.67510,0.08557,0.43505,0.05933,-0.23641,0.03533,-0.01036,0.12796,0.02752,-0.03030,0.61549,0.14045,0.03909,0.01337,1.16434,0.05169,0.03783,-0.02314,0.02849,0.02095,0.64644,0.07611,-0.04934,0.01886,0.14853,0.02235,0.03667,-0.07778,-0.03975,0.03811,0.64182,0.17087,0.11530,-0.01282,0.76201,-0.04244,-0.00392,0.26176,0.12933,0.00753,0.71042,0.16360,0.34019,-0.03951,-0.21739,0.01637,-0.00455,0.18661,0.12312,0.00260,0.68085,0.18841,0.04081,0.01083,1.09753,-0.19228,-0.01053,-0.08281,-0.11193,-0.00058,0.69675,0.17462,-0.02574,0.02290,0.09799,-0.16498,-0.00505,-0.14732,-0.11588,-0.00800,0.68987,0.17813,0.12054,0.01052
2.8000,280,2,2.8000,49.99,0.76572,0.03149,-0.02380,0.19337,0.03122,-0.02718,0.67510,0.08557,0.44014,0.02297,-0.23641,0.03533,-0.01036,0.12796,0.02752,-0.03030,0.61549,0.14045,0.03909,0.01337,1.16434,0.05169,0.03783,-0.02314,0.02849,0.02095,0.64644,0.07611,-0.04934,0.01886,0.14853,0.02235,0.03667,-0.07778,-0.03975,0.03811,0.64182,0.17087,0.11530,-0.01282,0.75984,-0.04431,-0.00372,0.26813,0.12548,0.00814,0.71853,0.16083,0.33818,-0.04082,-0.21663,0.01414,-0.00456,0.19274,0.12170,0.00320,0.69018,0.18460,0.04135,0.01103,1.08780,-0.19708,-0.00905,-0.08840,-0.11156,-0.00091,0.70540,0.17106,-0.02461,0.02236,0.08968,-0.16723,-0.00415,-0.15301,-0.11201,-0.00775,0.69870,0.17500,0.12105,0.00977
2.8500,285,2,2.8496,49.67,0.76941,0.03949,-0.02380,0.19728,0.05698,-0.02718,0.68524,0.12279,0.44014,0.02297,-0.23194,0.04445,-0.00559,0.13041,0.05230,-0.02651,0.63155,0.17937,0.03984,0.00817,1.16787,0.00620,0.03783,-0.02356,-0.01954,0.02095,0.66006,0.15932,-0.04934,0.01886,0.14743,-0.02346,0.04445,-0.08034,-0.05678,0.03098,0.66045,0.19384,0.11627,-0.03117,0.75758,-0.04608,-0.00350,0.27430,0.12136,0.00868,0.72650,0.15786,0.33611,-0.04189,-0.21598,0.01190,-0.00455,0.19878,0.11999,0.00376,0.69931,0.18062,0.04191,0.01119,1.07784,-0.20117,-0.00764,-0.09396,-0.11105,-0.00118,0.71386,0.16739,-0.02350,0.02187,0.08127,-0.16905,-0.00328,-0.15852,-0.10828,-0.00746,0.70736,0.17163,0.12152,0.00910
2.9000,290,2,2.8996,50.01,0.76941,0.03949,-0.01396,0.19728,0.05698,-0.03350,0.68524,0.12279,0.44040,-0.00267,-0.23194,0.04445,-0.00559,0.13041,0.05230,-0.02651,0.63155,0.17937,0.03984,0.00817,1.16787,0.00620,0.05949,-0.02356,-0.01954,0.05238,0.66006,0.15932,-0.05110,0.03553,0.14743,-0.02346,0.04445,-0.08034,-0.05678,0.03098,0.66045,0.19384,0.11627,-0.03117,0.75523,-0.04774,-0.00326,0.28026,0.11698,0.00915,0.73431,0.15468,0.33399,-0.04277,-0.21544,0.00967,-0.00452,0.20473,0.11802,0.00428,0.70824,0.17648,0.04247,0.01131,1.06769,-0.20459,-0.00630,-0.09950,-0.11041,-0.00141,0.72213,0.16361,-0.02242,0.02142,0.07278,-0.17046,-0.00246,-0.16384,-0.10470,-0.00715,0.71586,0.16805,0.12196,0.00850
2.9500,295,2,2.9498,50.12,0.77093,0.02185,-0.01396,0.20977,0.11821,-0.03350,0.69934,0.16182,0.44040,-0.00267,-0.22853,0.03645,0.00206,0.13823,0.09403,-0.02765,0.65265,0.22526,0.04139,0.01928,1.16244,-0.07094,0.05949,-0.03352,-0.09778,0.05238,0.67907,0.23414,-0.05110,0.03553,0.14272,-0.06565,0.04461,-0.09137,-0.11064,0.02996,0.67877,0.19501,0.11556,0.00045,0.75281,-0.04929,-0.00302,0.28600,0.11239,0.00955,0.74196,0.15130,0.33184,-0.04346,-0.21501,0.00747,-0.00446,0.21058,0.11580,0.00476,0.71695,0.17220,0.04304,0.01140,1.05739,-0.20737,-0.00504,-0.10500,-0.10967,-0.00159,0.73022,0.15972,-0.02136,0.02100,0.06423,-0.17148,-0.00169,-0.16899,-0.10128,-0.00682,0.72417,0.16429,0.12237,0.00796
3.0000,300,3,3.0001,50.36,0.77093,0.02185,-0.00477,0.20977,0.11821,-0.03500,0.69934,0.16182,0.44016,-0.03815,-0.22853,0.03645,0.00206,0.13823,0.09403,-0.02765,0.65265,0.22526,0.04139,0.01928,1.16244,-0.07094,0.06533,-0.03352,-0.09778,0.04816,0.67907,0.23414,-0.04681,0.10609,0.14272,-0.06565,0.04461,-0.09137,-0.11064,0.02996,0.67877,0.19501,0.11556,0.00045,0.77093,0.02185,-0.00477,0.20977,0.11821,-0.03500,0.69934,0.16182,0.44016,-0.03815,-0.22853,0.03645,0.00206,0.13823,0.09403,-0.02765,0.65265,0.22526,0.04139,0.01928,1.16244,-0.07094,0.06533,-0.03352,-0.09778,0.04816,0.67907,0.23414,-0.04681,0.10609,0.14272,-0.06565,0.04461,-0.09137,-0.11064,0.02996,0.67877,0.19501,0.11556,0.00045
3.0500,305,3,3.0498,49.70,0.77354,0.01599,-0.00477,0.21723,0.11303,-0.03500,0.71662,0.18809,0.44016,-0.03815,-0.22535,0.03019,0.00564,0.14630,0.10886,-0.01839,0.67281,0.22882,0.04380,0.02569,1.15208,-0.13487,0.06533,-0.04828,-0.14666,0.04816,0.70557,0.27564,-0.04681,0.10609,0.13453,-0.10275,0.03634,-0.10492,-0.13733,0.01398,0.69829,0.19868,0.11465,-0.01498,0.77198,0.02028,-0.00193,0.21604,0.13132,-0.01941,0.70756,0.16665,0.43816,-0.04178,-0.22668,0.03754,0.00232,0.14323,0.10511,-0.01805,0.66375,0.21861,0.04235,0.01898,1.15954,-0.04750,0.03248,-0.03893,-0.11724,0.03219,0.69044,0.22099,-0.04177,0.09558,0.13989,-0.04941,0.02306,-0.09721,-0.12232,0.01839,0.68841,0.19042,0.11561,0.00167
3.1000,310,3,3.0997,49.88,0.77354,0.01599,0.00722,0.21723,0.11303,-0.02189,0.71662,0.18809,0.43541,0.13789,-0.22535,0.03019,0.00564,0.14630,0.10886,-0.01839,0.67281,0.22882,0.04380,0.02569,1.15208,-0.13487,0.04942,-0.04828,-0.14666,0.02315,0.70557,0.27564,-0.03782,0.02114,0.13453,-0.10275,0.03634,-0.10492,-0.13733,0.01398,0.69829,0.19868,0.11465,-0.01498,0.77298,0.01974,-0.00044,0.22280,0.13802,-0.00857,0.71594,0.16808,0.43599,-0.04487,-0.22477,0.03868,0.00231,0.14867,0.11219,-0.01124,0.67452,0.21237,0.04329,0.01869,1.15747,-0.03726,0.01080,-0.04513,-0.13015,0.02111,0.70120,0.20960,-0.03723,0.08637,0.13764,-0.04184,0.00881,-0.10352,-0.12928,0.01046,0.69782,0.18604,0.11572,0.00272
3.1500,315,3,3.1496,49.93,0.77194,-0.01471,0.00722,0.23171,0.13811,-0.02189,0.73545,0.18904,0.43541,0.13789,-0.22324,0.01684,0.02136,0.15569,0.10815,0.02492,0.69339,0.18495,0.04473,-0.00068,1.13496,-0.16719,-0.03583,-0.05718,-0.12221,-0.05121,0.72528,0.21033,-0.03431,0.05251,0.12400,-0.11178,-0.02201,-0.11577,-0.11968,-0.03846,0.71607,0.16266,0.11206,-0.02456,0.77396,0.01970,0.00016,0.22977,0.14027,-0.00105,0.72433,0.16721,0.43368,-0.04749,-0.22281,0.03978,0.00213,0.15440,0.11644,-0.00635,0.68499,0.20631,0.04422,0.01841,1.15568,-0.03566,-0.00321,-0.05186,-0.13851,0.01342,0.71142,0.19952,-0.03312,0.07827,0.13561,-0.03995,-0.00045,-0.11009,-0.13300,0.00506,0.70701,0.18167,0.11588,0.00362
3.2000,320,3,3.1997,50.04,0.77194,-0.01471,0.02630,0.23171,0.13811,0.01676,0.73545,0.18904,0.45972,0.28953,-0.22324,0.01684,0.02136,0.15569,0.10815,0.02492,0.69339,0.18495,0.04473,-0.00068,1.13496,-0.16719,-0.03583,-0.05718,-0.12221,-0.05121,0.72528,0.21033,-0.03431,0.05251,0.12400,-0.11178,-0.02201,-0.11577,-0.11968,-0.03846,0.71607,0.16266,0.11206,-0.02456,0.77495,0.01980,0.00019,0.23678,0.13943,0.00416,0.73264,0.16477,0.43125,-0.04968,-0.22080,0.04076,0.00184,0.16028,0.11864,-0.00281,0.69515,0.20032,0.04513,0.01813,1.15381,-0.03956,-0.01199,-0.05893,-0.14369,0.00807,0.72117,0.19042,-0.02939,0.07117,0.13358,-0.04172,-0.00629,-0.11678,-0.13453,0.00141,0.71598,0.17722,0.11608,0.00438
3.2500,325,3,3.2495,49.85,0.77007,-0.02362,0.03092,0.24026,0.08877,0.04551,0.75258,0.15355,0.48435,0.18687,-0.22292,-0.00061,0.01221,0.16082,0.05431,0.04094,0.70463,0.09729,0.04404,-0.01055,1.12126,-0.12035,-0.06033,-0.06526,-0.05869,-0.05390,0.74198,0.14515,-0.03335,0.01389,0.11632,-0.07296,-0.04524,-0.12794,-0.09409,-0.04332,0.73066,0.12078,0.10883,-0.01386,0.77594,0.01983,-0.00012,0.24368,0.13645,0.00775,0.74079,0.16126,0.42872,-0.05152,-0.21874,0.04157,0.00148,0.16624,0.11935,-0.00020,0.70502,0.19432,0.04603,0.01787,1.15166,-0.04684,-0.01720,-0.06620,-0.14668,0.00435,0.73048,0.18207,-0.02599,0.06493,0.13140,-0.04574,-0.00980,-0.12352,-0.13457,-0.00104,0.72473,0.17264,0.11632,0.00502
3.3000,330,3,3.2997,50.20,0.77007,-0.02362,0.03092,0.24026,0.08877,0.04551,0.75258,0.15355,0.48435,0.18687,-0.22292,-0.00061,0.01221,0.16082,0.05431,0.04094,0.70463,0.09729,0.04404,-0.01055,1.12126,-0.12035,-0.06033,-0.06526,-0.05869,-0.05390,0.74198,0.14515,-0.03335,0.01389,0.11632,-0.07296,-0.04524,-0.12794,-0.09409,-0.04332,0.73066,0.12078,0.10883,-0.01386,0.77693,0.01965,-0.00063,0.25040,0.13201,0.01020,0.74875,0.15704,0.42610,-0.05304,-0.21664,0.04220,0.00108,0.17220,0.11894,0.00176,0.71458,0.18829,0.04692,0.01761,1.14910,-0.05604,-0.02000,-0.07357,-0.14814,0.00176,0.73939,0.17430,-0.02288,0.05944,0.12898,-0.05107,-0.01173,-0.13023,-0.13364,-0.00265,0.73324,0.16792,0.11658,0.00556
3.3500,335,3,3.3503,50.61,0.76800,-0.02338,0.03092,0.24512,0.02992,0.04551,0.76559,0.10930,0.48435,0.18687,-0.22404,-0.01200,0.00596,0.16148,0.01136,0.03570,0.70981,0.03889,0.04215,-0.00328,1.11395,-0.04751,-0.07541,-0.06722,-0.00627,-0.04559,0.75379,0.09826,-0.03187,0.00576,0.11248,-0.02787,-0.04598,-0.13205,-0.03249,-0.03979,0.73940,0.08514,0.10856,0.01609,0.77790,0.01920,-0.00124,0.25686,0.12658,0.01184,0.75649,0.15234,0.42342,-0.05429,-0.21452,0.04263,0.00067,0.17812,0.11770,0.00324,0.72385,0.18224,0.04779,0.01736,1.14604,-0.06620,-0.02119,-0.08099,-0.14854,-0.00003,0.74792,0.16699,-0.02003,0.05461,0.12628,-0.05708,-0.01261,-0.13687,-0.13206,-0.00369,0.74152,0.16306,0.11687,0.00602
3.4000,340,3,3.4000,49.65,0.76800,-0.02338,0.02321,0.24512,0.02992,0.03987,0.76559,0.10930,0.49795,0.07202,-0.22404,-0.01200,0.00596,0.16148,0.01136,0.03570,0.70981,0.03889,0.04215,-0.00328,1.11395,-0.04751,-0.07541,-0.06722,-0.00627,-0.04559,0.75379,0.09826,-0.03187,0.00576,0.11248,-0.02787,-0.04598,-0.13205,-0.03249,-0.03979,0.73940,0.08514,0.10856,0.01609,0.77884,0.01844,-0.00187,0.26304,0.12049,0.01292,0.76398,0.14736,0.42068,-0.05529,-0.21238,0.04286,0.00025,0.18396,0.11582,0.00439,0.73281,0.17616,0.04865,0.01712,1.14247,-0.07666,-0.02131,-0.08842,-0.14820,-0.00128,0.75609,0.16007,-0.01741,0.05036,0.12327,-0.06333,-0.01279,-0.14342,-0.13009,-0.00432,0.74955,0.15810,0.11718,0.00640
3.4500,345,3,3.4499,49.93,0.76327,-0.03339,0.00497,0.25082,0.01997,0.02708,0.77451,0.07417,0.50510,0.04646,-0.22573,-0.01490,-0.00190,0.16076,-0.01153,0.01594,0.71335,0.00746,0.04637,0.07292,1.11336,0.02054,-0.05240,-0.06650,0.01483,-0.00977,0.76374,0.09243,-0.03265,-0.00200,0.11286,0.00969,-0.03684,-0.12889,0.03285,-0.02549,0.74516,0.06980,0.10947,-0.00048,0.77974,0.01737,-0.00249,0.26891,0.11397,0.01359,0.77122,0.14223,0.41789,-0.05609,-0.21024,0.04289,-0.00015,0.18969,0.11343,0.00530,0.74146,0.17009,0.04950,0.01688,1.13838,-0.08699,-0.02073,-0.09581,-0.14735,-0.00213,0.76393,0.15346,-0.01499,0.04662,0.11995,-0.06956,-0.01252,-0.14987,-0.12787,-0.00468,0.75733,0.15305,0.11751,0.00671
3.5000,350,3,3.4997,49.81,0.76327,-0.03339,0.00497,0.25082,0.01997,0.02708,0.77451,0.07417,0.50510,0.04646,-0.22573,-0.01490,-0.00190,0.16076,-0.01153,0.01594,0.71335,0.00746,0.04637,0.07292,1.11336,0.02054,-0.05240,-0.06650,0.01483,-0.00977,0.76374,0.09243,-0.03265,-0.00200,0.11286,0.00969,-0.03684,-0.12889,0.03285,-0.02549,0.74516,0.06980,0.10947,-0.00048,0.78058,0.01600,-0.00306,0.27444,0.10721,0.01396,0.77820,0.13709,0.41507,-0.05670,-0.20810,0.04271,-0.00055,0.19530,0.11065,0.00602,0.74982,0.16404,0.05034,0.01665,1.13378,-0.09693,-0.01972,-0.10315,-0.14615,-0.00272,0.77144,0.14713,-0.01274,0.04332,0.11632,-0.07557,-0.01195,-0.15621,-0.12553,-0.00484,0.76485,0.14796,0.11785,0.00696
3.5500,355,3,3.5498,50.07,0.76122,-0.01543,-0.00682,0.24894,-0.01362,0.02067,0.78073,0.05661,0.50999,-0.00301,-0.22659,-0.00754,-0.00943,0.15799,-0.01726,-0.00593,0.72116,0.09415,0.05537,0.09165,1.11718,0.06120,-0.03036,-0.06427,0.01582,0.01181,0.77256,0.10203,-0.03159,0.01940,0.11628,0.04283,-0.01751,-0.12763,0.03321,0.00401,0.75263,0.08641,0.10796,0.00603,0.78134,0.01437,-0.00358,0.27962,0.10031,0.01414,0.78493,0.13204,0.41223,-0.05716,-0.20597,0.04235,-0.00092,0.20075,0.10755,0.00661,0.75787,0.15802,0.05117,0.01643,1.12870,-0.10629,-0.01844,-0.11042,-0.14472,-0.00311,0.77865,0.14105,-0.01065,0.04040,0.11240,-0.08125,-0.01121,-0.16243,-0.12314,-0.00488,0.77212,0.14284,0.11820,0.00716
3.6000,360,3,3.5999,50.11,0.76122,-0.01543,-0.00682,0.24894,-0.01362,0.02067,0.78073,0.05661,0.50999,-0.00301,-0.22659,-0.00754,-0.00943,0.15799,-0.01726,-0.00593,0.72116,0.09415,0.05537,0.09165,1.11718,0.06120,-0.03036,-0.06427,0.01582,0.01181,0.77256,0.10203,-0.03159,0.01940,0.11628,0.04283,-0.01751,-0.12763,0.03321,0.00401,0.75263,0.08641,0.10796,0.00603,0.78201,0.01250,-0.00403,0.28447,0.09335,0.01419,0.79141,0.12708,0.40936,-0.05748,-0.20387,0.04181,-0.00127,0.20605,0.10418,0.00710,0.76562,0.15207,0.05199,0.01621,1.12316,-0.11500,-0.01702,-0.11761,-0.14313,-0.00337,0.78555,0.13519,-0.00870,0.03783,0.10820,-0.08655,-0.01038,-0.16852,-0.12075,-0.00483,0.77914,0.13772,0.11857,0.00732
3.6500,365,3,3.6496,49.68,0.76079,0.00171,-0.00682,0.24649,-0.02151,0.02067,0.78656,0.06316,0.50999,-0.00301,-0.22451,0.01998,-0.01754,0.15366,-0.02319,-0.01770,0.73648,0.17633,0.06216,0.11005,1.12356,0.07090,0.00288,-0.06387,-0.00524,0.02873,0.78311,0.11693,-0.03015,0.03389,0.12076,0.04632,0.00878,-0.12362,0.02741,0.02462,0.76125,0.10754,0.10892,0.02642,0.78258,0.01043,-0.00441,0.28896,0.08640,0.01416,0.79764,0.12220,0.40648,-0.05768,-0.20179,0.04111,-0.00160,0.21117,0.10060,0.00750,0.77308,0.14619,0.05279,0.01599,1.11721,-0.12298,-0.01554,-0.12473,-0.14143,-0.00352,0.79217,0.12952,-0.00686,0.03555,0.10375,-0.09143,-0.00949,-0.17450,-0.11841,-0.00471,0.78590,0.13262,0.11894,0.00744
3.7000,370,3,3.6996,50.04,0.76079,0.00171,-0.01849,0.24649,-0.02151,0.00051,0.78656,0.06316,0.50862,-0.05470,-0.22451,0.01998,-0.01754,0.15366,-0.02319,-0.01770,0.73648,0.17633,0.06216,0.11005,1.12356,0.07090,0.00288,-0.06387,-0.00524,0.02873,0.78311,0.11693,-0.03015,0.03389,0.12076,0.04632,0.00878,-0.12362,0.02741,0.02462,0.76125,0.10754,0.10892,0.02642,0.78305,0.00819,-0.00472,0.29311,0.07948,0.01405,0.80363,0.11738,0.40359,-0.05778,-0.19976,0.04025,-0.00190,0.21610,0.09683,0.00783,0.78024,0.14038,0.05359,0.01578,1.11088,-0.13024,-0.01404,-0.13176,-0.13968,-0.00361,0.79851,0.12404,-0.00514,0.03353,0.09907,-0.09586,-0.00860,-0.18037,-0.11614,-0.00456,0.79240,0.12754,0.11931,0.00752
3.7500,375,3,3.7495,49.89,0.76253,0.02229,-0.01849,0.24247,-0.01607,0.00051,0.79416,0.09138,0.50862,-0.05470,-0.22069,0.03851,-0.01491,0.15371,0.01240,-0.03261,0.75361,0.19248,0.07392,0.11460,1.12737,0.04749,0.02253,-0.06670,-0.03946,0.04090,0.79371,0.13464,-0.02788,0.02959,0.12413,0.02953,0.02545,-0.12490,-0.00696,0.03789,0.77314,0.13162,0.11010,0.03514,0.78340,0.00581,-0.00497,0.29691,0.07263,0.01388,0.80938,0.11261,0.40070,-0.05779,-0.19777,0.03925,-0.00217,0.22085,0.09293,0.00810,0.78712,0.13467,0.05437,0.01558,1.10420,-0.13676,-0.01257,-0.13870,-0.13789,-0.00365,0.80457,0.11871,-0.00350,0.03174,0.09417,-0.09986,-0.00771,-0.18612,-0.11394,-0.00439,0.79865,0.12251,0.11969,0.00758
3.8000,380,3,3.7999,50.35,0.76253,0.02229,-0.02327,0.24247,-0.01607,-0.01618,0.79416,0.09138,0.50320,-0.08736,-0.22069,0.03851,-0.01491,0.15371,0.01240,-0.03261,0.75361,0.19248,0.07392,0.11460,1.12737,0.04749,0.02253,-0.06670,-0.03946,0.04090,0.79371,0.13464,-0.02788,0.02959,0.12413,0.02953,0.02545,-0.12490,-0.00696,0.03789,0.77314,0.13162,0.11010,0.03514,0.78363,0.00332,-0.00515,0.30037,0.06587,0.01365,0.81489,0.10791,0.39782,-0.05772,-0.19584,0.03813,-0.00241,0.22539,0.08890,0.00832,0.79371,0.12905,0.05514,0.01538,1.09721,-0.14257,-0.01114,-0.14555,-0.13610,-0.00366,0.81038,0.11354,-0.00196,0.03015,0.08909,-0.10343,-0.00685,-0.19176,-0.11184,-0.00420,0.80465,0.11754,0.12007,0.00762
3.8500,385,3,3.8496,49.72,0.76455,0.02645,-0.02327,0.24588,0.02677,-0.01618,0.80519,0.13053,0.50320,-0.08736,-0.21611,0.04771,-0.01072,0.15724,0.05357,-0.03894,0.77013,0.17604,0.08205,0.08684,1.12826,0.00951,0.02253,-0.07254,-0.08359,0.04090,0.80640,0.15112,-0.02788,0.02959,0.12604,0.00604,0.03466,-0.12990,-0.05821,0.03706,0.78740,0.14946,0.11177,0.01555,0.78373,0.00076,-0.00528,0.30350,0.05924,0.01339,0.82017,0.10328,0.39493,-0.05759,-0.19396,0.03689,-0.00263,0.22974,0.08477,0.00850,0.80002,0.12353,0.05591,0.01518,1.08995,-0.14770,-0.00976,-0.15231,-0.13431,-0.00364,0.81593,0.10851,-0.00049,0.02873,0.08383,-0.10658,-0.00601,-0.19730,-0.10983,-0.00400,0.81041,0.11263,0.12045,0.00763
3.9000,390,3,3.8998,50.19,0.76455,0.02645,-0.02096,0.24588,0.02677,-0.03241,0.80519,0.13053,0.49261,-0.11859,-0.21611,0.04771,-0.01072,0.15724,0.05357,-0.03894,0.77013,0.17604,0.08205,0.08684,1.12826,0.00951,0.03418,-0.07254,-0.08359,0.03438,0.80640,0.15112,-0.02415,0.04273,0.12604,0.00604,0.03466,-0.12990,-0.05821,0.03706,0.78740,0.14946,0.11177,0.01555,0.78370,-0.00185,-0.00536,0.30630,0.05274,0.01310,0.82522,0.09872,0.39206,-0.05739,-0.19215,0.03556,-0.00282,0.23387,0.08057,0.00863,0.80606,0.11812,0.05666,0.01499,1.08245,-0.15216,-0.00846,-0.15898,-0.13253,-0.00360,0.82123,0.10361,0.00092,0.02747,0.07844,-0.10933,-0.00522,-0.20275,-0.10792,-0.00380,0.81592,0.10779,0.12083,0.00762
3.9500,395,3,3.9496,49.79,0.76796,0.02937,-0.02096,0.24949,0.06053,-0.03241,0.82170,0.17353,0.49261,-0.11859,-0.21068,0.05673,-0.01141,0.16417,0.08825,-0.03318,0.78456,0.10211,0.08625,-0.02207,1.12713,-0.02701,0.03217,-0.08317,-0.11904,0.03079,0.82047,0.15607,-0.01855,0.07200,0.12413,-0.02950,0.03661,-0.13606,-0.08711,0.02946,0.80281,0.15585,0.11648,0.02532,0.78354,-0.00449,-0.00539,0.30877,0.04639,0.01278,0.83005,0.09422,0.38919,-0.05715,-0.19041,0.03413,-0.00298,0.23779,0.07631,0.00873,0.81184,0.11282,0.05741,0.01480,1.07475,-0.15600,-0.00722,-0.16556,-0.13078,-0.00355,0.82629,0.09884,0.00226,0.02634,0.07291,-0.11171,-0.00447,-0.20810,-0.10610,-0.00360,0.82119,0.10304,0.12121,0.00760
4.0000,400,4,3.9997,50.17,0.76796,0.02937,-0.01350,0.24949,0.06053,-0.02949,0.82170,0.17353,0.47858,-0.11697,-0.21068,0.05673,-0.01141,0.16417,0.08825,-0.03318,0.78456,0.10211,0.08625,-0.02207,1.12713,-0.02701,0.03217,-0.08317,-0.11904,0.03079,0.82047,0.15607,-0.01855,0.07200,0.12413,-0.02950,0.03661,-0.13606,-0.08711,0.02946,0.80281,0.15585,0.11648,0.02532,0.76796,0.02937,-0.01350,0.24949,0.06053,-0.02949,0.82170,0.17353,0.47858,-0.11697,-0.21068,0.05673,-0.01141,0.16417,0.08825,-0.03318,0.78456,0.10211,0.08625,-0.02207,1.12713,-0.02701,0.03217,-0.08317,-0.11904,0.03079,0.82047,0.15607,-0.01855,0.07200,0.12413,-0.02950,0.03661,-0.13606,-0.08711,0.02946,0.80281,0.15585,0.11648,0.02532
4.0500,405,4,4.0497,49.95,0.76968,0.01772,-0.01350,0.26013,0.11697,-0.02949,0.83972,0.18881,0.47858,-0.11697,-0.20454,0.06326,0.00187,0.17135,0.10904,-0.03131,0.79151,0.10234,0.08355,-0.00440,1.12127,-0.06749,0.03153,-0.09444,-0.13639,0.01642,0.83493,0.15526,-0.01185,0.02051,0.12023,-0.05622,0.03170,-0.15020,-0.13133,0.02217,0.81820,0.15323,0.11777,0.03863,0.76930,0.02471,-0.00610,0.25281,0.07136,-0.01550,0.82974,0.14930,0.47289,-0.11050,-0.20796,0.05230,-0.00697,0.16893,0.10089,-0.01922,0.78987,0.10953,0.08527,-0.01743,1.12608,-0.01672,0.01127,-0.08946,-0.13145,0.02044,0.82801,0.14552,-0.01511,0.06569,0.12302,-0.01658,0.01738,-0.14073,-0.09905,0.01982,0.81043,0.14841,0.11769,0.02342
4.1000,410,4,4.0998,50.07,0.76968,0.01772,-0.00728,0.26013,0.11697,-0.02924,0.83972,0.18881,0.46857,0.05075,-0.20454,0.06326,0.00187,0.17135,0.10904,-0.03131,0.79151,0.10234,0.08355,-0.00440,1.12127,-0.06749,0.03153,-0.09444,-0.13639,0.01642,0.83493,0.15526,-0.01185,0.02051,0.12023,-0.05622,0.03170,-0.15020,-0.13133,0.02217,0.81820,0.15323,0.11777,0.03863,0.77048,0.02289,-0.00171,0.25653,0.07646,-0.00590,0.83673,0.13105,0.46752,-0.10476,-0.20542,0.04965,-0.00403,0.17417,0.10781,-0.00960,0.79545,0.11348,0.08450,-0.01339,1.12532,-0.01475,-0.00224,-0.09625,-0.13960,0.01323,0.83503,0.13504,-0.01197,0.06014,0.12234,-0.01137,0.00475,-0.14590,-0.10703,0.01314,0.81765,0.14034,0.11882,0.02174
4.1500,415,4,4.1498,50.03,0.77037,0.00537,-0.00728,0.27121,0.12514,-0.02924,0.85737,0.17637,0.46857,0.05075,-0.19734,0.05946,0.02273,0.18383,0.13245,0.00772,0.80695,0.14455,0.08805,0.08853,1.11259,-0.08634,0.03153,-0.10512,-0.11511,0.01642,0.84623,0.13220,-0.01185,0.02051,0.11310,-0.07446,-0.00856,-0.16072,-0.11529,-0.03005,0.83199,0.13232,0.11645,-0.02260,0.77161,0.02271,0.00068,0.26039,0.07764,0.00065,0.84291,0.11689,0.46241,-0.09966,-0.20298,0.04817,-0.00214,0.17965,0.11080,-0.00298,0.80117,0.11491,0.08392,-0.00988,1.12452,-0.01809,-0.01070,-0.10337,-0.14478,0.00821,0.84152,0.12492,-0.00908,0.05527,0.12180,-0.01118,-0.00336,-0.15139,-0.11227,0.00851,0.82446,0.13208,0.11987,0.02026
4.2000,420,4,4.1997,49.88,0.77037,0.00537,0.02301,0.27121,0.12514,0.01676,0.85737,0.17637,0.48278,0.17096,-0.19734,0.05946,0.02273,0.18383,0.13245,0.00772,0.80695,0.14455,0.08805,0.08853,1.11259,-0.08634,-0.01476,-0.10512,-0.11511,-0.03707,0.84623,0.13220,-0.01089,0.03949,0.11310,-0.07446,-0.00856,-0.16072,-0.11529,-0.03005,0.83199,0.13232,0.11645,-0.02260,0.77276,0.02335,0.00177,0.26425,0.07616,0.00508,0.84846,0.10551,0.45754,-0.09513,-0.20059,0.04744,-0.00096,0.18520,0.11107,0.00157,0.80691,0.11448,0.08350,-0.00684,1.12346,-0.02469,-0.01573,-0.11069,-0.14790,0.00470,0.84753,0.11532,-0.00643,0.05098,0.12117,-0.01417,-0.00838,-0.15709,-0.11561,0.00528,0.83085,0.12389,0.12085,0.01895
4.2500,425,4,4.2493,49.57,0.77094,0.00235,0.02705,0.27765,0.06167,0.04467,0.87301,0.14069,0.49857,0.13593,-0.19265,0.03463,0.03069,0.19624,0.10981,0.03586,0.81709,0.07905,0.09164,-0.02865,1.10495,-0.06181,-0.02994,-0.11324,-0.06866,-0.04044,0.85779,0.12459,-0.00939,0.03694,0.10916,-0.04896,-0.02767,-0.17290,-0.09127,-0.04426,0.84392,0.10805,0.11371,-0.00464,0.77395,0.02431,0.00202,0.26798,0.07290,0.00802,0.85349,0.09609,0.45289,-0.09108,-0.19823,0.04715,-0.00027,0.19072,0.10949,0.00469,0.81260,0.11271,0.08323,-0.00419,1.12202,-0.03314,-0.01843,-0.11813,-0.14957,0.00225,0.85307,0.10633,-0.00398,0.04721,0.12035,-0.01906,-0.01131,-0.16293,-0.11762,0.00304,0.83685,0.11592,0.12177,0.01778
4.3000,430,4,4.2997,50.50,0.77094,0.00235,0.02705,0.27765,0.06167,0.04467,0.87301,0.14069,0.49857,0.13593,-0.19265,0.03463,0.03069,0.19624,0.10981,0.03586,0.81709,0.07905,0.09164,-0.02865,1.10495,-0.06181,-0.02994,-0.11324,-0.06866,-0.04044,0.85779,0.12459,-0.00939,0.03694,0.10916,-0.04896,-0.02767,-0.17290,-0.09127,-0.04426,0.84392,0.10805,0.11371,-0.00464,0.77519,0.02525,0.00177,0.27152,0.06846,0.00993,0.85809,0.08805,0.44842,-0.08747,-0.19587,0.04712,0.00009,0.19613,0.10663,0.00682,0.81817,0.10997,0.08308,-0.00190,1.12013,-0.04252,-0.01959,-0.12563,-0.15022,0.00052,0.85817,0.09797,-0.00170,0.04388,0.11925,-0.02503,-0.01282,-0.16884,-0.11870,0.00148,0.84245,0.10828,0.12263,0.01674
4.3500,435,4,4.3494,49.70,0.76978,-0.00118,0.02705,0.27988,0.00908,0.04467,0.88413,0.09397,0.49857,0.13593,-0.19926,-0.02071,0.02738,0.19954,0.06048,0.04018,0.83440,0.06817,0.09340,0.02333,1.10169,-0.01880,-0.02994,-0.11762,-0.03282,-0.04044,0.87209,0.13810,-0.00939,0.03694,0.10660,-0.02368,-0.03384,-0.17484,-0.02483,-0.04192,0.85181,0.08450,0.11463,0.01454,0.77647,0.02600,0.00124,0.27481,0.06328,0.01111,0.86232,0.08102,0.44413,-0.08423,-0.19351,0.04720,0.00022,0.20137,0.10291,0.00825,0.82358,0.10653,0.08303,0.00009,1.11776,-0.05219,-0.01972,-0.13314,-0.15016,-0.00070,0.86287,0.09021,0.00042,0.04095,0.11784,-0.03149,-0.01340,-0.17479,-0.11914,0.00038,0.84768,0.10100,0.12345,0.01581
4.4000,440,4,4.3996,50.14,0.76978,-0.00118,0.01936,0.27988,0.00908,0.04476,0.88413,0.09397,0.50742,0.03052,-0.19926,-0.02071,0.02738,0.19954,0.06048,0.04018,0.83440,0.06817,0.09340,0.02333,1.10169,-0.01880,-0.04310,-0.11762,-0.03282,-0.03421,0.87209,0.13810,-0.00423,0.04111,0.10660,-0.02368,-0.03384,-0.17484,-0.02483,-0.04192,0.85181,0.08450,0.11463,0.01454,0.77779,0.02645,0.00058,0.27784,0.05765,0.01178,0.86621,0.07474,0.44000,-0.08133,-0.19115,0.04731,0.00021,0.20641,0.09861,0.00920,0.82881,0.10261,0.08308,0.00180,1.11491,-0.06175,-0.01918,-0.14064,-0.14959,-0.00157,0.86720,0.08303,0.00240,0.03835,0.11610,-0.03807,-0.01336,-0.18074,-0.11913,-0.00039,0.85256,0.09411,0.12421,0.01499
4.4500,445,4,4.4496,49.97,0.76914,0.00244,0.00564,0.27757,-0.03109,0.02777,0.89116,0.05289,0.50774,-0.03582,-0.20285,-0.04156,0.00765,0.20278,0.01761,0.03273,0.84355,0.04878,0.09770,-0.02909,1.10206,0.02103,-0.02956,-0.11996,-0.01164,-0.01609,0.88613,0.14242,0.00094,0.03786,0.10680,0.00821,-0.02436,-0.17648,0.00717,-0.02679,0.85936,0.08158,0.11634,0.02086,0.77911,0.02656,-0.00013,0.28057,0.05178,0.01210,0.86980,0.06906,0.43600,-0.07871,-0.18878,0.04739,0.00009,0.21123,0.09394,0.00982,0.83384,0.09837,0.08321,0.00328,1.11159,-0.07094,-0.01822,-0.14810,-0.14867,-0.00218,0.87118,0.07640,0.00426,0.03606,0.11403,-0.04453,-0.01291,-0.18669,-0.11880,-0.00093,0.85710,0.08761,0.12495,0.01425
4.5000,450,4,4.5001,50.57,0.76914,0.00244,0.00564,0.27757,-0.03109,0.02777,0.89116,0.05289,0.50774,-0.03582,-0.20285,-0.04156,0.00765,0.20278,0.01761,0.03273,0.84355,0.04878,0.09770,-0.02909,1.10206,0.02103,-0.02956,-0.11996,-0.01164,-0.01609,0.88613,0.14242,0.00094,0.03786,0.10680,0.00821,-0.02436,-0.17648,0.00717,-0.02679,0.85936,0.08158,0.11634,0.02086,0.78044,0.02633,-0.00081,0.28301,0.04582,0.01217,0.87312,0.06388,0.43212,-0.07634,-0.18641,0.04739,-0.00008,0.21580,0.08902,0.01019,0.83865,0.09394,0.08340,0.00455,1.10783,-0.07959,-0.01702,-0.15550,-0.14748,-0.00263,0.87485,0.07028,0.00601,0.03404,0.11165,-0.05070,-0.01222,-0.19262,-0.11824,-0.00131,0.86133,0.08149,0.12564,0.01358
4.5500,455,4,4.5503,50.14,0.76955,0.01252,-0.01192,0.27559,-0.04653,0.00784,0.89488,0.02704,0.50168,-0.08896,-0.20655,-0.03732,-0.01063,0.20212,-0.00911,0.01314,0.85254,0.05116,0.09124,-0.03629,1.10430,0.04096,-0.01548,-0.11988,-0.00777,0.00678,0.89764,0.12940,0.00441,0.04055,0.10900,0.03060,-0.01356,-0.17691,0.01129,-0.00195,0.86688,0.08316,0.11794,0.01674,0.78174,0.02577,-0.00144,0.28516,0.03987,0.01206,0.87620,0.05913,0.42836,-0.07419,-0.18404,0.04731,-0.00028,0.22013,0.08397,0.01039,0.84323,0.08942,0.08366,0.00564,1.10365,-0.08761,-0.01568,-0.16284,-0.14611,-0.00295,0.87822,0.06463,0.00767,0.03224,0.10897,-0.05650,-0.01139,-0.19852,-0.11753,-0.00159,0.86525,0.07575,0.12630,0.01299
4.6000,460,4,4.5998,49.57,0.76955,0.01252,-0.01192,0.27559,-0.04653,0.00784,0.89488,0.02704,0.50168,-0.08896,-0.20655,-0.03732,-0.01063,0.20212,-0.00911,0.01314,0.85254,0.05116,0.09124,-0.03629,1.10430,0.04096,-0.01548,-0.11988,-0.00777,0.00678,0.89764,0.12940,0.00441,0.04055,0.10900,0.03060,-0.01356,-0.17691,0.01129,-0.00195,0.86688,0.08316,0.11794,0.01674,0.78301,0.02492,-0.00200,0.28700,0.03401,0.01183,0.87904,0.05477,0.42470,-0.07224,-0.18168,0.04711,-0.00051,0.22420,0.07885,0.01046,0.84759,0.08487,0.08397,0.00658,1.09908,-0.09496,-0.01427,-0.17011,-0.14460,-0.00319,0.88132,0.05942,0.00924,0.03064,0.10601,-0.06186,-0.01048,-0.20437,-0.11669,-0.00179,0.86891,0.07036,0.12694,0.01245
4.6500,465,4,4.6498,50.01,0.77111,0.02367,-0.01192,0.27300,-0.02798,0.00784,0.89707,0.01776,0.50168,-0.08896,-0.20968,-0.02111,-0.02634,0.20146,-0.00729,-0.00599,0.86025,0.05336,0.08878,0.00064,1.10775,0.04465,-0.01548,-0.12090,-0.02263,0.00678,0.90775,0.10519,0.00441,0.04055,0.11162,0.03053,0.00329,-0.17206,0.02426,0.00785,0.87526,0.09420,0.12088,0.00283,0.78423,0.02382,-0.00249,0.28856,0.02828,0.01152,0.88168,0.05074,0.42113,-0.07046,-0.17934,0.04681,-0.00074,0.22801,0.07372,0.01045,0.85172,0.08036,0.08432,0.00738,1.09416,-0.10161,-0.01286,-0.17730,-0.14299,-0.00336,0.88417,0.05460,0.01073,0.02922,0.10279,-0.06677,-0.00954,-0.21018,-0.11578,-0.00194,0.87230,0.06531,0.12755,0.01196
4.7000,470,4,4.7001,50.28,0.77111,0.02367,-0.01995,0.27300,-0.02798,-0.01493,0.89707,0.01776,0.49096,-0.13855,-0.20968,-0.02111,-0.02634,0.20146,-0.00729,-0.00599,0.86025,0.05336,0.08878,0.00064,1.10775,0.04465,0.00268,-0.12090,-0.02263,0.02203,0.90775,0.10519,0.00846,0.03412,0.11162,0.03053,0.00329,-0.17206,0.02426,0.00785,0.87526,0.09420,0.12088,0.00283,0.78539,0.02250,-0.00290,0.28983,0.02271,0.01116,0.88412,0.04698,0.41765,-0.06882,-0.17700,0.04639,-0.00096,0.23157,0.06862,0.01036,0.85563,0.07592,0.08470,0.00805,1.08893,-0.10758,-0.01148,-0.18441,-0.14131,-0.00349,0.88679,0.05014,0.01216,0.02795,0.09934,-0.07122,-0.00860,-0.21595,-0.11479,-0.00205,0.87544,0.06058,0.12814,0.01151
4.7500,475,4,4.7496,49.49,0.77436,0.03516,-0.01995,0.27050,-0.00678,-0.01493,0.89915,0.02425,0.49096,-0.13855,-0.20736,0.01925,-0.03216,0.20213,0.01357,-0.01920,0.87037,0.07046,0.08768,0.00626,1.11046,0.02982,0.02217,-0.12396,-0.04735,0.02999,0.91630,0.08958,0.00938,0.02166,0.11402,0.02307,0.01552,-0.17447,-0.01166,0.02478,0.88381,0.09626,0.12182,0.00338,0.78648,0.02099,-0.00323,0.29083,0.01734,0.01076,0.88638,0.04348,0.41425,-0.06732,-0.17470,0.04586,-0.00118,0.23487,0.06356,0.01023,0.85931,0.07158,0.08512,0.00863,1.08341,-0.11288,-0.01014,-0.19143,-0.13957,-0.00360,0.88919,0.04601,0.01353,0.02682,0.09568,-0.07521,-0.00768,-0.22166,-0.11376,-0.00214,0.87836,0.05615,0.12870,0.01111
4.8000,480,4,4.7999,50.28,0.77436,0.03516,-0.02144,0.27050,-0.00678,-0.02265,0.89915,0.02425,0.47676,-0.12833,-0.20736,0.01925,-0.03216,0.20213,0.01357,-0.01920,0.87037,0.07046,0.08768,0.00626,1.11046,0.02982,0.02217,-0.12396,-0.04735,0.02999,0.91630,0.08958,0.00938,0.02166,0.11402,0.02307,0.01552,-0.17447,-0.01166,0.02478,0.88381,0.09626,0.12182,0.00338,0.78749,0.01934,-0.00349,0.29157,0.01216,0.01034,0.88847,0.04020,0.41092,-0.06593,-0.17242,0.04524,-0.00138,0.23793,0.05859,0.01006,0.86279,0.06737,0.08556,0.00911,1.07765,-0.11753,-0.00885,-0.19836,-0.13779,-0.00367,0.89139,0.04219,0.01485,0.02580,0.09182,-0.07875,-0.00679,-0.22732,-0.11270,-0.00221,0.88106,0.05199,0.12925,0.01074
4.8500,485,4,4.8500,50.12,0.77823,0.04118,-0.01659,0.27138,0.02466,-0.02531,0.90240,0.04127,0.46502,-0.11425,-0.20244,0.05306,-0.02304,0.20624,0.04619,-0.02364,0.87920,0.07864,0.08909,0.04843,1.11092,-0.00234,0.02857,-0.12933,-0.07397,0.03478,0.92293,0.07972,0.01107,0.03767,0.11536,0.00574,0.02312,-0.17686,-0.03704,0.02656,0.89316,0.09446,0.12272,0.01471,0.78841,0.01757,-0.00369,0.29205,0.00719,0.00991,0.89040,0.03713,0.40765,-0.06465,-0.17018,0.04451,-0.00157,0.24073,0.05370,0.00985,0.86605,0.06329,0.08603,0.00951,1.07167,-0.12157,-0.00763,-0.20521,-0.13597,-0.00374,0.89341,0.03863,0.01611,0.02489,0.08781,-0.08187,-0.00594,-0.23293,-0.11159,-0.00228,0.88356,0.04809,0.12978,0.01039
4.9000,490,4,4.8999,49.90,0.77823,0.04118,-0.01659,0.27138,0.02466,-0.02531,0.90240,0.04127,0.46502,-0.11425,-0.20244,0.05306,-0.02304,0.20624,0.04619,-0.02364,0.87920,0.07864,0.08909,0.04843,1.11092,-0.00234,0.02857,-0.12933,-0.07397,0.03478,0.92293,0.07972,0.01107,0.03767,0.11536,0.00574,0.02312,-0.17686,-0.03704,0.02656,0.89316,0.09446,0.12272,0.01471,0.78924,0.01573,-0.00382,0.29229,0.00244,0.00947,0.89219,0.03424,0.40445,-0.06345,-0.16797,0.04370,-0.00174,0.24330,0.04893,0.00962,0.86912,0.05937,0.08651,0.00984,1.06550,-0.12503,-0.00648,-0.21196,-0.13412,-0.00379,0.89526,0.03533,0.01734,0.02407,0.08364,-0.08458,-0.00513,-0.23848,-0.11046,-0.00233,0.88587,0.04444,0.13029,0.01008
4.9500,495,4,4.9499,50.00,0.77969,0.03317,-0.00843,0.28598,0.09000,-0.01813,0.90753,0.05953,0.45588,-0.12580,-0.19553,0.07202,-0.01154,0.21260,0.07256,-0.01389,0.88695,0.04212,0.09410,0.02415,1.10901,-0.03076,0.02857,-0.13970,-0.11593,0.03478,0.93016,0.07785,0.01107,0.03767,0.11460,-0.01593,0.02383,-0.18169,-0.06304,0.02400,0.90219,0.08827,0.12233,0.02639,0.78998,0.01384,-0.00390,0.29230,-0.00210,0.00902,0.89383,0.03152,0.40131,-0.06233,-0.16581,0.04281,-0.00189,0.24563,0.04427,0.00937,0.87199,0.05559,0.08701,0.01011,1.05918,-0.12795,-0.00540,-0.21862,-0.13225,-0.00384,0.89695,0.03226,0.01852,0.02333,0.07935,-0.08691,-0.00437,-0.24398,-0.10931,-0.00238,0.88801,0.04101,0.13078,0.00979
5.0000,500,5,4.9998,49.88,0.77969,0.03317,-0.00843,0.28598,0.09000,-0.01813,0.90753,0.05953,0.45588,-0.12580,-0.19553,0.07202,-0.01154,0.21260,0.07256,-0.01389,0.88695,0.04212,0.09410,0.02415,1.10901,-0.03076,0.03036,-0.13970,-0.11593,0.03149,0.93016,0.07785,0.01459,0.05386,0.11460,-0.01593,0.02383,-0.18169,-0.06304,0.02400,0.90219,0.08827,0.12233,0.02639,0.77969,0.03317,-0.00843,0.28598,0.09000,-0.01813,0.90753,0.05953,0.45588,-0.12580,-0.19553,0.07202,-0.01154,0.21260,0.07256,-0.01389,0.88695,0.04212,0.09410,0.02415,1.10901,-0.03076,0.03036,-0.13970,-0.11593,0.03149,0.93016,0.07785,0.01459,0.05386,0.11460,-0.01593,0.02383,-0.18169,-0.06304,0.02400,0.90219,0.08827,0.12233,0.02639
5.0500,505,5,5.0503,50.55,0.78402,0.03792,0.00598,0.29406,0.08307,0.01031,0.91480,0.07520,0.44886,0.02804,-0.18815,0.07477,0.00194,0.22150,0.08767,-0.00545,0.89332,0.03442,0.09537,-0.00015,1.10408,-0.05803,0.02486,-0.15136,-0.13926,0.01859,0.93549,0.07056,0.01919,0.01414,0.11029,-0.04791,0.02399,-0.18697,-0.07064,0.01985,0.91050,0.07820,0.12666,0.00306,0.78127,0.03053,-0.00281,0.29063,0.09467,-0.00207,0.91035,0.05328,0.44981,-0.11725,-0.19205,0.06749,-0.00719,0.21637,0.07761,-0.00710,0.88911,0.04422,0.09526,0.02264,1.10776,-0.02065,0.01215,-0.14583,-0.12809,0.01889,0.93371,0.06469,0.01717,0.04944,0.11404,-0.00782,0.01019,-0.18510,-0.07274,0.01605,0.90634,0.07769,0.12359,0.02425
5.1000,510,5,5.1002,49.82,0.78402,0.03792,0.00598,0.29406,0.08307,0.01031,0.91480,0.07520,0.44886,0.02804,-0.18815,0.07477,0.00194,0.22150,0.08767,-0.00545,0.89332,0.03442,0.09537,-0.00015,1.10408,-0.05803,0.02486,-0.15136,-0.13926,0.01859,0.93549,0.07056,0.01919,0.01414,0.11029,-0.04791,0.02399,-0.18697,-0.07064,0.01985,0.91050,0.07820,0.12666,0.00306,0.78278,0.03003,0.00046,0.29534,0.09298,0.00818,0.91287,0.04746,0.44414,-0.10971,-0.18875,0.06472,-0.00430,0.22032,0.07985,-0.00233,0.89135,0.04499,0.09636,0.02130,1.10682,-0.01779,0.00036,-0.15242,-0.13512,0.01037,0.93665,0.05328,0.01955,0.04556,0.11373,-0.00516,0.00131,-0.18891,-0.07920,0.01063,0.90998,0.06819,0.12476,0.02235
5.1500,515,5,5.1499,49.72,0.78726,0.03234,0.02354,0.29952,0.05345,0.01832,0.92282,0.08646,0.45887,0.10057,-0.18113,0.06401,0.02516,0.23017,0.08742,0.01679,0.90093,0.07577,0.09556,0.00487,1.09647,-0.08112,-0.00087,-0.16410,-0.13070,-0.03355,0.94195,0.08029,0.01971,0.05231,0.10524,-0.05504,-0.00736,-0.19524,-0.08294,-0.01259,0.91794,0.07855,0.12941,-0.03677,0.78430,0.03073,0.00218,0.29986,0.08729,0.01446,0.91510,0.04204,0.43882,-0.10306,-0.18556,0.06311,-0.00243,0.22432,0.08012,0.00102,0.89360,0.04473,0.09740,0.02011,1.10590,-0.01958,-0.00706,-0.15928,-0.13871,0.00464,0.93906,0.04337,0.02174,0.04214,0.11347,-0.00600,-0.00430,-0.19298,-0.08345,0.00694,0.91317,0.05966,0.12583,0.02068
5.2000,520,5,5.1994,49.54,0.78726,0.03234,0.02354,0.29952,0.05345,0.01832,0.92282,0.08646,0.45887,0.10057,-0.18113,0.06401,0.02516,0.23017,0.08742,0.01679,0.90093,0.07577,0.09556,0.00487,1.09647,-0.08112,-0.00087,-0.16410,-0.13070,-0.03355,0.94195,0.08029,0.01971,0.05231,0.10524,-0.05504,-0.00736,-0.19524,-0.08294,-0.01259,0.91794,0.07855,0.12941,-0.03677,0.78586,0.03200,0.00288,0.30403,0.07923,0.01806,0.91708,0.03701,0.43382,-0.09718,-0.18242,0.06223,-0.00124,0.22831,0.07901,0.00338,0.89581,0.04368,0.09838,0.01905,1.10482,-0.02424,-0.01150,-0.16626,-0.13999,0.00083,0.94101,0.03474,0.02377,0.03914,0.11310,-0.00902,-0.00770,-0.19723,-0.08620,0.00443,0.91596,0.05197,0.12683,0.01921
5.2500,525,5,5.2494,49.96,0.78816,0.01507,0.02191,0.30063,0.01898,0.01835,0.93026,0.08524,0.46530,0.05488,-0.17628,0.03391,0.03217,0.23868,0.06776,0.02780,0.90913,0.08447,0.09330,0.02979,1.08935,-0.06586,-0.02646,-0.17287,-0.07387,-0.04450,0.94658,0.07564,0.02175,0.01949,0.10400,-0.02021,-0.02578,-0.20502,-0.08594,-0.01830,0.92737,0.08967,0.12789,-0.02462,0.78750,0.03345,0.00294,0.30776,0.06987,0.01986,0.91881,0.03233,0.42909,-0.09197,-0.17933,0.06181,-0.00054,0.23221,0.07692,0.00503,0.89795,0.04203,0.09930,0.01811,1.10345,-0.03054,-0.01393,-0.17326,-0.13974,-0.00167,0.94256,0.02720,0.02566,0.03648,0.11254,-0.01331,-0.00960,-0.20158,-0.08793,0.00273,0.91838,0.04502,0.12776,0.01791
5.3000,530,5,5.2995,50.14,0.78816,0.01507,0.02191,0.30063,0.01898,0.01835,0.93026,0.08524,0.46530,0.05488,-0.17628,0.03391,0.03217,0.23868,0.06776,0.02780,0.90913,0.08447,0.09330,0.02979,1.08935,-0.06586,-0.02646,-0.17287,-0.07387,-0.04450,0.94658,0.07564,0.02175,0.01949,0.10400,-0.02021,-0.02578,-0.20502,-0.08594,-0.01830,0.92737,0.08967,0.12789,-0.02462,0.78921,0.03483,0.00262,0.31101,0.05994,0.02048,0.92031,0.02798,0.42461,-0.08735,-0.17624,0.06165,-0.00016,0.23599,0.07416,0.00619,0.90000,0.03994,0.10019,0.01727,1.10175,-0.03768,-0.01501,-0.18022,-0.13850,-0.00329,0.94375,0.02061,0.02742,0.03414,0.11175,-0.01828,-0.01049,-0.20601,-0.08897,0.00158,0.92047,0.03874,0.12862,0.01675
5.3500,535,5,5.3498,50.28,0.78827,0.00026,0.02191,0.30058,-0.00652,0.01835,0.93726,0.08562,0.46530,0.05488,-0.17697,-0.00676,0.02962,0.24196,0.02860,0.03499,0.92209,0.10658,0.09626,0.05243,1.08494,-0.02994,-0.03524,-0.17802,-0.02728,-0.04329,0.95467,0.09727,0.02345,0.03288,0.10367,0.00518,-0.02413,-0.21311,-0.06051,-0.02954,0.93684,0.09232,0.12446,-0.03700,0.79098,0.03598,0.00208,0.31375,0.04991,0.02032,0.92161,0.02395,0.42035,-0.08325,-0.17316,0.06162,0.00000,0.23962,0.07091,0.00698,0.90194,0.03752,0.10103,0.01652,1.09968,-0.04511,-0.01519,-0.18709,-0.13661,-0.00431,0.94463,0.01482,0.02908,0.03208,0.11071,-0.02350,-0.01072,-0.21047,-0.08953,0.00079,0.92227,0.03304,0.12943,0.01573
5.4000,540,5,5.3996,49.82,0.78827,0.00026,0.02352,0.30058,-0.00652,0.00323,0.93726,0.08562,0.46518,-0.02816,-0.17697,-0.00676,0.02962,0.24196,0.02860,0.03499,0.92209,0.10658,0.09626,0.05243,1.08494,-0.02994,-0.03524,-0.17802,-0.02728,-0.04329,0.95467,0.09727,0.02345,0.03288,0.10367,0.00518,-0.02413,-0.21311,-0.06051,-0.02954,0.93684,0.09232,0.12446,-0.03700,0.79280,0.03685,0.00143,0.31600,0.04008,0.01967,0.92271,0.02021,0.41628,-0.07959,-0.17008,0.06163,0.00002,0.24307,0.06735,0.00751,0.90375,0.03489,0.10184,0.01585,1.09724,-0.05249,-0.01481,-0.19387,-0.13433,-0.00493,0.94524,0.00973,0.03063,0.03025,0.10940,-0.02873,-0.01052,-0.21496,-0.08978,0.00024,0.92379,0.02786,0.13020,0.01481
5.4500,545,5,5.4499,50.26,0.78585,-0.02464,0.00571,0.30374,-0.00056,-0.00550,0.94752,0.08890,0.46298,-0.02813,-0.17918,-0.02683,0.01135,0.24313,-0.00128,0.02558,0.92757,0.03043,0.09827,0.01897,1.08394,0.00838,-0.03144,-0.18055,-0.00640,-0.01684,0.96659,0.13092,0.02667,0.01632,0.10523,0.02074,-0.01480,-0.21559,-0.02541,-0.02774,0.94511,0.08217,0.12179,0.00568,0.79466,0.03738,0.00076,0.31777,0.03066,0.01872,0.92364,0.01674,0.41239,-0.07633,-0.16699,0.06162,-0.00007,0.24635,0.06358,0.00784,0.90543,0.03212,0.10262,0.01524,1.09444,-0.05958,-0.01406,-0.20052,-0.13182,-0.00528,0.94561,0.00525,0.03210,0.02863,0.10784,-0.03378,-0.01005,-0.21945,-0.08980,-0.00014,0.92506,0.02315,0.13092,0.01400
5.5000,550,5,5.4996,49.73,0.78585,-0.02464,0.00571,0.30374,-0.00056,-0.00550,0.94752,0.08890,0.46298,-0.02813,-0.17918,-0.02683,0.01135,0.24313,-0.00128,0.02558,0.92757,0.03043,0.09827,0.01897,1.08394,0.00838,-0.03144,-0.18055,-0.00640,-0.01684,0.96659,0.13092,0.02667,0.01632,0.10523,0.02074,-0.01480,-0.21559,-0.02541,-0.02774,0.94511,0.08217,0.12179,0.00568,0.79653,0.03759,0.00010,0.31908,0.02175,0.01759,0.92439,0.01352,0.40864,-0.07341,-0.16391,0.06156,-0.00021,0.24943,0.05969,0.00803,0.90696,0.02928,0.10337,0.01470,1.09129,-0.06624,-0.01309,-0.20705,-0.12918,-0.00547,0.94578,0.00129,0.03350,0.02719,0.10603,-0.03856,-0.00941,-0.22393,-0.08966,-0.00042,0.92611,0.01886,0.13160,0.01328
5.5500,555,5,5.5500,50.41,0.78334,-0.02494,-0.00654,0.30299,-0.00771,-0.00320,0.95442,0.07662,0.46014,-0.06982,-0.18194,-0.02758,-0.00694,0.24290,-0.01421,0.01058,0.93152,0.03422,0.09862,0.02526,1.08567,0.03171,-0.01719,-0.17945,0.01203,-0.00013,0.97768,0.11754,0.02475,0.04275,0.10757,0.02560,-0.00495,-0.21512,0.00948,-0.01720,0.95208,0.06759,0.12251,0.01405,0.79841,0.03749,-0.00051,0.31995,0.01341,0.01639,0.92499,0.01053,0.40504,-0.07079,-0.16084,0.06141,-0.00040,0.25232,0.05573,0.00810,0.90836,0.02641,0.10409,0.01420,1.08782,-0.07240,-0.01201,-0.21344,-0.12648,-0.00554,0.94575,-0.00222,0.03482,0.02591,0.10399,-0.04299,-0.00868,-0.22841,-0.08940,-0.00064,0.92695,0.01494,0.13225,0.01263
5.6000,560,5,5.5998,49.81,0.78334,-0.02494,-0.00654,0.30299,-0.00771,-0.00320,0.95442,0.07662,0.46014,-0.06982,-0.18194,-0.02758,-0.00694,0.24290,-0.01421,0.01058,0.93152,0.03422,0.09862,0.02526,1.08567,0.03171,-0.01719,-0.17945,0.01203,-0.00013,0.97768,0.11754,0.02475,0.04275,0.10757,0.02560,-0.00495,-0.21512,0.00948,-0.01720,0.95208,0.06759,0.12251,0.01405,0.80028,0.03710,-0.00106,0.32043,0.00568,0.01515,0.92545,0.00776,0.40156,-0.06844,-0.15778,0.06116,-0.00060,0.25500,0.05175,0.00809,0.90961,0.02354,0.10479,0.01375,1.08406,-0.07801,-0.01087,-0.21970,-0.12376,-0.00554,0.94556,-0.00533,0.03609,0.02477,0.10174,-0.04706,-0.00791,-0.23287,-0.08904,-0.00081,0.92761,0.01135,0.13286,0.01205
5.6500,565,5,5.6504,50.55,0.78112,-0.01999,-0.01573,0.30388,0.00881,-0.01051,0.96112,0.06217,0.45206,-0.08387,-0.18383,-0.01374,-0.01867,0.24280,-0.01087,0.00099,0.94236,0.06769,0.09756,0.04951,1.08837,0.04180,-0.00030,-0.18192,-0.01609,0.02416,0.99024,0.13261,0.02908,0.04840,0.11037,0.02504,0.00826,-0.21385,0.01830,0.00228,0.95824,0.05841,0.12398,0.02439,0.80212,0.03646,-0.00155,0.32053,-0.00145,0.01392,0.92577,0.00518,0.39819,-0.06631,-0.15473,0.06082,-0.00081,0.25749,0.04780,0.00801,0.91071,0.02071,0.10547,0.01334,1.08003,-0.08307,-0.00973,-0.22582,-0.12105,-0.00550,0.94522,-0.00811,0.03730,0.02375,0.09929,-0.05075,-0.00713,-0.23731,-0.08861,-0.00096,0.92809,0.00805,0.13345,0.01152
5.7000,570,5,5.6997,49.30,0.78112,-0.01999,-0.01573,0.30388,0.00881,-0.01051,0.96112,0.06217,0.45206,-0.08387,-0.18383,-0.01374,-0.01867,0.24280,-0.01087,0.00099,0.94236,0.06769,0.09756,0.04951,1.08837,0.04180,-0.00030,-0.18192,-0.01609,0.02416,0.99024,0.13261,0.02908,0.04840,0.11037,0.02504,0.00826,-0.21385,0.01830,0.00228,0.95824,0.05841,0.12398,0.02439,0.80392,0.03559,-0.00196,0.32029,-0.00798,0.01272,0.92597,0.00278,0.39492,-0.06439,-0.15170,0.06037,-0.00102,0.25978,0.04391,0.00787,0.91168,0.01794,0.10612,0.01297,1.07576,-0.08756,-0.00861,-0.23180,-0.11836,-0.00545,0.94475,-0.01059,0.03847,0.02283,0.09667,-0.05406,-0.00636,-0.24173,-0.08810,-0.00110,0.92842,0.00503,0.13402,0.01105
5.7500,575,5,5.7501,50.42,0.78024,-0.00418,-0.01573,0.30601,0.02585,-0.01051,0.96562,0.03925,0.45206,-0.08387,-0.18452,0.00539,-0.02812,0.24199,-0.00507,-0.00707,0.94535,-0.00372,0.10029,0.03231,1.09273,0.04234,0.00611,-0.18647,-0.04848,0.02231,1.00395,0.11412,0.03638,0.02555,0.11235,0.01576,0.01557,-0.21352,0.00225,0.01955,0.96285,0.04870,0.12523,0.03388,0.80567,0.03455,-0.00230,0.31974,-0.01393,0.01157,0.92605,0.00055,0.39175,-0.06265,-0.14869,0.05981,-0.00123,0.26188,0.04009,0.00769,0.91251,0.01524,0.10676,0.01262,1.07128,-0.09152,-0.00752,-0.23765,-0.11571,-0.00538,0.94417,-0.01281,0.03959,0.02202,0.09389,-0.05700,-0.00562,-0.24612,-0.08752,-0.00124,0.92860,0.00224,0.13456,0.01062
5.8000,580,5,5.7998,49.74,0.78024,-0.00418,-0.02397,0.30601,0.02585,-0.00507,0.96562,0.03925,0.44477,-0.09688,-0.18452,0.00539,-0.02812,0.24199,-0.00507,-0.00707,0.94535,-0.00372,0.10029,0.03231,1.09273,0.04234,0.00611,-0.18647,-0.04848,0.02231,1.00395,0.11412,0.03638,0.02555,0.11235,0.01576,0.01557,-0.21352,0.00225,0.01955,0.96285,0.04870,0.12523,0.03388,0.80737,0.03335,-0.00257,0.31891,-0.01933,0.01046,0.92603,-0.00154,0.38866,-0.06106,-0.14572,0.05916,-0.00143,0.26380,0.03637,0.00747,0.91320,0.01262,0.10739,0.01231,1.06662,-0.09495,-0.00649,-0.24337,-0.11308,-0.00532,0.94348,-0.01481,0.04067,0.02128,0.09098,-0.05958,-0.00491,-0.25048,-0.08688,-0.00138,0.92864,-0.00034,0.13508,0.01023
5.8500,585,5,5.8494,49.61,0.78167,0.01777,-0.01874,0.30936,0.03723,-0.00071,0.96856,0.01852,0.43624,-0.08319,-0.18215,0.03153,-0.02665,0.24422,0.01896,-0.01375,0.94629,0.00765,0.10195,0.02408,1.09651,0.03047,0.02363,-0.19219,-0.06486,0.01604,1.01317,0.07027,0.03883,0.04836,0.11258,-0.00200,0.02208,-0.21496,-0.02263,0.02200,0.96614,0.03594,0.12933,0.00931,0.80901,0.03204,-0.00278,0.31782,-0.02421,0.00941,0.92590,-0.00348,0.38564,-0.05960,-0.14278,0.05841,-0.00162,0.26552,0.03277,0.00722,0.91377,0.01009,0.10799,0.01201,1.06179,-0.09789,-0.00552,-0.24896,-0.11049,-0.00526,0.94269,-0.01663,0.04172,0.02061,0.08794,-0.06182,-0.00424,-0.25481,-0.08617,-0.00152,0.92857,-0.00273,0.13558,0.00988
5.9000,590,5,5.8997,50.23,0.78167,0.01777,-0.01874,0.30936,0.03723,-0.00071,0.96856,0.01852,0.43624,-0.08319,-0.18215,0.03153,-0.02665,0.24422,0.01896,-0.01375,0.94629,0.00765,0.10195,0.02408,1.09651,0.03047,0.02363,-0.19219,-0.06486,0.01604,1.01317,0.07027,0.03883,0.04836,0.11258,-0.00200,0.02208,-0.21496,-0.02263,0.02200,0.96614,0.03594,0.12933,0.00931,0.81057,0.03064,-0.00293,0.31650,-0.02858,0.00842,0.92568,-0.00531,0.38270,-0.05827,-0.13988,0.05758,-0.00179,0.26707,0.02929,0.00695,0.91421,0.00764,0.10859,0.01174,1.05684,-0.10037,-0.00460,-0.25442,-0.10792,-0.00522,0.94182,-0.01827,0.04273,0.02001,0.08480,-0.06374,-0.00361,-0.25910,-0.08539,-0.00166,0.92837,-0.00496,0.13607,0.00955
5.9500,595,5,5.9495,49.85,0.78489,0.03513,-0.01874,0.31354,0.04239,-0.00071,0.97017,0.00503,0.43624,-0.08319,-0.17731,0.05497,-0.02108,0.24828,0.03876,-0.00817,0.94934,0.01434,0.10239,0.01619,1.09402,-0.01538,0.03226,-0.18918,-0.03704,0.01228,0.99780,-0.06353,0.04210,0.05311,0.11123,-0.01938,0.02103,-0.21932,-0.04897,0.02096,0.96858,0.02379,0.13020,0.01425,0.81207,0.02917,-0.00303,0.31497,-0.03248,0.00748,0.92537,-0.00704,0.37981,-0.05703,-0.13702,0.05666,-0.00195,0.26845,0.02595,0.00665,0.91454,0.00527,0.10917,0.01148,1.05176,-0.10242,-0.00375,-0.25976,-0.10537,-0.00518,0.94086,-0.01979,0.04372,0.01947,0.08157,-0.06536,-0.00302,-0.26335,-0.08454,-0.00181,0.92807,-0.00704,0.13654,0.00925
6.0000,600,6,5.9998,50.26,0.78489,0.03513,-0.01407,0.31354,0.04239,0.00521,0.97017,0.00503,0.42915,-0.09631,-0.17731,0.05497,-0.02108,0.24828,0.03876,-0.00817,0.94934,0.01434,0.10239,0.01619,1.09402,-0.01538,0.03226,-0.18918,-0.03704,0.01228,0.99780,-0.06353,0.04210,0.05311,0.11123,-0.01938,0.02103,-0.21932,-0.04897,0.02096,0.96858,0.02379,0.13020,0.01425,0.78489,0.03513,-0.01407,0.31354,0.04239,0.00521,0.97017,0.00503,0.42915,-0.09631,-0.17731,0.05497,-0.02108,0.24828,0.03876,-0.00817,0.94934,0.01434,0.10239,0.01619,1.09402,-0.01538,0.03226,-0.18918,-0.03704,0.01228,0.99780,-0.06353,0.04210,0.05311,0.11123,-0.01938,0.02103,-0.21932,-0.04897,0.02096,0.96858,0.02379,0.13020,0.01425
6.0500,605,6,6.0499,50.07,0.78987,0.04942,-0.00337,0.31792,0.04008,0.00800,0.97061,-0.00657,0.42117,0.00804,-0.17095,0.06754,-0.01084,0.25395,0.05179,-0.00163,0.95101,0.02950,0.10348,0.01490,1.09226,-0.03728,0.03504,-0.19484,-0.06696,0.03702,0.99026,-0.06705,0.04504,0.01708,0.10829,-0.03815,0.01569,-0.22449,-0.06403,0.01657,0.96972,0.01081,0.13070,0.00701,0.78651,0.03053,-0.00540,0.31558,0.03885,0.00887,0.97016,-0.00478,0.42448,-0.09092,-0.17478,0.04700,-0.01204,0.25030,0.04187,-0.00471,0.94995,0.00986,0.10318,0.01561,1.09356,-0.00447,0.01354,-0.19117,-0.04244,0.00983,0.99473,-0.05946,0.04463,0.04844,0.11047,-0.01212,0.00939,-0.22199,-0.05732,0.01354,0.96952,0.01392,0.13089,0.01359
6.1000,610,6,6.0997,49.81,0.78987,0.04942,-0.00337,0.31792,0.04008,0.00800,0.97061,-0.00657,0.42117,0.00804,-0.17095,0.06754,-0.01084,0.25395,0.05179,-0.00163,0.95101,0.02950,0.10348,0.01490,1.09226,-0.03728,0.03504,-0.19484,-0.06696,0.03702,0.99026,-0.06705,0.04504,0.01708,0.10829,-0.03815,0.01569,-0.22449,-0.06403,0.01657,0.96972,0.01081,0.13070,0.00701,0.78800,0.02929,-0.00009,0.31740,0.03396,0.01089,0.96973,-0.01235,0.42005,-0.08615,-0.17255,0.04268,-0.00599,0.25244,0.04354,-0.00227,0.95032,0.00526,0.10395,0.01509,1.09345,-0.00103,0.00138,-0.19341,-0.04679,0.00800,0.99183,-0.05674,0.04695,0.04434,0.10994,-0.00951,0.00184,-0.22500,-0.06263,0.00844,0.96999,0.00505,0.13156,0.01300
6.1500,615,6,6.1496,49.91,0.79308,0.04566,0.02083,0.31964,0.02344,0.00661,0.96884,0.00352,0.42855,0.09870,-0.16151,0.07222,0.01103,0.26342,0.06127,0.01035,0.95119,0.02428,0.10641,-0.00669,1.08198,-0.07422,0.01012,-0.21361,-0.13047,-0.00539,0.98383,-0.00933,0.05129,0.07955,0.10449,-0.03938,-0.00642,-0.23181,-0.07665,-0.01312,0.97108,0.03016,0.13159,-0.00516,0.78947,0.03007,0.00295,0.31896,0.02835,0.01181,0.96896,-0.01835,0.41585,-0.08192,-0.17048,0.04078,-0.00201,0.25464,0.04421,-0.00056,0.95047,0.00068,0.10469,0.01461,1.09338,-0.00239,-0.00630,-0.19584,-0.05035,0.00658,0.98904,-0.05502,0.04908,0.04074,0.10947,-0.00986,-0.00292,-0.22822,-0.06586,0.00493,0.97004,-0.00289,0.13219,0.01247
6.2000,620,6,6.1995,49.95,0.79308,0.04566,0.02083,0.31964,0.02344,0.00661,0.96884,0.00352,0.42855,0.09870,-0.16151,0.07222,0.01103,0.26342,0.06127,0.01035,0.95119,0.02428,0.10641,-0.00669,1.08198,-0.07422,0.01012,-0.21361,-0.13047,-0.00539,0.98383,-0.00933,0.05129,0.07955,0.10449,-0.03938,-0.00642,-0.23181,-0.07665,-0.01312,0.97108,0.03016,0.13159,-0.00516,0.79102,0.03195,0.00451,0.32023,0.02249,0.01200,0.96791,-0.02321,0.41185,-0.07816,-0.16845,0.04047,0.00054,0.25685,0.04417,0.00064,0.95039,-0.00377,0.10541,0.01418,1.09316,-0.00672,-0.01094,-0.19843,-0.05329,0.00545,0.98632,-0.05403,0.05103,0.03757,0.10892,-0.01207,-0.00579,-0.23156,-0.06765,0.00251,0.96972,-0.00995,0.13280,0.01199
6.2500,625,6,6.2503,50.77,0.79561,0.02164,0.02045,0.32214,0.01475,0.00040,0.97218,0.04264,0.43458,0.01669,-0.15608,0.04860,0.02684,0.26852,0.04328,0.02247,0.95378,0.03217,0.10721,-0.02356,1.07366,-0.07365,-0.01958,-0.22437,-0.09956,-0.03635,0.98457,0.05950,0.05637,0.09414,0.10193,-0.02182,-0.02166,-0.24010,-0.06598,-0.01820,0.97673,0.07009,0.12973,-0.00138,0.79268,0.03433,0.00509,0.32121,0.01666,0.01171,0.96665,-0.02727,0.40803,-0.07480,-0.16641,0.04116,0.00212,0.25905,0.04364,0.00148,0.95010,-0.00804,0.10611,0.01378,1.09268,-0.01279,-0.01352,-0.20116,-0.05573,0.00453,0.98363,-0.05360,0.05284,0.03478,0.10824,-0.01534,-0.00739,-0.23497,-0.06844,0.00083,0.96906,-0.01623,0.13339,0.01155
6.3000,630,6,6.3001,49.85,0.79561,0.02164,0.02045,0.32214,0.01475,0.00040,0.97218,0.04264,0.43458,0.01669,-0.15608,0.04860,0.02684,0.26852,0.04328,0.02247,0.95378,0.03217,0.10721,-0.02356,1.07366,-0.07365,-0.01958,-0.22437,-0.09956,-0.03635,0.98457,0.05950,0.05637,0.09414,0.10193,-0.02182,-0.02166,-0.24010,-0.06598,-0.01820,0.97673,0.07009,0.12973,-0.00138,0.79446,0.03685,0.00507,0.32190,0.01105,0.01112,0.96520,-0.03073,0.40437,-0.07181,-0.16432,0.04244,0.00302,0.26121,0.04277,0.00205,0.94959,-0.01212,0.10679,0.01342,1.09187,-0.01975,-0.01472,-0.20400,-0.05776,0.00376,0.98095,-0.05357,0.05452,0.03232,0.10738,-0.01918,-0.00814,-0.23840,-0.06855,-0.00034,0.96810,-0.02182,0.13396,0.01116
6.3500,635,6,6.3499,49.77,0.79419,-0.00458,0.01957,0.32185,-0.00104,0.00529,0.97623,0.06930,0.43084,-0.09845,-0.15344,0.01614,0.03234,0.27061,0.01434,0.02395,0.95680,0.03754,0.10638,-0.02524,1.07366,-0.07365,-0.01958,-0.22437,-0.09956,-0.03635,0.98457,0.05950,0.05637,0.09414,0.10118,-0.00252,-0.01664,-0.24452,-0.03844,-0.02469,0.98492,0.09437,0.12844,0.01511,0.79636,0.03925,0.00468,0.32232,0.00578,0.01035,0.96358,-0.03375,0.40084,-0.06912,-0.16216,0.04405,0.00347,0.26332,0.04166,0.00243,0.94889,-0.01600,0.10745,0.01309,1.09070,-0.02707,-0.01500,-0.20693,-0.05943,0.00308,0.97826,-0.05386,0.05608,0.03015,0.10632,-0.02324,-0.00833,-0.24182,-0.06817,-0.00116,0.96689,-0.02679,0.13451,0.01080
6.4000,640,6,6.3998,49.85,0.79419,-0.00458,0.01957,0.32185,-0.00104,0.00529,0.97623,0.06930,0.43084,-0.09845,-0.15344,0.01614,0.03234,0.27061,0.01434,0.02395,0.95680,0.03754,0.10638,-0.02524,1.06953,-0.03540,-0.04221,-0.22937,-0.03995,-0.05389,0.99575,0.13191,0.06384,0.08058,0.10118,-0.00252,-0.01664,-0.24452,-0.03844,-0.02469,0.98492,0.09437,0.12844,0.01511,0.79838,0.04141,0.00409,0.32249,0.00092,0.00946,0.96183,-0.03644,0.39745,-0.06672,-0.15992,0.04579,0.00360,0.26538,0.04041,0.00267,0.94800,-0.01967,0.10810,0.01278,1.08916,-0.03438,-0.01470,-0.20993,-0.06079,0.00248,0.97556,-0.05439,0.05754,0.02823,0.10506,-0.02729,-0.00816,-0.24521,-0.06745,-0.00175,0.96543,-0.03123,0.13504,0.01047
6.4500,645,6,6.4499,50.17,0.79257,-0.01942,0.01957,0.32126,-0.01321,0.00529,0.98386,0.09104,0.43084,-0.09845,-0.15333,-0.01152,0.02252,0.27166,-0.00145,0.01677,0.96305,0.06527,0.10694,-0.00197,1.06925,0.01033,-0.04429,-0.22962,0.01522,-0.04286,1.01152,0.16037,0.07213,0.07206,0.10238,0.01088,-0.01228,-0.24389,0.00456,-0.02298,0.99211,0.07842,0.12968,0.01297,0.80049,0.04325,0.00341,0.32242,-0.00350,0.00852,0.95994,-0.03888,0.39417,-0.06455,-0.15758,0.04754,0.00352,0.26736,0.03906,0.00281,0.94693,-0.02315,0.10873,0.01250,1.08727,-0.04144,-0.01403,-0.21300,-0.06187,0.00193,0.97282,-0.05509,0.05890,0.02653,0.10359,-0.03121,-0.00777,-0.24856,-0.06648,-0.00218,0.96377,-0.03522,0.13556,0.01017
6.5000,650,6,6.5006,50.71,0.79257,-0.01942,0.00910,0.32126,-0.01321,0.00252,0.98386,0.09104,0.41767,-0.14172,-0.15333,-0.01152,0.02252,0.27166,-0.00145,0.01677,0.96305,0.06527,0.10694,-0.00197,1.06925,0.01033,-0.04429,-0.22962,0.01522,-0.04286,1.01152,0.16037,0.07213,0.07206,0.10238,0.01088,-0.01228,-0.24389,0.00456,-0.02298,0.99211,0.07842,0.12968,0.01297,0.80270,0.04475,0.00270,0.32215,-0.00744,0.00756,0.95794,-0.04114,0.39099,-0.06259,-0.15516,0.04922,0.00330,0.26928,0.03767,0.00286,0.94568,-0.02645,0.10935,0.01223,1.08503,-0.04811,-0.01314,-0.21612,-0.06269,0.00142,0.97005,-0.05593,0.06019,0.02503,0.10194,-0.03490,-0.00725,-0.25185,-0.06533,-0.00251,0.96192,-0.03881,0.13606,0.00989
6.5500,655,6,6.5501,49.44,0.79072,-0.01806,-0.01140,0.32010,-0.01354,0.00126,0.99260,0.08208,0.40600,-0.12585,-0.15494,-0.02466,0.01072,0.27070,-0.01815,0.01218,0.96905,0.05747,0.10717,-0.01944,1.07181,0.04497,-0.04429,-0.22463,0.05541,-0.04286,1.02268,0.11891,0.07213,0.07206,0.10471,0.02218,-0.00208,-0.24187,0.01479,0.00055,0.99775,0.06314,0.13315,0.01301,0.80496,0.04590,0.00201,0.32168,-0.01092,0.00660,0.95583,-0.04327,0.38791,-0.06082,-0.15266,0.05077,0.00299,0.27113,0.03626,0.00286,0.94428,-0.02959,0.10996,0.01198,1.08246,-0.05431,-0.01213,-0.21927,-0.06327,0.00094,0.96723,-0.05688,0.06141,0.02370,0.10011,-0.03831,-0.00666,-0.25509,-0.06403,-0.00276,0.95989,-0.04208,0.13655,0.00963
6.6000,660,6,6.5999,49.88,0.79072,-0.01806,-0.01140,0.32010,-0.01354,0.00126,0.99260,0.08208,0.40600,-0.12585,-0.15494,-0.02466,0.01072,0.27070,-0.01815,0.01218,0.96905,0.05747,0.10717,-0.01944,1.07181,0.04497,-0.03142,-0.22463,0.05541,-0.02425,1.02268,0.11891,0.07669,0.03853,0.10471,0.02218,-0.00208,-0.24187,0.01479,0.00055,0.99775,0.06314,0.13315,0.01301,0.80728,0.04672,0.00136,0.32106,-0.01392,0.00566,0.95362,-0.04533,0.38491,-0.05921,-0.15009,0.05215,0.00263,0.27291,0.03487,0.00281,0.94273,-0.03259,0.11055,0.01175,1.07960,-0.06000,-0.01107,-0.22244,-0.06361,0.00049,0.96436,-0.05791,0.06256,0.02251,0.09811,-0.04142,-0.00604,-0.25826,-0.06263,-0.00297,0.95772,-0.04506,0.13702,0.00939
6.6500,665,6,6.6504,50.44,0.78980,-0.00626,-0.01370,0.31945,-0.00473,0.00062,0.99915,0.05340,0.39310,-0.15122,-0.15686,-0.02398,-0.00395,0.26997,-0.01938,0.00463,0.97601,0.08294,0.10810,0.00533,1.07632,0.06080,-0.01117,-0.21987,0.06394,-0.00693,1.03159,0.07284,0.07748,0.00176,0.10676,0.02141,0.01048,-0.24118,0.00004,0.01145,1.00221,0.03807,0.13343,0.00255,0.80963,0.04724,0.00075,0.32030,-0.01648,0.00475,0.95130,-0.04734,0.38198,-0.05774,-0.14745,0.05334,0.00223,0.27462,0.03351,0.00272,0.94103,-0.03545,0.11113,0.01153,1.07647,-0.06517,-0.01000,-0.22562,-0.06375,0.00006,0.96144,-0.05901,0.06366,0.02146,0.09597,-0.04424,-0.00543,-0.26135,-0.06113,-0.00314,0.95539,-0.04780,0.13749,0.00917
6.7000,670,6,6.6997,49.36,0.78980,-0.00626,-0.01370,0.31945,-0.00473,0.00062,0.99915,0.05340,0.39310,-0.15122,-0.15686,-0.02398,-0.00395,0.26997,-0.01938,0.00463,0.97601,0.08294,0.10810,0.00533,1.07632,0.06080,-0.01117,-0.21987,0.06394,-0.00693,1.03159,0.07284,0.07748,0.00176,0.10676,0.02141,0.01048,-0.24118,0.00004,0.01145,1.00221,0.03807,0.13343,0.00255,0.81200,0.04746,0.00019,0.31942,-0.01859,0.00389,0.94888,-0.04930,0.37913,-0.05639,-0.14476,0.05434,0.00182,0.27626,0.03221,0.00260,0.93919,-0.03818,0.11170,0.01132,1.07309,-0.06981,-0.00896,-0.22881,-0.06367,-0.00035,0.95846,-0.06015,0.06471,0.02051,0.09369,-0.04675,-0.00483,-0.26437,-0.05955,-0.00330,0.95294,-0.05034,0.13794,0.00896
6.7500,675,6,6.7498,50.03,0.79054,0.01285,-0.01081,0.31762,-0.01098,0.00877,1.00285,0.02754,0.37547,-0.19493,-0.15869,-0.01521,-0.00942,0.26571,-0.03141,-0.00301,0.97998,0.04790,0.10470,0.01237,1.08280,0.06693,0.00980,-0.21632,0.04549,0.01769,1.03750,0.02953,0.08098,0.04544,0.10725,0.00673,0.01546,-0.24114,-0.01388,0.01559,1.00370,0.01172,0.13315,-0.00080,0.81437,0.04743,-0.00032,0.31845,-0.02030,0.00306,0.94637,-0.05121,0.37634,-0.05515,-0.14202,0.05513,0.00141,0.27784,0.03096,0.00246,0.93721,-0.04081,0.11226,0.01112,1.06950,-0.07396,-0.00795,-0.23199,-0.06340,-0.00075,0.95542,-0.06134,0.06572,0.01967,0.09130,-0.04898,-0.00427,-0.26730,-0.05790,-0.00344,0.95036,-0.05271,0.13838,0.00876
6.8000,680,6,6.7997,49.93,0.79054,0.01285,-0.01081,0.31762,-0.01098,0.00877,1.00285,0.02754,0.37547,-0.19493,-0.15869,-0.01521,-0.00942,0.26571,-0.03141,-0.00301,0.97998,0.04790,0.10470,0.01237,1.08280,0.06693,0.00980,-0.21632,0.04549,0.01769,1.03750,0.02953,0.08098,0.04544,0.10725,0.00673,0.01546,-0.24114,-0.01388,0.01559,1.00370,0.01172,0.13315,-0.00080,0.81674,0.04716,-0.00079,0.31740,-0.02160,0.00228,0.94376,-0.05308,0.37361,-0.05401,-0.13925,0.05572,0.00099,0.27936,0.02979,0.00230,0.93511,-0.04334,0.11281,0.01094,1.06571,-0.07762,-0.00700,-0.23515,-0.06294,-0.00112,0.95232,-0.06256,0.06668,0.01892,0.08880,-0.05094,-0.00373,-0.27016,-0.05618,-0.00357,0.94767,-0.05493,0.13881,0.00858
6.8500,685,6,6.8502,50.46,0.79190,0.01770,-0.00034,0.31851,-0.01140,0.01011,1.00522,0.01496,0.35720,-0.19045,-0.16018,-0.00716,-0.01522,0.26241,-0.02631,-0.01071,0.98071,-0.00106,0.10393,0.01349,1.08631,0.04073,0.02706,-0.21147,0.02404,0.02721,1.03218,-0.03966,0.08334,0.01963,0.10649,-0.01099,0.01897,-0.24450,-0.03412,0.01510,1.00404,-0.00013,0.13318,0.02000,0.81908,0.04667,-0.00120,0.31629,-0.02254,0.00155,0.94106,-0.05489,0.37094,-0.05295,-0.13645,0.05610,0.00058,0.28082,0.02871,0.00213,0.93288,-0.04578,0.11336,0.01076,1.06174,-0.08084,-0.00611,-0.23828,-0.06230,-0.00148,0.94916,-0.06380,0.06761,0.01824,0.08621,-0.05265,-0.00324,-0.27292,-0.05440,-0.00369,0.94487,-0.05702,0.13924,0.00840
6.9000,690,6,6.8995,49.38,0.79190,0.01770,-0.00034,0.31851,-0.01140,0.01011,1.00522,0.01496,0.35720,-0.19045,-0.16018,-0.00716,-0.01522,0.26241,-0.02631,-0.01071,0.98071,-0.00106,0.10393,0.01349,1.08631,0.04073,0.02706,-0.21147,0.02404,0.02721,1.03218,-0.03966,0.08334,0.01963,0.10649,-0.01099,0.01897,-0.24450,-0.03412,0.01510,1.00404,-0.00013,0.13318,0.02000,0.82140,0.04598,-0.00158,0.31515,-0.02313,0.00086,0.93827,-0.05666,0.36832,-0.05197,-0.13364,0.05629,0.00019,0.28223,0.02771,0.00195,0.93053,-0.04813,0.11389,0.01058,1.05763,-0.08363,-0.00528,-0.24138,-0.06149,-0.00182,0.94594,-0.06505,0.06851,0.01763,0.08354,-0.05413,-0.00279,-0.27559,-0.05256,-0.00381,0.94197,-0.05900,0.13965,0.00823
6.9500,695,6,6.9500,50.49,0.79458,0.02789,-0.00342,0.31484,-0.02971,0.00361,1.00566,-0.00146,0.33719,-0.15370,-0.16068,0.00677,-0.01980,0.25995,-0.01448,-0.01538,0.97805,0.00331,0.10462,0.05522,1.08762,0.00592,0.03718,-0.21059,-0.00775,0.03020,1.02351,-0.07820,0.08345,0.03012,0.10345,-0.03259,0.01706,-0.24652,-0.03941,0.00784,1.00190,-0.02384,0.13520,-0.00508,0.82368,0.04512,-0.00192,0.31399,-0.02340,0.00022,0.93540,-0.05838,0.36574,-0.05105,-0.13083,0.05629,-0.00019,0.28359,0.02680,0.00175,0.92807,-0.05040,0.11442,0.01042,1.05339,-0.08603,-0.00451,-0.24443,-0.06052,-0.00214,0.94266,-0.06631,0.06937,0.01707,0.08080,-0.05540,-0.00238,-0.27817,-0.05066,-0.00392,0.93897,-0.06089,0.14006,0.00807
7.0000,700,7,6.9997,49.64,0.79458,0.02789,-0.00342,0.31484,-0.02971,0.00361,1.00566,-0.00146,0.33719,-0.15370,-0.16068,0.00677,-0.01980,0.25995,-0.01448,-0.01538,0.97805,0.00331,0.10462,0.05522,1.08762,0.00592,0.03718,-0.21059,-0.00775,0.03020,1.02351,-0.07820,0.08345,0.03012,0.10345,-0.03259,0.01706,-0.24652,-0.03941,0.00784,1.00190,-0.02384,0.13520,-0.00508,0.79458,0.02789,-0.00342,0.31484,-0.02971,0.00361,1.00566,-0.00146,0.33719,-0.15370,-0.16068,0.00677,-0.01980,0.25995,-0.01448,-0.01538,0.97805,0.00331,0.10462,0.05522,1.08762,0.00592,0.03718,-0.21059,-0.00775,0.03020,1.02351,-0.07820,0.08345,0.03012,0.10345,-0.03259,0.01706,-0.24652,-0.03941,0.00784,1.00190,-0.02384,0.13520,-0.00508
7.0500,705,7,7.0498,50.10,0.79657,0.02312,-0.00855,0.31545,-0.00607,-0.01287,1.00419,-0.02785,0.32285,-0.22955,-0.15978,0.02071,-0.01732,0.25884,0.00284,-0.02092,0.97635,0.00061,0.10436,0.02954,1.08624,-0.02648,0.03600,-0.21413,-0.04949,0.02946,1.01544,-0.07984,0.08781,0.02779,0.09928,-0.04545,0.00716,-0.25043,-0.04973,0.00881,0.99781,-0.03987,0.13695,-0.00189,0.79596,0.02766,0.00200,0.31332,-0.03069,0.00060,1.00500,-0.02369,0.32990,-0.13824,-0.16053,-0.00010,-0.00894,0.25940,-0.00777,-0.01219,0.97798,-0.00636,0.10722,0.04893,1.08827,0.01849,0.01557,-0.21131,-0.02035,0.02165,1.01961,-0.07801,0.08488,0.02734,0.10199,-0.02661,0.00797,-0.24857,-0.04249,0.00487,1.00051,-0.03174,0.13498,-0.00389
7.1000,710,7,7.1001,50.32,0.79657,0.02312,-0.00855,0.31545,-0.00607,-0.01287,1.00419,-0.02785,0.32285,-0.22955,-0.15978,0.02071,-0.01732,0.25884,0.00284,-0.02092,0.97635,0.00061,0.10436,0.02954,1.08624,-0.02648,0.03600,-0.21413,-0.04949,0.02946,1.01544,-0.07984,0.08781,0.02779,0.09928,-0.04545,0.00716,-0.25043,-0.04973,0.00881,0.99781,-0.03987,0.13695,-0.00189,0.79738,0.02945,0.00499,0.31179,-0.03045,-0.00145,1.00338,-0.04054,0.32334,-0.12469,-0.16061,-0.00260,-0.00179,0.25915,-0.00237,-0.00994,0.97741,-0.01612,0.10953,0.04343,1.08933,0.02242,0.00145,-0.21256,-0.02939,0.01553,1.01568,-0.07940,0.08619,0.02490,0.10073,-0.02426,0.00205,-0.25074,-0.04432,0.00271,0.99872,-0.03988,0.13481,-0.00285
7.1500,715,7,7.1497,49.63,0.79940,0.03367,-0.01748,0.31593,0.00917,-0.00300,0.99978,-0.04778,0.29964,-0.27215,-0.15699,0.03421,-0.00858,0.26015,0.02158,-0.00893,0.97606,-0.00180,0.10547,-0.00065,1.08207,-0.05426,0.01611,-0.21851,-0.06841,0.00434,1.00696,-0.04812,0.09354,0.06717,0.09489,-0.04495,-0.01046,-0.25483,-0.04399,-0.01573,0.99443,-0.00938,0.13657,0.01351,0.79892,0.03229,0.00638,0.31029,-0.02938,-0.00284,1.00101,-0.05364,0.31741,-0.11283,-0.16075,-0.00227,0.00280,0.25915,0.00209,-0.00833,0.97637,-0.02565,0.11158,0.03862,1.09042,0.02075,-0.00755,-0.21420,-0.03586,0.01109,1.01165,-0.08179,0.08738,0.02276,0.09952,-0.02424,-0.00170,-0.25299,-0.04523,0.00110,0.99652,-0.04794,0.13469,-0.00195
7.2000,720,7,7.2003,50.60,0.79940,0.03367,-0.01748,0.31593,0.00917,-0.00300,0.99978,-0.04778,0.29964,-0.27215,-0.15699,0.03421,-0.00858,0.26015,0.02158,-0.00893,0.97606,-0.00180,0.10547,-0.00065,1.08207,-0.05426,0.01611,-0.21851,-0.06841,0.00434,1.00696,-0.04812,0.09354,0.06717,0.09489,-0.04495,-0.01046,-0.25483,-0.04399,-0.01573,0.99443,-0.00938,0.13657,0.01351,0.80062,0.03554,0.00672,0.30886,-0.02774,-0.00378,0.99806,-0.06408,0.31203,-0.10244,-0.16081,-0.00014,0.00563,0.25935,0.00587,-0.00717,0.97485,-0.03477,0.11340,0.03441,1.09134,0.01558,-0.01306,-0.21612,-0.04046,0.00783,1.00749,-0.08481,0.08847,0.02089,0.09828,-0.02569,-0.00399,-0.25526,-0.04547,-0.00011,0.99393,-0.05569,0.13461,-0.00116
7.2500,725,7,7.2496,49.31,0.80347,0.04651,-0.00351,0.31697,0.00836,0.01160,0.99589,-0.02245,0.27207,-0.26838,-0.15338,0.03513,0.00323,0.26256,0.02356,0.00507,0.97694,0.01996,0.10607,0.02371,1.07597,-0.05898,-0.00934,-0.22328,-0.05630,-0.01367,1.00212,0.01612,0.10015,0.07462,0.09205,-0.02582,-0.02081,-0.25986,-0.03062,-0.01790,0.99726,0.05026,0.13501,-0.00173,0.80248,0.03877,0.00639,0.30753,-0.02572,-0.00441,0.99463,-0.07262,0.30714,-0.09333,-0.16074,0.00306,0.00726,0.25973,0.00917,-0.00632,0.97290,-0.04336,0.11502,0.03072,1.09195,0.00832,-0.01621,-0.21823,-0.04367,0.00539,1.00317,-0.08816,0.08947,0.01924,0.09694,-0.02800,-0.00529,-0.25752,-0.04518,-0.00103,0.99096,-0.06304,0.13457,-0.00048
7.3000,730,7,7.2999,50.23,0.80347,0.04651,-0.00351,0.31697,0.00836,0.01160,0.99589,-0.02245,0.27207,-0.26838,-0.15338,0.03513,0.00323,0.26256,0.02356,0.00507,0.97694,0.01996,0.10607,0.02371,1.07597,-0.05898,-0.00934,-0.22328,-0.05630,-0.01367,1.00212,0.01612,0.10015,0.07462,0.09205,-0.02582,-0.02081,-0.25986,-0.03062,-0.01790,0.99726,0.05026,0.13501,-0.00173,0.80449,0.04174,0.00566,0.30630,-0.02344,-0.00483,0.99082,-0.07975,0.30268,-0.08533,-0.16050,0.00685,0.00806,0.26026,0.01211,-0.00569,0.97053,-0.05139,0.11648,0.02749,1.09216,-0.00007,-0.01778,-0.22047,-0.04584,0.00353,0.99867,-0.09169,0.09040,0.01780,0.09547,-0.03077,-0.00594,-0.25977,-0.04449,-0.00175,0.98764,-0.06992,0.13457,0.00012
7.3500,735,7,7.3507,50.80,0.81103,0.05480,0.01308,0.31422,-0.01355,-0.00147,0.99580,0.03264,0.24578,-0.23835,-0.11822,0.09727,0.01112,0.29140,0.06103,0.00840,0.94679,-0.04618,0.11129,0.01646,1.07240,-0.03433,-0.02700,-0.22657,-0.03263,-0.01922,1.00912,0.09520,0.10524,0.04708,0.09148,-0.00437,-0.01879,-0.25884,0.00075,-0.01236,1.00234,0.07766,0.13325,0.00386,0.80665,0.04429,0.00470,0.30518,-0.02100,-0.00511,0.98668,-0.08583,0.29859,-0.07832,-0.16005,0.01088,0.00830,0.26093,0.01477,-0.00521,0.96777,-0.05885,0.11778,0.02466,1.09193,-0.00895,-0.01829,-0.22280,-0.04720,0.00209,0.99400,-0.09526,0.09126,0.01653,0.09386,-0.03375,-0.00616,-0.26197,-0.04348,-0.00233,0.98398,-0.07631,0.13458,0.00064
7.4000,740,7,7.3996,48.90,0.81103,0.05480,0.01308,0.31422,-0.01355,-0.00147,0.99580,0.03264,0.24578,-0.23835,-0.11822,0.09727,0.01112,0.29140,0.06103,0.00840,0.94679,-0.04618,0.11129,0.01646,1.07240,-0.03433,-0.02700,-0.22657,-0.03263,-0.01922,1.00912,0.09520,0.10524,0.04708,0.09148,-0.00437,-0.01879,-0.25884,0.00075,-0.01236,1.00234,0.07766,0.13325,0.00386,0.80891,0.04634,0.00364,0.30420,-0.01845,-0.00528,0.98225,-0.09110,0.29483,-0.07215,-0.15941,0.01493,0.00817,0.26173,0.01723,-0.00484,0.96465,-0.06576,0.11895,0.02218,1.09126,-0.01790,-0.01812,-0.22518,-0.04793,0.00094,0.98914,-0.09879,0.09205,0.01541,0.09210,-0.03676,-0.00610,-0.26411,-0.04222,-0.00280,0.98001,-0.08223,0.13463,0.00108
7.4500,745,7,7.4505,50.93,0.82118,0.05305,0.01782,0.31420,-0.01636,-0.00122,1.00461,0.08500,0.22617,-0.16870,-0.10712,0.07316,0.05575,0.29575,0.02740,0.03511,0.94374,0.01382,0.12179,-0.01461,1.07198,0.00071,-0.02927,-0.22712,-0.00437,-0.02200,1.02190,0.13946,0.10835,0.02971,0.09231,0.01172,-0.01242,-0.25544,0.01683,-0.00402,1.00899,0.07687,0.13116,-0.09983,0.81127,0.04785,0.00254,0.30334,-0.01583,-0.00539,0.97758,-0.09575,0.29136,-0.06673,-0.15856,0.01885,0.00779,0.26265,0.01953,-0.00454,0.96120,-0.07214,0.12000,0.02001,1.09014,-0.02666,-0.01752,-0.22758,-0.04816,0.00001,0.98412,-0.10223,0.09280,0.01442,0.09019,-0.03971,-0.00588,-0.26619,-0.04075,-0.00318,0.97576,-0.08769,0.13469,0.00146
7.5000,750,7,7.5003,49.84,0.82118,0.05305,0.01782,0.31420,-0.01636,-0.00122,1.00461,0.08500,0.22617,-0.16870,-0.10712,0.07316,0.05575,0.29575,0.02740,0.03511,0.94374,0.01382,0.12179,-0.01461,1.07198,0.00071,-0.02927,-0.22712,-0.00437,-0.02200,1.02190,0.13946,0.10835,0.02971,0.09231,0.01172,-0.01242,-0.25544,0.01683,-0.00402,1.00899,0.07687,0.13116,-0.09983,0.81369,0.04884,0.00146,0.30262,-0.01317,-0.00546,0.97268,-0.09990,0.28815,-0.06196,-0.15753,0.02255,0.00725,0.26368,0.02170,-0.00430,0.95745,-0.07803,0.12096,0.01810,1.08860,-0.03504,-0.01665,-0.22999,-0.04797,-0.00076,0.97892,-0.10554,0.09350,0.01355,0.08813,-0.04252,-0.00556,-0.26818,-0.03910,-0.00351,0.97125,-0.09272,0.13477,0.00179
7.5500,755,7,7.5503,50.02,0.82580,0.03335,0.02358,0.31284,-0.01739,-0.00281,1.01400,0.09659,0.21325,-0.10162,-0.10276,0.01298,0.06647,0.29504,-0.02341,0.03432,0.94876,0.07373,0.12123,-0.02185,1.07361,0.02992,-0.02702,-0.22506,0.02124,-0.01115,1.03212,0.10577,0.10922,0.03097,0.09387,0.01934,-0.00005,-0.25479,0.01139,0.00329,1.01507,0.05581,0.11610,-0.15971,0.81615,0.04930,0.00043,0.30202,-0.01048,-0.00551,0.96759,-0.10367,0.28516,-0.05776,-0.15631,0.02595,0.00662,0.26482,0.02376,-0.00410,0.95341,-0.08346,0.12182,0.01642,1.08665,-0.04296,-0.01563,-0.23237,-0.04744,-0.00140,0.97357,-0.10871,0.09415,0.01278,0.08594,-0.04516,-0.00519,-0.27009,-0.03732,-0.00378,0.96650,-0.09734,0.13487,0.00208
7.6000,760,7,7.6002,49.88,0.82580,0.03335,0.02358,0.31284,-0.01739,-0.00281,1.01400,0.09659,0.21325,-0.10162,-0.10276,0.01298,0.06647,0.29504,-0.02341,0.03432,0.94876,0.07373,0.12123,-0.02185,1.07361,0.02992,-0.02702,-0.22506,0.02124,-0.01115,1.03212,0.10577,0.10922,0.03097,0.09387,0.01934,-0.00005,-0.25479,0.01139,0.00329,1.01507,0.05581,0.11610,-0.15971,0.81861,0.04926,-0.00055,0.30157,-0.00776,-0.00556,0.96232,-0.10717,0.28236,-0.05406,-0.15494,0.02903,0.00592,0.26606,0.02572,-0.00393,0.94911,-0.08847,0.12260,0.01495,1.08431,-0.05036,-0.01454,-0.23473,-0.04661,-0.00195,0.96806,-0.11172,0.09478,0.01209,0.08362,-0.04761,-0.00481,-0.27191,-0.03541,-0.00401,0.96152,-0.10160,0.13498,0.00232
7.6500,765,7,7.6497,49.48,0.82818,0.00855,0.02791,0.31090,-0.02052,-0.00684,1.02272,0.07287,0.20957,-0.01188,-0.10194,-0.03170,0.05821,0.29127,-0.05317,0.02042,0.95877,0.12046,0.11617,-0.00945,1.07698,0.04830,-0.01414,-0.22322,0.02155,0.00176,1.04018,0.06692,0.11014,0.00585,0.09584,0.01877,0.00545,-0.25433,0.00588,0.00797,1.01920,0.02345,0.09960,-0.14643,0.82106,0.04877,-0.00145,0.30125,-0.00503,-0.00560,0.95688,-0.11049,0.27975,-0.05079,-0.15341,0.03176,0.00520,0.26739,0.02761,-0.00377,0.94457,-0.09308,0.12332,0.01366,1.08162,-0.05722,-0.01343,-0.23703,-0.04554,-0.00242,0.96240,-0.11456,0.09537,0.01149,0.08118,-0.04987,-0.00442,-0.27363,-0.03339,-0.00420,0.95634,-0.10551,0.13510,0.00252
7.7000,770,7,7.6999,50.15,0.82818,0.00855,0.02791,0.31090,-0.02052,-0.00684,1.02272,0.07287,0.20957,-0.01188,-0.10194,-0.03170,0.05821,0.29127,-0.05317,0.02042,0.95877,0.12046,0.11617,-0.00945,1.07698,0.04830,-0.01414,-0.22322,0.02155,0.00176,1.04018,0.06692,0.11014,0.00585,0.09584,0.01877,0.00545,-0.25433,0.00588,0.00797,1.01920,0.02345,0.09960,-0.14643,0.82348,0.04786,-0.00227,0.30107,-0.00228,-0.00562,0.95127,-0.11363,0.27728,-0.04789,-0.15177,0.03413,0.00447,0.26882,0.02942,-0.00363,0.93980,-0.09734,0.12397,0.01252,1.07860,-0.06354,-0.01233,-0.23928,-0.04425,-0.00283,0.95660,-0.11723,0.09593,0.01095,0.07863,-0.05195,-0.00405,-0.27525,-0.03129,-0.00437,0.95098,-0.10910,0.13523,0.00269
7.7500,775,7,7.7505,50.62,0.82923,-0.00338,0.00826,0.30583,-0.04001,-0.00088,1.02736,0.02083,0.20893,0.01266,-0.10442,-0.06489,0.03948,0.28561,-0.07005,0.00381,0.97293,0.15061,0.11482,0.02832,1.08148,0.05286,0.00635,-0.22175,0.01348,0.00583,1.04112,-0.00397,0.10762,-0.04427,0.09396,-0.00462,0.01151,-0.24916,0.02107,0.00995,1.01686,-0.02359,0.09081,-0.02557,0.82584,0.04656,-0.00301,0.30102,0.00048,-0.00561,0.94552,-0.11656,0.27495,-0.04533,-0.15001,0.03615,0.00375,0.27033,0.03117,-0.00350,0.93484,-0.10124,0.12457,0.01151,1.07528,-0.06932,-0.01127,-0.24145,-0.04277,-0.00318,0.95068,-0.11971,0.09646,0.01047,0.07599,-0.05384,-0.00370,-0.27676,-0.02912,-0.00450,0.94544,-0.11238,0.13537,0.00284
7.8000,780,7,7.7998,49.30,0.82923,-0.00338,0.00826,0.30583,-0.04001,-0.00088,1.02736,0.02083,0.20893,0.01266,-0.10442,-0.06489,0.03948,0.28561,-0.07005,0.00381,0.97293,0.15061,0.11482,0.02832,1.08148,0.05286,0.00635,-0.22175,0.01348,0.00583,1.04112,-0.00397,0.10762,-0.04427,0.09396,-0.00462,0.01151,-0.24916,0.02107,0.00995,1.01686,-0.02359,0.09081,-0.02557,0.82813,0.04492,-0.00367,0.30111,0.00323,-0.00559,0.93962,-0.11927,0.27274,-0.04306,-0.14816,0.03782,0.00305,0.27193,0.03286,-0.00338,0.92969,-0.10481,0.12512,0.01063,1.07168,-0.07460,-0.01026,-0.24355,-0.04113,-0.00349,0.94463,-0.12201,0.09697,0.01004,0.07325,-0.05558,-0.00337,-0.27816,-0.02688,-0.00462,0.93974,-0.11536,0.13552,0.00296
7.8500,785,7,7.8499,50.13,0.82825,-0.01106,0.00359,0.30179,-0.03527,-0.01802,1.02526,-0.05315,0.20973,0.04593,-0.10920,-0.07957,0.02198,0.28095,-0.06173,-0.00801,0.98073,0.04539,0.11784,0.02469,1.08545,0.03958,0.02113,-0.22256,-0.00361,0.01427,1.03843,-0.05710,0.10559,-0.04057,0.09290,-0.01286,0.02379,-0.25077,-0.02211,0.03766,1.01284,-0.06126,0.09396,0.01298,0.83033,0.04297,-0.00426,0.30134,0.00596,-0.00555,0.93360,-0.12174,0.27064,-0.04104,-0.14623,0.03915,0.00237,0.27362,0.03449,-0.00327,0.92436,-0.10807,0.12563,0.00985,1.06782,-0.07939,-0.00930,-0.24556,-0.03935,-0.00376,0.93848,-0.12412,0.09747,0.00965,0.07043,-0.05715,-0.00307,-0.27945,-0.02459,-0.00471,0.93391,-0.11807,0.13567,0.00305
7.9000,790,7,7.8994,49.54,0.82825,-0.01106,0.00359,0.30179,-0.03527,-0.01802,1.02526,-0.05315,0.20973,0.04593,-0.10920,-0.07957,0.02198,0.28095,-0.06173,-0.00801,0.98073,0.04539,0.11784,0.02469,1.08545,0.03958,0.02113,-0.22256,-0.00361,0.01427,1.03843,-0.05710,0.10559,-0.04057,0.09290,-0.01286,0.02379,-0.25077,-0.02211,0.03766,1.01284,-0.06126,0.09396,0.01298,0.83242,0.04075,-0.00477,0.30171,0.00867,-0.00550,0.92745,-0.12396,0.26863,-0.03924,-0.14425,0.04015,0.00172,0.27538,0.03607,-0.00316,0.91888,-0.11102,0.12611,0.00916,1.06374,-0.08373,-0.00840,-0.24748,-0.03745,-0.00400,0.93223,-0.12602,0.09794,0.00931,0.06754,-0.05859,-0.00280,-0.28062,-0.02226,-0.00478,0.92794,-0.12050,0.13582,0.00313
7.9500,795,7,7.9502,50.77,0.82660,-0.02327,0.00322,0.30889,0.02017,-0.00173,1.01594,-0.10032,0.21432,-0.00773,-0.11668,-0.08566,0.00403,0.27521,-0.04952,-0.01731,0.97867,-0.07481,0.11769,0.04141,1.08638,0.01060,0.02790,-0.21950,-0.00766,0.01501,1.02157,-0.14200,0.10231,-0.05411,0.09107,-0.03106,0.02592,-0.25750,-0.06879,0.02813,1.00392,-0.10822,0.09017,-0.02344,0.83440,0.03830,-0.00522,0.30221,0.01135,-0.00542,0.92120,-0.12593,0.26671,-0.03764,-0.14222,0.04084,0.00110,0.27722,0.03759,-0.00305,0.91327,-0.11368,0.12655,0.00855,1.05946,-0.08764,-0.00756,-0.24931,-0.03544,-0.00420,0.92588,-0.12773,0.09840,0.00899,0.06458,-0.05991,-0.00255,-0.28167,-0.01990,-0.00483,0.92186,-0.12266,0.13598,0.00319
8.0000,800,8,8.0000,49.75,0.82660,-0.02327,0.00322,0.30889,0.02017,-0.00173,1.01594,-0.10032,0.21432,-0.00773,-0.11668,-0.08566,0.00403,0.27521,-0.04952,-0.01731,0.97867,-0.07481,0.11769,0.04141,1.08638,0.01060,0.02790,-0.21950,-0.00766,0.01501,1.02157,-0.14200,0.10231,-0.05411,0.09107,-0.03106,0.02592,-0.25750,-0.06879,0.02813,1.00392,-0.10822,0.09017,-0.02344,0.82660,-0.02327,0.00322,0.30889,0.02017,-0.00173,1.01594,-0.10032,0.21432,-0.00773,-0.11668,-0.08566,0.00403,0.27521,-0.04952,-0.01731,0.97867,-0.07481,0.11769,0.04141,1.08638,0.01060,0.02790,-0.21950,-0.00766,0.01501,1.02157,-0.14200,0.10231,-0.05411,0.09107,-0.03106,0.02592,-0.25750,-0.06879,0.02813,1.00392,-0.10822,0.09017,-0.02344
8.0500,805,8,8.0503,50.30,0.82529,-0.01041,-0.01663,0.31055,0.01766,0.00090,1.00427,-0.12512,0.21832,-0.03561,-0.12270,-0.07682,-0.00979,0.27170,-0.03418,-0.01478,0.97659,-0.05171,0.11884,0.05254,1.08580,-0.01892,0.03747,-0.22341,-0.04157,0.02411,1.00601,-0.15423,0.09881,-0.04078,0.08662,-0.05667,0.02792,-0.26546,-0.09032,0.01459,0.99180,-0.12548,0.08761,-0.07171,0.82550,-0.02065,0.00705,0.30992,0.02066,-0.00040,1.01043,-0.11890,0.21389,-0.00964,-0.12089,-0.08248,0.00858,0.27294,-0.04122,-0.01652,0.97469,-0.08444,0.11963,0.03638,1.08717,0.01914,0.00832,-0.22005,-0.01384,0.01044,1.01441,-0.14444,0.09980,-0.04658,0.08977,-0.02187,0.01249,-0.26122,-0.07883,0.01376,0.99834,-0.11495,0.08909,-0.01976
8.1000,810,8,8.1001,49.84,0.82529,-0.01041,-0.01663,0.31055,0.01766,0.00090,1.00427,-0.12512,0.21832,-0.03561,-0.12270,-0.07682,-0.00979,0.27170,-0.03418,-0.01478,0.97659,-0.05171,0.11884,0.05254,1.08580,-0.01892,0.03747,-0.22341,-0.04157,0.02411,1.00601,-0.15423,0.09881,-0.04078,0.08662,-0.05667,0.02792,-0.26546,-0.09032,0.01459,0.99180,-0.12548,0.08761,-0.07171,0.82456,-0.01669,0.00883,0.31095,0.02067,0.00025,1.00412,-0.13281,0.21336,-0.01127,-0.12490,-0.07754,0.01131,0.27108,-0.03332,-0.01569,0.97023,-0.09377,0.12133,0.03197,1.08817,0.01989,-0.00435,-0.22085,-0.01811,0.00717,1.00711,-0.14760,0.09764,-0.04001,0.08879,-0.01806,0.00365,-0.26528,-0.08305,0.00412,0.99242,-0.12174,0.08819,-0.01654
8.1500,815,8,8.1504,50.35,0.82469,-0.00507,-0.00031,0.31241,0.01963,-0.00132,0.99156,-0.11801,0.21208,0.00019,-0.12803,-0.05373,-0.02775,0.26928,-0.01525,-0.01566,0.97816,-0.02112,0.11858,0.02540,1.08190,-0.05591,0.02677,-0.22748,-0.05913,0.00617,0.99056,-0.12915,0.09623,-0.04432,0.07325,-0.09817,0.00307,-0.27031,-0.07024,0.00018,0.98154,-0.07334,0.08733,0.03816,0.82384,-0.01221,0.00928,0.31198,0.02049,0.00046,0.99721,-0.14336,0.21276,-0.01266,-0.12863,-0.07159,0.01281,0.26960,-0.02583,-0.01485,0.96532,-0.10256,0.12283,0.02811,1.08907,0.01564,-0.01232,-0.22183,-0.02102,0.00481,0.99964,-0.15107,0.09578,-0.03426,0.08791,-0.01778,-0.00206,-0.26946,-0.08339,-0.00229,0.98617,-0.12829,0.08743,-0.01374
8.2000,820,8,8.1997,49.27,0.82469,-0.00507,-0.00031,0.31241,0.01963,-0.00132,0.99156,-0.11801,0.21208,0.00019,-0.12803,-0.05373,-0.02775,0.26928,-0.01525,-0.01566,0.97816,-0.02112,0.11858,0.02540,1.08190,-0.05591,0.02677,-0.22748,-0.05913,0.00617,0.99056,-0.12915,0.09623,-0.04432,0.07325,-0.09817,0.00307,-0.27031,-0.07024,0.00018,0.98154,-0.07334,0.08733,0.03816,0.82334,-0.00772,0.00891,0.31300,0.02027,0.00039,0.98983,-0.15147,0.21210,-0.01385,-0.13205,-0.06511,0.01347,0.26849,-0.01876,-0.01401,0.95999,-0.11067,0.12415,0.02472,1.08968,0.00832,-0.01708,-0.22294,-0.02293,0.00307,0.99200,-0.15457,0.09420,-0.02925,0.08697,-0.01973,-0.00562,-0.27358,-0.08117,-0.00646,0.97960,-0.13442,0.08681,-0.01130
8.2500,825,8,8.2506,50.89,0.82449,0.00299,-0.00710,0.31418,0.01314,0.01574,0.98209,-0.06849,0.21529,0.03914,-0.13100,-0.01906,-0.02591,0.26880,0.00028,-0.00500,0.98127,0.03474,0.11843,0.00384,1.07606,-0.06953,0.00428,-0.23275,-0.06633,0.00160,0.98073,-0.03899,0.09354,-0.02943,0.06514,-0.07476,-0.03561,-0.27964,-0.07538,-0.02487,0.97799,-0.00857,0.09222,-0.01805,0.82306,-0.00355,0.00804,0.31401,0.02013,0.00017,0.98209,-0.15774,0.21138,-0.01485,-0.13514,-0.05846,0.01355,0.26772,-0.01209,-0.01319,0.95427,-0.11804,0.12531,0.02176,1.08988,-0.00076,-0.01967,-0.22412,-0.02411,0.00178,0.98419,-0.15794,0.09285,-0.02488,0.08591,-0.02306,-0.00774,-0.27755,-0.07730,-0.00912,0.97273,-0.14002,0.08630,-0.00917
8.3000,830,8,8.3001,49.48,0.82449,0.00299,-0.00710,0.31418,0.01314,0.01574,0.98209,-0.06849,0.21529,0.03914,-0.13100,-0.01906,-0.02591,0.26880,0.00028,-0.00500,0.98127,0.03474,0.11843,0.00384,1.07606,-0.06953,0.00428,-0.23275,-0.06633,0.00160,0.98073,-0.03899,0.09354,-0.02943,0.06514,-0.07476,-0.03561,-0.27964,-0.07538,-0.02487,0.97799,-0.00857,0.09222,-0.01805,0.82298,0.00012,0.00691,0.31501,0.02012,-0.00014,0.97408,-0.16261,0.21062,-0.01569,-0.13790,-0.05188,0.01325,0.26727,-0.00581,-0.01239,0.94819,-0.12467,0.12633,0.01916,1.08959,-0.01074,-0.02082,-0.22534,-0.02472,0.00079,0.97621,-0.16107,0.09170,-0.02107,0.08466,-0.02717,-0.00889,-0.28129,-0.07240,-0.01073,0.96560,-0.14506,0.08588,-0.00732
8.3500,835,8,8.3502,50.11,0.82539,0.01527,-0.00477,0.31462,-0.00474,0.01852,0.97829,-0.00431,0.21960,0.00924,-0.12426,0.02553,-0.01153,0.27742,0.03106,0.00397,0.98389,0.07710,0.12174,0.00849,1.06934,-0.06194,-0.02115,-0.23703,-0.04894,-0.01962,0.97933,0.04273,0.09340,0.00793,0.05737,-0.03863,-0.04021,-0.29133,-0.06877,-0.03191,0.97944,0.03181,0.08709,-0.03767,0.82306,0.00321,0.00567,0.31602,0.02027,-0.00049,0.96585,-0.16638,0.20981,-0.01640,-0.14033,-0.04551,0.01270,0.26713,0.00008,-0.01163,0.94181,-0.13056,0.12723,0.01689,1.08880,-0.02103,-0.02101,-0.22658,-0.02492,0.00003,0.96809,-0.16389,0.09073,-0.01774,0.08319,-0.03168,-0.00940,-0.28478,-0.06689,-0.01164,0.95824,-0.14953,0.08556,-0.00571
8.4000,840,8,8.4345,84.28,0.82539,0.01527,-0.00477,0.31462,-0.00474,0.01852,0.97829,-0.00431,0.21960,0.00924,-0.12426,0.02553,-0.01153,0.27742,0.03106,0.00397,0.98389,0.07710,0.12174,0.00849,1.06934,-0.06194,-0.02115,-0.23703,-0.04894,-0.01962,0.97933,0.04273,0.09340,0.00793,0.05737,-0.03863,-0.04021,-0.29133,-0.06877,-0.03191,0.97944,0.03181,0.08709,-0.03767,0.82329,0.00569,0.00442,0.31704,0.02060,-0.00084,0.95745,-0.16928,0.20898,-0.01699,-0.14245,-0.03945,0.01198,0.26727,0.00560,-0.01090,0.93515,-0.13574,0.12803,0.01489,1.08749,-0.03126,-0.02059,-0.22782,-0.02478,-0.00057,0.95983,-0.16638,0.08992,-0.01484,0.08149,-0.03632,-0.00948,-0.28798,-0.06106,-0.01206,0.95066,-0.15343,0.08531,-0.00431
8.4500,845,8,8.5049,70.39,0.83921,0.04848,0.00792,0.30661,-0.05225,0.01811,0.97926,0.04260,0.21969,0.01522,-0.12101,0.02878,0.01144,0.28017,0.02473,0.01145,0.98746,0.06708,0.12222,-0.00570,1.06628,-0.02192,-0.04222,-0.23909,-0.02016,-0.02795,0.98670,0.08883,0.09540,0.03217,0.05737,-0.03863,-0.04021,-0.29133,-0.06877,-0.03191,0.97944,0.03181,0.08709,-0.03767,0.82362,0.00756,0.00322,0.31809,0.02110,-0.00118,0.94893,-0.17149,0.20812,-0.01747,-0.14428,-0.03377,0.01117,0.26768,0.01077,-0.01020,0.92825,-0.14026,0.12873,0.01314,1.08568,-0.04117,-0.01977,-0.22905,-0.02437,-0.00106,0.95146,-0.16851,0.08924,-0.01231,0.07955,-0.04093,-0.00929,-0.29088,-0.05511,-0.01217,0.94290,-0.15679,0.08513,-0.00310
8.5000,850,8,8.5098,4.93,0.83921,0.04848,0.00792,0.30661,-0.05225,0.01811,0.97926,0.04260,0.21969,0.01522,-0.12101,0.02878,0.01144,0.28017,0.02473,0.01145,0.98746,0.06708,0.12222,-0.00570,1.06628,-0.02192,-0.04222,-0.23909,-0.02016,-0.02795,0.98670,0.08883,0.09540,0.03217,0.05337,-0.01601,-0.04021,-0.29324,-0.01752,-0.03191,0.98206,0.03969,0.08709,-0.03767,0.82403,0.00887,0.00211,0.31916,0.02175,-0.00149,0.94031,-0.17314,0.20723,-0.01787,-0.14584,-0.02850,0.01029,0.26835,0.01561,-0.00954,0.92113,-0.14417,0.12935,0.01161,1.08338,-0.05062,-0.01873,-0.23026,-0.02375,-0.00145,0.94298,-0.17029,0.08868,-0.01011,0.07740,-0.04541,-0.00894,-0.29349,-0.04916,-0.01206,0.93499,-0.15964,0.08500,-0.00204
8.5500,855,8,8.5499,40.08,0.85239,0.05445,0.02015,0.30547,-0.04774,-0.01987,0.99105,0.07503,0.22498,0.12403,-0.11817,0.01680,0.02495,0.28211,0.01106,0.01406,0.98834,0.03095,0.12565,-0.01038,1.06575,0.01422,-0.04079,-0.23862,0.02117,-0.02994,0.99468,0.08681,0.09789,0.01849,0.05260,0.01382,-0.02988,-0.29472,0.01854,-0.02159,0.98624,0.04928,0.07611,0.11776,0.82450,0.00964,0.00107,0.32026,0.02255,-0.00178,0.93163,-0.17433,0.20633,-0.01818,-0.14714,-0.02367,0.00940,0.26924,0.02014,-0.00890,0.91384,-0.14750,0.12989,0.01026,1.08062,-0.05952,-0.01756,-0.23143,-0.02296,-0.00178,0.93443,-0.17173,0.08823,-0.00819,0.07502,-0.04969,-0.00849,-0.29580,-0.04331,-0.01180,0.92695,-0.16201,0.08492,-0.00113
8.6000,860,8,8.5994,49.57,0.85239,0.05445,0.02015,0.30547,-0.04774,-0.01987,0.99105,0.07503,0.22498,0.12403,-0.11817,0.01680,0.02495,0.28211,0.01106,0.01406,0.98834,0.03095,0.12565,-0.01038,1.06575,0.01422,-0.04079,-0.23862,0.02117,-0.02994,0.99468,0.08681,0.09789,0.01849,0.05260,0.01382,-0.02988,-0.29472,0.01854,-0.02159,0.98624,0.04928,0.07611,0.11776,0.82499,0.00993,0.00013,0.32141,0.02349,-0.00203,0.92289,-0.17513,0.20542,-0.01843,-0.14821,-0.01928,0.00850,0.27035,0.02436,-0.00830,0.90639,-0.15032,0.13037,0.00908,1.07744,-0.06783,-0.01633,-0.23255,-0.02201,-0.00206,0.92582,-0.17284,0.08786,-0.00652,0.07243,-0.05373,-0.00800,-0.29782,-0.03760,-0.01146,0.91880,-0.16394,0.08488,-0.00034
8.6500,865,8,8.6496,50.16,0.85567,0.01502,0.03575,0.30183,-0.02742,-0.03510,0.99793,0.05019,0.23956,0.16113,-0.11878,-0.01051,0.02815,0.28025,-0.01212,0.01409,0.97698,-0.06000,0.12591,0.00450,1.06877,0.05074,-0.02926,-0.23863,0.02604,-0.00975,1.00553,0.07542,0.10131,0.01336,0.05329,0.02827,-0.02132,-0.28783,0.04968,-0.00505,0.98918,0.02218,0.10089,0.27190,0.82548,0.00979,-0.00071,0.32261,0.02454,-0.00224,0.91412,-0.17559,0.20449,-0.01862,-0.14907,-0.01534,0.00761,0.27167,0.02829,-0.00773,0.89882,-0.15266,0.13080,0.00804,1.07385,-0.07554,-0.01510,-0.23363,-0.02095,-0.00229,0.91715,-0.17365,0.08757,-0.00507,0.06965,-0.05753,-0.00748,-0.29956,-0.03208,-0.01105,0.91056,-0.16547,0.08488,0.00035
8.7000,870,8,8.6997,50.05,0.85567,0.01502,0.03575,0.30183,-0.02742,-0.03510,0.99793,0.05019,0.23956,0.16113,-0.11878,-0.01051,0.02815,0.28025,-0.01212,0.01409,0.97698,-0.06000,0.12591,0.00450,1.06877,0.05074,-0.02926,-0.23863,0.02604,-0.00975,1.00553,0.07542,0.10131,0.01336,0.05329,0.02827,-0.02132,-0.28783,0.04968,-0.00505,0.98918,0.02218,0.10089,0.27190,0.82596,0.00925,-0.00146,0.32387,0.02568,-0.00242,0.90533,-0.17574,0.20355,-0.01876,-0.14975,-0.01182,0.00674,0.27318,0.03194,-0.00718,0.89113,-0.15457,0.13118,0.00712,1.06989,-0.08265,-0.01389,-0.23464,-0.01977,-0.00248,0.90846,-0.17417,0.08735,-0.00380,0.06668,-0.06107,-0.00697,-0.30103,-0.02676,-0.01062,0.90226,-0.16663,0.08492,0.00094
8.7500,875,8,8.7498,50.14,0.85449,-0.02181,0.02864,0.30046,-0.00392,-0.02587,0.99926,-0.02180,0.25209,0.10878,-0.12208,-0.04013,0.02462,0.27679,-0.03721,0.00589,0.96641,-0.08251,0.12598,-0.00021,1.07511,0.07256,-0.01665,-0.23616,0.03251,-0.00889,1.01020,0.00491,0.10627,0.04232,0.05588,0.04317,-0.00422,-0.28510,0.02883,0.02899,0.98888,-0.03340,0.11987,0.13709,0.82640,0.00837,-0.00212,0.32518,0.02690,-0.00256,0.89655,-0.17561,0.20261,-0.01886,-0.15026,-0.00872,0.00589,0.27486,0.03534,-0.00667,0.88337,-0.15608,0.13152,0.00632,1.06560,-0.08918,-0.01273,-0.23560,-0.01852,-0.00264,0.89974,-0.17442,0.08719,-0.00271,0.06354,-0.06437,-0.00648,-0.30224,-0.02167,-0.01016,0.89390,-0.16744,0.08498,0.00144
8.8000,880,8,8.7999,50.06,0.85449,-0.02181,0.02864,0.30046,-0.00392,-0.02587,0.99926,-0.02180,0.25209,0.10878,-0.12208,-0.04013,0.02462,0.27679,-0.03721,0.00589,0.96641,-0.08251,0.12598,-0.00021,1.07511,0.07256,-0.01665,-0.23616,0.03251,-0.00889,1.01020,0.00491,0.10627,0.04232,0.05588,0.04317,-0.00422,-0.28510,0.02883,0.02899,0.98888,-0.03340,0.11987,0.13709,0.82679,0.00718,-0.00270,0.32656,0.02819,-0.00268,0.88778,-0.17525,0.20167,-0.01891,-0.15063,-0.00603,0.00508,0.27671,0.03849,-0.00617,0.87553,-0.15723,0.13181,0.00562,1.06099,-0.09515,-0.01162,-0.23649,-0.01719,-0.00278,0.89102,-0.17442,0.08708,-0.00176,0.06025,-0.06744,-0.00601,-0.30320,-0.01680,-0.00969,0.88552,-0.16795,0.08506,0.00188
8.8500,885,8,8.8500,50.13,0.85028,-0.05733,0.01551,0.30166,0.01613,-0.01772,0.99372,-0.09144,0.25812,-0.04212,-0.12354,-0.04890,0.01560,0.27844,-0.01737,-0.00368,0.95186,-0.12933,0.12861,0.00925,1.08276,0.07677,0.01135,-0.23255,0.03770,-0.00505,1.00638,-0.08063,0.10556,-0.00369,0.05695,0.02331,0.00837,-0.28232,0.01943,0.00623,0.98168,-0.10997,0.12310,-0.07904,0.82712,0.00573,-0.00320,0.32800,0.02952,-0.00276,0.87903,-0.17468,0.20072,-0.01893,-0.15087,-0.00373,0.00430,0.27871,0.04140,-0.00570,0.86765,-0.15806,0.13208,0.00499,1.05609,-0.10058,-0.01057,-0.23732,-0.01580,-0.00289,0.88230,-0.17419,0.08701,-0.00093,0.05680,-0.07027,-0.00557,-0.30393,-0.01216,-0.00923,0.87711,-0.16817,0.08516,0.00226
8.9000,890,8,8.8995,49.53,0.85028,-0.05733,0.01551,0.30166,0.01613,-0.01772,0.99372,-0.09144,0.25812,-0.04212,-0.12354,-0.04890,0.01560,0.27844,-0.01737,-0.00368,0.95186,-0.12933,0.12861,0.00925,1.08276,0.07677,0.01135,-0.23255,0.03770,-0.00505,1.00638,-0.08063,0.10556,-0.00369,0.05695,0.02331,0.00837,-0.28232,0.01943,0.00623,0.98168,-0.10997,0.12310,-0.07904,0.82736,0.00406,-0.00363,0.32951,0.03089,-0.00281,0.87031,-0.17392,0.19978,-0.01893,-0.15101,-0.00181,0.00356,0.28084,0.04408,-0.00525,0.85973,-0.15859,0.13231,0.00445,1.05094,-0.10552,-0.00958,-0.23807,-0.01436,-0.00297,0.87360,-0.17375,0.08698,-0.00022,0.05322,-0.07290,-0.00515,-0.30442,-0.00775,-0.00876,0.86870,-0.16814,0.08528,0.00258
8.9500,895,8,8.9497,50.21,0.84165,-0.07283,0.00693,0.30144,0.00747,-0.00969,0.97917,-0.15896,0.24740,-0.07048,-0.12813,-0.05637,0.00875,0.27546,-0.01930,-0.00559,0.93490,-0.11229,0.13151,0.01000,1.08392,0.03855,0.03164,-0.21813,0.07197,0.01759,0.97366,-0.21337,0.10173,0.00394,0.05695,0.00621,0.01321,-0.27747,0.01813,0.00126,0.96677,-0.17569,0.10405,-0.36812,0.82752,0.00219,-0.00399,0.33109,0.03228,-0.00284,0.86164,-0.17298,0.19883,-0.01890,-0.15106,-0.00023,0.00285,0.28311,0.04655,-0.00482,0.85179,-0.15885,0.13252,0.00396,1.04555,-0.11000,-0.00866,-0.23876,-0.01289,-0.00303,0.86493,-0.17312,0.08699,0.00040,0.04952,-0.07534,-0.00477,-0.30470,-0.00356,-0.00831,0.86030,-0.16788,0.08542,0.00285
9.0000,900,9,9.0004,50.72,0.84165,-0.07283,0.00693,0.30144,0.00747,-0.00969,0.97917,-0.15896,0.24740,-0.07048,-0.12813,-0.05637,0.00875,0.27546,-0.01930,-0.00559,0.93490,-0.11229,0.13151,0.01000,1.08392,0.03855,0.03164,-0.21813,0.07197,0.01759,0.97366,-0.21337,0.10173,0.00394,0.05695,0.00621,0.01321,-0.27747,0.01813,0.00126,0.96677,-0.17569,0.10405,-0.36812,0.84165,-0.07283,0.00693,0.30144,0.00747,-0.00969,0.97917,-0.15896,0.24740,-0.07048,-0.12813,-0.05637,0.00875,0.27546,-0.01930,-0.00559,0.93490,-0.11229,0.13151,0.01000,1.08392,0.03855,0.03164,-0.21813,0.07197,0.01759,0.97366,-0.21337,0.10173,0.00394,0.05695,0.00621,0.01321,-0.27747,0.01813,0.00126,0.96677,-0.17569,0.10405,-0.36812
9.0500,905,9,9.0503,49.84,0.83367,-0.07516,-0.02338,0.30384,0.02506,-0.01037,0.96057,-0.20991,0.24650,-0.00715,-0.13273,-0.05415,-0.00010,0.27234,-0.01649,-0.00772,0.91836,-0.14671,0.13128,0.02134,1.08643,0.00999,0.04065,-0.21449,0.02960,0.02985,0.95398,-0.20867,0.09948,0.04925,0.05612,0.00073,-0.01356,-0.27667,0.00477,0.00709,0.94722,-0.20638,0.06363,-0.37467,0.83812,-0.06794,0.01239,0.30194,0.01265,-0.01119,0.97076,-0.17635,0.24401,-0.06532,-0.13084,-0.05202,0.00895,0.27457,-0.01578,-0.00849,0.92900,-0.12341,0.13198,0.00881,1.08613,0.04783,0.00789,-0.21474,0.06380,0.01577,0.96311,-0.20920,0.10193,0.00387,0.05737,0.00983,0.00231,-0.27658,0.01766,0.00067,0.95792,-0.17853,0.08688,-0.32001
9.1000,910,9,9.0997,49.42,0.83367,-0.07516,-0.02338,0.30384,0.02506,-0.01037,0.96057,-0.20991,0.24650,-0.00715,-0.13273,-0.05415,-0.00010,0.27234,-0.01649,-0.00772,0.91836,-0.14671,0.13128,0.02134,1.08643,0.00999,0.04065,-0.21449,0.02960,0.02985,0.95398,-0.20867,0.09948,0.04925,0.05612,0.00073,-0.01356,-0.27667,0.00477,0.00709,0.94722,-0.20638,0.06363,-0.37467,0.83489,-0.06113,0.01499,0.30271,0.01830,-0.01172,0.96162,-0.18854,0.24086,-0.06075,-0.13333,-0.04764,0.00886,0.27390,-0.01116,-0.01021,0.92257,-0.13363,0.13239,0.00777,1.08855,0.04765,-0.00748,-0.21174,0.05647,0.01416,0.95271,-0.20668,0.10212,0.00379,0.05786,0.00911,-0.00472,-0.27570,0.01746,0.00019,0.94891,-0.18177,0.07195,-0.27796
9.1500,915,9,9.1500,50.29,0.82747,-0.04446,-0.03665,0.30723,0.04249,-0.00347,0.93879,-0.20804,0.24073,-0.07479,-0.13620,-0.04028,-0.01571,0.26920,-0.02005,-0.00664,0.90459,-0.10099,0.13100,0.04443,1.07965,-0.04342,0.03026,-0.22424,-0.03736,0.01814,0.93402,-0.14253,0.10785,0.08293,0.05713,0.03083,-0.04307,-0.27489,0.01831,-0.02628,0.92876,-0.14282,0.02378,-0.40553,0.83202,-0.05354,0.01573,0.30377,0.02404,-0.01163,0.95197,-0.19707,0.23792,-0.05670,-0.13561,-0.04336,0.00858,0.27347,-0.00589,-0.01114,0.91565,-0.14283,0.13276,0.00686,1.09080,0.04143,-0.01712,-0.20908,0.04988,0.01272,0.94242,-0.20520,0.10231,0.00372,0.05824,0.00563,-0.00910,-0.27483,0.01746,-0.00019,0.93974,-0.18506,0.05899,-0.24120
9.2000,920,9,9.1998,49.78,0.82747,-0.04446,-0.03665,0.30723,0.04249,-0.00347,0.93879,-0.20804,0.24073,-0.07479,-0.13836,-0.01412,-0.01571,0.26734,-0.01344,-0.00664,0.90126,0.01008,0.13100,0.04443,1.07965,-0.04342,0.03026,-0.22424,-0.03736,0.01814,0.93402,-0.14253,0.10785,0.08293,0.05713,0.03083,-0.04307,-0.27489,0.01831,-0.02628,0.92876,-0.14282,0.02378,-0.40553,0.82953,-0.04589,0.01529,0.30511,0.02964,-0.01115,0.94196,-0.20301,0.23518,-0.05310,-0.13767,-0.03925,0.00815,0.27331,-0.00032,-0.01151,0.90831,-0.15093,0.13308,0.00606,1.09263,0.03149,-0.02288,-0.20674,0.04396,0.01143,0.93218,-0.20437,0.10249,0.00366,0.05840,0.00047,-0.01169,-0.27395,0.01763,-0.00051,0.93041,-0.18814,0.04775,-0.20906
9.2500,925,9,9.2501,50.31,0.82497,-0.00129,-0.05265,0.31160,0.03949,0.02421,0.92088,-0.14253,0.23311,-0.21454,-0.13836,-0.01412,-0.01979,0.26734,-0.01344,-0.00526,0.90126,0.01008,0.13321,0.04245,1.07392,-0.05784,-0.00222,-0.22555,-0.03407,-0.01224,0.91938,-0.05607,0.11819,0.10925,0.06268,0.07047,-0.01925,-0.26754,0.05597,-0.01894,0.91898,-0.03632,-0.02528,-0.60568,0.82742,-0.03866,0.01412,0.30673,0.03494,-0.01044,0.93170,-0.20707,0.23261,-0.04991,-0.13953,-0.03537,0.00763,0.27344,0.00534,-0.01152,0.90058,-0.15796,0.13337,0.00535,1.09391,0.01941,-0.02601,-0.20467,0.03865,0.01027,0.92198,-0.20391,0.10267,0.00359,0.05827,-0.00564,-0.01309,-0.27306,0.01795,-0.00076,0.92093,-0.19090,0.03802,-0.18098
9.3000,930,9,9.3000,49.96,0.82497,-0.00129,-0.05265,0.31160,0.03949,0.02421,0.92088,-0.14253,0.23311,-0.21454,-0.13364,0.02232,-0.01979,0.27116,0.00942,-0.00526,0.90371,0.06526,0.13321,0.04245,1.07392,-0.05784,-0.00222,-0.22555,-0.03407,-0.01224,0.91938,-0.05607,0.11819,0.10925,0.06268,0.07047,-0.01925,-0.26754,0.05597,-0.01894,0.91898,-0.03632,-0.02528,-0.60568,0.82565,-0.03210,0.01255,0.30860,0.03986,-0.00960,0.92127,-0.20974,0.23018,-0.04707,-0.14121,-0.03177,0.00704,0.27384,0.01093,-0.01127,0.89253,-0.16396,0.13362,0.00474,1.09456,0.00626,-0.02738,-0.20286,0.03387,0.00922,0.91179,-0.20362,0.10285,0.00353,0.05782,-0.01223,-0.01369,-0.27215,0.01837,-0.00095,0.91133,-0.19327,0.02960,-0.15643
9.3500,935,9,9.3503,50.22,0.82756,0.04556,-0.01791,0.31550,0.04334,-0.00484,0.91083,-0.05187,0.21705,-0.00127,-0.13364,0.02232,-0.01524,0.27116,0.00942,-0.00431,0.90371,0.06526,0.13646,0.01728,1.06989,-0.03917,-0.03030,-0.22686,-0.00677,-0.02423,0.92185,0.06512,0.12989,0.06725,0.07113,0.07620,0.00721,-0.25740,0.08560,0.00228,0.91854,0.03479,-0.08356,-0.45190,0.82420,-0.02638,0.01079,0.31071,0.04435,-0.00871,0.91074,-0.21136,0.22789,-0.04454,-0.14272,-0.02847,0.00642,0.27453,0.01636,-0.01085,0.88420,-0.16901,0.13384,0.00419,1.09453,-0.00725,-0.02759,-0.20128,0.02959,0.00826,0.90162,-0.20338,0.10303,0.00347,0.05704,-0.01898,-0.01377,-0.27122,0.01887,-0.00110,0.90161,-0.19519,0.02232,-0.13499
9.4000,940,9,9.3997,49.45,0.82756,0.04556,-0.01791,0.31550,0.04334,-0.00484,0.91083,-0.05187,0.21705,-0.00127,-0.13364,0.02232,-0.01524,0.27116,0.00942,-0.00431,0.90371,0.06526,0.13646,0.01728,1.06989,-0.03917,-0.03030,-0.22686,-0.00677,-0.02423,0.92185,0.06512,0.12989,0.06725,0.07113,0.07620,0.00721,-0.25740,0.08560,0.00228,0.91854,0.03479,-0.08356,-0.45190,0.82300,-0.02153,0.00896,0.31303,0.04840,-0.00780,0.90015,-0.21218,0.22572,-0.04229,-0.14406,-0.02548,0.00577,0.27548,0.02156,-0.01033,0.87564,-0.17318,0.13404,0.00371,1.09383,-0.02068,-0.02705,-0.19990,0.02575,0.00740,0.89145,-0.20308,0.10320,0.00342,0.05593,-0.02569,-0.01352,-0.27027,0.01943,-0.00120,0.89181,-0.19668,0.01605,-0.11625
9.4500,945,9,9.4504,50.70,0.83254,0.04959,0.01030,0.31991,0.04127,0.00533,0.91025,0.03633,0.21979,0.00908,-0.12993,0.03384,0.00391,0.27209,0.01146,0.00046,0.91063,0.08464,0.13733,0.00864,1.06744,-0.00802,-0.03845,-0.22250,0.03969,-0.02940,0.92573,0.07724,0.13537,-0.00658,0.07891,0.06444,0.03051,-0.25035,0.06819,0.02646,0.92268,0.03812,-0.11757,-0.18547,0.82203,-0.01758,0.00717,0.31554,0.05201,-0.00692,0.88954,-0.21235,0.22366,-0.04027,-0.14527,-0.02282,0.00510,0.27668,0.02648,-0.00974,0.86689,-0.17655,0.13421,0.00329,1.09247,-0.03371,-0.02604,-0.19870,0.02231,0.00663,0.88131,-0.20269,0.10337,0.00336,0.05448,-0.03221,-0.01307,-0.26928,0.02004,-0.00126,0.88195,-0.19774,0.01066,-0.09987
9.5000,950,9,9.5006,50.19,0.83254,0.04959,0.01030,0.31991,0.04127,0.00533,0.91025,0.03633,0.21979,0.00908,-0.12708,0.02236,0.00391,0.27263,0.00943,0.00046,0.91462,0.01142,0.13733,0.00864,1.06744,-0.00802,-0.03845,-0.22250,0.03969,-0.02940,0.92573,0.07724,0.13537,-0.00658,0.07891,0.06444,0.03051,-0.25035,0.06819,0.02646,0.92268,0.03812,-0.11757,-0.18547,0.82123,-0.01449,0.00545,0.31822,0.05519,-0.00607,0.87892,-0.21201,0.22169,-0.03847,-0.14635,-0.02048,0.00444,0.27812,0.03111,-0.00910,0.85800,-0.17919,0.13437,0.00291,1.09047,-0.04618,-0.02475,-0.19766,0.01924,0.00592,0.87119,-0.20214,0.10353,0.00330,0.05271,-0.03849,-0.01250,-0.26826,0.02067,-0.00130,0.87205,-0.19838,0.00603,-0.08557
9.5500,955,9,9.5502,49.63,0.83549,0.02877,0.03145,0.31554,0.01311,-0.00718,0.91577,0.08441,0.22097,0.12297,-0.12708,0.02236,0.01930,0.27263,0.00943,-0.00121,0.91462,0.01142,0.13786,-0.01939,1.06841,0.02769,-0.03667,-0.21705,0.06617,-0.01340,0.93382,0.07743,0.13315,-0.03225,0.08300,0.02398,0.03139,-0.24736,0.03568,0.03362,0.92354,-0.00392,-0.13270,-0.10049,0.82057,-0.01221,0.00385,0.32105,0.05797,-0.00526,0.86834,-0.21124,0.21981,-0.03685,-0.14732,-0.01846,0.00377,0.27978,0.03541,-0.00845,0.84899,-0.18119,0.13451,0.00258,1.08786,-0.05797,-0.02331,-0.19677,0.01649,0.00529,0.86110,-0.20143,0.10370,0.00325,0.05063,-0.04447,-0.01187,-0.26721,0.02131,-0.00130,0.86212,-0.19864,0.00207,-0.07308
9.6000,960,9,9.5998,49.63,0.83549,0.02877,0.03145,0.31554,0.01311,-0.00718,0.91577,0.08441,0.22097,0.12297,-0.12708,0.02236,0.01930,0.27263,0.00943,-0.00121,0.91462,0.01142,0.13786,-0.01939,1.06841,0.02769,-0.03667,-0.21705,0.06617,-0.01340,0.93382,0.07743,0.13315,-0.03225,0.08300,0.02398,0.03139,-0.24736,0.03568,0.03362,0.92354,-0.00392,-0.13270,-0.10049,0.82000,-0.01069,0.00238,0.32401,0.06036,-0.00451,0.85781,-0.21011,0.21800,-0.03540,-0.14820,-0.01677,0.00312,0.28166,0.03939,-0.00778,0.83989,-0.18260,0.13463,0.00229,1.08469,-0.06903,-0.02180,-0.19601,0.01404,0.00472,0.85105,-0.20054,0.10386,0.00320,0.04827,-0.05013,-0.01123,-0.26613,0.02194,-0.00128,0.85219,-0.19853,-0.00130,-0.06217
9.6500,965,9,9.6521,52.23,0.83557,-0.01695,0.04765,0.31574,0.00076,0.00685,0.92577,0.09500,0.23322,0.05351,-0.12645,-0.00100,0.02297,0.27316,0.00795,-0.00133,0.91572,0.00415,0.13861,-0.02863,1.07393,0.06289,-0.02444,-0.21449,0.05348,0.00351,0.94358,0.04591,0.13166,-0.04426,0.08277,-0.01668,0.04558,-0.24478,0.00567,0.02717,0.92046,-0.04554,-0.13903,-0.11522,0.81949,-0.00985,0.00105,0.32708,0.06240,-0.00380,0.84733,-0.20869,0.21627,-0.03409,-0.14901,-0.01540,0.00249,0.28372,0.04304,-0.00712,0.83073,-0.18349,0.13474,0.00203,1.08097,-0.07936,-0.02029,-0.19536,0.01185,0.00421,0.84105,-0.19946,0.10402,0.00315,0.04563,-0.05548,-0.01059,-0.26502,0.02256,-0.00123,0.84227,-0.19809,-0.00417,-0.05264
9.7000,970,9,9.7006,48.52,0.83557,-0.01695,0.04765,0.31574,0.00076,0.00685,0.92577,0.09500,0.23322,0.05351,-0.12878,-0.02765,0.02297,0.27215,0.00009,-0.00133,0.91210,-0.03405,0.13861,-0.02863,1.07393,0.06289,-0.02444,-0.21449,0.05348,0.00351,0.94358,0.04591,0.13166,-0.04426,0.08277,-0.01668,0.04558,-0.24478,0.00567,0.02717,0.92046,-0.04554,-0.13903,-0.11522,0.81900,-0.00964,-0.00015,0.33024,0.06410,-0.00314,0.83694,-0.20700,0.21459,-0.03291,-0.14975,-0.01433,0.00187,0.28595,0.04637,-0.00646,0.82155,-0.18392,0.13483,0.00180,1.07676,-0.08894,-0.01880,-0.19482,0.00990,0.00376,0.83110,-0.19820,0.10417,0.00309,0.04273,-0.06052,-0.00996,-0.26388,0.02314,-0.00116,0.83238,-0.19733,-0.00659,-0.04433
9.7500,975,9,9.7503,49.66,0.83095,-0.05741,0.02678,0.31530,-0.00673,-0.00279,0.93169,0.02491,0.24544,0.18096,-0.12878,-0.02765,0.02264,0.27215,0.00009,0.00075,0.91210,-0.03405,0.13799,-0.00386,1.08051,0.07431,-0.00094,-0.20870,0.05504,-0.00382,0.94251,-0.04701,0.12735,-0.06095,0.07923,-0.05329,0.00832,-0.24610,-0.02702,0.04091,0.91498,-0.06814,-0.14554,0.02442,0.81851,-0.00998,-0.00122,0.33349,0.06548,-0.00252,0.82664,-0.20509,0.21297,-0.03184,-0.15044,-0.01356,0.00127,0.28835,0.04938,-0.00582,0.81235,-0.18392,0.13492,0.00159,1.07209,-0.09781,-0.01737,-0.19437,0.00815,0.00335,0.82123,-0.19675,0.10433,0.00304,0.03958,-0.06526,-0.00937,-0.26270,0.02369,-0.00107,0.82254,-0.19630,-0.00862,-0.03707
9.8000,980,9,9.8001,49.79,0.83095,-0.05741,0.02678,0.31530,-0.00673,-0.00279,0.93169,0.02491,0.24544,0.18096,-0.13266,-0.04688,0.02264,0.27227,0.00210,0.00075,0.89849,-0.13766,0.13799,-0.00386,1.08051,0.07431,-0.00094,-0.20870,0.05504,-0.00382,0.94251,-0.04701,0.12735,-0.06095,0.07923,-0.05329,0.00832,-0.24610,-0.02702,0.04091,0.91498,-0.06814,-0.14554,0.02442,0.81800,-0.01081,-0.00217,0.33679,0.06658,-0.00195,0.81644,-0.20298,0.21141,-0.03088,-0.15111,-0.01307,0.00070,0.29089,0.05208,-0.00519,0.80316,-0.18356,0.13499,0.00141,1.06699,-0.10599,-0.01600,-0.19400,0.00660,0.00300,0.81143,-0.19513,0.10448,0.00299,0.03620,-0.06971,-0.00881,-0.26151,0.02419,-0.00097,0.81276,-0.19501,-0.01031,-0.03074
9.8500,985,9,9.8521,52.04,0.82411,-0.07790,0.01906,0.31466,-0.01286,-0.01223,0.92924,-0.07429,0.26018,0.12512,-0.13266,-0.04688,0.01377,0.27227,0.00210,-0.00678,0.89849,-0.13766,0.13843,-0.02297,1.07995,0.03477,0.02178,-0.19970,0.07741,0.00548,0.92064,-0.19087,0.11972,-0.10426,0.07441,-0.05970,0.02547,-0.25334,-0.07067,0.02091,0.90459,-0.12447,-0.13412,0.14265,0.81742,-0.01209,-0.00300,0.34014,0.06740,-0.00142,0.80634,-0.20070,0.20989,-0.02999,-0.15176,-0.01287,0.00015,0.29355,0.05447,-0.00457,0.79400,-0.18286,0.13506,0.00124,1.06150,-0.11352,-0.01470,-0.19370,0.00521,0.00268,0.80172,-0.19335,0.10463,0.00294,0.03261,-0.07390,-0.00828,-0.26029,0.02464,-0.00085,0.80305,-0.19348,-0.01171,-0.02522
9.9000,990,9,9.8995,47.44,0.82411,-0.07790,0.01906,0.31466,-0.01286,-0.01223,0.92924,-0.07429,0.26018,0.12512,-0.13839,-0.05892,0.01377,0.27233,0.01021,-0.00678,0.88082,-0.19040,0.13843,-0.02297,1.07995,0.03477,0.02178,-0.19970,0.07741,0.00548,0.92064,-0.19087,0.11972,-0.10426,0.07441,-0.05970,0.02547,-0.25334,-0.07067,0.02091,0.90459,-0.12447,-0.13412,0.14265,0.81678,-0.01374,-0.00373,0.34352,0.06797,-0.00092,0.79637,-0.19828,0.20841,-0.02919,-0.15240,-0.01292,-0.00037,0.29633,0.05657,-0.00398,0.78488,-0.18187,0.13511,0.00109,1.05565,-0.12043,-0.01348,-0.19348,0.00396,0.00241,0.79210,-0.19141,0.10477,0.00289,0.02882,-0.07784,-0.00779,-0.25904,0.02503,-0.00072,0.79341,-0.19175,-0.01284,-0.02041
9.9500,995,9,9.9508,51.25,0.81211,-0.10335,-0.00452,0.31386,0.00324,-0.00615,0.91500,-0.16262,0.26662,-0.01599,-0.13839,-0.05892,0.00228,0.27233,0.01021,-0.01348,0.88082,-0.19040,0.13641,-0.02775,1.08209,0.01106,0.03316,-0.19215,0.06170,0.01811,0.89762,-0.24396,0.11155,-0.01979,0.06690,-0.08683,0.01650,-0.25565,-0.05631,-0.00665,0.88813,-0.16218,-0.12876,-0.17161,0.81604,-0.01573,-0.00437,0.34693,0.06831,-0.00046,0.78652,-0.19572,0.20697,-0.02845,-0.15305,-0.01323,-0.00087,0.29921,0.05838,-0.00340,0.77582,-0.18061,0.13517,0.00096,1.04947,-0.12675,-0.01233,-0.19331,0.00283,0.00218,0.78258,-0.18933,0.10492,0.00284,0.02483,-0.08155,-0.00733,-0.25778,0.02535,-0.00058,0.78387,-0.18982,-0.01376,-0.01621
10.0000,1000,10,10.0001,49.30,0.81211,-0.10335,-0.00452,0.31386,0.00324,-0.00615,0.91500,-0.16262,0.26662,-0.01599,-0.13839,-0.05892,0.00228,0.27233,0.01021,-0.01348,0.88082,-0.19040,0.13641,-0.02775,1.08209,0.01106,0.03316,-0.19215,0.06170,0.01811,0.89762,-0.24396,0.11155,-0.01979,0.06690,-0.08683,0.01650,-0.25565,-0.05631,-0.00665,0.88813,-0.16218,-0.12876,-0.17161,0.81211,-0.10335,-0.00452,0.31386,0.00324,-0.00615,0.91500,-0.16262,0.26662,-0.01599,-0.13839,-0.05892,0.00228,0.27233,0.01021,-0.01348,0.88082,-0.19040,0.13641,-0.02775,1.08209,0.01106,0.03316,-0.19215,0.06170,0.01811,0.89762,-0.24396,0.11155,-0.01979,0.06690,-0.08683,0.01650,-0.25565,-0.05631,-0.00665,0.88813,-0.16218,-0.12876,-0.17161
10.0500,1005,10,10.0510,50.96,0.80114,-0.09342,-0.03207,0.31195,0.01475,-0.02115,0.89423,-0.22064,0.25613,0.00376,-0.14429,-0.05935,-0.00347,0.27319,0.02323,-0.01763,0.86120,-0.15887,0.13252,-0.00877,1.08278,-0.01585,0.03671,-0.19094,0.02171,0.02048,0.87797,-0.21360,0.11004,-0.00038,0.06182,-0.07907,0.01928,-0.26404,-0.07526,0.01007,0.87233,-0.16171,-0.15030,-0.40554,0.80694,-0.10270,0.00618,0.31411,0.00707,-0.00915,0.90619,-0.18804,0.26573,-0.01947,-0.14130,-0.05776,0.00243,0.27299,0.01616,-0.01090,0.87132,-0.18979,0.13512,-0.02400,1.08293,0.02059,0.00751,-0.18928,0.05305,0.01713,0.88567,-0.23461,0.11063,-0.01681,0.06271,-0.08137,0.00647,-0.25838,-0.05294,-0.00707,0.87985,-0.16898,-0.13669,-0.14649
10.1000,1010,10,10.1003,49.28,0.80114,-0.09342,-0.03207,0.31195,0.01475,-0.02115,0.89423,-0.22064,0.25613,0.00376,-0.14946,-0.04815,-0.00347,0.27522,0.03194,-0.01763,0.84509,-0.12571,0.13252,-0.00877,1.08278,-0.01585,0.03671,-0.19094,0.02171,0.02048,0.87797,-0.21360,0.11004,-0.00038,0.06182,-0.07907,0.01928,-0.26404,-0.07526,0.01007,0.87233,-0.16171,-0.15030,-0.40554,0.80191,-0.09805,0.01216,0.31458,0.01195,-0.01055,0.89634,-0.20498,0.26468,-0.02243,-0.14416,-0.05655,0.00247,0.27393,0.02101,-0.00899,0.86182,-0.19051,0.13400,-0.02074,1.08398,0.01991,-0.00904,-0.18684,0.04491,0.01606,0.87411,-0.22807,0.10986,-0.01423,0.05869,-0.07990,-0.00001,-0.26094,-0.04941,-0.00727,0.87123,-0.17571,-0.14346,-0.12456
10.1500,1015,10,10.1520,51.73,0.79328,-0.06046,-0.04622,0.31472,0.03919,-0.00587,0.87263,-0.19947,0.26791,0.20688,-0.14946,-0.04815,-0.01613,0.27522,0.03194,-0.00627,0.84509,-0.12571,0.13364,0.04901,1.07929,-0.05132,0.02950,-0.18850,-0.00317,0.02604,0.85522,-0.16562,0.11093,0.05785,0.05390,-0.09908,0.00729,-0.27114,-0.07403,0.00574,0.85854,-0.09061,-0.20425,-0.37643,0.79717,-0.09129,0.01499,0.31531,0.01725,-0.01091,0.88579,-0.21609,0.26349,-0.02494,-0.14696,-0.05535,0.00242,0.27508,0.02505,-0.00754,0.85226,-0.19187,0.13304,-0.01789,1.08482,0.01273,-0.01938,-0.18478,0.03731,0.01495,0.86283,-0.22338,0.10921,-0.01197,0.05468,-0.08098,-0.00407,-0.26332,-0.04583,-0.00731,0.86229,-0.18192,-0.14920,-0.10541
10.2000,1020,10,10.1997,47.61,0.79328,-0.06046,-0.04622,0.31472,0.03919,-0.00587,0.87263,-0.19947,0.26791,0.20688,-0.15285,-0.02332,-0.01613,0.27808,0.02663,-0.00627,0.83718,-0.03274,0.13364,0.04901,1.07929,-0.05132,0.02950,-0.18850,-0.00317,0.02604,0.85522,-0.16562,0.11093,0.05785,0.05390,-0.09908,0.00729,-0.27114,-0.07403,0.00574,0.85854,-0.09061,-0.20425,-0.37643,0.79279,-0.08368,0.01579,0.31631,0.02255,-0.01061,0.87480,-0.22316,0.26219,-0.02706,-0.14970,-0.05419,0.00231,0.27642,0.02846,-0.00641,0.84263,-0.19342,0.13220,-0.01542,1.08519,0.00158,-0.02551,-0.18310,0.03024,0.01385,0.85175,-0.21990,0.10866,-0.01002,0.05057,-0.08363,-0.00651,-0.26553,-0.04227,-0.00723,0.85305,-0.18737,-0.15404,-0.08870
10.2500,1025,10,10.2528,53.16,0.78960,-0.01316,-0.03669,0.31935,0.05019,0.01079,0.85562,-0.13450,0.28722,0.19395,-0.15285,-0.02332,-0.02092,0.27808,0.02663,0.01371,0.83718,-0.03274,0.13743,0.04384,1.07545,-0.05494,0.00223,-0.19251,-0.03939,0.01206,0.84785,-0.03595,0.12183,0.06834,0.04417,-0.09775,-0.00987,-0.27444,-0.06161,0.00647,0.85217,0.00615,-0.20794,0.37841,0.78880,-0.07602,0.01528,0.31756,0.02760,-0.00990,0.86352,-0.22740,0.26079,-0.02884,-0.15238,-0.05309,0.00213,0.27792,0.03137,-0.00549,0.83292,-0.19488,0.13149,-0.01326,1.08494,-0.01183,-0.02878,-0.18175,0.02371,0.01279,0.84083,-0.21719,0.10820,-0.00832,0.04630,-0.08719,-0.00786,-0.26755,-0.03876,-0.00706,0.84357,-0.19195,-0.15810,-0.07412
10.3000,1030,10,10.3000,47.15,0.78960,-0.01316,-0.03669,0.31935,0.05019,0.01079,0.85562,-0.13450,0.28722,0.19395,-0.15359,0.00195,-0.02092,0.27982,0.00905,0.01371,0.83820,0.03346,0.13743,0.04384,1.07545,-0.05494,0.00223,-0.19251,-0.03939,0.01206,0.84785,-0.03595,0.12183,0.06834,0.04417,-0.09775,-0.00987,-0.27444,-0.06161,0.00647,0.85217,0.00615,-0.20794,0.37841,0.78518,-0.06881,0.01400,0.31906,0.03223,-0.00895,0.85209,-0.22961,0.25931,-0.03033,-0.15501,-0.05210,0.00192,0.27955,0.03387,-0.00472,0.82314,-0.19609,0.13087,-0.01138,1.08399,-0.02635,-0.03015,-0.18072,0.01769,0.01178,0.83002,-0.21491,0.10782,-0.00684,0.04184,-0.09122,-0.00848,-0.26940,-0.03535,-0.00683,0.83387,-0.19565,-0.16148,-0.06140
10.3500,1035,10,10.3513,51.38,0.78985,0.01401,-0.01288,0.32424,0.04582,0.01710,0.84641,-0.04644,0.31099,0.25528,-0.15359,0.00195,-0.01648,0.27982,0.00905,0.02127,0.83820,0.03346,0.14027,0.00250,1.06896,-0.05142,-0.02408,-0.19283,-0.03402,-0.00966,0.84433,0.03003,0.13096,0.07783,0.03631,-0.07183,-0.01118,-0.28905,-0.09699,-0.02567,0.85659,0.08695,-0.15500,0.53410,0.78191,-0.06236,0.01226,0.32078,0.03636,-0.00788,0.84058,-0.23036,0.25776,-0.03157,-0.15759,-0.05122,0.00166,0.28130,0.03602,-0.00405,0.81332,-0.19695,0.13035,-0.00975,1.08230,-0.04121,-0.03027,-0.17997,0.01215,0.01083,0.81933,-0.21287,0.10751,-0.00556,0.03718,-0.09543,-0.00864,-0.27109,-0.03206,-0.00656,0.82402,-0.19846,-0.16427,-0.05030
10.4000,1040,10,10.3999,48.60,0.78985,0.01401,-0.01288,0.32424,0.04582,0.01710,0.84641,-0.04644,0.31099,0.25528,-0.15259,0.01528,-0.01648,0.27985,-0.00769,0.02127,0.84302,0.05755,0.14027,0.00250,1.06896,-0.05142,-0.02408,-0.19283,-0.03402,-0.00966,0.84433,0.03003,0.13096,0.07783,0.03631,-0.07183,-0.01118,-0.28905,-0.09699,-0.02567,0.85659,0.08695,-0.15500,0.53410,0.77893,-0.05682,0.01031,0.32269,0.03995,-0.00675,0.82907,-0.23003,0.25616,-0.03259,-0.16013,-0.05047,0.00138,0.28315,0.03786,-0.00346,0.80346,-0.19741,0.12990,-0.00833,1.07987,-0.05591,-0.02958,-0.17950,0.00706,0.00994,0.80874,-0.21090,0.10726,-0.00445,0.03230,-0.09965,-0.00850,-0.27261,-0.02892,-0.00624,0.81404,-0.20044,-0.16654,-0.04063
10.4500,1045,10,10.4502,50.29,0.78938,0.02516,-0.00269,0.33091,0.03186,0.03291,0.84898,0.03729,0.33290,0.12227,-0.15259,0.01528,-0.00238,0.27985,-0.00769,0.01420,0.84302,0.05755,0.13884,-0.00662,1.06358,-0.02687,-0.03812,-0.19117,-0.00032,-0.01265,0.84356,0.04787,0.13527,0.00421,0.02807,-0.06428,-0.02422,-0.29596,-0.06929,-0.04042,0.86533,0.10172,-0.12511,0.08877,0.77621,-0.05225,0.00830,0.32476,0.04298,-0.00561,0.81760,-0.22887,0.25451,-0.03341,-0.16264,-0.04987,0.00108,0.28508,0.03942,-0.00291,0.79358,-0.19744,0.12951,-0.00710,1.07671,-0.07014,-0.02838,-0.17926,0.00239,0.00913,0.79824,-0.20892,0.10707,-0.00349,0.02721,-0.10374,-0.00817,-0.27398,-0.02594,-0.00590,0.80399,-0.20165,-0.16835,-0.03220
10.5000,1050,10,10.4999,49.69,0.78938,0.02516,-0.00269,0.33091,0.03186,0.03291,0.84898,0.03729,0.33290,0.12227,-0.15100,0.01484,0.00601,0.27854,-0.01684,0.00298,0.84664,0.02211,0.13661,-0.04846,1.06358,-0.02687,-0.03812,-0.19117,-0.00032,-0.01265,0.84356,0.04787,0.13527,0.00421,0.02807,-0.06428,-0.02422,-0.29596,-0.06929,-0.04042,0.86533,0.10172,-0.12511,0.08877,0.77369,-0.04867,0.00631,0.32698,0.04546,-0.00450,0.80619,-0.22708,0.25282,-0.03407,-0.16512,-0.04941,0.00077,0.28709,0.04072,-0.00240,0.78372,-0.19705,0.12918,-0.00603,1.07287,-0.08370,-0.02688,-0.17925,-0.00190,0.00837,0.78785,-0.20683,0.10691,-0.00266,0.02193,-0.10765,-0.00775,-0.27521,-0.02314,-0.00553,0.79389,-0.20214,-0.16978,-0.02486
10.5500,1055,10,10.5497,49.81,0.79208,0.01970,0.02545,0.33305,0.00445,0.01732,0.85557,0.08350,0.33429,0.03995,-0.15100,0.01484,0.00601,0.27854,-0.01684,0.00298,0.84664,0.02211,0.13661,-0.04846,1.06254,0.00865,-0.03831,-0.18971,0.01600,-0.01109,0.84818,0.04207,0.13634,-0.01955,0.02036,-0.04921,-0.03120,-0.30288,-0.04926,-0.03114,0.87202,0.03675,-0.11889,0.06333,0.77133,-0.04605,0.00441,0.32930,0.04740,-0.00344,0.79490,-0.22478,0.25110,-0.03459,-0.16758,-0.04912,0.00045,0.28915,0.04178,-0.00192,0.77388,-0.19624,0.12891,-0.00510,1.06836,-0.09649,-0.02522,-0.17945,-0.00584,0.00769,0.77756,-0.20461,0.10680,-0.00194,0.01645,-0.11133,-0.00727,-0.27630,-0.02052,-0.00516,0.78378,-0.20199,-0.17085,-0.01847
10.6000,1060,10,10.6004,50.61,0.79208,0.01970,0.02545,0.33305,0.00445,0.01732,0.85557,0.08350,0.33429,0.03995,-0.14906,0.00555,0.00601,0.28085,-0.00420,0.00298,0.84853,-0.00694,0.13661,-0.04846,1.06254,0.00865,-0.03831,-0.18971,0.01600,-0.01109,0.84818,0.04207,0.13634,-0.01955,0.02036,-0.04921,-0.03120,-0.30288,-0.04926,-0.03114,0.87202,0.03675,-0.11889,0.06333,0.76907,-0.04432,0.00264,0.33171,0.04884,-0.00243,0.78372,-0.22209,0.24936,-0.03499,-0.17004,-0.04898,0.00012,0.29126,0.04261,-0.00146,0.76410,-0.19503,0.12867,-0.00430,1.06323,-0.10844,-0.02350,-0.17983,-0.00945,0.00706,0.76739,-0.20222,0.10672,-0.00132,0.01080,-0.11478,-0.00677,-0.27726,-0.01808,-0.00477,0.77370,-0.20125,-0.17164,-0.01291
10.6500,1065,10,10.6502,49.80,0.79258,-0.00349,0.03300,0.33304,-0.01729,0.01604,0.86366,0.07182,0.33644,-0.02797,-0.14906,0.00555,0.01387,0.28085,-0.00420,-0.00936,0.84853,-0.00694,0.13433,-0.04945,1.06484,0.03654,-0.02386,-0.18673,0.03480,-0.00906,0.84978,-0.00539,0.13357,-0.02436,0.01687,-0.02265,-0.01970,-0.30607,-0.01115,-0.03859,0.87077,-0.05600,-0.11752,0.04221,0.76688,-0.04343,0.00103,0.33418,0.04979,-0.00147,0.77269,-0.21905,0.24760,-0.03528,-0.17248,-0.04900,-0.00020,0.29341,0.04321,-0.00102,0.75439,-0.19344,0.12847,-0.00360,1.05753,-0.11953,-0.02176,-0.18039,-0.01278,0.00649,0.75734,-0.19963,0.10667,-0.00079,0.00498,-0.11798,-0.00628,-0.27811,-0.01584,-0.00438,0.76367,-0.19996,-0.17216,-0.00808
10.7000,1070,10,10.6997,49.59,0.79258,-0.00349,0.03300,0.33304,-0.01729,0.01604,0.86366,0.07182,0.33644,-0.02797,-0.14817,-0.00655,0.01387,0.28034,-0.00086,-0.00936,0.84146,-0.11011,0.13433,-0.04945,1.06484,0.03654,-0.02386,-0.18673,0.03480,-0.00906,0.84978,-0.00539,0.13357,-0.02436,0.01687,-0.02265,-0.01970,-0.30607,-0.01115,-0.03859,0.87077,-0.05600,-0.11752,0.04221,0.76472,-0.04328,-0.00040,0.33668,0.05029,-0.00058,0.76182,-0.21570,0.24584,-0.03547,-0.17494,-0.04917,-0.00052,0.29558,0.04361,-0.00060,0.74476,-0.19148,0.12831,-0.00300,1.05129,-0.12979,-0.02006,-0.18110,-0.01583,0.00598,0.74743,-0.19684,0.10664,-0.00033,-0.00100,-0.12094,-0.00580,-0.27885,-0.01379,-0.00398,0.75371,-0.19819,-0.17245,-0.00388
10.7500,1075,10,10.7501,50.36,0.79084,-0.02661,0.03266,0.32587,-0.06651,0.01589,0.86560,-0.00933,0.32829,-0.07171,-0.14817,-0.00655,0.01826,0.28034,-0.00086,-0.00940,0.84146,-0.11011,0.13256,-0.04842,1.06865,0.05071,-0.00509,-0.18302,0.03347,0.00022,0.84570,-0.07374,0.13038,-0.03337,0.00728,-0.03549,0.00221,-0.31027,-0.00394,-0.03313,0.85843,-0.13842,-0.10308,0.15479,0.76254,-0.04379,-0.00166,0.33920,0.05037,0.00025,0.75113,-0.21204,0.24406,-0.03559,-0.17740,-0.04950,-0.00083,0.29776,0.04380,-0.00019,0.73525,-0.18918,0.12817,-0.00248,1.04456,-0.13922,-0.01841,-0.18197,-0.01865,0.00551,0.73766,-0.19383,0.10663,0.00006,-0.00711,-0.12367,-0.00534,-0.27949,-0.01193,-0.00359,0.74386,-0.19598,-0.17256,-0.00024
10.8000,1080,10,10.7996,49.54,0.79084,-0.02661,0.03266,0.32587,-0.06651,0.01589,0.86560,-0.00933,0.32829,-0.07171,-0.14476,-0.00795,0.01847,0.27888,-0.00750,-0.01109,0.82537,-0.13948,0.12888,-0.02303,1.06865,0.05071,-0.00509,-0.18302,0.03347,0.00022,0.84570,-0.07374,0.13038,-0.03337,0.00728,-0.03549,0.00221,-0.31027,-0.00394,-0.03313,0.85843,-0.13842,-0.10308,0.15479,0.76033,-0.04488,-0.00274,0.34171,0.05006,0.00101,0.74062,-0.20809,0.24228,-0.03564,-0.17989,-0.04998,-0.00112,0.29995,0.04380,0.00020,0.72585,-0.18655,0.12806,-0.00204,1.03738,-0.14786,-0.01683,-0.18296,-0.02124,0.00509,0.72805,-0.19061,0.10664,0.00039,-0.01336,-0.12618,-0.00491,-0.28005,-0.01027,-0.00319,0.73412,-0.19336,-0.17249,0.00292
10.8500,1085,10,10.8498,50.16,0.78708,-0.04574,0.00455,0.32077,-0.06490,-0.01970,0.86145,-0.08994,0.30918,-0.24277,-0.14476,-0.00795,0.01847,0.27888,-0.00750,-0.01109,0.82537,-0.13948,0.12888,-0.02303,1.07296,0.04276,0.02177,-0.18083,0.02711,0.00178,0.83389,-0.14748,0.12506,-0.06633,0.00298,-0.02949,-0.02461,-0.31110,0.01304,-0.02917,0.84256,-0.17607,-0.09484,-0.02021,0.75805,-0.04645,-0.00366,0.34420,0.04939,0.00171,0.73032,-0.20387,0.24050,-0.03563,-0.18241,-0.05060,-0.00141,0.30214,0.04361,0.00057,0.71660,-0.18361,0.12797,-0.00165,1.02979,-0.15574,-0.01533,-0.18409,-0.02365,0.00471,0.71860,-0.18717,0.10667,0.00067,-0.01973,-0.12849,-0.00451,-0.28052,-0.00880,-0.00281,0.72453,-0.19038,-0.17227,0.00565
10.9000,1090,10,10.9004,50.64,0.78708,-0.04574,0.00455,0.32077,-0.06490,-0.01970,0.86145,-0.08994,0.30918,-0.24277,-0.14851,-0.04374,0.02596,0.27823,0.00310,-0.02084,0.80673,-0.17409,0.12281,-0.05493,1.07296,0.04276,0.02177,-0.18083,0.02711,0.00178,0.83389,-0.14748,0.12506,-0.06633,0.00298,-0.02949,-0.02461,-0.31110,0.01304,-0.02917,0.84256,-0.17607,-0.09484,-0.02021,0.75568,-0.04845,-0.00443,0.34665,0.04840,0.00235,0.72024,-0.19940,0.23871,-0.03557,-0.18495,-0.05136,-0.00168,0.30431,0.04324,0.00093,0.70749,-0.18040,0.12789,-0.00133,1.02182,-0.16291,-0.01391,-0.18533,-0.02588,0.00437,0.70934,-0.18353,0.10671,0.00091,-0.02620,-0.13061,-0.00413,-0.28093,-0.00752,-0.00243,0.71509,-0.18707,-0.17193,0.00802
10.9500,1095,10,10.9499,49.47,0.78131,-0.06243,-0.02132,0.32433,0.01281,-0.05116,0.84846,-0.16840,0.28499,-0.20573,-0.14851,-0.04374,0.02596,0.27823,0.00310,-0.02084,0.80673,-0.17409,0.12281,-0.05493,1.07493,0.01049,0.04117,-0.17893,0.01516,0.00855,0.81584,-0.20848,0.12147,-0.00048,0.00140,-0.00870,-0.00155,-0.30924,0.03166,-0.02850,0.82377,-0.20221,-0.10538,-0.18266,0.75320,-0.05078,-0.00506,0.34903,0.04710,0.00294,0.71039,-0.19469,0.23694,-0.03547,-0.18754,-0.05224,-0.00193,0.30646,0.04270,0.00128,0.69856,-0.17693,0.12783,-0.00105,1.01351,-0.16940,-0.01258,-0.18667,-0.02794,0.00407,0.70025,-0.17970,0.10676,0.00111,-0.03278,-0.13255,-0.00378,-0.28128,-0.00642,-0.00205,0.70582,-0.18346,-0.17147,0.01006
11.0000,1100,11,11.0011,51.19,0.78131,-0.06243,-0.02132,0.32433,0.01281,-0.05116,0.84846,-0.16840,0.28499,-0.20573,-0.15550,-0.07467,0.02596,0.27918,0.01620,-0.02084,0.78441,-0.24529,0.12281,-0.05493,1.07493,0.01049,0.04117,-0.17893,0.01516,0.00855,0.81584,-0.20848,0.12147,-0.00048,0.00140,-0.00870,-0.00155,-0.30924,0.03166,-0.02850,0.82377,-0.20221,-0.10538,-0.18266,0.78131,-0.06243,-0.02132,0.32433,0.01281,-0.05116,0.84846,-0.16840,0.28499,-0.20573,-0.15550,-0.07467,0.02596,0.27918,0.01620,-0.02084,0.78441,-0.24529,0.12281,-0.05493,1.07493,0.01049,0.04117,-0.17893,0.01516,0.00855,0.81584,-0.20848,0.12147,-0.00048,0.00140,-0.00870,-0.00155,-0.30924,0.03166,-0.02850,0.82377,-0.20221,-0.10538,-0.18266
11.0500,1105,11,11.0496,48.56,0.77624,-0.05283,0.00980,0.32697,0.05410,-0.03281,0.82675,-0.25654,0.27293,-0.03408,-0.15550,-0.07467,0.01204,0.27918,0.01620,-0.01656,0.78441,-0.24529,0.11571,-0.02938,1.07234,-0.04037,0.04922,-0.17349,0.02225,0.00878,0.78748,-0.27097,0.12333,0.04034,0.00231,-0.01171,0.01600,-0.29686,0.09857,-0.02848,0.79881,-0.22984,-0.12222,-0.13560,0.77798,-0.06942,-0.00824,0.32552,0.03332,-0.03353,0.83927,-0.19698,0.27527,-0.18389,-0.15895,-0.06414,0.01752,0.28022,0.02488,-0.01489,0.77261,-0.22768,0.12025,-0.04788,1.07583,0.02295,0.01169,-0.17828,0.01087,0.00890,0.80553,-0.20433,0.12145,-0.00045,0.00092,-0.01124,-0.00826,-0.30736,0.04267,-0.01709,0.81370,-0.20079,-0.11386,-0.15686
11.1000,1110,11,11.0996,49.93,0.77624,-0.05283,0.00980,0.32697,0.05410,-0.03281,0.82675,-0.25654,0.27293,-0.03408,-0.15995,-0.06754,0.01204,0.28537,0.04641,-0.01656,0.75927,-0.21722,0.11571,-0.02938,1.07234,-0.04037,0.04922,-0.17349,0.02225,0.00878,0.78748,-0.27097,0.12333,0.04034,0.00231,-0.01171,0.01600,-0.29686,0.09857,-0.02848,0.79881,-0.22984,-0.12222,-0.13560,0.77445,-0.07136,-0.00037,0.32754,0.04657,-0.02119,0.82895,-0.21443,0.26656,-0.16477,-0.16197,-0.05707,0.01166,0.28162,0.03108,-0.01061,0.76157,-0.21434,0.11801,-0.04171,1.07703,0.02365,-0.00744,-0.17784,0.00648,0.00895,0.79538,-0.20177,0.12143,-0.00042,0.00024,-0.01638,-0.01237,-0.30505,0.04901,-0.00928,0.80367,-0.20042,-0.12112,-0.13431
11.1500,1115,11,11.1496,50.01,0.77013,-0.06463,-0.02827,0.33343,0.06923,0.02250,0.79967,-0.26420,0.27563,0.02721,-0.15995,-0.06754,-0.01053,0.28537,0.04641,-0.00961,0.75927,-0.21722,0.10923,-0.06598,1.06610,-0.07843,0.02150,-0.17329,-0.00566,0.02752,0.76116,-0.22054,0.12773,0.04947,0.00207,-0.00782,-0.01115,-0.28804,0.11713,-0.01571,0.77934,-0.16776,-0.13882,-0.17718,0.77090,-0.07034,0.00403,0.33009,0.05471,-0.01252,0.81795,-0.22432,0.25875,-0.14801,-0.16470,-0.05240,0.00759,0.28329,0.03548,-0.00750,0.75112,-0.20395,0.11606,-0.03630,1.07807,0.01680,-0.01951,-0.17763,0.00212,0.00880,0.78534,-0.19997,0.12141,-0.00038,-0.00074,-0.02308,-0.01473,-0.30251,0.05217,-0.00395,0.79365,-0.20035,-0.12733,-0.11461
11.2000,1120,11,11.2000,50.37,0.77013,-0.06463,-0.02827,0.33343,0.06923,0.02250,0.79967,-0.26420,0.27563,0.02721,-0.16461,-0.04144,-0.02241,0.28870,0.04212,0.01711,0.74867,-0.08135,0.10264,-0.09223,1.06610,-0.07843,0.02150,-0.17329,-0.00566,0.02752,0.76116,-0.22054,0.12773,0.04947,0.00207,-0.00782,-0.01115,-0.28804,0.11713,-0.01571,0.77934,-0.16776,-0.13882,-0.17718,0.76744,-0.06778,0.00613,0.33295,0.05926,-0.00640,0.80660,-0.22907,0.25172,-0.13332,-0.16724,-0.04942,0.00474,0.28515,0.03857,-0.00519,0.74114,-0.19559,0.11437,-0.03158,1.07864,0.00529,-0.02676,-0.17763,-0.00213,0.00854,0.77538,-0.19841,0.12139,-0.00035,-0.00208,-0.03064,-0.01590,-0.29987,0.05316,-0.00032,0.78364,-0.20015,-0.13263,-0.09740
11.2500,1125,11,11.2497,49.73,0.76596,-0.01191,-0.04004,0.33922,0.03975,0.05465,0.77559,-0.20636,0.26629,-0.31581,-0.16461,-0.04144,-0.02241,0.28870,0.04212,0.01711,0.74867,-0.08135,0.10264,-0.09223,1.05880,-0.08076,-0.00185,-0.17603,-0.03911,0.01421,0.74578,-0.10104,0.13445,0.06200,0.00181,0.00396,-0.00970,-0.27574,0.11555,0.02255,0.76759,-0.07378,-0.16305,-0.23377,0.76413,-0.06456,0.00677,0.33597,0.06128,-0.00208,0.79510,-0.23030,0.24539,-0.12044,-0.16966,-0.04762,0.00273,0.28714,0.04067,-0.00345,0.73154,-0.18865,0.11289,-0.02744,1.07855,-0.00892,-0.03075,-0.17784,-0.00624,0.00821,0.76550,-0.19678,0.12137,-0.00031,-0.00381,-0.03856,-0.01630,-0.29722,0.05268,0.00214,0.77364,-0.19957,-0.13711,-0.08236
11.3000,1130,11,11.2994,49.75,0.76596,-0.01191,-0.04004,0.33922,0.03975,0.05465,0.77559,-0.20636,0.26629,-0.31581,-0.16765,-0.01691,-0.02058,0.29078,0.01882,0.02262,0.74683,0.00230,0.09657,-0.07849,1.05880,-0.08076,-0.00185,-0.17603,-0.03911,0.01421,0.74578,-0.10104,0.13445,0.06200,0.00181,0.00396,-0.00970,-0.27574,0.11555,0.02255,0.76759,-0.07378,-0.16305,-0.23377,0.76098,-0.06128,0.00649,0.33905,0.06150,0.00099,0.78361,-0.22912,0.23965,-0.10914,-0.17202,-0.04665,0.00130,0.28921,0.04202,-0.00210,0.72226,-0.18267,0.11161,-0.02383,1.07772,-0.02452,-0.03255,-0.17825,-0.01018,0.00784,0.75571,-0.19492,0.12136,-0.00028,-0.00594,-0.04655,-0.01619,-0.29462,0.05119,0.00381,0.76369,-0.19851,-0.14089,-0.06924
11.3500,1135,11,11.3496,50.15,0.76743,0.03720,-0.01586,0.34113,0.00191,0.02798,0.76006,-0.10437,0.22541,-0.37815,-0.16765,-0.01691,-0.02058,0.29078,0.01882,0.02262,0.74683,0.00230,0.09657,-0.07849,1.05295,-0.06392,-0.03066,-0.17898,-0.04094,-0.00129,0.74174,-0.00822,0.14261,0.07044,0.00280,0.01883,-0.02938,-0.26590,0.07513,0.05566,0.76354,-0.01473,-0.18587,-0.25530,0.75800,-0.05829,0.00566,0.34210,0.06045,0.00317,0.77222,-0.22630,0.23445,-0.09922,-0.17434,-0.04628,0.00026,0.29133,0.04277,-0.00103,0.71326,-0.17735,0.11050,-0.02066,1.07609,-0.04062,-0.03290,-0.17885,-0.01393,0.00747,0.74601,-0.19273,0.12134,-0.00025,-0.00847,-0.05439,-0.01576,-0.29211,0.04903,0.00492,0.75380,-0.19693,-0.14406,-0.05777
11.4000,1140,11,11.3997,50.16,0.76743,0.03720,-0.01586,0.34113,0.00191,0.02798,0.76006,-0.10437,0.22541,-0.37815,-0.16765,0.00425,-0.02058,0.28902,-0.01257,0.02262,0.74692,-0.02248,0.09657,-0.07849,1.05295,-0.06392,-0.03066,-0.17898,-0.04094,-0.00129,0.74174,-0.00822,0.14261,0.07044,0.00280,0.01883,-0.02938,-0.26590,0.07513,0.05566,0.76354,-0.01473,-0.18587,-0.25530,0.75515,-0.05578,0.00455,0.34508,0.05849,0.00473,0.76100,-0.22237,0.22971,-0.09050,-0.17665,-0.04635,-0.00051,0.29347,0.04306,-0.00016,0.70452,-0.17249,0.10954,-0.01790,1.07366,-0.05664,-0.03230,-0.17964,-0.01750,0.00709,0.73644,-0.19020,0.12133,-0.00023,-0.01138,-0.06197,-0.01513,-0.28972,0.04643,0.00565,0.74401,-0.19483,-0.14669,-0.04777
11.4500,1145,11,11.4498,50.05,0.77197,0.04613,0.01895,0.34014,-0.01994,0.01855,0.75582,0.01900,0.18580,-0.31543,-0.16765,0.00425,-0.00700,0.28902,-0.01257,0.01525,0.74692,-0.02248,0.08952,-0.07175,1.04857,-0.02041,-0.04397,-0.18100,-0.01628,-0.01051,0.74253,0.04894,0.14737,0.02813,0.00977,0.03119,0.00476,-0.25186,0.04688,0.06271,0.75489,-0.01681,-0.20402,-0.08794,0.75241,-0.05385,0.00331,0.34794,0.05588,0.00584,0.74999,-0.21774,0.22538,-0.08285,-0.17898,-0.04675,-0.00108,0.29563,0.04295,0.00056,0.69601,-0.16793,0.10871,-0.01548,1.07044,-0.07221,-0.03110,-0.18060,-0.02089,0.00672,0.72700,-0.18731,0.12132,-0.00021,-0.01466,-0.06921,-0.01438,-0.28747,0.04353,0.00613,0.73433,-0.19225,-0.14886,-0.03904
11.5000,1150,11,11.4994,49.65,0.77197,0.04613,0.01895,0.34014,-0.01994,0.01855,0.75582,0.01900,0.18580,-0.31543,-0.16800,0.00019,-0.00700,0.28713,-0.01489,0.01525,0.74787,-0.00189,0.08952,-0.07175,1.04857,-0.02041,-0.04397,-0.18100,-0.01628,-0.01051,0.74253,0.04894,0.14737,0.02813,0.00977,0.03119,0.00476,-0.25186,0.04688,0.06271,0.75489,-0.01681,-0.20402,-0.08794,0.74975,-0.05253,0.00206,0.35066,0.05281,0.00664,0.73923,-0.21267,0.22141,-0.07611,-0.18133,-0.04739,-0.00153,0.29776,0.04253,0.00116,0.68772,-0.16357,0.10799,-0.01337,1.06645,-0.08709,-0.02954,-0.18173,-0.02410,0.00637,0.71771,-0.18410,0.12131,-0.00019,-0.01829,-0.07607,-0.01359,-0.28537,0.04045,0.00642,0.72479,-0.18923,-0.15062,-0.03143
11.5500,1155,11,11.5493,49.84,0.79515,0.06188,0.05405,0.31668,-0.09034,-0.03253,0.75816,0.08948,0.15079,-0.34026,-0.16800,0.00019,0.00609,0.28713,-0.01489,-0.00282,0.74787,-0.00189,0.08427,-0.06253,1.04920,0.02417,-0.04016,-0.18201,-0.01074,-0.00715,0.75011,0.07794,0.14688,-0.01523,0.01275,0.01395,0.01293,-0.25044,-0.01286,0.06128,0.75217,-0.03212,-0.20451,-0.05300,0.74715,-0.05182,0.00085,0.35322,0.04941,0.00722,0.72873,-0.20732,0.21776,-0.07019,-0.18372,-0.04824,-0.00189,0.29987,0.04183,0.00168,0.67965,-0.15933,0.10737,-0.01153,1.06174,-0.10116,-0.02777,-0.18301,-0.02714,0.00603,0.70860,-0.18059,0.12130,-0.00017,-0.02226,-0.08254,-0.01277,-0.28343,0.03725,0.00659,0.71541,-0.18583,-0.15202,-0.02479
11.6000,1160,11,11.6001,50.85,0.79515,0.06188,0.05405,0.31668,-0.09034,-0.03253,0.75816,0.08948,0.15079,-0.34026,-0.16615,0.00102,0.01182,0.28530,-0.01132,-0.00910,0.74689,-0.03386,0.07937,-0.05182,1.04920,0.02417,-0.04016,-0.18201,-0.01074,-0.00715,0.75011,0.07794,0.14688,-0.01523,0.01275,0.01395,0.01293,-0.25044,-0.01286,0.06128,0.75217,-0.03212,-0.20451,-0.05300,0.74456,-0.05168,-0.00026,0.35560,0.04575,0.00766,0.71850,-0.20174,0.21438,-0.06497,-0.18616,-0.04924,-0.00218,0.30194,0.04089,0.00214,0.67179,-0.15516,0.10683,-0.00992,1.05635,-0.11432,-0.02590,-0.18444,-0.03002,0.00571,0.69966,-0.17682,0.12129,-0.00016,-0.02654,-0.08860,-0.01196,-0.28165,0.03399,0.00668,0.70621,-0.18210,-0.15311,-0.01901
11.6500,1165,11,11.6501,49.95,0.79721,-0.00954,0.06224,0.31149,-0.03782,-0.06298,0.76980,0.11401,0.13170,-0.06764,-0.16615,0.00102,0.01182,0.28530,-0.01132,-0.00910,0.74689,-0.03386,0.07937,-0.05182,1.05403,0.06248,-0.02403,-0.18346,-0.00968,-0.00612,0.75743,0.05482,0.14449,-0.05090,0.01073,-0.01398,0.02836,-0.26021,-0.09782,0.05694,0.74622,-0.07112,-0.20196,0.07832,0.74197,-0.05206,-0.00126,0.35779,0.04191,0.00798,0.70856,-0.19599,0.21125,-0.06036,-0.18865,-0.05037,-0.00243,0.30396,0.03974,0.00253,0.66413,-0.15103,0.10637,-0.00851,1.05033,-0.12656,-0.02401,-0.18601,-0.03275,0.00541,0.69092,-0.17280,0.12129,-0.00015,-0.03111,-0.09427,-0.01117,-0.28003,0.03070,0.00670,0.69720,-0.17807,-0.15393,-0.01397
11.7000,1170,11,11.6999,49.84,0.79721,-0.00954,0.06224,0.31149,-0.03782,-0.06298,0.76980,0.11401,0.13170,-0.06764,-0.16671,-0.01303,0.01473,0.28400,-0.00035,-0.01604,0.73774,-0.09404,0.07703,-0.01622,1.05403,0.06248,-0.02403,-0.18346,-0.00968,-0.00612,0.75743,0.05482,0.14449,-0.05090,0.01073,-0.01398,0.02836,-0.26021,-0.09782,0.05694,0.74622,-0.07112,-0.20196,0.07832,0.73935,-0.05289,-0.00214,0.35979,0.03794,0.00819,0.69891,-0.19012,0.20834,-0.05630,-0.19119,-0.05161,-0.00264,0.30591,0.03841,0.00288,0.65668,-0.14691,0.10598,-0.00729,1.04371,-0.13788,-0.02214,-0.18771,-0.03533,0.00512,0.68238,-0.16858,0.12128,-0.00015,-0.03596,-0.09957,-0.01041,-0.27858,0.02742,0.00669,0.68841,-0.17379,-0.15452,-0.00959
11.7500,1175,11,11.7496,49.72,0.80166,-0.05369,0.05015,0.31298,0.01433,-0.03085,0.78584,0.07475,0.13321,0.09272,-0.16671,-0.01303,0.01473,0.28400,-0.00035,-0.01604,0.73774,-0.09404,0.07703,-0.01622,1.06131,0.07644,0.00050,-0.18341,0.00330,-0.01077,0.76055,-0.00859,0.14087,-0.03352,0.00710,-0.04971,0.01750,-0.27226,-0.11823,-0.01457,0.73777,-0.08693,-0.19007,0.15538,0.73667,-0.05414,-0.00290,0.36158,0.03389,0.00832,0.68955,-0.18416,0.20561,-0.05271,-0.19381,-0.05296,-0.00283,0.30780,0.03692,0.00319,0.64944,-0.14278,0.10564,-0.00622,1.03655,-0.14830,-0.02033,-0.18954,-0.03777,0.00484,0.67406,-0.16419,0.12127,-0.00014,-0.04106,-0.10449,-0.00969,-0.27729,0.02415,0.00664,0.67983,-0.16931,-0.15490,-0.00578
11.8000,1180,11,11.7997,50.04,0.80166,-0.05369,0.05015,0.31298,0.01433,-0.03085,0.78584,0.07475,0.13321,0.09272,-0.16938,-0.03047,0.01795,0.28655,0.02274,-0.01900,0.72682,-0.13271,0.07598,-0.00934,1.06131,0.07644,0.00050,-0.18341,0.00330,-0.01077,0.76055,-0.00859,0.14087,-0.03352,0.00710,-0.04971,0.01750,-0.27226,-0.11823,-0.01457,0.73777,-0.08693,-0.19007,0.15538,0.73393,-0.05572,-0.00353,0.36317,0.02979,0.00839,0.68049,-0.17815,0.20306,-0.04953,-0.19649,-0.05438,-0.00299,0.30960,0.03529,0.00346,0.64241,-0.13863,0.10535,-0.00529,1.02890,-0.15783,-0.01858,-0.19148,-0.04009,0.00458,0.66597,-0.15965,0.12126,-0.00014,-0.04640,-0.10908,-0.00900,-0.27616,0.02091,0.00656,0.67148,-0.16465,-0.15511,-0.00247
11.8500,1185,11,11.8501,50.47,0.79359,-0.10254,0.04668,0.31586,0.03236,-0.02830,0.78966,-0.01193,0.14452,0.09989,-0.16938,-0.03047,0.01795,0.28655,0.02274,-0.01900,0.72682,-0.13271,0.07598,-0.00934,1.06870,0.06841,0.02082,-0.18255,0.01497,-0.01763,0.75559,-0.08613,0.13717,-0.06591,0.00180,-0.05261,0.01636,-0.28136,-0.09313,-0.04510,0.72751,-0.11547,-0.17202,0.10303,0.73110,-0.05758,-0.00406,0.36456,0.02567,0.00840,0.67174,-0.17211,0.20065,-0.04672,-0.19925,-0.05589,-0.00313,0.31133,0.03353,0.00370,0.63558,-0.13446,0.10511,-0.00448,1.02078,-0.16654,-0.01691,-0.19354,-0.04227,0.00433,0.65810,-0.15499,0.12126,-0.00015,-0.05196,-0.11333,-0.00835,-0.27519,0.01771,0.00647,0.66337,-0.15986,-0.15516,0.00040
11.9000,1190,11,11.8999,49.73,0.79359,-0.10254,0.04668,0.31586,0.03236,-0.02830,0.78966,-0.01193,0.14452,0.09989,-0.17398,-0.05102,0.01108,0.28901,0.04949,-0.01820,0.70760,-0.17176,0.07712,0.04657,1.06870,0.06841,0.02082,-0.18255,0.01497,-0.01763,0.75559,-0.08613,0.13717,-0.06591,0.00180,-0.05261,0.01636,-0.28136,-0.09313,-0.04510,0.72751,-0.11547,-0.17202,0.10303,0.72817,-0.05968,-0.00448,0.36574,0.02156,0.00837,0.66328,-0.16607,0.19838,-0.04422,-0.20208,-0.05745,-0.00326,0.31296,0.03167,0.00390,0.62896,-0.13027,0.10490,-0.00378,1.01225,-0.17444,-0.01533,-0.19571,-0.04434,0.00410,0.65047,-0.15024,0.12125,-0.00015,-0.05773,-0.11728,-0.00774,-0.27439,0.01456,0.00637,0.65549,-0.15496,-0.15507,0.00289
11.9500,1195,11,11.9498,49.92,0.78128,-0.13469,0.01834,0.31778,0.03984,-0.00622,0.78267,-0.13399,0.14746,-0.04473,-0.17398,-0.05102,0.01108,0.28901,0.04949,-0.01820,0.70760,-0.17176,0.07712,0.04657,1.06600,0.00289,0.04491,-0.16776,0.07782,-0.00552,0.72529,-0.22625,0.13147,-0.02654,-0.00355,-0.05948,0.01578,-0.28323,-0.01742,-0.06660,0.71475,-0.14085,-0.17860,-0.13721,0.72513,-0.06196,-0.00481,0.36672,0.01747,0.00830,0.65513,-0.16003,0.19623,-0.04200,-0.20499,-0.05908,-0.00337,0.31449,0.02971,0.00408,0.62255,-0.12607,0.10473,-0.00316,1.00335,-0.18159,-0.01384,-0.19798,-0.04629,0.00387,0.64308,-0.14541,0.12124,-0.00016,-0.06369,-0.12093,-0.00716,-0.27374,0.01147,0.00626,0.64787,-0.14998,-0.15487,0.00505
12.0000,1200,12,12.0002,50.44,0.78128,-0.13469,0.01834,0.31778,0.03984,-0.00622,0.78267,-0.13399,0.14746,-0.04473,-0.17830,-0.05710,0.00425,0.29284,0.06295,-0.00950,0.69053,-0.19886,0.07891,0.01928,1.06600,0.00289,0.04491,-0.16776,0.07782,-0.00552,0.72529,-0.22625,0.13147,-0.02654,-0.00355,-0.05948,0.01578,-0.28323,-0.01742,-0.06660,0.71475,-0.14085,-0.17860,-0.13721,0.78128,-0.13469,0.01834,0.31778,0.03984,-0.00622,0.78267,-0.13399,0.14746,-0.04473,-0.17830,-0.05710,0.00425,0.29284,0.06295,-0.00950,0.69053,-0.19886,0.07891,0.01928,1.06600,0.00289,0.04491,-0.16776,0.07782,-0.00552,0.72529,-0.22625,0.13147,-0.02654,-0.00355,-0.05948,0.01578,-0.28323,-0.01742,-0.06660,0.71475,-0.14085,-0.17860,-0.13721
12.0500,1205,12,12.0497,49.50,0.76592,-0.14723,-0.02105,0.32206,0.05223,-0.03539,0.76307,-0.25631,0.12303,-0.47847,-0.17830,-0.05710,0.00425,0.29284,0.06295,-0.00950,0.69053,-0.19886,0.07891,0.01928,1.06551,-0.02762,0.05324,-0.16219,0.05518,0.03701,0.70273,-0.25989,0.12825,-0.02967,-0.00621,-0.04901,0.00188,-0.27529,0.06683,-0.04668,0.69769,-0.18265,-0.19520,-0.24432,0.77477,-0.12543,0.01913,0.31984,0.04253,-0.00474,0.77509,-0.16665,0.14529,-0.04198,-0.18111,-0.05548,0.00244,0.29608,0.06620,-0.00406,0.68109,-0.17983,0.07981,0.01677,1.06655,0.01665,0.01342,-0.16385,0.07778,0.00491,0.71447,-0.20728,0.13021,-0.02361,-0.00638,-0.05476,0.00428,-0.28340,0.00883,-0.04200,0.70777,-0.13864,-0.18495,-0.11717
12.1000,1210,12,12.0996,49.89,0.76592,-0.14723,-0.02105,0.32206,0.05223,-0.03539,0.76307,-0.25631,0.12303,-0.47847,-0.18516,-0.06617,-0.00364,0.29914,0.07267,0.00444,0.67268,-0.17761,0.07559,-0.07270,1.06551,-0.02762,0.05324,-0.16219,0.05518,0.03701,0.70273,-0.25989,0.12825,-0.02967,-0.00621,-0.04901,0.00188,-0.27529,0.06683,-0.04668,0.69769,-0.18265,-0.19520,-0.24432,0.76873,-0.11613,0.01859,0.32202,0.04449,-0.00325,0.76623,-0.18590,0.14325,-0.03954,-0.18386,-0.05461,0.00119,0.29942,0.06722,-0.00037,0.67247,-0.16551,0.08059,0.01459,1.06745,0.01784,-0.00704,-0.16005,0.07363,0.01150,0.70448,-0.19277,0.12910,-0.02105,-0.00910,-0.05462,-0.00316,-0.28252,0.02505,-0.02524,0.70086,-0.13790,-0.19036,-0.09967
12.1500,1215,12,12.1495,49.86,0.75245,-0.11331,-0.06005,0.32887,0.08055,-0.01056,0.73473,-0.29418,0.06570,-0.58425,-0.18516,-0.06617,-0.00364,0.29914,0.07267,0.00444,0.67268,-0.17761,0.07559,-0.07270,1.06034,-0.07437,0.03559,-0.15899,0.00703,0.04295,0.67826,-0.21491,0.12655,-0.02392,-0.00987,-0.03051,-0.02224,-0.26772,0.09012,0.00910,0.68034,-0.13407,-0.23419,-0.47452,0.76315,-0.10732,0.01724,0.32428,0.04573,-0.00182,0.75665,-0.19621,0.14133,-0.03736,-0.18658,-0.05426,0.00031,0.30278,0.06675,0.00213,0.66448,-0.15442,0.08127,0.01267,1.06820,0.01097,-0.01995,-0.15653,0.06692,0.01550,0.69514,-0.18130,0.12810,-0.01882,-0.01189,-0.05741,-0.00783,-0.28101,0.03447,-0.01387,0.69397,-0.13774,-0.19495,-0.08438
12.2000,1220,12,12.2000,50.51,0.75245,-0.11331,-0.06005,0.32887,0.08055,-0.01056,0.73473,-0.29418,0.06570,-0.58425,-0.19135,-0.04782,-0.01854,0.30445,0.04664,0.02536,0.66172,-0.05683,0.06710,-0.11861,1.06034,-0.07437,0.03559,-0.15899,0.00703,0.04295,0.67826,-0.21491,0.12655,-0.02392,-0.00987,-0.03051,-0.02224,-0.26772,0.09012,0.00910,0.68034,-0.13407,-0.23419,-0.47452,0.75799,-0.09930,0.01542,0.32658,0.04628,-0.00047,0.74671,-0.20057,0.13951,-0.03542,-0.18929,-0.05427,-0.00033,0.30608,0.06527,0.00380,0.65699,-0.14557,0.08186,0.01100,1.06847,-0.00090,-0.02773,-0.15339,0.05871,0.01774,0.68632,-0.17192,0.12721,-0.01686,-0.01487,-0.06200,-0.01063,-0.27915,0.03926,-0.00620,0.68709,-0.13763,-0.19883,-0.07104
12.2500,1225,12,12.2498,49.79,0.74134,-0.05968,-0.06718,0.33444,0.08819,-0.02750,0.70161,-0.29441,0.00659,-0.58099,-0.19135,-0.04782,-0.01854,0.30445,0.04664,0.02536,0.66172,-0.05683,0.06710,-0.11861,1.05158,-0.09634,0.00843,-0.16067,-0.03749,0.02527,0.66207,-0.10874,0.12661,-0.00291,-0.00920,-0.00465,-0.03137,-0.25487,0.08767,0.03057,0.66641,-0.08900,-0.28893,-0.51577,0.75320,-0.09223,0.01339,0.32889,0.04620,0.00077,0.73665,-0.20100,0.13779,-0.03369,-0.19201,-0.05455,-0.00079,0.30930,0.06312,0.00491,0.64990,-0.13827,0.08237,0.00953,1.06806,-0.01567,-0.03203,-0.15067,0.04971,0.01880,0.67793,-0.16397,0.12641,-0.01514,-0.01811,-0.06763,-0.01216,-0.27713,0.04096,-0.00107,0.68021,-0.13727,-0.20209,-0.05940
12.3000,1230,12,12.2993,49.50,0.74134,-0.05968,-0.06718,0.33444,0.08819,-0.02750,0.70161,-0.29441,0.00659,-0.58099,-0.19519,-0.03189,-0.01855,0.30661,0.02705,0.02181,0.66061,0.01415,0.05964,-0.04801,1.05158,-0.09634,0.00843,-0.16067,-0.03749,0.02527,0.66207,-0.10874,0.12661,-0.00291,-0.00920,-0.00465,-0.03137,-0.25487,0.08767,0.03057,0.66641,-0.08900,-0.28893,-0.51577,0.74875,-0.08618,0.01129,0.33119,0.04555,0.00188,0.72665,-0.19883,0.13614,-0.03214,-0.19475,-0.05503,-0.00115,0.31239,0.06052,0.00563,0.64315,-0.13205,0.08282,0.00824,1.06688,-0.03193,-0.03399,-0.14842,0.04040,0.01907,0.66991,-0.15701,0.12570,-0.01365,-0.02164,-0.07379,-0.01285,-0.27509,0.04059,0.00233,0.67337,-0.13652,-0.20480,-0.04924
12.3500,1235,12,12.3496,50.33,0.73591,-0.00179,-0.07292,0.34318,0.11255,-0.03037,0.67281,-0.28811,-0.05541,-0.45499,-0.19519,-0.03189,-0.01855,0.30661,0.02705,0.02181,0.66061,0.01415,0.05964,-0.04801,1.04428,-0.06872,-0.03300,-0.17701,-0.09400,0.00540,0.66174,0.01525,0.13154,0.05248,-0.00746,0.02504,-0.03614,-0.25233,0.00807,0.06174,0.66064,-0.02880,-0.33721,-0.37555,0.74457,-0.08115,0.00922,0.33344,0.04438,0.00287,0.71680,-0.19497,0.13457,-0.03075,-0.19752,-0.05567,-0.00144,0.31534,0.05764,0.00609,0.63668,-0.12658,0.08320,0.00712,1.06486,-0.04876,-0.03440,-0.14663,0.03108,0.01883,0.66221,-0.15075,0.12505,-0.01233,-0.02549,-0.08015,-0.01299,-0.27310,0.03887,0.00453,0.66657,-0.13532,-0.20703,-0.04038
12.4000,1240,12,12.3999,50.30,0.73591,-0.00179,-0.07292,0.34318,0.11255,-0.03037,0.67281,-0.28811,-0.05541,-0.45499,-0.19660,-0.00810,-0.01719,0.30471,-0.00804,0.02046,0.65956,0.00169,0.05640,0.02201,1.04428,-0.06872,-0.03300,-0.17701,-0.09400,0.00540,0.66174,0.01525,0.13154,0.05248,-0.00746,0.02504,-0.03614,-0.25233,0.00807,0.06174,0.66064,-0.02880,-0.33721,-0.37555,0.74062,-0.07712,0.00725,0.33562,0.04276,0.00372,0.70717,-0.19003,0.13306,-0.02950,-0.20032,-0.05644,-0.00168,0.31815,0.05458,0.00636,0.63048,-0.12166,0.08353,0.00613,1.06200,-0.06551,-0.03380,-0.14531,0.02197,0.01827,0.65482,-0.14499,0.12446,-0.01119,-0.02966,-0.08648,-0.01277,-0.27121,0.03628,0.00592,0.65984,-0.13367,-0.20885,-0.03265
12.4500,1245,12,12.4498,49.89,0.73676,0.06407,-0.06800,0.36298,0.15937,-0.01335,0.64674,-0.27256,-0.07173,0.16413,-0.19660,-0.00810,-0.01719,0.30471,-0.00804,0.02046,0.65956,0.00169,0.05640,0.02201,1.04067,-0.02416,-0.05172,-0.18359,-0.06008,-0.04869,0.66680,0.07046,0.13912,0.07397,-0.00421,0.02344,0.01172,-0.25763,-0.06301,0.04288,0.66037,0.00574,-0.36373,-0.02439,0.73684,-0.07402,0.00540,0.33771,0.04075,0.00445,0.69781,-0.18445,0.13162,-0.02838,-0.20316,-0.05731,-0.00189,0.32080,0.05142,0.00652,0.62451,-0.11712,0.08382,0.00527,1.05832,-0.08181,-0.03255,-0.14443,0.01320,0.01750,0.64771,-0.13959,0.12393,-0.01018,-0.03414,-0.09264,-0.01233,-0.26948,0.03315,0.00676,0.65321,-0.13161,-0.21031,-0.02592
12.5000,1250,12,12.4995,49.67,0.73676,0.06407,-0.06800,0.36298,0.15937,-0.01335,0.64674,-0.27256,-0.07173,0.16413,-0.19644,0.00466,-0.00547,0.30580,0.00092,-0.00798,0.65834,-0.02879,0.06567,0.16529,1.04067,-0.02416,-0.05172,-0.18359,-0.06008,-0.04869,0.66680,0.07046,0.13912,0.07397,-0.00421,0.02344,0.01172,-0.25763,-0.06301,0.04288,0.66037,0.00574,-0.36373,-0.02439,0.73320,-0.07179,0.00371,0.33969,0.03842,0.00506,0.68873,-0.17850,0.13022,-0.02736,-0.20605,-0.05829,-0.00208,0.32329,0.04820,0.00658,0.61876,-0.11287,0.08406,0.00451,1.05383,-0.09738,-0.03092,-0.14398,0.00483,0.01661,0.64086,-0.13447,0.12344,-0.00930,-0.03892,-0.09856,-0.01176,-0.26790,0.02971,0.00722,0.64669,-0.12917,-0.21146,-0.02005
12.5500,1255,12,12.5495,49.99,0.74776,0.12817,-0.03032,0.37176,0.10710,0.03311,0.61763,-0.28446,-0.05074,0.34428,-0.19644,0.00466,-0.00547,0.30580,0.00092,-0.00798,0.65834,-0.02879,0.06567,0.16529,1.03813,0.01634,-0.05555,-0.19034,-0.01651,-0.04968,0.66888,0.06288,0.14459,-0.00128,-0.00440,-0.01429,0.03438,-0.26517,-0.07912,0.02529,0.66057,-0.00348,-0.35646,0.10456,0.72965,-0.07035,0.00219,0.34155,0.03581,0.00557,0.67996,-0.17238,0.12888,-0.02644,-0.20899,-0.05935,-0.00225,0.32562,0.04497,0.00659,0.61322,-0.10882,0.08427,0.00385,1.04859,-0.11210,-0.02906,-0.14394,-0.00309,0.01566,0.63426,-0.12955,0.12299,-0.00853,-0.04399,-0.10417,-0.01111,-0.26651,0.02610,0.00743,0.64030,-0.12642,-0.21233,-0.01495
12.6000,1260,12,12.6001,50.64,0.74776,0.12817,-0.03032,0.37176,0.10710,0.03311,0.61763,-0.28446,-0.05074,0.34428,-0.19554,0.00806,-0.00547,0.30638,0.00984,-0.00798,0.65308,-0.04377,0.06567,0.16529,1.03813,0.01634,-0.05555,-0.19034,-0.01651,-0.04968,0.66888,0.06288,0.14459,-0.00128,-0.00440,-0.01429,0.03438,-0.26517,-0.07912,0.02529,0.66057,-0.00348,-0.35646,0.10456,0.72615,-0.06961,0.00085,0.34327,0.03297,0.00598,0.67150,-0.16619,0.12758,-0.02561,-0.21199,-0.06049,-0.00241,0.32779,0.04175,0.00655,0.60788,-0.10494,0.08445,0.00327,1.04264,-0.12587,-0.02709,-0.14428,-0.01053,0.01468,0.62790,-0.12481,0.12258,-0.00786,-0.04933,-0.10945,-0.01043,-0.26529,0.02244,0.00747,0.63405,-0.12340,-0.21297,-0.01051
12.6500,1265,12,12.6502,50.07,0.76105,0.12965,0.01680,0.38041,0.06142,0.06086,0.59122,-0.22953,-0.01372,0.50976,-0.19554,0.00806,-0.00167,0.30638,0.00984,-0.01023,0.65308,-0.04377,0.08441,0.20107,1.04089,0.05187,-0.03457,-0.18494,0.05441,-0.05014,0.66872,0.00198,0.14314,-0.03077,-0.00691,-0.04120,0.03541,-0.27626,-0.10831,0.00725,0.65649,-0.05166,-0.34173,0.13044,0.72268,-0.06949,-0.00033,0.34484,0.02995,0.00631,0.66334,-0.16001,0.12632,-0.02485,-0.21504,-0.06171,-0.00256,0.32979,0.03855,0.00648,0.60272,-0.10118,0.08460,0.00276,1.03602,-0.13867,-0.02510,-0.14498,-0.01749,0.01371,0.62178,-0.12019,0.12221,-0.00727,-0.05493,-0.11440,-0.00975,-0.26426,0.01880,0.00739,0.62796,-0.12016,-0.21339,-0.00664
12.7000,1270,12,12.6999,49.68,0.76105,0.12965,0.01680,0.38041,0.06142,0.06086,0.59122,-0.22953,-0.01372,0.50976,-0.19556,0.00015,0.00714,0.30634,0.02020,-0.01132,0.64474,-0.08322,0.10037,0.09745,1.04089,0.05187,-0.03457,-0.18494,0.05441,-0.05014,0.66872,0.00198,0.14314,-0.03077,-0.00691,-0.04120,0.03541,-0.27626,-0.10831,0.00725,0.65649,-0.05166,-0.34173,0.13044,0.71919,-0.06991,-0.00135,0.34626,0.02679,0.00656,0.65549,-0.15387,0.12509,-0.02415,-0.21816,-0.06300,-0.00270,0.33164,0.03540,0.00639,0.59776,-0.09752,0.08472,0.00231,1.02879,-0.15050,-0.02312,-0.14602,-0.02398,0.01275,0.61588,-0.11569,0.12186,-0.00675,-0.06076,-0.11902,-0.00908,-0.26341,0.01521,0.00723,0.62204,-0.11674,-0.21364,-0.00329
12.7500,1275,12,12.7507,50.81,0.77218,0.08025,0.08618,0.38237,-0.03110,0.09214,0.57209,-0.14786,0.03135,0.35625,-0.19556,0.00015,0.00714,0.30634,0.02020,-0.01132,0.64474,-0.08322,0.10037,0.09745,1.04854,0.07489,-0.00052,-0.17757,0.09287,-0.02674,0.66780,-0.04457,0.13819,-0.03541,-0.01178,-0.07135,0.03532,-0.28737,-0.09749,-0.01577,0.65037,-0.04706,-0.33844,-0.07238,0.71568,-0.07079,-0.00222,0.34752,0.02352,0.00674,0.64795,-0.14782,0.12390,-0.02352,-0.22134,-0.06435,-0.00283,0.33333,0.03229,0.00628,0.59297,-0.09393,0.08483,0.00192,1.02099,-0.16137,-0.02120,-0.14738,-0.03001,0.01183,0.61021,-0.11129,0.12153,-0.00630,-0.06682,-0.12331,-0.00842,-0.26274,0.01171,0.00703,0.61629,-0.11317,-0.21373,-0.00038
12.8000,1280,12,12.8002,49.53,0.77218,0.08025,0.08618,0.38237,-0.03110,0.09214,0.57209,-0.14786,0.03135,0.35625,-0.19611,-0.01089,0.00682,0.30947,0.03443,-0.01022,0.62881,-0.18973,0.11030,0.12984,1.04854,0.07489,-0.00052,-0.17757,0.09287,-0.02674,0.66780,-0.04457,0.13819,-0.03541,-0.01178,-0.07135,0.03532,-0.28737,-0.09749,-0.01577,0.65037,-0.04706,-0.33844,-0.07238,0.71211,-0.07207,-0.00296,0.34861,0.02019,0.00686,0.64071,-0.14186,0.12274,-0.02293,-0.22460,-0.06577,-0.00294,0.33487,0.02924,0.00616,0.58836,-0.09041,0.08492,0.00157,1.01267,-0.17131,-0.01935,-0.14902,-0.03559,0.01093,0.60475,-0.10698,0.12122,-0.00591,-0.07309,-0.12729,-0.00780,-0.26224,0.00832,0.00679,0.61072,-0.10951,-0.21368,0.00215
12.8500,1285,12,12.8502,50.00,0.76859,-0.04010,0.09363,0.38344,-0.06287,0.00589,0.56532,-0.03780,0.05171,0.15347,-0.19611,-0.01089,0.00682,0.30947,0.03443,-0.01022,0.62881,-0.18973,0.11030,0.12984,1.05410,0.06006,0.02267,-0.16375,0.12237,-0.00765,0.65823,-0.09453,0.13487,-0.05007,-0.01965,-0.09918,0.04134,-0.29265,-0.06088,-0.02155,0.64353,-0.05716,-0.35277,-0.30976,0.70847,-0.07367,-0.00357,0.34953,0.01680,0.00692,0.63376,-0.13602,0.12161,-0.02239,-0.22792,-0.06724,-0.00305,0.33626,0.02625,0.00602,0.58393,-0.08694,0.08499,0.00127,1.00387,-0.18036,-0.01758,-0.15093,-0.04074,0.01007,0.59951,-0.10274,0.12094,-0.00556,-0.07955,-0.13096,-0.00720,-0.26191,0.00505,0.00653,0.60534,-0.10576,-0.21352,0.00433
12.9000,1290,12,12.8997,49.52,0.76859,-0.04010,0.09363,0.38344,-0.06287,0.00589,0.56532,-0.03780,0.05171,0.15347,-0.19761,-0.02149,0.01332,0.31397,0.04581,-0.00391,0.61207,-0.16216,0.11998,0.07615,1.05410,0.06006,0.02267,-0.16375,0.12237,-0.00765,0.65823,-0.09453,0.13487,-0.05007,-0.01965,-0.09918,0.04134,-0.29265,-0.06088,-0.02155,0.64353,-0.05716,-0.35277,-0.30976,0.70474,-0.07555,-0.00407,0.35029,0.01341,0.00692,0.62711,-0.13030,0.12050,-0.02189,-0.23132,-0.06876,-0.00314,0.33750,0.02333,0.00588,0.57967,-0.08352,0.08504,0.00100,0.99465,-0.18857,-0.01590,-0.15308,-0.04547,0.00925,0.59447,-0.09858,0.12067,-0.00525,-0.08618,-0.13435,-0.00663,-0.26173,0.00191,0.00626,0.60015,-0.10195,-0.21325,0.00622
12.9500,1295,12,12.9497,49.99,0.76017,-0.11826,0.04794,0.37651,-0.08027,0.02434,0.56709,0.07092,0.07769,0.31725,-0.19761,-0.02149,0.01332,0.31397,0.04581,-0.00391,0.61207,-0.16216,0.11998,0.07615,1.05837,0.02648,0.04902,-0.15133,0.11705,0.01861,0.64766,-0.11380,0.12833,-0.04858,-0.02954,-0.11315,0.03675,-0.29897,-0.03249,-0.04537,0.63449,-0.08975,-0.37706,-0.13963,0.70091,-0.07765,-0.00447,0.35088,0.01002,0.00689,0.62073,-0.12471,0.11942,-0.02142,-0.23480,-0.07032,-0.00323,0.33859,0.02049,0.00572,0.57558,-0.08014,0.08509,0.00077,0.98503,-0.19598,-0.01432,-0.15547,-0.04981,0.00846,0.58965,-0.09449,0.12041,-0.00499,-0.09298,-0.13747,-0.00609,-0.26171,-0.00109,0.00598,0.59515,-0.09811,-0.21290,0.00785
13.0000,1300,13,12.9998,50.08,0.76017,-0.11826,0.04794,0.37651,-0.08027,0.02434,0.56709,0.07092,0.07769,0.31725,-0.20019,-0.03163,0.01051,0.31876,0.04548,0.00377,0.59813,-0.11675,0.12404,-0.00221,1.05837,0.02648,0.04902,-0.15133,0.11705,0.01861,0.64766,-0.11380,0.12833,-0.04858,-0.02954,-0.11315,0.03675,-0.29897,-0.03249,-0.04537,0.63449,-0.08975,-0.37706,-0.13963,0.76017,-0.11826,0.04794,0.37651,-0.08027,0.02434,0.56709,0.07092,0.07769,0.31725,-0.20019,-0.03163,0.01051,0.31876,0.04548,0.00377,0.59813,-0.11675,0.12404,-0.00221,1.05837,0.02648,0.04902,-0.15133,0.11705,0.01861,0.64766,-0.11380,0.12833,-0.04858,-0.02954,-0.11315,0.03675,-0.29897,-0.03249,-0.04537,0.63449,-0.08975,-0.37706,-0.13963
13.0500,1305,13,13.0497,49.86,0.74585,-0.16693,0.03194,0.36719,-0.10321,0.00729,0.58030,0.19952,0.10061,0.03732,-0.20019,-0.03163,0.01051,0.31876,0.04548,0.00377,0.59813,-0.11675,0.12404,-0.00221,1.05878,-0.02238,0.06536,-0.14157,0.08218,0.03737,0.63624,-0.12054,0.12037,-0.06761,-0.04051,-0.11697,0.02607,-0.30453,-0.00837,-0.04506,0.62318,-0.11231,-0.38556,-0.08458,0.75479,-0.09800,0.03529,0.37227,-0.08796,0.00821,0.56963,0.03338,0.09240,0.27187,-0.20166,-0.02777,0.00555,0.32098,0.04311,0.00574,0.59276,-0.09883,0.12393,-0.00186,1.06014,0.04156,0.01487,-0.14574,0.10636,0.02444,0.64220,-0.10511,0.12606,-0.04230,-0.03482,-0.09918,0.02124,-0.30011,-0.01466,-0.02846,0.63016,-0.08401,-0.38347,-0.11738
13.1000,1310,13,13.1002,50.54,0.74585,-0.16693,0.03194,0.36719,-0.10321,0.00729,0.58030,0.19952,0.10061,0.03732,-0.20353,-0.03808,0.00029,0.32279,0.03589,0.01469,0.58825,-0.08272,0.12386,0.07150,1.05878,-0.02238,0.06536,-0.14157,0.08218,0.03737,0.63624,-0.12054,0.12037,-0.06761,-0.04051,-0.11697,0.02607,-0.30453,-0.00837,-0.04506,0.62318,-0.11231,-0.38556,-0.08458,0.75028,-0.08312,0.02583,0.36782,-0.08931,-0.00185,0.57063,0.00825,0.10498,0.23233,-0.20300,-0.02593,0.00214,0.32306,0.03999,0.00683,0.58816,-0.08569,0.12385,-0.00158,1.06230,0.04299,-0.00740,-0.14073,0.09352,0.02753,0.63710,-0.09917,0.12408,-0.03684,-0.03956,-0.09149,0.01082,-0.30055,-0.00368,-0.01706,0.62606,-0.08057,-0.38885,-0.09798
13.1500,1315,13,13.1498,49.61,0.73456,-0.14348,-0.03861,0.36356,-0.08044,-0.01438,0.60361,0.27051,0.10065,0.11842,-0.20353,-0.03808,0.00029,0.32279,0.03589,0.01469,0.58825,-0.08272,0.12386,0.07150,1.05193,-0.07720,0.02534,-0.14319,0.00481,0.04463,0.62327,-0.09296,0.11798,-0.01356,-0.05101,-0.10031,-0.04119,-0.30292,0.03195,-0.04453,0.60952,-0.11032,-0.41107,-0.34399,0.74641,-0.07229,0.01865,0.36341,-0.08681,-0.00781,0.57060,-0.00854,0.11571,0.19788,-0.20428,-0.02550,-0.00022,0.32498,0.03650,0.00735,0.58414,-0.07589,0.12378,-0.00136,1.06429,0.03563,-0.02152,-0.13640,0.07965,0.02880,0.63226,-0.09491,0.12236,-0.03208,-0.04404,-0.08800,0.00388,-0.30056,0.00269,-0.00944,0.62208,-0.07844,-0.39331,-0.08109
13.2000,1320,13,13.1999,50.11,0.73456,-0.14348,-0.03861,0.36356,-0.08044,-0.01438,0.60361,0.27051,0.10065,0.11842,-0.20804,-0.03346,-0.00885,0.32465,0.01800,0.02035,0.58305,-0.04149,0.12908,0.03669,1.05193,-0.07720,0.02534,-0.14319,0.00481,0.04463,0.62327,-0.09296,0.11798,-0.01356,-0.05101,-0.10031,-0.04119,-0.30292,0.03195,-0.04453,0.60952,-0.11032,-0.41107,-0.34399,0.74300,-0.06456,0.01312,0.35918,-0.08210,-0.01105,0.56987,-0.01968,0.12484,0.16787,-0.20556,-0.02603,-0.00186,0.32671,0.03285,0.00748,0.58054,-0.06842,0.12371,-0.00120,1.06577,0.02278,-0.03010,-0.13277,0.06547,0.02886,0.62759,-0.09164,0.12086,-0.02795,-0.04841,-0.08729,-0.00067,-0.30033,0.00601,-0.00441,0.61820,-0.07700,-0.39699,-0.06638
13.2500,1325,13,13.2496,49.70,0.72456,-0.08847,-0.04123,0.35704,-0.06887,0.02504,0.63045,0.26248,0.12135,0.26837,-0.20804,-0.03346,-0.00885,0.32465,0.01800,0.02035,0.58305,-0.04149,0.12908,0.03669,1.04299,-0.08257,-0.01011,-0.14053,-0.02013,0.01299,0.61203,-0.06910,0.11913,0.00710,-0.05657,-0.03087,-0.04866,-0.29933,0.03662,-0.00932,0.59999,-0.05225,-0.45398,-0.46942,0.73992,-0.05922,0.00882,0.35522,-0.07626,-0.01250,0.56869,-0.02698,0.13257,0.14174,-0.20689,-0.02724,-0.00299,0.32826,0.02920,0.00736,0.57727,-0.06261,0.12366,-0.00107,1.06652,0.00672,-0.03490,-0.12985,0.05147,0.02814,0.62308,-0.08893,0.11956,-0.02436,-0.05280,-0.08839,-0.00359,-0.29999,0.00731,-0.00115,0.61438,-0.07584,-0.39998,-0.05357
13.3000,1330,13,13.2995,49.92,0.72456,-0.08847,-0.04123,0.35704,-0.06887,0.02504,0.63045,0.26248,0.12135,0.26837,-0.20989,-0.01295,-0.01449,0.32398,-0.01131,0.02054,0.57943,-0.01752,0.13121,-0.00829,1.04299,-0.08257,-0.01011,-0.14053,-0.02013,0.01299,0.61203,-0.06910,0.11913,0.00710,-0.05657,-0.03087,-0.04866,-0.29933,0.03662,-0.00932,0.59999,-0.05225,-0.45398,-0.46942,0.73705,-0.05575,0.00543,0.35156,-0.07002,-0.01281,0.56722,-0.03166,0.13907,0.11899,-0.20829,-0.02892,-0.00379,0.32963,0.02566,0.00708,0.57426,-0.05795,0.12360,-0.00098,1.06641,-0.01104,-0.03717,-0.12762,0.03795,0.02693,0.61870,-0.08648,0.11842,-0.02124,-0.05727,-0.09063,-0.00540,-0.29962,0.00733,0.00092,0.61061,-0.07474,-0.40238,-0.04242
13.3500,1335,13,13.3495,50.02,0.71818,-0.04781,-0.03331,0.34850,-0.08446,0.00206,0.65398,0.19485,0.14407,0.22822,-0.20989,-0.01295,-0.01449,0.32398,-0.01131,0.02054,0.57943,-0.01752,0.13121,-0.00829,1.03588,-0.05908,-0.03591,-0.14229,-0.02103,0.00013,0.60661,-0.02008,0.11901,0.00802,-0.05683,0.00321,-0.02480,-0.29700,0.02121,0.01186,0.59576,-0.01913,-0.49820,-0.34168,0.73432,-0.05377,0.00274,0.34821,-0.06381,-0.01241,0.56556,-0.03452,0.14451,0.09919,-0.20979,-0.03092,-0.00435,0.33083,0.02227,0.00672,0.57146,-0.05411,0.12356,-0.00091,1.06540,-0.02947,-0.03775,-0.12605,0.02510,0.02543,0.61443,-0.08414,0.11743,-0.01853,-0.06187,-0.09357,-0.00646,-0.29927,0.00654,0.00218,0.60691,-0.07355,-0.40425,-0.03273
13.4000,1340,13,13.3999,50.39,0.71818,-0.04781,-0.03331,0.34850,-0.08446,0.00206,0.65398,0.19485,0.14407,0.22822,-0.21049,0.00013,-0.01051,0.32217,-0.02182,0.00494,0.57664,-0.02987,0.12740,-0.04999,1.03588,-0.05908,-0.03591,-0.14229,-0.02103,0.00013,0.60661,-0.02008,0.11901,0.00802,-0.05683,0.00321,-0.02480,-0.29700,0.02121,0.01186,0.59576,-0.01913,-0.49820,-0.34168,0.73165,-0.05298,0.00058,0.34517,-0.05791,-0.01160,0.56379,-0.03612,0.14903,0.08196,-0.21139,-0.03315,-0.00474,0.33186,0.01907,0.00631,0.56884,-0.05084,0.12351,-0.00087,1.06347,-0.04789,-0.03721,-0.12510,0.01302,0.02377,0.61028,-0.08178,0.11656,-0.01618,-0.06663,-0.09689,-0.00701,-0.29897,0.00527,0.00290,0.60326,-0.07219,-0.40567,-0.02431
13.4500,1345,13,13.4502,50.25,0.72057,0.00091,-0.03764,0.35073,-0.02878,0.00023,0.66534,0.06279,0.16714,0.23391,-0.21049,0.00013,-0.01051,0.32217,-0.02182,0.00494,0.57664,-0.02987,0.12740,-0.04999,1.03247,-0.01547,-0.04505,-0.14378,-0.00798,-0.01549,0.60646,0.02389,0.12009,0.01710,-0.05558,0.01144,0.00646,-0.29682,-0.00995,0.01085,0.59320,-0.01981,-0.51299,0.05892,0.72900,-0.05314,-0.00116,0.34242,-0.05246,-0.01057,0.56196,-0.03681,0.15275,0.06699,-0.21311,-0.03555,-0.00502,0.33274,0.01608,0.00587,0.56637,-0.04797,0.12347,-0.00085,1.06062,-0.06586,-0.03596,-0.12473,0.00178,0.02205,0.60626,-0.07936,0.11580,-0.01413,-0.07156,-0.10039,-0.00723,-0.29875,0.00376,0.00325,0.59969,-0.07064,-0.40670,-0.01699
13.5000,1350,13,13.4997,49.52,0.72057,0.00091,-0.03764,0.35073,-0.02878,0.00023,0.66534,0.06279,0.16714,0.23391,-0.20994,0.01038,-0.00655,0.31993,-0.02121,-0.00660,0.57278,-0.03686,0.12525,-0.00107,1.03247,-0.01547,-0.04505,-0.14378,-0.00798,-0.01549,0.60646,0.02389,0.12009,0.01710,-0.05558,0.01144,0.00646,-0.29682,-0.00995,0.01085,0.59320,-0.01981,-0.51299,0.05892,0.72633,-0.05406,-0.00257,0.33992,-0.04756,-0.00944,0.56012,-0.03685,0.15576,0.05397,-0.21495,-0.03806,-0.00521,0.33347,0.01331,0.00543,0.56404,-0.04536,0.12343,-0.00084,1.05689,-0.08310,-0.03427,-0.12490,-0.00860,0.02031,0.60235,-0.07683,0.11514,-0.01235,-0.07667,-0.10394,-0.00722,-0.29860,0.00213,0.00336,0.59620,-0.06887,-0.40738,-0.01064
13.5500,1355,13,13.5493,49.64,0.72293,0.02661,-0.00860,0.35115,-0.02050,0.00960,0.66452,-0.07353,0.18766,0.13066,-0.20994,0.01038,-0.00655,0.31993,-0.02121,-0.00660,0.57278,-0.03686,0.12525,-0.00107,1.03116,0.02393,-0.04239,-0.14597,0.00098,-0.02061,0.60747,0.03230,0.12370,0.03491,-0.05507,-0.00843,0.01474,-0.29431,0.00041,0.01269,0.58918,-0.02681,-0.51064,-0.07688,0.72359,-0.05561,-0.00370,0.33765,-0.04321,-0.00831,0.55828,-0.03641,0.15817,0.04266,-0.21692,-0.04065,-0.00535,0.33407,0.01075,0.00500,0.56183,-0.04293,0.12338,-0.00085,1.05232,-0.09944,-0.03232,-0.12558,-0.01815,0.01860,0.59857,-0.07419,0.11457,-0.01081,-0.08196,-0.10745,-0.00707,-0.29853,0.00049,0.00331,0.59281,-0.06690,-0.40778,-0.00514
13.6000,1360,13,13.5999,50.60,0.72293,0.02661,-0.00860,0.35115,-0.02050,0.00960,0.66452,-0.07353,0.18766,0.13066,-0.20879,0.01100,0.00239,0.31831,-0.01056,-0.01218,0.57115,-0.01137,0.12621,0.01557,1.03116,0.02393,-0.04239,-0.14597,0.00098,-0.02061,0.60747,0.03230,0.12370,0.03491,-0.05507,-0.00843,0.01474,-0.29431,0.00041,0.01269,0.58918,-0.02681,-0.51064,-0.07688,0.72076,-0.05766,-0.00461,0.33559,-0.03940,-0.00722,0.55648,-0.03559,0.16005,0.03285,-0.21901,-0.04330,-0.00544,0.33455,0.00840,0.00458,0.55974,-0.04060,0.12334,-0.00086,1.04697,-0.11478,-0.03024,-0.12671,-0.02686,0.01695,0.59493,-0.07142,0.11406,-0.00947,-0.08741,-0.11086,-0.00683,-0.29855,-0.00111,0.00317,0.58952,-0.06472,-0.40791,-0.00037
13.6500,1365,13,13.6498,49.83,0.72665,0.03459,0.00377,0.34266,-0.04813,0.01373,0.65044,-0.18116,0.19663,0.12158,-0.20879,0.01100,0.00239,0.31831,-0.01056,-0.01218,0.57115,-0.01137,0.12621,0.01557,1.03485,0.05769,-0.02879,-0.14452,0.02392,-0.01520,0.60948,0.02205,0.12646,0.01374,-0.05770,-0.02582,0.01036,-0.29791,-0.00823,-0.00029,0.58361,-0.03400,-0.51658,0.03775,0.71782,-0.06010,-0.00533,0.33370,-0.03611,-0.00621,0.55473,-0.03448,0.16148,0.02434,-0.22125,-0.04599,-0.00550,0.33492,0.00625,0.00418,0.55777,-0.03832,0.12330,-0.00088,1.04086,-0.12909,-0.02811,-0.12825,-0.03478,0.01536,0.59143,-0.06853,0.11362,-0.00831,-0.09304,-0.11414,-0.00653,-0.29864,-0.00261,0.00297,0.58634,-0.06235,-0.40782,0.00375
13.7000,1370,13,13.6998,50.03,0.72665,0.03459,0.00377,0.34266,-0.04813,0.01373,0.65044,-0.18116,0.19663,0.12158,-0.20799,0.00371,0.00883,0.31787,0.00252,-0.01718,0.56925,-0.03325,0.12701,0.00947,1.03485,0.05769,-0.02879,-0.14452,0.02392,-0.01520,0.60948,0.02205,0.12646,0.01374,-0.05770,-0.02582,0.01036,-0.29791,-0.00823,-0.00029,0.58361,-0.03400,-0.51658,0.03775,0.71474,-0.06286,-0.00589,0.33197,-0.03329,-0.00529,0.55304,-0.03314,0.16251,0.01696,-0.22361,-0.04870,-0.00553,0.33518,0.00430,0.00379,0.55591,-0.03605,0.12325,-0.00090,1.03407,-0.14236,-0.02599,-0.13017,-0.04194,0.01384,0.58808,-0.06552,0.11323,-0.00731,-0.09883,-0.11726,-0.00620,-0.29881,-0.00401,0.00273,0.58328,-0.05980,-0.40755,0.00731
13.7500,1375,13,13.7511,51.35,0.72873,0.02952,0.00694,0.33735,-0.06327,0.02716,0.62932,-0.23991,0.21131,0.19792,-0.20799,0.00371,0.00883,0.31787,0.00252,-0.01718,0.56925,-0.03325,0.12701,0.00947,1.04045,0.06777,-0.00377,-0.13931,0.05310,-0.01647,0.60969,0.00298,0.12534,0.01265,-0.06062,-0.02496,-0.00099,-0.30358,-0.01994,-0.00441,0.57878,-0.03501,-0.50889,0.22595,0.71153,-0.06586,-0.00632,0.33037,-0.03090,-0.00448,0.55142,-0.03159,0.16319,0.01057,-0.22612,-0.05141,-0.00554,0.33535,0.00253,0.00343,0.55416,-0.03376,0.12321,-0.00093,1.02664,-0.15460,-0.02391,-0.13243,-0.04837,0.01240,0.58488,-0.06240,0.11288,-0.00643,-0.10476,-0.12021,-0.00585,-0.29904,-0.00528,0.00247,0.58036,-0.05709,-0.40710,0.01038
13.8000,1380,13,13.8000,48.81,0.72873,0.02952,0.00694,0.33735,-0.06327,0.02716,0.62932,-0.23991,0.21131,0.19792,-0.21378,-0.02333,0.01220,0.31546,0.00792,-0.01349,0.55516,-0.06131,0.12739,-0.01894,1.04045,0.06777,-0.00377,-0.13931,0.05310,-0.01647,0.60969,0.00298,0.12534,0.01265,-0.06062,-0.02496,-0.00099,-0.30358,-0.01994,-0.00441,0.57878,-0.03501,-0.50889,0.22595,0.70815,-0.06904,-0.00664,0.32887,-0.02888,-0.00377,0.54988,-0.02986,0.16358,0.00505,-0.22875,-0.05413,-0.00553,0.33544,0.00094,0.00308,0.55253,-0.03144,0.12316,-0.00096,1.01863,-0.16583,-0.02189,-0.13500,-0.05412,0.01104,0.58184,-0.05916,0.11258,-0.00568,-0.11084,-0.12300,-0.00549,-0.29933,-0.00643,0.00221,0.57758,-0.05423,-0.40651,0.01302
13.8500,1385,13,13.8497,49.79,0.72993,0.02067,0.00587,0.32798,-0.08802,0.01091,0.60441,-0.25775,0.22761,0.10555,-0.21378,-0.02333,0.01220,0.31546,0.00792,-0.01349,0.55516,-0.06131,0.12739,-0.01894,1.04680,0.06068,0.01527,-0.13264,0.06707,0.00196,0.60873,-0.02041,0.12604,-0.00077,-0.06300,-0.02556,0.00478,-0.30207,-0.00407,-0.00511,0.57314,-0.04395,-0.48316,0.22517,0.70462,-0.07236,-0.00686,0.32747,-0.02719,-0.00316,0.54844,-0.02798,0.16371,0.00028,-0.23153,-0.05683,-0.00549,0.33545,-0.00049,0.00275,0.55102,-0.02905,0.12311,-0.00100,1.01008,-0.17609,-0.01996,-0.13783,-0.05922,0.00976,0.57897,-0.05582,0.11231,-0.00502,-0.11706,-0.12560,-0.00514,-0.29968,-0.00745,0.00194,0.57494,-0.05122,-0.40581,0.01529
13.9000,1390,13,13.8997,49.90,0.72993,0.02067,0.00587,0.32798,-0.08802,0.01091,0.60441,-0.25775,0.22761,0.10555,-0.21897,-0.03910,0.00422,0.31420,0.01261,-0.01455,0.54907,-0.07257,0.12443,-0.03053,1.04680,0.06068,0.01527,-0.13264,0.06707,0.00196,0.60873,-0.02041,0.12604,-0.00077,-0.06300,-0.02556,0.00478,-0.30207,-0.00407,-0.00511,0.57314,-0.04395,-0.48316,0.22517,0.70092,-0.07576,-0.00699,0.32615,-0.02577,-0.00265,0.54709,-0.02596,0.16362,-0.00383,-0.23444,-0.05951,-0.00545,0.33539,-0.00176,0.00243,0.54963,-0.02659,0.12306,-0.00103,1.00104,-0.18542,-0.01811,-0.14091,-0.06371,0.00855,0.57626,-0.05239,0.11208,-0.00446,-0.12340,-0.12804,-0.00479,-0.30008,-0.00834,0.00168,0.57246,-0.04809,-0.40499,0.01724
13.9500,1395,13,13.9502,50.54,0.73199,0.02149,-0.00253,0.31875,-0.09336,-0.00786,0.57900,-0.24251,0.23080,-0.07676,-0.21897,-0.03910,0.00422,0.31420,0.01261,-0.01455,0.54907,-0.07257,0.12443,-0.03053,1.04942,0.03353,0.03863,-0.13005,0.04186,0.01620,0.60308,-0.04349,0.12543,-0.01292,-0.06562,-0.03907,0.03241,-0.30592,-0.00691,0.00189,0.56789,-0.02269,-0.46669,0.10608,0.69704,-0.07921,-0.00706,0.32489,-0.02458,-0.00223,0.54584,-0.02379,0.16333,-0.00737,-0.23748,-0.06217,-0.00538,0.33527,-0.00288,0.00213,0.54836,-0.02405,0.12301,-0.00107,0.99155,-0.19387,-0.01636,-0.14419,-0.06762,0.00742,0.57373,-0.04885,0.11187,-0.00397,-0.12986,-0.13030,-0.00445,-0.30051,-0.00910,0.00142,0.57013,-0.04483,-0.40409,0.01889
14.0000,1400,14,14.0001,49.95,0.73199,0.02149,-0.00253,0.31875,-0.09336,-0.00786,0.57900,-0.24251,0.23080,-0.07676,-0.22256,-0.04130,-0.00110,0.31658,0.02840,-0.01573,0.54102,-0.06746,0.12066,-0.03821,1.04942,0.03353,0.03863,-0.13005,0.04186,0.01620,0.60308,-0.04349,0.12543,-0.01292,-0.06562,-0.03907,0.03241,-0.30592,-0.00691,0.00189,0.56789,-0.02269,-0.46669,0.10608,0.73199,0.02149,-0.00253,0.31875,-0.09336,-0.00786,0.57900,-0.24251,0.23080,-0.07676,-0.22256,-0.04130,-0.00110,0.31658,0.02840,-0.01573,0.54102,-0.06746,0.12066,-0.03821,1.04942,0.03353,0.03863,-0.13005,0.04186,0.01620,0.60308,-0.04349,0.12543,-0.01292,-0.06562,-0.03907,0.03241,-0.30592,-0.00691,0.00189,0.56789,-0.02269,-0.46669,0.10608
14.0500,1405,14,14.0502,50.02,0.73374,0.00882,0.01211,0.31027,-0.07349,-0.02759,0.55774,-0.17293,0.22404,-0.15407,-0.22256,-0.04130,-0.00110,0.31658,0.02840,-0.01573,0.54102,-0.06746,0.12066,-0.03821,1.05064,-0.00857,0.05046,-0.12585,0.02955,0.01246,0.59673,-0.06541,0.12370,0.00397,-0.07073,-0.06907,0.03068,-0.30456,0.01370,0.01206,0.56735,0.01748,-0.46843,-0.24778,0.73302,0.01940,-0.00580,0.31421,-0.08794,-0.01370,0.56855,-0.17938,0.22708,-0.07196,-0.22464,-0.04142,0.00046,0.31816,0.03399,-0.00764,0.53768,-0.06567,0.11888,-0.03328,1.05143,0.04474,0.00914,-0.12817,0.03317,0.01893,0.60052,-0.05766,0.12482,-0.01128,-0.06724,-0.02741,0.01621,-0.30629,-0.00780,0.00170,0.56641,-0.03530,-0.46162,0.09692
14.1000,1410,14,14.1001,49.93,0.73374,0.00882,0.01211,0.31027,-0.07349,-0.02759,0.55774,-0.17293,0.22404,-0.15407,-0.22373,-0.03275,-0.00119,0.32296,0.04789,-0.00798,0.53529,-0.03151,0.11804,0.00637,1.05064,-0.00857,0.05046,-0.12585,0.02955,0.01246,0.59673,-0.06541,0.12370,0.00397,-0.07073,-0.06907,0.03068,-0.30456,0.01370,0.01206,0.56735,0.01748,-0.46843,-0.24778,0.73391,0.01595,-0.00813,0.31000,-0.08037,-0.01678,0.56075,-0.13518,0.22359,-0.06771,-0.22670,-0.04097,0.00128,0.31993,0.03636,-0.00241,0.53451,-0.06061,0.11732,-0.02898,1.05369,0.04417,-0.01007,-0.12675,0.02356,0.02002,0.59742,-0.06523,0.12430,-0.00985,-0.06847,-0.02231,0.00532,-0.30670,-0.00857,0.00140,0.56446,-0.04182,-0.45698,0.08887
14.1500,1415,14,14.1500,49.93,0.73402,-0.00088,-0.00619,0.30487,-0.02689,-0.06312,0.54428,-0.09949,0.19413,-0.45405,-0.22373,-0.03275,-0.00119,0.32296,0.04789,-0.00798,0.53529,-0.03151,0.11804,0.00637,1.04684,-0.04762,0.01801,-0.12784,-0.01182,0.01901,0.58852,-0.06063,0.12663,0.04066,-0.07784,-0.08672,-0.00474,-0.30859,-0.00954,0.01380,0.56950,0.03400,-0.49922,-0.26480,0.73460,0.01154,-0.00978,0.30619,-0.07177,-0.01807,0.55483,-0.10363,0.22030,-0.06394,-0.22873,-0.04025,0.00160,0.32176,0.03667,0.00089,0.53165,-0.05374,0.11597,-0.02523,1.05572,0.03601,-0.02224,-0.12581,0.01370,0.02006,0.59407,-0.06825,0.12384,-0.00860,-0.06955,-0.02160,-0.00191,-0.30715,-0.00916,0.00102,0.56230,-0.04422,-0.45272,0.08179
14.2000,1420,14,14.2002,50.20,0.73402,-0.00088,-0.00619,0.30487,-0.02689,-0.06312,0.54428,-0.09949,0.19413,-0.45405,-0.21489,-0.00819,-0.00374,0.34222,0.07419,0.00898,0.52443,-0.00594,0.12000,0.01776,1.04684,-0.04762,0.01801,-0.12784,-0.01182,0.01901,0.58852,-0.06063,0.12663,0.04066,-0.07784,-0.08672,-0.00474,-0.30859,-0.00954,0.01380,0.56950,0.03400,-0.49922,-0.26480,0.73505,0.00644,-0.01094,0.30283,-0.06283,-0.01821,0.55025,-0.08054,0.21719,-0.06059,-0.23072,-0.03946,0.00160,0.32358,0.03570,0.00288,0.52915,-0.04596,0.11479,-0.02195,1.05722,0.02314,-0.02959,-0.12537,0.00400,0.01940,0.59065,-0.06813,0.12343,-0.00751,-0.07067,-0.02378,-0.00662,-0.30762,-0.00956,0.00062,0.56009,-0.04383,-0.44879,0.07556
14.2500,1425,14,14.2511,50.91,0.73000,-0.01814,-0.00218,0.29743,0.01423,-0.06478,0.54447,-0.03074,0.15209,-0.45629,-0.21489,-0.00819,-0.00374,0.34222,0.07419,0.00898,0.52443,-0.00594,0.12000,0.01776,1.04110,-0.05424,-0.00498,-0.12724,-0.01663,0.00748,0.58080,-0.05138,0.13057,0.02161,-0.08619,-0.07896,-0.01825,-0.31174,-0.03474,0.00587,0.57143,0.01079,-0.51983,-0.03527,0.73523,0.00087,-0.01174,0.29991,-0.05401,-0.01766,0.54668,-0.06312,0.21424,-0.05761,-0.23268,-0.03872,0.00139,0.32532,0.03399,0.00399,0.52706,-0.03783,0.11377,-0.01908,1.05799,0.00751,-0.03367,-0.12541,-0.00527,0.01833,0.58729,-0.06583,0.12308,-0.00656,-0.07196,-0.02781,-0.00961,-0.30810,-0.00977,0.00022,0.55795,-0.04152,-0.44515,0.07007
14.3000,1430,14,14.2996,48.51,0.73000,-0.01814,-0.00218,0.29743,0.01423,-0.06478,0.54447,-0.03074,0.15209,-0.45629,-0.21487,-0.00488,0.01286,0.34718,0.04312,0.03338,0.52196,-0.01266,0.12057,-0.00091,1.04110,-0.05424,-0.00498,-0.12724,-0.01663,0.00748,0.58080,-0.05138,0.13057,0.02161,-0.08619,-0.07896,-0.01825,-0.31174,-0.03474,0.00587,0.57143,0.01079,-0.51983,-0.03527,0.73513,-0.00503,-0.01228,0.29742,-0.04558,-0.01671,0.54387,-0.04948,0.21142,-0.05495,-0.23460,-0.03812,0.00105,0.32697,0.03189,0.00451,0.52537,-0.02967,0.11288,-0.01658,1.05795,-0.00953,-0.03553,-0.12589,-0.01395,0.01701,0.58409,-0.06202,0.12278,-0.00573,-0.07347,-0.03301,-0.01140,-0.30859,-0.00978,-0.00017,0.55596,-0.03791,-0.44177,0.06523
14.3500,1435,14,14.3511,51.51,0.72907,-0.01372,-0.00064,0.30229,0.08601,-0.06948,0.54279,-0.02572,0.11875,-0.15076,-0.21487,-0.00488,0.01286,0.34718,0.04312,0.03338,0.52196,-0.01266,0.12057,-0.00091,1.03644,-0.03878,-0.02454,-0.12862,-0.01820,0.00451,0.57635,-0.02150,0.13183,-0.00552,-0.09344,-0.06449,-0.01580,-0.31695,-0.05162,-0.00964,0.56969,-0.02848,-0.51609,0.21108,0.73473,-0.01115,-0.01261,0.29534,-0.03766,-0.01556,0.54169,-0.03836,0.20874,-0.05256,-0.23649,-0.03770,0.00065,0.32851,0.02962,0.00466,0.52409,-0.02167,0.11210,-0.01440,1.05703,-0.02710,-0.03592,-0.12679,-0.02194,0.01556,0.58111,-0.05715,0.12251,-0.00501,-0.07527,-0.03887,-0.01239,-0.30907,-0.00960,-0.00054,0.55417,-0.03341,-0.43862,0.06095
14.4000,1440,14,14.3997,48.52,0.72907,-0.01372,-0.00064,0.30229,0.08601,-0.06948,0.54279,-0.02572,0.11875,-0.15076,-0.21582,-0.01394,0.01503,0.34916,0.00618,0.03188,0.51978,-0.01658,0.11967,-0.01929,1.03644,-0.03878,-0.02454,-0.12862,-0.01820,0.00451,0.57635,-0.02150,0.13183,-0.00552,-0.09344,-0.06449,-0.01580,-0.31695,-0.05162,-0.00964,0.56969,-0.02848,-0.51609,0.21108,0.73401,-0.01738,-0.01279,0.29364,-0.03032,-0.01435,0.54001,-0.02891,0.20616,-0.05043,-0.23837,-0.03749,0.00021,0.32993,0.02736,0.00456,0.52320,-0.01389,0.11143,-0.01249,1.05524,-0.04461,-0.03533,-0.12807,-0.02920,0.01407,0.57839,-0.05154,0.12227,-0.00439,-0.07737,-0.04507,-0.01282,-0.30955,-0.00925,-0.00087,0.55263,-0.02830,-0.43567,0.05718
14.4500,1445,14,14.4509,51.23,0.71974,-0.03325,-0.00616,0.30381,0.10225,-0.01510,0.53118,-0.03683,0.12130,0.17929,-0.21582,-0.01394,0.01503,0.34916,0.00618,0.03188,0.51978,-0.01658,0.11967,-0.01929,1.03424,-0.01183,-0.02702,-0.12994,-0.01312,-0.00428,0.57543,0.00341,0.13092,-0.00178,-0.09927,-0.04242,-0.01773,-0.31738,-0.01851,-0.02432,0.56352,-0.06051,-0.48784,0.28553,0.73299,-0.02367,-0.01284,0.29230,-0.02358,-0.01315,0.53878,-0.02053,0.20369,-0.04851,-0.24024,-0.03749,-0.00023,0.33124,0.02518,0.00431,0.52269,-0.00639,0.11085,-0.01083,1.05258,-0.06166,-0.03410,-0.12970,-0.03574,0.01258,0.57596,-0.04541,0.12207,-0.00384,-0.07978,-0.05139,-0.01289,-0.31000,-0.00875,-0.00117,0.55135,-0.02276,-0.43290,0.05383
14.5000,1450,14,14.4997,48.83,0.71974,-0.03325,-0.00616,0.30381,0.10225,-0.01510,0.53118,-0.03683,0.12130,0.17929,-0.21828,-0.03122,0.01799,0.34833,-0.02413,0.02262,0.51929,0.01344,0.11691,-0.02018,1.03424,-0.01183,-0.02702,-0.12994,-0.01312,-0.00428,0.57543,0.00341,0.13092,-0.00178,-0.09927,-0.04242,-0.01773,-0.31738,-0.01851,-0.02432,0.56352,-0.06051,-0.48784,0.28553,0.73165,-0.02996,-0.01279,0.29127,-0.01741,-0.01202,0.53795,-0.01282,0.20131,-0.04677,-0.24212,-0.03772,-0.00067,0.33245,0.02314,0.00397,0.52256,0.00084,0.11035,-0.00938,1.04908,-0.07800,-0.03249,-0.13163,-0.04155,0.01113,0.57386,-0.03892,0.12189,-0.00337,-0.08250,-0.05767,-0.01270,-0.31042,-0.00811,-0.00144,0.55036,-0.01693,-0.43028,0.05087
14.5500,1455,14,14.5506,50.92,0.71511,-0.02921,-0.00859,0.31857,0.10715,0.02889,0.52924,-0.00664,0.14105,0.11186,-0.21828,-0.03122,0.01799,0.34833,-0.02413,0.02262,0.51929,0.01344,0.11691,-0.02018,1.03476,0.01625,-0.02415,-0.13027,-0.00476,0.00282,0.57605,0.00845,0.13009,-0.03500,-0.10068,-0.00452,-0.01579,-0.32139,-0.02087,-0.02810,0.55737,-0.05699,-0.46231,0.14904,0.72999,-0.03621,-0.01266,0.29055,-0.01177,-0.01099,0.53749,-0.00544,0.19901,-0.04520,-0.24402,-0.03814,-0.00107,0.33356,0.02129,0.00358,0.52277,0.00781,0.10991,-0.00812,1.04479,-0.09349,-0.03064,-0.13384,-0.04666,0.00973,0.57208,-0.03219,0.12173,-0.00296,-0.08554,-0.06381,-0.01234,-0.31081,-0.00734,-0.00168,0.54966,-0.01091,-0.42780,0.04824
14.6000,1460,14,14.6000,49.35,0.71511,-0.02921,-0.00859,0.31857,0.10715,0.02889,0.52924,-0.00664,0.14105,0.11186,-0.22314,-0.04872,0.01357,0.34390,-0.04654,0.00973,0.52029,0.01132,0.11330,0.00427,1.03476,0.01625,-0.02415,-0.13027,-0.00476,0.00282,0.57605,0.00845,0.13009,-0.03500,-0.10068,-0.00452,-0.01579,-0.32139,-0.02087,-0.02810,0.55737,-0.05699,-0.46231,0.14904,0.72803,-0.04237,-0.01244,0.29009,-0.00661,-0.01006,0.53740,0.00182,0.19679,-0.04377,-0.24594,-0.03876,-0.00145,0.33458,0.01963,0.00318,0.52333,0.01453,0.10953,-0.00702,1.03975,-0.10803,-0.02866,-0.13629,-0.05111,0.00841,0.57064,-0.02531,0.12159,-0.00260,-0.08888,-0.06976,-0.01187,-0.31115,-0.00647,-0.00188,0.54927,-0.00478,-0.42545,0.04590
14.6500,1465,14,14.6506,50.66,0.71460,-0.00421,-0.00892,0.32033,0.02493,0.07321,0.52960,0.03588,0.15113,0.08707,-0.22314,-0.04872,0.01357,0.34390,-0.04654,0.00973,0.52029,0.01132,0.11330,0.00427,1.03766,0.03313,-0.00832,-0.12982,0.00012,-0.00130,0.57696,0.00237,0.12776,-0.01842,-0.10401,0.01101,-0.01058,-0.33505,-0.04952,-0.01715,0.54900,-0.05414,-0.45641,0.00368,0.72576,-0.04840,-0.01213,0.28988,-0.00189,-0.00922,0.53767,0.00896,0.19463,-0.04248,-0.24790,-0.03956,-0.00179,0.33553,0.01817,0.00278,0.52422,0.02100,0.10921,-0.00606,1.03401,-0.12160,-0.02664,-0.13894,-0.05493,0.00717,0.56955,-0.01836,0.12147,-0.00229,-0.09251,-0.07545,-0.01134,-0.31145,-0.00550,-0.00206,0.54918,0.00141,-0.42321,0.04381
14.7000,1470,14,14.6998,49.13,0.71460,-0.00421,-0.00892,0.32033,0.02493,0.07321,0.52960,0.03588,0.15113,0.08707,-0.22898,-0.05682,-0.00121,0.33840,-0.05115,-0.00459,0.51832,-0.03423,0.11686,0.08412,1.03766,0.03313,-0.00832,-0.12982,0.00012,-0.00130,0.57696,0.00237,0.12776,-0.01842,-0.10401,0.01101,-0.01058,-0.33505,-0.04952,-0.01715,0.54900,-0.05414,-0.45641,0.00368,0.72319,-0.05426,-0.01173,0.28989,0.00244,-0.00847,0.53829,0.01594,0.19254,-0.04129,-0.24990,-0.04051,-0.00209,0.33640,0.01690,0.00239,0.52543,0.02724,0.10892,-0.00522,1.02761,-0.13417,-0.02462,-0.14177,-0.05816,0.00601,0.56880,-0.01141,0.12136,-0.00203,-0.09642,-0.08088,-0.01076,-0.31170,-0.00445,-0.00221,0.54941,0.00758,-0.42107,0.04195
14.7500,1475,14,14.7497,49.97,0.71493,0.00522,0.01796,0.31893,-0.04244,0.03739,0.53520,0.07799,0.15553,0.06711,-0.22898,-0.05682,-0.00121,0.33840,-0.05115,-0.00459,0.51832,-0.03423,0.11686,0.08412,1.04149,0.03721,0.00436,-0.12876,0.00294,0.00718,0.57676,-0.01307,0.12701,-0.00815,-0.10353,0.01723,0.00344,-0.33974,-0.03059,-0.02358,0.54556,-0.01708,-0.45450,0.06247,0.72033,-0.05990,-0.01127,0.29012,0.00643,-0.00779,0.53926,0.02270,0.19050,-0.04019,-0.25195,-0.04161,-0.00236,0.33722,0.01582,0.00201,0.52694,0.03323,0.10868,-0.00450,1.02061,-0.14575,-0.02263,-0.14475,-0.06084,0.00493,0.56840,-0.00453,0.12127,-0.00180,-0.10060,-0.08601,-0.01017,-0.31189,-0.00334,-0.00233,0.54994,0.01370,-0.41901,0.04028
14.8000,1480,14,14.8002,50.44,0.71493,0.00522,0.01796,0.31893,-0.04244,0.03739,0.53520,0.07799,0.15553,0.06711,-0.22705,-0.03914,-0.00849,0.34440,-0.01084,-0.01159,0.51007,-0.03250,0.12617,0.07825,1.04149,0.03721,0.00436,-0.12876,0.00294,0.00718,0.57676,-0.01307,0.12701,-0.00815,-0.10353,0.01723,0.00344,-0.33974,-0.03059,-0.02358,0.54556,-0.01708,-0.45450,0.06247,0.71720,-0.06530,-0.01074,0.29053,0.01010,-0.00718,0.54056,0.02920,0.18852,-0.03919,-0.25406,-0.04282,-0.00259,0.33799,0.01492,0.00167,0.52875,0.03897,0.10847,-0.00387,1.01305,-0.15637,-0.02069,-0.14785,-0.06301,0.00394,0.56835,0.00225,0.12118,-0.00160,-0.10502,-0.09085,-0.00956,-0.31203,-0.00217,-0.00242,0.55077,0.01970,-0.41704,0.03878
14.8500,1485,14,14.8517,51.51,0.70974,-0.02932,0.01796,0.31606,-0.06294,0.03739,0.54761,0.11779,0.15553,0.06711,-0.22705,-0.03914,-0.00849,0.34440,-0.01084,-0.01159,0.51007,-0.03250,0.12617,0.07825,1.03790,0.01845,0.02090,-0.14093,-0.04026,0.00400,0.56720,-0.01969,0.12796,-0.01021,-0.10236,0.01706,0.01621,-0.34304,-0.03537,-0.01475,0.54298,-0.02224,-0.43970,0.18741,0.71381,-0.07043,-0.01017,0.29112,0.01348,-0.00662,0.54218,0.03540,0.18658,-0.03826,-0.25623,-0.04414,-0.00278,0.33871,0.01419,0.00134,0.53084,0.04446,0.10829,-0.00332,1.00498,-0.16606,-0.01883,-0.15104,-0.06471,0.00302,0.56863,0.00886,0.12111,-0.00143,-0.10968,-0.09538,-0.00894,-0.31211,-0.00096,-0.00250,0.55191,0.02557,-0.41513,0.03743
14.9000,1490,14,14.8997,47.98,0.70974,-0.02932,0.01038,0.31606,-0.06294,0.04482,0.54761,0.11779,0.16696,0.20224,-0.22856,-0.02539,-0.00277,0.34483,0.00492,-0.00213,0.50782,-0.03139,0.13338,0.03324,1.03790,0.01845,0.02090,-0.14093,-0.04026,0.00400,0.56720,-0.01969,0.12796,-0.01021,-0.10236,0.01706,0.01621,-0.34304,-0.03537,-0.01475,0.54298,-0.02224,-0.43970,0.18741,0.71016,-0.07528,-0.00957,0.29188,0.01660,-0.00610,0.54409,0.04124,0.18469,-0.03739,-0.25848,-0.04554,-0.00293,0.33941,0.01360,0.00105,0.53319,0.04969,0.10814,-0.00285,0.99646,-0.17485,-0.01703,-0.15431,-0.06598,0.00218,0.56923,0.01529,0.12104,-0.00128,-0.11455,-0.09962,-0.00833,-0.31213,0.00027,-0.00255,0.55333,0.03125,-0.41329,0.03621
14.9500,1495,14,14.9506,50.95,0.70696,-0.03750,0.01219,0.30714,-0.08920,0.01294,0.55855,0.10485,0.18837,0.19571,-0.22856,-0.02539,-0.00277,0.34483,0.00492,-0.00213,0.50782,-0.03139,0.13338,0.03324,1.03870,-0.00266,0.02221,-0.14523,-0.04396,-0.00694,0.56482,-0.02718,0.12923,0.03381,-0.10175,0.00133,0.02593,-0.34689,-0.03124,0.00225,0.54001,-0.02513,-0.42116,0.17884,0.70629,-0.07982,-0.00895,0.29278,0.01947,-0.00561,0.54629,0.04671,0.18284,-0.03658,-0.26079,-0.04701,-0.00305,0.34008,0.01315,0.00078,0.53580,0.05465,0.10801,-0.00243,0.98751,-0.18278,-0.01532,-0.15763,-0.06686,0.00140,0.57015,0.02149,0.12098,-0.00115,-0.11963,-0.10356,-0.00773,-0.31208,0.00153,-0.00258,0.55503,0.03674,-0.41151,0.03510
15.0000,1500,15,15.0004,49.75,0.70696,-0.03750,0.01219,0.30714,-0.08920,0.01294,0.55855,0.10485,0.18837,0.19571,-0.23201,-0.03225,0.00398,0.34790,0.01436,0.00351,0.51072,0.03282,0.13592,0.00746,1.03870,-0.00266,0.02221,-0.14523,-0.04396,-0.00694,0.56482,-0.02718,0.12923,0.03381,-0.10175,0.00133,0.02593,-0.34689,-0.03124,0.00225,0.54001,-0.02513,-0.42116,0.17884,0.70696,-0.03750,0.01219,0.30714,-0.08920,0.01294,0.55855,0.10485,0.18837,0.19571,-0.23201,-0.03225,0.00398,0.34790,0.01436,0.00351,0.51072,0.03282,0.13592,0.00746,1.03870,-0.00266,0.02221,-0.14523,-0.04396,-0.00694,0.56482,-0.02718,0.12923,0.03381,-0.10175,0.00133,0.02593,-0.34689,-0.03124,0.00225,0.54001,-0.02513,-0.42116,0.17884
15.0500,1505,15,15.0520,51.65,0.70435,-0.03158,-0.00508,0.30105,-0.08713,-0.00425,0.56664,0.06283,0.20675,0.13055,-0.23201,-0.03225,0.00398,0.34790,0.01436,0.00351,0.51072,0.03282,0.13592,0.00746,1.03719,-0.02893,0.02985,-0.14934,-0.03780,-0.01050,0.56253,-0.01603,0.13144,0.01390,-0.10462,-0.03363,0.03326,-0.34505,0.00628,-0.00870,0.53753,-0.01141,-0.40185,0.26395,0.70521,-0.03257,0.00808,0.30259,-0.09150,-0.00237,0.56304,0.07739,0.19739,0.16597,-0.23358,-0.03060,0.00282,0.34857,0.01236,0.00451,0.51276,0.04794,0.13629,0.00700,1.03874,0.00261,0.00084,-0.14737,-0.04219,-0.00075,0.56395,-0.00838,0.13082,0.03002,-0.10144,0.00999,0.01040,-0.34847,-0.03158,-0.00067,0.53934,-0.00248,-0.41269,0.16011
15.1000,1510,15,15.0996,47.58,0.70435,-0.03158,-0.00508,0.30105,-0.08713,-0.00425,0.56664,0.06283,0.20675,0.13055,-0.23348,-0.02814,0.00312,0.34812,0.00322,0.01080,0.51167,-0.01839,0.13795,0.05513,1.03719,-0.02893,0.02985,-0.14934,-0.03780,-0.01050,0.56253,-0.01603,0.13144,0.01390,-0.10462,-0.03363,0.03326,-0.34505,0.00628,-0.00870,0.53753,-0.01141,-0.40185,0.26395,0.70367,-0.02942,0.00492,0.29809,-0.08783,-0.01179,0.56648,0.06154,0.20503,0.14005,-0.23508,-0.02944,0.00193,0.34913,0.01005,0.00486,0.51545,0.05944,0.13663,0.00657,1.03882,-0.00059,-0.01284,-0.14949,-0.04281,0.00294,0.56392,0.00650,0.13224,0.02668,-0.10085,0.01240,0.00015,-0.35003,-0.03072,-0.00271,0.53968,0.01539,-0.40511,0.14367
15.1500,1515,15,15.1496,50.02,0.70306,-0.02081,-0.00508,0.29164,-0.08417,-0.00425,0.56948,0.00773,0.20675,0.13055,-0.23348,-0.02814,0.00312,0.34812,0.00322,0.01080,0.51167,-0.01839,0.13795,0.05513,1.02724,-0.07328,0.00370,-0.13933,0.02046,-0.01816,0.54859,-0.04769,0.13320,0.04505,-0.11285,-0.06601,0.00706,-0.35154,-0.00579,-0.01353,0.53430,-0.01175,-0.37242,0.29701,0.70225,-0.02763,0.00246,0.29387,-0.08058,-0.01724,0.56932,0.05325,0.21145,0.11748,-0.23653,-0.02868,0.00123,0.34957,0.00767,0.00479,0.51866,0.06848,0.13694,0.00618,1.03860,-0.00913,-0.02126,-0.15168,-0.04481,0.00496,0.56456,0.01866,0.13350,0.02374,-0.10026,0.01072,-0.00650,-0.35153,-0.02903,-0.00413,0.54082,0.02981,-0.39829,0.12924
15.2000,1520,15,15.1998,50.21,0.70306,-0.02081,-0.00622,0.29164,-0.08417,-0.02210,0.56948,0.00773,0.21744,0.06154,-0.23411,-0.01253,-0.00439,0.34360,-0.02826,0.01157,0.50540,-0.04031,0.14441,0.05743,1.02724,-0.07328,0.00370,-0.13933,0.02046,-0.01816,0.54859,-0.04769,0.13320,0.04505,-0.11285,-0.06601,0.00706,-0.35154,-0.00579,-0.01353,0.53430,-0.01175,-0.37242,0.29701,0.70089,-0.02692,0.00052,0.29007,-0.07135,-0.02003,0.57188,0.04987,0.21682,0.09783,-0.23795,-0.02822,0.00066,0.34990,0.00538,0.00448,0.52227,0.07581,0.13724,0.00581,1.03786,-0.02086,-0.02610,-0.15398,-0.04750,0.00586,0.56575,0.02888,0.13462,0.02115,-0.09983,0.00642,-0.01067,-0.35293,-0.02675,-0.00510,0.54262,0.04171,-0.39215,0.11657
15.2500,1525,15,15.2499,50.12,0.70251,-0.00859,-0.01955,0.28756,-0.04774,-0.01613,0.56807,-0.02426,0.22333,-0.02435,-0.23411,-0.01253,-0.00439,0.34360,-0.02826,0.01157,0.50540,-0.04031,0.14441,0.05743,1.02155,-0.05281,-0.01832,-0.13863,0.01403,0.01163,0.54418,-0.03222,0.13873,0.05944,-0.12083,-0.06176,-0.02567,-0.35131,0.01310,-0.02898,0.53336,-0.00993,-0.33739,0.34887,0.69954,-0.02706,-0.00101,0.28675,-0.06121,-0.02110,0.57436,0.04968,0.22128,0.08073,-0.23936,-0.02801,0.00019,0.35011,0.00330,0.00402,0.52622,0.08195,0.13753,0.00547,1.03648,-0.03434,-0.02853,-0.15643,-0.05044,0.00605,0.56742,0.03770,0.13562,0.01887,-0.09965,0.00053,-0.01315,-0.35420,-0.02407,-0.00576,0.54496,0.05175,-0.38661,0.10543
15.3000,1530,15,15.2996,49.65,0.70251,-0.00859,-0.01955,0.28756,-0.04774,-0.01613,0.56807,-0.02426,0.22333,-0.02435,-0.23588,-0.01285,-0.00461,0.34282,-0.01755,-0.00198,0.50487,0.02204,0.15130,0.04446,1.02155,-0.05281,-0.01832,-0.13863,0.01403,0.01163,0.54418,-0.03222,0.13873,0.05944,-0.12083,-0.06176,-0.02567,-0.35131,0.01310,-0.02898,0.53336,-0.00993,-0.33739,0.34887,0.69817,-0.02786,-0.00221,0.28395,-0.05084,-0.02106,0.57689,0.05150,0.22493,0.06586,-0.24076,-0.02802,-0.00020,0.35023,0.00146,0.00348,0.53045,0.08725,0.13779,0.00516,1.03441,-0.04859,-0.02935,-0.15903,-0.05335,0.00577,0.56951,0.04548,0.13651,0.01685,-0.09979,-0.00629,-0.01448,-0.35533,-0.02114,-0.00618,0.54777,0.06037,-0.38159,0.09564
15.3500,1535,15,15.3501,50.51,0.70329,0.01080,-0.01502,0.28574,-0.01524,-0.03349,0.56509,-0.03767,0.21715,-0.01933,-0.23588,-0.01285,-0.00461,0.34282,-0.01755,-0.00198,0.50487,0.02204,0.15130,0.04446,1.01773,-0.02659,-0.02536,-0.13856,-0.00294,0.01598,0.54310,0.00314,0.14558,0.06567,-0.12494,-0.01387,-0.03911,-0.34981,0.02391,-0.03226,0.53194,-0.00563,-0.32023,-0.04269,0.69675,-0.02918,-0.00314,0.28166,-0.04066,-0.02035,0.57953,0.05455,0.22790,0.05293,-0.24216,-0.02820,-0.00053,0.35026,-0.00011,0.00292,0.53493,0.09192,0.13804,0.00487,1.03162,-0.06296,-0.02909,-0.16176,-0.05606,0.00523,0.57196,0.05247,0.13731,0.01507,-0.10028,-0.01355,-0.01504,-0.35631,-0.01804,-0.00643,0.55098,0.06789,-0.37703,0.08704
15.4000,1540,15,15.3998,49.64,0.70329,0.01080,-0.01502,0.28574,-0.01524,-0.03349,0.56509,-0.03767,0.21715,-0.01933,-0.23827,-0.02002,0.00098,0.34164,-0.01310,-0.00138,0.50669,0.04943,0.15350,-0.00298,1.01773,-0.02659,-0.02536,-0.13856,-0.00294,0.01598,0.54310,0.00314,0.14558,0.06567,-0.12494,-0.01387,-0.03911,-0.34981,0.02391,-0.03226,0.53194,-0.00563,-0.32023,-0.04269,0.69525,-0.03090,-0.00384,0.27988,-0.03094,-0.01924,0.58235,0.05833,0.23026,0.04170,-0.24358,-0.02853,-0.00082,0.35022,-0.00140,0.00236,0.53964,0.09612,0.13828,0.00460,1.02812,-0.07702,-0.02815,-0.16463,-0.05846,0.00452,0.57474,0.05884,0.13802,0.01351,-0.10115,-0.02096,-0.01509,-0.35713,-0.01485,-0.00656,0.55455,0.07453,-0.37287,0.07946
15.4500,1545,15,15.4497,49.96,0.70451,0.01102,-0.00009,0.28560,0.00626,-0.00497,0.56189,-0.02071,0.21695,-0.00321,-0.23827,-0.02002,0.00098,0.34164,-0.01310,-0.00138,0.50669,0.04943,0.15350,-0.00298,1.01663,0.00254,-0.02230,-0.13966,-0.01906,0.01930,0.54485,0.02937,0.15058,0.01546,-0.12454,0.03240,-0.04742,-0.34438,0.04274,-0.01206,0.53314,0.03622,-0.32991,-0.11401,0.69365,-0.03291,-0.00435,0.27856,-0.02182,-0.01791,0.58537,0.06252,0.23209,0.03195,-0.24502,-0.02899,-0.00107,0.35013,-0.00243,0.00182,0.54454,0.09994,0.13850,0.00435,1.02393,-0.09050,-0.02677,-0.16760,-0.06049,0.00375,0.57783,0.06469,0.13866,0.01212,-0.10238,-0.02830,-0.01479,-0.35779,-0.01162,-0.00659,0.55842,0.08047,-0.36907,0.07279
15.5000,1550,15,15.4995,49.81,0.70451,0.01102,-0.00009,0.28560,0.00626,-0.00497,0.56189,-0.02071,0.21695,-0.00321,-0.24271,-0.03195,-0.00077,0.33822,-0.01932,-0.00850,0.50982,0.04681,0.15307,-0.00148,1.01663,0.00254,-0.02230,-0.13966,-0.01906,0.01930,0.54485,0.02937,0.15058,0.01546,-0.12454,0.03240,-0.04742,-0.34438,0.04274,-0.01206,0.53314,0.03622,-0.32991,-0.11401,0.69195,-0.03514,-0.00472,0.27768,-0.01338,-0.01649,0.58861,0.06690,0.23347,0.02350,-0.24648,-0.02957,-0.00129,0.34999,-0.00320,0.00132,0.54963,0.10346,0.13871,0.00412,1.01908,-0.10324,-0.02514,-0.17067,-0.06213,0.00295,0.58121,0.07011,0.13924,0.01090,-0.10397,-0.03544,-0.01428,-0.35829,-0.00840,-0.00654,0.56258,0.08582,-0.36558,0.06691
15.5500,1555,15,15.5494,49.85,0.70552,0.00747,0.01070,0.28644,0.01054,-0.00345,0.56109,0.00876,0.21923,0.09892,-0.24271,-0.03195,-0.00077,0.33822,-0.01932,-0.00850,0.50982,0.04681,0.15307,-0.00148,1.01783,0.02262,-0.01391,-0.14226,-0.03272,0.01648,0.54862,0.04687,0.15189,0.00802,-0.11929,0.07002,-0.01659,-0.34366,0.02084,-0.00321,0.53727,0.04853,-0.33491,0.14080,0.69014,-0.03752,-0.00495,0.27721,-0.00565,-0.01506,0.59206,0.07135,0.23446,0.01618,-0.24798,-0.03025,-0.00148,0.34981,-0.00373,0.00087,0.55488,0.10672,0.13891,0.00391,1.01362,-0.11514,-0.02337,-0.17381,-0.06338,0.00217,0.58484,0.07515,0.13975,0.00982,-0.10592,-0.04229,-0.01363,-0.35863,-0.00521,-0.00644,0.56700,0.09067,-0.36236,0.06173
15.6000,1560,15,15.5999,50.54,0.70552,0.00747,0.01070,0.28644,0.01054,-0.00345,0.56109,0.00876,0.21923,0.09892,-0.24483,-0.03385,-0.00734,0.34081,0.00289,-0.01476,0.50944,0.04341,0.14960,-0.02993,1.01783,0.02262,-0.01391,-0.14226,-0.03272,0.01648,0.54862,0.04687,0.15189,0.00802,-0.11929,0.07002,-0.01659,-0.34366,0.02084,-0.00321,0.53727,0.04853,-0.33491,0.14080,0.68820,-0.03999,-0.00510,0.27711,0.00140,-0.01366,0.59574,0.07576,0.23511,0.00984,-0.24951,-0.03101,-0.00164,0.34962,-0.00406,0.00046,0.56029,0.10974,0.13911,0.00372,1.00758,-0.12616,-0.02154,-0.17700,-0.06426,0.00142,0.58872,0.07985,0.14022,0.00887,-0.10820,-0.04880,-0.01290,-0.35881,-0.00209,-0.00629,0.57164,0.09508,-0.35939,0.05715
15.6500,1565,15,15.6496,49.66,0.70583,0.00100,0.00989,0.28737,0.00520,0.01435,0.56454,0.06204,0.23462,0.16876,-0.24483,-0.03385,-0.00734,0.34081,0.00289,-0.01476,0.50944,0.04341,0.14960,-0.02993,1.02058,0.02954,0.00174,-0.14552,-0.04222,0.01273,0.55404,0.06281,0.15132,-0.00571,-0.11147,0.09063,-0.02664,-0.34258,0.01301,-0.00266,0.54311,0.07103,-0.31673,0.16522,0.68614,-0.04251,-0.00516,0.27734,0.00776,-0.01231,0.59964,0.08003,0.23546,0.00436,-0.25108,-0.03185,-0.00178,0.34941,-0.00419,0.00009,0.56585,0.11254,0.13929,0.00354,1.00102,-0.13628,-0.01972,-0.18023,-0.06478,0.00072,0.59282,0.08423,0.14064,0.00802,-0.11079,-0.05494,-0.01213,-0.35884,0.00096,-0.00611,0.57650,0.09910,-0.35664,0.05310
15.7000,1570,15,15.6998,50.25,0.70583,0.00100,0.00989,0.28737,0.00520,0.01435,0.56454,0.06204,0.23462,0.16876,-0.24806,-0.02650,-0.00884,0.34161,0.02045,-0.00975,0.51078,0.01922,0.14681,-0.03641,1.02058,0.02954,0.00174,-0.14552,-0.04222,0.01273,0.55404,0.06281,0.15132,-0.00571,-0.11147,0.09063,-0.02664,-0.34258,0.01301,-0.00266,0.54311,0.07103,-0.31673,0.16522,0.68395,-0.04504,-0.00516,0.27787,0.01348,-0.01104,0.60374,0.08410,0.23555,-0.00036,-0.25269,-0.03276,-0.00190,0.34920,-0.00415,-0.00023,0.57154,0.11513,0.13946,0.00337,0.99397,-0.14551,-0.01792,-0.18347,-0.06497,0.00007,0.59713,0.08831,0.14102,0.00727,-0.11368,-0.06070,-0.01135,-0.35872,0.00391,-0.00591,0.58155,0.10278,-0.35407,0.04952
15.7500,1575,15,15.7499,50.04,0.70153,-0.02245,0.02223,0.29520,0.00678,0.01705,0.57625,0.11585,0.25611,0.27238,-0.24806,-0.02650,-0.00884,0.34161,0.02045,-0.00975,0.51078,0.01922,0.14681,-0.03641,1.02294,0.02101,0.01265,-0.14975,-0.04763,0.00814,0.55963,0.05994,0.15076,-0.00079,-0.10368,0.08922,0.01398,-0.33251,0.07492,-0.02143,0.55008,0.08763,-0.31321,-0.12786,0.68163,-0.04756,-0.00512,0.27868,0.01860,-0.00985,0.60804,0.08794,0.23543,-0.00443,-0.25435,-0.03371,-0.00200,0.34900,-0.00397,-0.00051,0.57736,0.11752,0.13962,0.00321,0.98648,-0.15387,-0.01618,-0.18672,-0.06486,-0.00051,0.60164,0.09210,0.14137,0.00661,-0.11685,-0.06607,-0.01056,-0.35845,0.00675,-0.00568,0.58677,0.10612,-0.35168,0.04635
15.8000,1580,15,15.7995,49.64,0.70153,-0.02245,0.02223,0.29520,0.00678,0.01705,0.57625,0.11585,0.25611,0.27238,-0.24891,-0.01342,-0.00837,0.34323,0.02792,-0.00531,0.51345,0.05493,0.14147,-0.05501,1.02294,0.02101,0.01265,-0.14975,-0.04763,0.00814,0.55963,0.05994,0.15076,-0.00079,-0.10368,0.08922,0.01398,-0.33251,0.07492,-0.02143,0.55008,0.08763,-0.31321,-0.12786,0.67919,-0.05005,-0.00503,0.27972,0.02316,-0.00875,0.61253,0.09152,0.23512,-0.00792,-0.25607,-0.03471,-0.00208,0.34880,-0.00366,-0.00075,0.58329,0.11972,0.13978,0.00307,0.97860,-0.16139,-0.01450,-0.18996,-0.06448,-0.00104,0.60634,0.09562,0.14169,0.00602,-0.12028,-0.07106,-0.00979,-0.35805,0.00947,-0.00543,0.59216,0.10917,-0.34943,0.04353
15.8500,1585,15,15.8497,50.18,0.69854,-0.02841,0.00521,0.29418,-0.02277,0.03853,0.58967,0.14193,0.29384,0.42800,-0.24891,-0.01342,-0.00837,0.34323,0.02792,-0.00531,0.51345,0.05493,0.14147,-0.05501,1.02382,0.00228,0.02829,-0.15482,-0.05380,0.00289,0.56513,0.06535,0.14891,0.00356,-0.09418,0.09015,0.00071,-0.32818,0.06463,0.01591,0.55779,0.08388,-0.33649,-0.32095,0.67663,-0.05249,-0.00491,0.28098,0.02720,-0.00773,0.61719,0.09483,0.23465,-0.01091,-0.25783,-0.03575,-0.00214,0.34863,-0.00324,-0.00094,0.58933,0.12172,0.13993,0.00294,0.97036,-0.16811,-0.01291,-0.19316,-0.06385,-0.00151,0.61120,0.09888,0.14197,0.00550,-0.12395,-0.07568,-0.00904,-0.35751,0.01207,-0.00517,0.59768,0.11193,-0.34732,0.04103
15.9000,1590,15,15.9000,50.28,0.69854,-0.02841,0.00521,0.29418,-0.02277,0.03853,0.58967,0.14193,0.29384,0.42800,-0.24874,-0.00522,0.00477,0.34557,0.03387,0.00277,0.52197,0.12358,0.13472,-0.08733,1.02382,0.00228,0.02829,-0.15482,-0.05380,0.00289,0.56513,0.06535,0.14891,0.00356,-0.09418,0.09015,0.00071,-0.32818,0.06463,0.01591,0.55779,0.08388,-0.33649,-0.32095,0.67394,-0.05487,-0.00477,0.28243,0.03076,-0.00680,0.62201,0.09788,0.23404,-0.01347,-0.25964,-0.03681,-0.00218,0.34848,-0.00274,-0.00111,0.59546,0.12354,0.14007,0.00281,0.96180,-0.17406,-0.01139,-0.19634,-0.06300,-0.00192,0.61622,0.10187,0.14224,0.00504,-0.12785,-0.07994,-0.00831,-0.35684,0.01454,-0.00490,0.60334,0.11443,-0.34533,0.03880
15.9500,1595,15,15.9499,49.92,0.69634,-0.02718,0.03002,0.28686,-0.08097,0.03797,0.60533,0.12925,0.33637,0.32991,-0.24874,-0.00522,0.00477,0.34557,0.03387,0.00277,0.52197,0.12358,0.13472,-0.08733,1.02167,-0.02849,0.03154,-0.16127,-0.06062,0.00728,0.57026,0.07105,0.14846,-0.01169,-0.08656,0.06208,0.02880,-0.31974,0.04478,0.04705,0.56489,0.07977,-0.36849,-0.27189,0.67114,-0.05717,-0.00461,0.28405,0.03388,-0.00594,0.62698,0.10067,0.23331,-0.01565,-0.26151,-0.03788,-0.00221,0.34836,-0.00216,-0.00124,0.60168,0.12517,0.14021,0.00269,0.95296,-0.17930,-0.00996,-0.19946,-0.06197,-0.00228,0.62139,0.10462,0.14248,0.00462,-0.13194,-0.08384,-0.00761,-0.35606,0.01688,-0.00462,0.60912,0.11668,-0.34344,0.03681
16.0000,1600,16,16.0003,50.42,0.69634,-0.02718,0.03002,0.28686,-0.08097,0.03797,0.60533,0.12925,0.33637,0.32991,-0.24804,-0.00043,0.00575,0.34534,0.00811,0.00926,0.53130,0.11343,0.12587,-0.07861,1.02167,-0.02849,0.03154,-0.16127,-0.06062,0.00728,0.57026,0.07105,0.14846,-0.01169,-0.08656,0.06208,0.02880,-0.31974,0.04478,0.04705,0.56489,0.07977,-0.36849,-0.27189,0.69634,-0.02718,0.03002,0.28686,-0.08097,0.03797,0.60533,0.12925,0.33637,0.32991,-0.24804,-0.00043,0.00575,0.34534,0.00811,0.00926,0.53130,0.11343,0.12587,-0.07861,1.02167,-0.02849,0.03154,-0.16127,-0.06062,0.00728,0.57026,0.07105,0.14846,-0.01169,-0.08656,0.06208,0.02880,-0.31974,0.04478,0.04705,0.56489,0.07977,-0.36849,-0.27189
16.0500,1605,16,16.0496,49.26,0.69393,-0.02756,-0.00474,0.27665,-0.11399,0.01256,0.61576,0.07653,0.36264,0.25810,-0.24804,-0.00043,0.00575,0.34534,0.00811,0.00926,0.53130,0.11343,0.12587,-0.07861,1.01580,-0.06547,0.04097,-0.16897,-0.06728,-0.00259,0.57459,0.06332,0.14724,-0.00967,-0.08264,0.02023,0.02126,-0.31855,-0.00020,0.06309,0.57203,0.09235,-0.38742,-0.11807,0.69531,-0.01484,0.02079,0.28246,-0.09248,0.01099,0.61136,0.11360,0.35157,0.27953,-0.24800,0.00199,0.00419,0.34563,0.00381,0.00829,0.53729,0.12572,0.12224,-0.06709,1.02054,-0.01861,0.01024,-0.16439,-0.06421,0.00724,0.57419,0.08580,0.14795,-0.00883,-0.08319,0.07122,0.00977,-0.31802,0.02536,0.03297,0.56924,0.09356,-0.38109,-0.23300
16.1000,1610,16,16.0997,50.13,0.69393,-0.02756,-0.00474,0.27665,-0.11399,0.01256,0.61576,0.07653,0.36264,0.25810,-0.24900,-0.01113,0.01347,0.34304,-0.01485,0.00045,0.54179,0.13078,0.11870,-0.04307,1.01580,-0.06547,0.04097,-0.16897,-0.06728,-0.00259,0.57459,0.06332,0.14724,-0.00967,-0.08264,0.02023,0.02126,-0.31855,-0.00020,0.06309,0.57203,0.09235,-0.38742,-0.11807,0.69479,-0.00639,0.01402,0.27778,-0.09338,-0.00596,0.61681,0.10525,0.36443,0.23569,-0.24785,0.00374,0.00301,0.34572,-0.00001,0.00728,0.54382,0.13505,0.11914,-0.05707,1.01967,-0.01723,-0.00358,-0.16769,-0.06765,0.00673,0.57878,0.09743,0.14757,-0.00638,-0.07956,0.07273,-0.00274,-0.31711,0.01177,0.02302,0.57419,0.10436,-0.39188,-0.19908
16.1500,1615,16,16.1496,49.91,0.69152,-0.01715,-0.00979,0.26577,-0.11607,-0.02989,0.61862,0.02034,0.39433,0.41484,-0.24900,-0.01113,0.01347,0.34304,-0.01485,0.00045,0.54179,0.13078,0.11870,-0.04307,0.98859,-0.11121,-0.01267,-0.19945,-0.10165,-0.01736,0.55504,0.02356,0.15063,0.05630,-0.08349,-0.02286,0.01525,-0.32079,-0.04078,0.03471,0.57922,0.06275,-0.40172,-0.13099,0.69462,-0.00080,0.00900,0.27324,-0.08774,-0.01613,0.62197,0.10159,0.37524,0.19756,-0.24763,0.00498,0.00209,0.34564,-0.00333,0.00626,0.55076,0.14227,0.11651,-0.04836,1.01872,-0.02129,-0.01229,-0.17115,-0.07076,0.00594,0.58390,0.10677,0.14730,-0.00429,-0.07600,0.06927,-0.01077,-0.31677,0.00231,0.01594,0.57964,0.11299,-0.40108,-0.16951
16.2000,1620,16,16.2057,56.06,0.69152,-0.01715,-0.00979,0.26577,-0.11607,-0.02989,0.61862,0.02034,0.39433,0.41484,-0.25146,-0.02605,0.00547,0.34177,-0.01117,-0.00563,0.54985,0.07313,0.11264,-0.03645,0.98859,-0.11121,-0.01267,-0.19945,-0.10165,-0.01736,0.55504,0.02356,0.15063,0.05630,-0.08349,-0.02286,0.01525,-0.32079,-0.04078,0.03471,0.57922,0.06275,-0.40172,-0.13099,0.69467,0.00265,0.00526,0.26907,-0.07829,-0.02178,0.62702,0.10085,0.38427,0.16441,-0.24736,0.00582,0.00135,0.34540,-0.00616,0.00528,0.55802,0.14793,0.11428,-0.04078,1.01748,-0.02872,-0.01751,-0.17476,-0.07345,0.00501,0.58943,0.11441,0.14714,-0.00250,-0.07269,0.06266,-0.01575,-0.31683,-0.00420,0.01087,0.58547,0.12001,-0.40889,-0.14373
16.2500,1625,16,16.2503,44.66,0.69128,-0.01180,-0.03494,0.25528,-0.07902,-0.02508,0.61864,-0.02095,0.43405,0.39363,-0.25146,-0.02605,0.00547,0.34177,-0.01117,-0.00563,0.54985,0.07313,0.11264,-0.03645,0.98859,-0.11121,-0.01267,-0.19945,-0.10165,-0.01736,0.55504,0.02356,0.15063,0.05630,-0.08322,-0.02936,0.01525,-0.31970,-0.02320,0.03471,0.57707,0.01391,-0.40172,-0.13099,0.69486,0.00451,0.00244,0.26544,-0.06686,-0.02444,0.63208,0.10191,0.39175,0.13561,-0.24705,0.00633,0.00074,0.34503,-0.00852,0.00435,0.56554,0.15241,0.11241,-0.03420,1.01582,-0.03808,-0.02037,-0.17849,-0.07567,0.00402,0.59532,0.12074,0.14705,-0.00097,-0.06976,0.05415,-0.01865,-0.31716,-0.00858,0.00722,0.59162,0.12581,-0.41550,-0.12127
16.3000,1630,16,16.3008,50.42,0.69128,-0.01180,-0.03494,0.25528,-0.07902,-0.02508,0.61864,-0.02095,0.43405,0.39363,-0.25441,-0.02788,-0.00440,0.34051,-0.00861,-0.00636,0.55475,0.02976,0.10622,-0.03982,0.97793,-0.08949,-0.04351,-0.20713,-0.06047,-0.04174,0.55552,0.00830,0.15364,0.03096,-0.08322,-0.02936,0.00654,-0.31970,-0.02320,-0.00373,0.57707,0.01391,-0.41244,-0.06764,0.69511,0.00516,0.00031,0.26240,-0.05463,-0.02515,0.63723,0.10399,0.39789,0.11061,-0.24673,0.00656,0.00023,0.34455,-0.01044,0.00351,0.57325,0.15597,0.11085,-0.02848,1.01366,-0.04844,-0.02164,-0.18232,-0.07740,0.00303,0.60149,0.12603,0.14704,0.00034,-0.06729,0.04459,-0.02015,-0.31766,-0.01144,0.00456,0.59803,0.13064,-0.42107,-0.10171
16.3500,1635,16,16.3499,49.17,0.69138,0.00027,-0.00639,0.25378,-0.03020,-0.03664,0.61593,-0.03445,0.46245,0.19504,-0.25441,-0.02788,-0.00440,0.34051,-0.00861,-0.00636,0.55475,0.02976,0.10622,-0.03982,0.97151,-0.03816,-0.06984,-0.21014,-0.00474,-0.04261,0.55568,0.01071,0.15777,0.05708,-0.08186,-0.00645,-0.00798,-0.32675,-0.03371,-0.01316,0.57605,0.00601,-0.41644,-0.10127,0.69536,0.00489,-0.00131,0.25998,-0.04239,-0.02463,0.64249,0.10661,0.40287,0.08891,-0.24640,0.00656,-0.00022,0.34399,-0.01197,0.00273,0.58112,0.15880,0.10955,-0.02352,1.01097,-0.05915,-0.02187,-0.18622,-0.07865,0.00208,0.60791,0.13048,0.14708,0.00144,-0.06531,0.03454,-0.02069,-0.31828,-0.01318,0.00262,0.60467,0.13469,-0.42572,-0.08468
16.4000,1640,16,16.4001,50.18,0.69138,0.00027,-0.00639,0.25378,-0.03020,-0.03664,0.61593,-0.03445,0.46245,0.19504,-0.25643,-0.01724,-0.01094,0.33948,-0.00608,-0.00659,0.55350,-0.00633,0.09944,-0.07812,0.97151,-0.03816,-0.06984,-0.21014,-0.00474,-0.04261,0.55568,0.01071,0.15777,0.05708,-0.08186,-0.00645,-0.00798,-0.32675,-0.03371,-0.01316,0.57605,0.00601,-0.41644,-0.10127,0.69558,0.00393,-0.00254,0.25815,-0.03059,-0.02336,0.64789,0.10944,0.40683,0.07009,-0.24608,0.00636,-0.00060,0.34336,-0.01314,0.00204,0.58912,0.16103,0.10849,-0.01921,1.00774,-0.06978,-0.02141,-0.19017,-0.07945,0.00119,0.61453,0.13423,0.14718,0.00237,-0.06384,0.02439,-0.02062,-0.31897,-0.01410,0.00120,0.61149,0.13808,-0.42957,-0.06986
16.4500,1645,16,16.4496,49.50,0.69087,-0.01043,-0.02745,0.25329,0.01577,-0.02198,0.61352,-0.00955,0.47080,-0.08567,-0.25643,-0.01724,-0.01094,0.33948,-0.00608,-0.00659,0.55350,-0.00633,0.09944,-0.07812,0.97130,0.02349,-0.05298,-0.20836,0.03743,-0.02323,0.55882,0.04862,0.16011,0.00649,-0.07836,0.01846,0.00099,-0.32984,-0.02331,-0.00388,0.57386,0.00303,-0.42588,-0.10793,0.69574,0.00245,-0.00347,0.25690,-0.01954,-0.02165,0.65343,0.11228,0.40992,0.05379,-0.24577,0.00597,-0.00095,0.34268,-0.01399,0.00144,0.59722,0.16274,0.10762,-0.01548,1.00400,-0.08007,-0.02051,-0.19416,-0.07983,0.00038,0.62132,0.13737,0.14732,0.00316,-0.06287,0.01438,-0.02013,-0.31968,-0.01442,0.00015,0.61847,0.14091,-0.43273,-0.05697
16.5000,1650,16,16.5001,50.52,0.69087,-0.01043,-0.02745,0.25329,0.01577,-0.02198,0.61352,-0.00955,0.47080,-0.08567,-0.25679,-0.00071,-0.01460,0.33926,0.00051,-0.00553,0.55365,0.00159,0.08991,-0.06537,0.97130,0.02349,-0.05298,-0.20836,0.03743,-0.02323,0.55882,0.04862,0.16011,0.00649,-0.07836,0.01846,0.00099,-0.32984,-0.02331,-0.00388,0.57386,0.00303,-0.42588,-0.10793,0.69582,0.00057,-0.00415,0.25618,-0.00939,-0.01973,0.65912,0.11500,0.41225,0.03968,-0.24548,0.00543,-0.00125,0.34197,-0.01456,0.00090,0.60539,0.16401,0.10693,-0.01225,0.99975,-0.08986,-0.01935,-0.19815,-0.07984,-0.00035,0.62825,0.13998,0.14749,0.00382,-0.06239,0.00469,-0.01938,-0.32040,-0.01429,-0.00062,0.62557,0.14325,-0.43530,-0.04576
16.5500,1655,16,16.5496,49.44,0.69065,0.00528,-0.02046,0.25663,0.05224,-0.04051,0.61433,0.02719,0.44265,-0.42818,-0.25679,-0.00071,-0.01460,0.33926,0.00051,-0.00553,0.55365,0.00159,0.08991,-0.06537,0.97591,0.06514,-0.03273,-0.20324,0.06060,-0.00474,0.56594,0.08773,0.15920,-0.03007,-0.07299,0.03449,0.00175,-0.33209,-0.01790,-0.01514,0.57156,0.00866,-0.44482,-0.31815,0.69580,-0.00160,-0.00465,0.25595,-0.00020,-0.01774,0.66493,0.11752,0.41392,0.02749,-0.24523,0.00475,-0.00153,0.34123,-0.01489,0.00045,0.61361,0.16489,0.10639,-0.00945,0.99502,-0.09903,-0.01803,-0.20214,-0.07950,-0.00100,0.63531,0.14212,0.14770,0.00438,-0.06239,-0.00460,-0.01848,-0.32111,-0.01384,-0.00119,0.63278,0.14514,-0.43734,-0.03604
16.6000,1660,16,16.5999,50.30,0.69065,0.00528,-0.02046,0.25663,0.05224,-0.04051,0.61433,0.02719,0.44265,-0.42818,-0.25446,0.01817,-0.01165,0.34098,0.00731,0.00059,0.55293,0.00001,0.08506,-0.02233,0.97591,0.06514,-0.03273,-0.20324,0.06060,-0.00474,0.56594,0.08773,0.15920,-0.03007,-0.07299,0.03449,0.00175,-0.33209,-0.01790,-0.01514,0.57156,0.00866,-0.44482,-0.31815,0.69566,-0.00396,-0.00498,0.25615,0.00801,-0.01575,0.67086,0.11979,0.41502,0.01697,-0.24501,0.00394,-0.00177,0.34048,-0.01501,0.00006,0.62187,0.16541,0.10598,-0.00703,0.98985,-0.10754,-0.01665,-0.20610,-0.07886,-0.00158,0.64246,0.14383,0.14793,0.00483,-0.06285,-0.01343,-0.01749,-0.32178,-0.01315,-0.00160,0.64008,0.14663,-0.43892,-0.02760
16.6500,1665,16,16.6498,49.98,0.69123,0.00650,-0.00751,0.26409,0.09409,-0.02245,0.61863,0.05131,0.40046,-0.29378,-0.25446,0.01817,-0.01165,0.34098,0.00731,0.00059,0.55293,0.00001,0.08506,-0.02233,0.98342,0.08280,-0.00333,-0.19704,0.05956,0.01513,0.57746,0.13491,0.15347,-0.07970,-0.06649,0.04226,0.02241,-0.33507,-0.01309,-0.00782,0.57219,0.03597,-0.47393,-0.17370,0.69540,-0.00646,-0.00519,0.25673,0.01527,-0.01384,0.67691,0.12179,0.41564,0.00790,-0.24484,0.00302,-0.00199,0.33973,-0.01496,-0.00027,0.63015,0.16560,0.10568,-0.00494,0.98428,-0.11536,-0.01525,-0.21002,-0.07797,-0.00207,0.64968,0.14515,0.14818,0.00521,-0.06373,-0.02176,-0.01646,-0.32242,-0.01229,-0.00189,0.64744,0.14775,-0.44011,-0.02028
16.7000,1670,16,16.6997,49.90,0.69123,0.00650,-0.00751,0.26409,0.09409,-0.02245,0.61863,0.05131,0.40046,-0.29378,-0.24817,0.04038,-0.00317,0.34579,0.01566,0.00826,0.55529,0.03852,0.08390,0.00391,0.98342,0.08280,-0.00333,-0.19704,0.05956,0.01513,0.57746,0.13491,0.15347,-0.07970,-0.06649,0.04226,0.02241,-0.33507,-0.01309,-0.00782,0.57219,0.03597,-0.47393,-0.17370,0.69501,-0.00904,-0.00529,0.25766,0.02160,-0.01202,0.68304,0.12351,0.41584,0.00010,-0.24471,0.00199,-0.00219,0.33899,-0.01476,-0.00054,0.63842,0.16549,0.10548,-0.00314,0.97833,-0.12250,-0.01387,-0.21389,-0.07684,-0.00249,0.65697,0.14609,0.14845,0.00551,-0.06501,-0.02958,-0.01542,-0.32301,-0.01131,-0.00209,0.65485,0.14852,-0.44097,-0.01395
16.7500,1675,16,16.7498,50.05,0.68918,-0.01528,0.00967,0.27685,0.12151,-0.01888,0.62736,0.08249,0.37874,-0.14316,-0.24817,0.04038,-0.00317,0.34579,0.01566,0.00826,0.55529,0.03852,0.08390,0.00391,0.99161,0.07587,0.02375,-0.19153,0.04052,0.02678,0.59263,0.15895,0.14361,-0.07741,-0.06141,0.04183,0.00190,-0.33764,-0.01039,0.00811,0.57836,0.08796,-0.48676,-0.10256,0.69449,-0.01164,-0.00531,0.25888,0.02708,-0.01032,0.68925,0.12496,0.41567,-0.00659,-0.24464,0.00087,-0.00237,0.33826,-0.01444,-0.00075,0.64669,0.16508,0.10536,-0.00160,0.97204,-0.12897,-0.01252,-0.21770,-0.07553,-0.00285,0.66429,0.14669,0.14873,0.00576,-0.06668,-0.03689,-0.01440,-0.32355,-0.01025,-0.00221,0.66229,0.14896,-0.44152,-0.00847
16.8000,1680,16,16.8005,50.68,0.68918,-0.01528,0.00967,0.27685,0.12151,-0.01888,0.62736,0.08249,0.37874,-0.14316,-0.24022,0.05145,0.00690,0.35113,0.01660,0.01265,0.56421,0.13875,0.08763,0.07615,0.99161,0.07587,0.02375,-0.19153,0.04052,0.02678,0.59263,0.15895,0.14361,-0.07741,-0.06141,0.04183,0.00190,-0.33764,-0.01039,0.00811,0.57836,0.08796,-0.48676,-0.10256,0.69385,-0.01423,-0.00525,0.26035,0.03175,-0.00874,0.69553,0.12615,0.41519,-0.01232,-0.24462,-0.00033,-0.00252,0.33755,-0.01402,-0.00092,0.65493,0.16440,0.10532,-0.00027,0.96544,-0.13480,-0.01123,-0.22144,-0.07406,-0.00314,0.67163,0.14696,0.14902,0.00595,-0.06869,-0.04370,-0.01340,-0.32403,-0.00915,-0.00227,0.66974,0.14908,-0.44183,-0.00375
16.8500,1685,16,16.8499,49.43,0.68712,-0.02138,0.00650,0.28925,0.12198,0.02550,0.63660,0.09290,0.38357,0.15704,-0.24022,0.05145,0.00690,0.35113,0.01660,0.01265,0.56421,0.13875,0.08763,0.07615,0.99752,0.04827,0.04171,-0.18914,0.00624,0.03580,0.60740,0.15667,0.13655,-0.04161,-0.05626,0.03597,0.01169,-0.33817,-0.00466,-0.00122,0.58701,0.12156,-0.49914,-0.09035,0.69307,-0.01678,-0.00512,0.26204,0.03567,-0.00728,0.70186,0.12709,0.41445,-0.01720,-0.24467,-0.00160,-0.00266,0.33686,-0.01354,-0.00105,0.66313,0.16346,0.10533,0.00087,0.95857,-0.14000,-0.01000,-0.22510,-0.07246,-0.00337,0.67898,0.14691,0.14932,0.00610,-0.07104,-0.05004,-0.01243,-0.32446,-0.00803,-0.00228,0.67719,0.14890,-0.44191,0.00032
16.9000,1690,16,16.9001,50.19,0.68712,-0.02138,0.00650,0.28925,0.12198,0.02550,0.63660,0.09290,0.38357,0.15704,-0.23354,0.04333,0.02097,0.35395,0.00201,0.01663,0.58012,0.18675,0.09774,0.10669,0.99752,0.04827,0.04171,-0.18914,0.00624,0.03580,0.60740,0.15667,0.13655,-0.04161,-0.05626,0.03597,0.01169,-0.33817,-0.00466,-0.00122,0.58701,0.12156,-0.49914,-0.09035,0.69217,-0.01926,-0.00497,0.26391,0.03891,-0.00595,0.70824,0.12777,0.41348,-0.02136,-0.24479,-0.00294,-0.00278,0.33620,-0.01300,-0.00114,0.67127,0.16225,0.10540,0.00184,0.95145,-0.14462,-0.00884,-0.22868,-0.07076,-0.00356,0.68632,0.14655,0.14963,0.00621,-0.07369,-0.05590,-0.01150,-0.32484,-0.00692,-0.00226,0.68462,0.14842,-0.44180,0.00382
16.9500,1695,16,16.9497,49.61,0.68504,-0.02205,0.02294,0.29981,0.08402,0.04168,0.64653,0.10902,0.39652,0.11861,-0.23354,0.04333,0.02097,0.35395,0.00201,0.01663,0.58012,0.18675,0.09774,0.10669,0.99957,0.00659,0.04834,-0.19111,-0.02985,0.02865,0.62098,0.14534,0.13313,-0.01619,-0.05356,0.01750,0.02802,-0.33830,-0.00154,0.01116,0.59966,0.15595,-0.50806,-0.03675,0.69115,-0.02165,-0.00479,0.26592,0.04152,-0.00473,0.71464,0.12817,0.41233,-0.02487,-0.24497,-0.00433,-0.00289,0.33556,-0.01243,-0.00120,0.67935,0.16077,0.10551,0.00267,0.94412,-0.14868,-0.00774,-0.23218,-0.06898,-0.00369,0.69363,0.14588,0.14994,0.00629,-0.07662,-0.06132,-0.01061,-0.32516,-0.00583,-0.00220,0.69203,0.14763,-0.44154,0.00682
17.0000,1700,17,17.0004,50.65,0.68504,-0.02205,0.02294,0.29981,0.08402,0.04168,0.64653,0.10902,0.39652,0.11861,-0.23019,0.02345,0.02363,0.35327,-0.01492,0.01225,0.59887,0.17606,0.10862,0.11465,0.99957,0.00659,0.04834,-0.19111,-0.02985,0.02865,0.62098,0.14534,0.13313,-0.01619,-0.05356,0.01750,0.02802,-0.33830,-0.00154,0.01116,0.59966,0.15595,-0.50806,-0.03675,0.68504,-0.02205,0.02294,0.29981,0.08402,0.04168,0.64653,0.10902,0.39652,0.11861,-0.23019,0.02345,0.02363,0.35327,-0.01492,0.01225,0.59887,0.17606,0.10862,0.11465,0.99957,0.00659,0.04834,-0.19111,-0.02985,0.02865,0.62098,0.14534,0.13313,-0.01619,-0.05356,0.01750,0.02802,-0.33830,-0.00154,0.01116,0.59966,0.15595,-0.50806,-0.03675
17.0500,1705,17,17.0500,49.64,0.67404,-0.04348,0.02344,0.29814,-0.00163,0.07071,0.65449,0.14856,0.40981,0.15469,-0.23019,0.02345,0.02363,0.35327,-0.01492,0.01225,0.59887,0.17606,0.10862,0.11465,0.99652,-0.03757,0.04563,-0.19729,-0.06188,0.02194,0.63210,0.13072,0.13347,-0.00531,-0.05281,-0.00316,0.00974,-0.33897,-0.00328,0.01672,0.61776,0.20252,-0.51046,0.03580,0.68421,-0.01146,0.02023,0.30355,0.06687,0.02904,0.65228,0.12033,0.40189,0.09680,-0.22877,0.03268,0.01458,0.35239,-0.01963,0.00731,0.60766,0.17545,0.11401,0.10130,1.00037,0.02296,0.02037,-0.19292,-0.04155,0.01961,0.62831,0.14759,0.13240,-0.01301,-0.05242,0.02705,0.01202,-0.33849,-0.00560,0.00577,0.60755,0.15959,-0.50968,-0.02820
17.1000,1710,17,17.1002,50.26,0.67404,-0.04348,0.02344,0.29814,-0.00163,0.07071,0.65449,0.14856,0.40981,0.15469,-0.22902,-0.00096,0.02626,0.35115,-0.02605,0.00620,0.61609,0.15941,0.12098,0.12116,0.99652,-0.03757,0.04563,-0.19729,-0.06188,0.02194,0.63210,0.13072,0.13347,-0.00531,-0.05281,-0.00316,0.00974,-0.33897,-0.00328,0.01672,0.61776,0.20252,-0.51046,0.03580,0.68387,-0.00220,0.01754,0.30658,0.05487,0.02044,0.65851,0.12855,0.40625,0.07788,-0.22699,0.03822,0.00839,0.35134,-0.02235,0.00399,0.61642,0.17505,0.11878,0.08960,1.00168,0.02814,0.00206,-0.19521,-0.04954,0.01332,0.63574,0.14966,0.13182,-0.01026,-0.05097,0.03018,0.00152,-0.33883,-0.00751,0.00224,0.61561,0.16266,-0.51090,-0.02079
17.1500,1715,17,17.1514,51.18,0.67404,-0.04348,0.02344,0.29814,-0.00163,0.07071,0.65449,0.14856,0.40981,0.15469,-0.22902,-0.00096,0.02626,0.35115,-0.02605,0.00620,0.61609,0.15941,0.12098,0.12116,0.99652,-0.03757,0.04563,-0.19729,-0.06188,0.02194,0.63210,0.13072,0.13347,-0.00531,-0.05281,-0.00316,0.00974,-0.33897,-0.00328,0.01672,0.61776,0.20252,-0.51046,0.03580,0.68397,0.00576,0.01494,0.30910,0.04637,0.01460,0.66509,0.13444,0.40972,0.06148,-0.22499,0.04123,0.00417,0.35018,-0.02373,0.00179,0.62516,0.17460,0.12300,0.07934,1.00306,0.02606,-0.00964,-0.19783,-0.05493,0.00895,0.64327,0.15137,0.13137,-0.00788,-0.04947,0.02915,-0.00523,-0.33922,-0.00801,-0.00002,0.62380,0.16504,-0.51177,-0.01440
17.2000,1720,17,17.1998,48.33,0.66841,-0.03461,0.00335,0.29419,-0.06343,0.04152,0.66924,0.15716,0.42967,0.25336,-0.23050,-0.02071,0.00791,0.34839,-0.03017,-0.00661,0.62488,0.06909,0.13155,0.12015,0.98867,-0.06555,-0.00647,-0.20714,-0.07609,-0.01514,0.63976,0.09256,0.13527,0.02044,-0.05350,-0.02010,0.01836,-0.34367,-0.01977,-0.00334,0.63762,0.18479,-0.51711,-0.05672,0.68443,0.01248,0.01248,0.31125,0.04024,0.01066,0.67192,0.13854,0.41243,0.04728,-0.22289,0.04253,0.00131,0.34898,-0.02423,0.00036,0.63387,0.17392,0.12673,0.07033,1.00421,0.01942,-0.01683,-0.20067,-0.05853,0.00589,0.65087,0.15261,0.13102,-0.00584,-0.04809,0.02547,-0.00941,-0.33961,-0.00762,-0.00142,0.63210,0.16668,-0.51235,-0.00887
17.2500,1725,17,17.2501,50.39,0.66575,-0.01722,-0.02048,0.28212,-0.10101,0.01978,0.68238,0.12695,0.45611,0.27381,-0.23050,-0.02071,0.00791,0.34839,-0.03017,-0.00661,0.62488,0.06909,0.13155,0.12015,0.98018,-0.05212,-0.02753,-0.21638,-0.04890,-0.03209,0.64251,0.04507,0.13534,-0.02608,-0.05611,-0.03133,0.01070,-0.34435,-0.01425,-0.00141,0.64921,0.07590,-0.51666,0.09219,0.68520,0.01803,0.01019,0.31315,0.03570,0.00803,0.67892,0.14121,0.41448,0.03500,-0.22076,0.04266,-0.00064,0.34777,-0.02417,-0.00055,0.64255,0.17292,0.13005,0.06243,1.00496,0.01004,-0.02097,-0.20366,-0.06086,0.00375,0.65852,0.15329,0.13078,-0.00408,-0.04695,0.02020,-0.01186,-0.33997,-0.00670,-0.00224,0.64046,0.16757,-0.51267,-0.00412
17.3000,1730,17,17.2996,49.45,0.66575,-0.01722,-0.02048,0.28212,-0.10101,0.01978,0.68238,0.12695,0.45611,0.27381,-0.22793,-0.01606,-0.00916,0.35230,-0.00966,-0.01221,0.62558,0.02051,0.14159,0.10988,0.98018,-0.05212,-0.02753,-0.21638,-0.04890,-0.03209,0.64251,0.04507,0.13534,-0.02608,-0.05611,-0.03133,0.01070,-0.34435,-0.01425,-0.00141,0.64921,0.07590,-0.51666,0.09219,0.68622,0.02251,0.00809,0.31484,0.03222,0.00628,0.68603,0.14271,0.41596,0.02440,-0.21864,0.04200,-0.00196,0.34657,-0.02375,-0.00111,0.65116,0.17152,0.13299,0.05550,1.00519,-0.00082,-0.02305,-0.20674,-0.06231,0.00224,0.66619,0.15339,0.13061,-0.00256,-0.04609,0.01403,-0.01315,-0.34028,-0.00549,-0.00265,0.64884,0.16770,-0.51277,-0.00003
17.3500,1735,17,17.3496,50.00,0.66394,-0.00121,-0.03193,0.27778,-0.05701,-0.01156,0.69224,0.07713,0.47835,0.18984,-0.22793,-0.01606,-0.00916,0.35230,-0.00966,-0.01221,0.62558,0.02051,0.14159,0.10988,0.97295,-0.02716,-0.04286,-0.22347,-0.01898,-0.02836,0.64072,0.01216,0.13447,-0.00067,-0.05918,-0.03481,0.01618,-0.35181,-0.02701,-0.02151,0.65234,0.00289,-0.50357,0.17457,0.68743,0.02600,0.00618,0.31638,0.02945,0.00513,0.69318,0.14321,0.41694,0.01526,-0.21657,0.04081,-0.00284,0.34540,-0.02312,-0.00142,0.65969,0.16968,0.13561,0.04942,1.00487,-0.01235,-0.02377,-0.20988,-0.06313,0.00117,0.67385,0.15288,0.13052,-0.00127,-0.04555,0.00742,-0.01366,-0.34052,-0.00414,-0.00281,0.65722,0.16709,-0.51269,0.00347
17.4000,1740,17,17.3995,49.94,0.66394,-0.00121,-0.03193,0.27778,-0.05701,-0.01156,0.69224,0.07713,0.47835,0.18984,-0.22516,-0.00231,-0.01285,0.35771,0.01315,-0.00597,0.62258,-0.00653,0.15466,0.10693,0.97295,-0.02716,-0.04286,-0.22347,-0.01898,-0.02836,0.64072,0.01216,0.13447,-0.00067,-0.05918,-0.03481,0.01618,-0.35181,-0.02701,-0.02151,0.65234,0.00289,-0.50357,0.17457,0.68880,0.02860,0.00446,0.31779,0.02713,0.00438,0.70033,0.14285,0.41751,0.00739,-0.21456,0.03926,-0.00344,0.34426,-0.02239,-0.00156,0.66812,0.16738,0.13795,0.04407,1.00396,-0.02399,-0.02358,-0.21305,-0.06350,0.00041,0.68147,0.15177,0.13048,-0.00016,-0.04535,0.00071,-0.01367,-0.34069,-0.00277,-0.00278,0.66554,0.16578,-0.51244,0.00647
17.4500,1745,17,17.4501,50.58,0.66640,0.03153,-0.04618,0.27195,-0.03986,-0.02562,0.69633,0.02065,0.49103,0.09596,-0.22516,-0.00231,-0.01285,0.35771,0.01315,-0.00597,0.62258,-0.00653,0.15466,0.10693,0.96821,0.00419,-0.03367,-0.22874,0.00051,-0.01649,0.63751,0.01225,0.13353,-0.00990,-0.06324,-0.04207,0.01453,-0.35307,-0.00061,-0.01436,0.64904,-0.03711,-0.48583,0.15963,0.69028,0.03040,0.00291,0.31910,0.02510,0.00391,0.70745,0.14172,0.41770,0.00064,-0.21265,0.03747,-0.00384,0.34316,-0.02161,-0.00159,0.67642,0.16459,0.14003,0.03937,1.00247,-0.03539,-0.02283,-0.21622,-0.06357,-0.00013,0.68902,0.15006,0.13050,0.00079,-0.04548,-0.00593,-0.01334,-0.34080,-0.00143,-0.00264,0.67378,0.16380,-0.51205,0.00902
17.5000,1750,17,17.5001,50.01,0.66640,0.03153,-0.04618,0.27195,-0.03986,-0.02562,0.69633,0.02065,0.49103,0.09596,-0.21230,0.02122,-0.00775,0.37611,0.04077,0.01172,0.61421,0.04184,0.16679,0.09850,0.96821,0.00419,-0.03367,-0.22874,0.00051,-0.01649,0.63751,0.01225,0.13353,-0.00990,-0.06324,-0.04207,0.01453,-0.35307,-0.00061,-0.01436,0.64904,-0.03711,-0.48583,0.15963,0.69183,0.03149,0.00154,0.32031,0.02327,0.00361,0.71449,0.13991,0.41758,-0.00515,-0.21082,0.03551,-0.00411,0.34210,-0.02084,-0.00155,0.68457,0.16133,0.14189,0.03525,1.00042,-0.04633,-0.02171,-0.21940,-0.06340,-0.00051,0.69646,0.14777,0.13056,0.00159,-0.04594,-0.01235,-0.01282,-0.34084,-0.00019,-0.00243,0.68191,0.16117,-0.51154,0.01118
17.5500,1755,17,17.5495,49.39,0.67135,0.05708,-0.04089,0.26881,-0.00194,-0.02962,0.69691,-0.00435,0.50327,0.10264,-0.21230,0.02122,-0.00775,0.37611,0.04077,0.01172,0.61421,0.04184,0.16679,0.09850,0.96601,0.02601,-0.02677,-0.23228,0.01268,-0.00717,0.63524,0.03134,0.13340,-0.01563,-0.06745,-0.03758,-0.00502,-0.35293,0.00774,-0.00881,0.64302,-0.05703,-0.48193,-0.06505,0.69342,0.03193,0.00032,0.32143,0.02154,0.00343,0.72143,0.13748,0.41720,-0.01008,-0.20910,0.03345,-0.00429,0.34107,-0.02009,-0.00146,0.69255,0.15759,0.14356,0.03161,0.99785,-0.05666,-0.02040,-0.22256,-0.06308,-0.00078,0.70378,0.14491,0.13066,0.00227,-0.04671,-0.01849,-0.01218,-0.34082,0.00095,-0.00218,0.68989,0.15793,-0.51093,0.01300
17.6000,1760,17,17.5999,50.41,0.67135,0.05708,-0.04089,0.26881,-0.00194,-0.02962,0.69691,-0.00435,0.50327,0.10264,-0.21168,0.01374,0.00906,0.37724,0.01413,0.02870,0.62070,0.09570,0.17573,0.04750,0.96601,0.02601,-0.02677,-0.23228,0.01268,-0.00717,0.63524,0.03134,0.13340,-0.01563,-0.06745,-0.03758,-0.00502,-0.35293,0.00774,-0.00881,0.64302,-0.05703,-0.48193,-0.06505,0.69501,0.03182,-0.00075,0.32246,0.01988,0.00333,0.72823,0.13449,0.41659,-0.01428,-0.20748,0.03131,-0.00442,0.34009,-0.01941,-0.00134,0.70032,0.15338,0.14506,0.02842,0.99477,-0.06632,-0.01898,-0.22570,-0.06265,-0.00098,0.71094,0.14150,0.13078,0.00285,-0.04778,-0.02429,-0.01148,-0.34075,0.00195,-0.00190,0.69769,0.15411,-0.51025,0.01453
17.6500,1765,17,17.6501,50.14,0.67791,0.07262,-0.02464,0.27094,0.04114,-0.03018,0.69600,-0.00981,0.50913,0.01337,-0.21168,0.01374,0.00906,0.37724,0.01413,0.02870,0.62070,0.09570,0.17573,0.04750,0.96537,0.03736,-0.01131,-0.23543,0.01413,-0.00089,0.63663,0.08128,0.13222,-0.02148,-0.07037,-0.01815,-0.01607,-0.35346,0.01668,-0.02536,0.63913,-0.00819,-0.49722,-0.16448,0.69659,0.03122,-0.00169,0.32342,0.01827,0.00327,0.73487,0.13100,0.41578,-0.01783,-0.20597,0.02912,-0.00450,0.33913,-0.01878,-0.00120,0.70788,0.14871,0.14641,0.02561,0.99123,-0.07527,-0.01752,-0.22882,-0.06213,-0.00111,0.71792,0.13756,0.13094,0.00333,-0.04913,-0.02975,-0.01076,-0.34063,0.00281,-0.00161,0.70529,0.14974,-0.50949,0.01580
17.7000,1770,17,17.7002,50.11,0.67791,0.07262,-0.02464,0.27094,0.04114,-0.03018,0.69600,-0.00981,0.50913,0.01337,-0.21177,0.00408,0.01201,0.37537,-0.02537,0.03266,0.62995,0.09912,0.17984,0.03758,0.96537,0.03736,-0.01131,-0.23543,0.01413,-0.00089,0.63663,0.08128,0.13222,-0.02148,-0.07037,-0.01815,-0.01607,-0.35346,0.01668,-0.02536,0.63913,-0.00819,-0.49722,-0.16448,0.69813,0.03018,-0.00250,0.32429,0.01668,0.00324,0.74132,0.12708,0.41482,-0.02081,-0.20457,0.02690,-0.00455,0.33821,-0.01823,-0.00105,0.71519,0.14357,0.14763,0.02313,0.98725,-0.08351,-0.01607,-0.23192,-0.06156,-0.00121,0.72469,0.13310,0.13112,0.00373,-0.05075,-0.03484,-0.01003,-0.34047,0.00353,-0.00133,0.71266,0.14483,-0.50867,0.01685
17.7500,1775,17,17.7500,49.85,0.68525,0.07138,-0.00718,0.27689,0.07714,-0.03356,0.69536,-0.00266,0.50578,-0.06964,-0.21177,0.00408,0.01201,0.37537,-0.02537,0.03266,0.62995,0.09912,0.17984,0.03758,0.96585,0.03811,-0.00140,-0.23793,0.01043,0.00120,0.64321,0.12890,0.13028,-0.01230,-0.07047,0.01155,-0.01781,-0.35290,0.02169,-0.02215,0.64247,0.07036,-0.50783,-0.06236,0.69960,0.02878,-0.00320,0.32508,0.01509,0.00324,0.74757,0.12271,0.41371,-0.02331,-0.20328,0.02465,-0.00459,0.33731,-0.01775,-0.00089,0.72223,0.13799,0.14873,0.02094,0.98289,-0.09105,-0.01466,-0.23498,-0.06096,-0.00127,0.73122,0.12813,0.13131,0.00406,-0.05261,-0.03959,-0.00933,-0.34028,0.00411,-0.00104,0.71977,0.13941,-0.50780,0.01770
17.8000,1780,17,17.8001,50.13,0.68525,0.07138,-0.00718,0.27689,0.07714,-0.03356,0.69536,-0.00266,0.50578,-0.06964,-0.21285,-0.00561,0.00490,0.37061,-0.05529,0.02016,0.64430,0.15801,0.18151,-0.02634,0.96585,0.03811,-0.00140,-0.23793,0.01043,0.00120,0.64321,0.12890,0.13028,-0.01230,-0.07047,0.01155,-0.01781,-0.35290,0.02169,-0.02215,0.64247,0.07036,-0.50783,-0.06236,0.70100,0.02706,-0.00379,0.32580,0.01349,0.00327,0.75359,0.11788,0.41249,-0.02538,-0.20210,0.02239,-0.00462,0.33643,-0.01735,-0.00074,0.72898,0.13195,0.14973,0.01901,0.97816,-0.09790,-0.01330,-0.23801,-0.06033,-0.00130,0.73750,0.12267,0.13152,0.00433,-0.05470,-0.04400,-0.00865,-0.34006,0.00455,-0.00076,0.72659,0.13350,-0.50690,0.01838
17.8500,1785,17,17.8496,49.51,0.69180,0.05848,0.00388,0.28606,0.10450,-0.02744,0.69622,0.02513,0.49548,-0.11861,-0.21285,-0.00561,0.00490,0.37061,-0.05529,0.02016,0.64430,0.15801,0.18151,-0.02634,0.96630,0.03336,0.00251,-0.24058,0.00646,-0.00033,0.65381,0.16275,0.12919,-0.00780,-0.06826,0.03512,-0.00883,-0.35147,0.02079,-0.01235,0.65240,0.14627,-0.51966,-0.16772,0.70231,0.02508,-0.00428,0.32643,0.01188,0.00331,0.75935,0.11257,0.41118,-0.02707,-0.20104,0.02013,-0.00463,0.33557,-0.01703,-0.00058,0.73541,0.12547,0.15063,0.01730,0.97311,-0.10411,-0.01200,-0.24101,-0.05968,-0.00132,0.74348,0.11671,0.13174,0.00454,-0.05701,-0.04808,-0.00800,-0.33982,0.00486,-0.00050,0.73311,0.12710,-0.50597,0.01891
17.9000,1790,17,17.8998,50.12,0.69180,0.05848,0.00388,0.28606,0.10450,-0.02744,0.69622,0.02513,0.49548,-0.11861,-0.21405,-0.00495,-0.00414,0.36402,-0.07363,0.00955,0.66120,0.16956,0.18113,0.00386,0.96630,0.03336,0.00251,-0.24058,0.00646,-0.00033,0.65381,0.16275,0.12919,-0.00780,-0.06826,0.03512,-0.00883,-0.35147,0.02079,-0.01235,0.65240,0.14627,-0.51966,-0.16772,0.70351,0.02288,-0.00469,0.32699,0.01025,0.00336,0.76484,0.10675,0.40979,-0.02844,-0.20009,0.01785,-0.00464,0.33473,-0.01678,-0.00043,0.74152,0.11854,0.15146,0.01579,0.96776,-0.10969,-0.01078,-0.24398,-0.05903,-0.00132,0.74916,0.11028,0.13197,0.00471,-0.05951,-0.05185,-0.00738,-0.33958,0.00504,-0.00024,0.73929,0.12022,-0.50501,0.01932
17.9500,1795,17,17.9497,49.98,0.69686,0.04435,0.00387,0.29761,0.12452,-0.01066,0.70174,0.08982,0.48430,-0.09216,-0.21405,-0.00495,-0.00414,0.36402,-0.07363,0.00955,0.66120,0.16956,0.18113,0.00386,0.96597,0.02529,0.00679,-0.24371,0.00410,-0.00007,0.66736,0.18586,0.12714,-0.02328,-0.06720,0.02046,0.02148,-0.34413,0.06624,-0.00281,0.67057,0.20575,-0.52927,0.03371,0.70459,0.02049,-0.00503,0.32746,0.00858,0.00343,0.77002,0.10037,0.40834,-0.02953,-0.19925,0.01557,-0.00464,0.33389,-0.01661,-0.00028,0.74726,0.11117,0.15222,0.01446,0.96215,-0.11469,-0.00962,-0.24692,-0.05839,-0.00131,0.75450,0.10336,0.13221,0.00484,-0.06219,-0.05532,-0.00680,-0.33932,0.00510,-0.00000,0.74512,0.11287,-0.50404,0.01960
18.0000,1800,18,18.0004,50.63,0.69686,0.04435,0.00387,0.29761,0.12452,-0.01066,0.70174,0.08982,0.48430,-0.09216,-0.21497,-0.00285,-0.00805,0.35884,-0.06561,0.00150,0.67943,0.17942,0.18161,-0.00089,0.96597,0.02529,0.00679,-0.24371,0.00410,-0.00007,0.66736,0.18586,0.12714,-0.02328,-0.06720,0.02046,0.02148,-0.34413,0.06624,-0.00281,0.67057,0.20575,-0.52927,0.03371,0.69686,0.04435,0.00387,0.29761,0.12452,-0.01066,0.70174,0.08982,0.48430,-0.09216,-0.21497,-0.00285,-0.00805,0.35884,-0.06561,0.00150,0.67943,0.17942,0.18161,-0.00089,0.96597,0.02529,0.00679,-0.24371,0.00410,-0.00007,0.66736,0.18586,0.12714,-0.02328,-0.06720,0.02046,0.02148,-0.34413,0.06624,-0.00281,0.67057,0.20575,-0.52927,0.03371
18.0500,1805,18,18.0497,49.29,0.69439,0.01529,0.02349,0.30937,0.12310,0.00338,0.71558,0.16656,0.47480,0.00039,-0.21497,-0.00285,-0.00805,0.35884,-0.06561,0.00150,0.67943,0.17942,0.18161,-0.00089,0.96462,0.01298,0.00726,-0.24734,-0.00115,0.00294,0.68241,0.19342,0.12617,-0.00837,-0.06999,0.00091,-0.00251,-0.34559,0.01907,0.02248,0.68813,0.19350,-0.50981,0.29690,0.69912,0.04604,0.00296,0.30391,0.12656,0.00144,0.70666,0.10518,0.47986,-0.08554,-0.21519,-0.00545,-0.00291,0.35557,-0.06496,-0.00377,0.68799,0.16349,0.18159,-0.00012,0.96727,0.02580,-0.00393,-0.24350,0.00403,0.00036,0.67627,0.17066,0.12607,-0.01951,-0.06596,0.02789,0.00961,-0.34079,0.06714,-0.00096,0.68034,0.18563,-0.52763,0.03225
18.1000,1810,18,18.0999,50.25,0.69439,0.01529,0.02349,0.30937,0.12310,0.00338,0.71558,0.16656,0.47480,0.00039,-0.21517,0.00359,-0.01034,0.35151,-0.06424,-0.00125,0.69543,0.16012,0.18340,0.08720,0.96462,0.01298,0.00726,-0.24734,-0.00115,0.00294,0.68241,0.19342,0.12617,-0.00837,-0.06999,0.00091,-0.00251,-0.34559,0.01907,0.02248,0.68813,0.19350,-0.50981,0.29690,0.70146,0.04725,0.00198,0.31019,0.12383,0.00910,0.71210,0.11135,0.47574,-0.07963,-0.21548,-0.00600,0.00041,0.35238,-0.06225,-0.00698,0.69581,0.14940,0.18160,0.00054,0.96849,0.02210,-0.01062,-0.24331,0.00376,0.00071,0.68446,0.15707,0.12518,-0.01623,-0.06449,0.03055,0.00178,-0.33743,0.06725,0.00043,0.68917,0.16806,-0.52605,0.03091
18.1500,1815,18,18.1494,49.48,0.69549,-0.00165,0.02695,0.31621,0.09398,0.02578,0.73476,0.19444,0.48677,0.24756,-0.21517,0.00359,-0.01034,0.35151,-0.06424,-0.00125,0.69543,0.16012,0.18340,0.08720,0.96217,0.00615,-0.00762,-0.25162,-0.00243,-0.01529,0.69651,0.15625,0.12705,0.02215,-0.07367,-0.02361,-0.00346,-0.34707,-0.00542,0.01716,0.70571,0.13375,-0.47839,0.34928,0.70384,0.04798,0.00097,0.31625,0.11813,0.01373,0.71769,0.11118,0.47189,-0.07434,-0.21576,-0.00525,0.00247,0.34936,-0.05833,-0.00880,0.70295,0.13640,0.18164,0.00111,0.96944,0.01583,-0.01457,-0.24313,0.00334,0.00101,0.69199,0.14441,0.12444,-0.01338,-0.06296,0.03009,-0.00327,-0.33408,0.06677,0.00148,0.69717,0.15215,-0.52453,0.02967
18.2000,1820,18,18.1997,50.27,0.69549,-0.00165,0.02695,0.31621,0.09398,0.02578,0.73476,0.19444,0.48677,0.24756,-0.21504,0.00199,0.00033,0.34825,-0.03762,-0.02392,0.70913,0.08926,0.19278,0.10359,0.96217,0.00615,-0.00762,-0.25162,-0.00243,-0.01529,0.69651,0.15625,0.12705,0.02215,-0.07367,-0.02361,-0.00346,-0.34707,-0.00542,0.01716,0.70571,0.13375,-0.47839,0.34928,0.70624,0.04820,-0.00003,0.32197,0.11069,0.01631,0.72315,0.10667,0.46829,-0.06960,-0.21599,-0.00371,0.00367,0.34656,-0.05377,-0.00968,0.70946,0.12402,0.18171,0.00158,0.97004,0.00811,-0.01667,-0.24298,0.00278,0.00125,0.69890,0.13223,0.12383,-0.01091,-0.06151,0.02765,-0.00643,-0.33076,0.06584,0.00229,0.70440,0.13736,-0.52308,0.02852
18.2500,1825,18,18.2496,49.97,0.69218,-0.02324,0.02437,0.32198,0.05049,0.03932,0.75331,0.15509,0.50499,0.08342,-0.21504,0.00199,0.00033,0.34825,-0.03762,-0.02392,0.70913,0.08926,0.19278,0.10359,0.96002,0.01497,-0.01921,-0.25505,0.00796,-0.01000,0.70536,0.09502,0.12787,-0.01889,-0.07845,-0.03465,0.00201,-0.34976,-0.02487,0.00389,0.71357,0.03132,-0.44734,0.26360,0.70865,0.04795,-0.00099,0.32730,0.10235,0.01753,0.72831,0.09923,0.46492,-0.06534,-0.21613,-0.00174,0.00429,0.34399,-0.04894,-0.00995,0.71536,0.11199,0.18180,0.00199,0.97024,-0.00032,-0.01753,-0.24286,0.00212,0.00145,0.70522,0.12028,0.12334,-0.00877,-0.06022,0.02400,-0.00829,-0.32750,0.06456,0.00291,0.71092,0.12331,-0.52168,0.02745
18.3000,1830,18,18.2996,49.96,0.69218,-0.02324,0.02437,0.32198,0.05049,0.03932,0.75331,0.15509,0.50499,0.08342,-0.21520,0.00020,-0.00320,0.34494,-0.02415,-0.01624,0.71415,0.01677,0.20379,0.09231,0.96002,0.01497,-0.01921,-0.25505,0.00796,-0.01000,0.70536,0.09502,0.12787,-0.01889,-0.07845,-0.03465,0.00201,-0.34976,-0.02487,0.00389,0.71357,0.03132,-0.44734,0.26360,0.71103,0.04724,-0.00189,0.33220,0.09364,0.01785,0.73304,0.08983,0.46175,-0.06149,-0.21616,0.00043,0.00451,0.34167,-0.04408,-0.00981,0.72066,0.10015,0.18191,0.00232,0.97001,-0.00895,-0.01756,-0.24277,0.00137,0.00161,0.71093,0.10844,0.12295,-0.00691,-0.05912,0.01966,-0.00928,-0.32431,0.06300,0.00340,0.71674,0.10979,-0.52033,0.02645
18.3500,1835,18,18.3498,50.20,0.68724,-0.02843,0.00324,0.31831,-0.00046,0.03949,0.76124,0.05755,0.51279,0.06703,-0.21520,0.00020,-0.00320,0.34494,-0.02415,-0.01624,0.71415,0.01677,0.20379,0.09231,0.96196,0.02699,-0.01278,-0.25381,0.02075,-0.01778,0.71189,0.04950,0.12668,-0.01197,-0.08357,-0.03875,-0.01058,-0.34871,-0.00113,-0.01164,0.71337,-0.02515,-0.42227,0.30902,0.71337,0.04611,-0.00271,0.33666,0.08494,0.01758,0.73727,0.07916,0.45876,-0.05801,-0.21609,0.00264,0.00447,0.33958,-0.03935,-0.00942,0.72537,0.08844,0.18203,0.00260,0.96935,-0.01746,-0.01705,-0.24272,0.00055,0.00173,0.71606,0.09666,0.12265,-0.00531,-0.05826,0.01499,-0.00968,-0.32120,0.06124,0.00378,0.72190,0.09667,-0.51903,0.02551
18.4000,1840,18,18.3995,49.72,0.68724,-0.02843,0.00324,0.31831,-0.00046,0.03949,0.76124,0.05755,0.51279,0.06703,-0.21657,-0.00752,-0.00302,0.34363,-0.00378,-0.01133,0.71732,0.01269,0.21081,0.04130,0.96196,0.02699,-0.01278,-0.25381,0.02075,-0.01778,0.71189,0.04950,0.12668,-0.01197,-0.08357,-0.03875,-0.01058,-0.34871,-0.00113,-0.01164,0.71337,-0.02515,-0.42227,0.30902,0.71564,0.04460,-0.00345,0.34070,0.07646,0.01694,0.74094,0.06772,0.45594,-0.05484,-0.21590,0.00478,0.00425,0.33773,-0.03486,-0.00888,0.72951,0.07683,0.18217,0.00283,0.96827,-0.02562,-0.01620,-0.24271,-0.00032,0.00181,0.72060,0.08492,0.12242,-0.00393,-0.05763,0.01022,-0.00970,-0.31819,0.05931,0.00407,0.72642,0.08388,-0.51778,0.02462
18.4500,1845,18,18.4503,50.82,0.68427,-0.01369,-0.02304,0.31661,-0.01936,0.01922,0.76302,-0.02004,0.51972,0.05267,-0.21657,-0.00752,-0.00302,0.34363,-0.00378,-0.01133,0.71732,0.01269,0.21081,0.04130,0.96518,0.03730,-0.00749,-0.25095,0.03419,-0.00226,0.71509,0.01857,0.12630,-0.01908,-0.08953,-0.02723,-0.02609,-0.35573,-0.02729,-0.03761,0.70940,-0.02982,-0.39672,0.11637,0.71782,0.04274,-0.00409,0.34432,0.06835,0.01609,0.74404,0.05589,0.45328,-0.05195,-0.21561,0.00679,0.00393,0.33609,-0.03065,-0.00826,0.73306,0.06534,0.18231,0.00301,0.96679,-0.03332,-0.01515,-0.24275,-0.00123,0.00187,0.72456,0.07326,0.12225,-0.00275,-0.05723,0.00552,-0.00946,-0.31527,0.05726,0.00429,0.73030,0.07140,-0.51657,0.02378
18.5000,1850,18,18.4999,49.59,0.68427,-0.01369,-0.02304,0.31661,-0.01936,0.01922,0.76302,-0.02004,0.51972,0.05267,-0.21795,-0.00814,-0.00160,0.34376,0.00140,0.00126,0.72012,0.00250,0.21141,-0.02013,0.96518,0.03730,-0.00749,-0.25095,0.03419,-0.00226,0.71509,0.01857,0.12630,-0.01908,-0.08953,-0.02723,-0.02609,-0.35573,-0.02729,-0.03761,0.70940,-0.02982,-0.39672,0.11637,0.71991,0.04060,-0.00465,0.34754,0.06070,0.01511,0.74653,0.04395,0.45075,-0.04930,-0.21522,0.00862,0.00354,0.33466,-0.02676,-0.00759,0.73604,0.05400,0.18247,0.00315,0.96495,-0.04047,-0.01398,-0.24284,-0.00216,0.00191,0.72793,0.06172,0.12214,-0.00173,-0.05707,0.00097,-0.00905,-0.31246,0.05511,0.00445,0.73356,0.05923,-0.51540,0.02297
18.5500,1855,18,18.5497,49.75,0.68446,0.01948,-0.04241,0.31286,-0.02100,-0.00007,0.75692,-0.08147,0.51954,-0.09721,-0.21795,-0.00814,-0.00160,0.34376,0.00140,0.00126,0.72012,0.00250,0.21141,-0.02013,0.96906,0.03664,0.01340,-0.24744,0.03514,0.00070,0.71667,0.01311,0.12368,-0.01513,-0.09130,0.00486,-0.02662,-0.35336,0.02004,-0.04760,0.70721,-0.00593,-0.39377,-0.04581,0.72188,0.03820,-0.00511,0.35039,0.05353,0.01408,0.74843,0.03212,0.44834,-0.04686,-0.21475,0.01025,0.00311,0.33341,-0.02320,-0.00692,0.73846,0.04285,0.18263,0.00326,0.96276,-0.04702,-0.01275,-0.24297,-0.00310,0.00192,0.73073,0.05035,0.12208,-0.00087,-0.05713,-0.00335,-0.00854,-0.30976,0.05290,0.00457,0.73622,0.04738,-0.51427,0.02220
18.6000,1860,18,18.6000,50.28,0.68446,0.01948,-0.04241,0.31286,-0.02100,-0.00007,0.75692,-0.08147,0.51954,-0.09721,-0.21860,-0.00501,-0.00255,0.34367,-0.00063,0.00513,0.72067,0.02349,0.20913,-0.02274,0.96906,0.03664,0.01340,-0.24744,0.03514,0.00070,0.71667,0.01311,0.12368,-0.01513,-0.09130,0.00486,-0.02662,-0.35336,0.02004,-0.04760,0.70721,-0.00593,-0.39377,-0.04581,0.72372,0.03560,-0.00547,0.35290,0.04688,0.01304,0.74975,0.02056,0.44606,-0.04461,-0.21420,0.01167,0.00267,0.33233,-0.01997,-0.00626,0.74033,0.03195,0.18279,0.00334,0.96025,-0.05297,-0.01151,-0.24315,-0.00403,0.00191,0.73297,0.03920,0.12205,-0.00013,-0.05740,-0.00740,-0.00798,-0.30717,0.05064,0.00465,0.73831,0.03589,-0.51318,0.02146
18.6500,1865,18,18.6499,49.90,0.68807,0.05392,-0.04079,0.31179,0.00996,-0.00800,0.74728,-0.09986,0.50336,-0.25046,-0.21860,-0.00501,-0.00255,0.34367,-0.00063,0.00513,0.72067,0.02349,0.20913,-0.02274,0.97206,0.02303,0.01812,-0.24416,0.02861,0.00658,0.71882,0.03056,0.12257,0.00434,-0.08793,0.05293,-0.01816,-0.35085,0.04463,-0.04999,0.70872,0.04631,-0.40258,-0.24255,0.72544,0.03285,-0.00573,0.35509,0.04074,0.01203,0.75050,0.00940,0.44388,-0.04251,-0.21359,0.01288,0.00223,0.33141,-0.01706,-0.00561,0.74166,0.02132,0.18296,0.00339,0.95747,-0.05831,-0.01028,-0.24337,-0.00496,0.00188,0.73465,0.02832,0.12206,0.00049,-0.05787,-0.01117,-0.00739,-0.30470,0.04835,0.00468,0.73982,0.02477,-0.51213,0.02073
18.7000,1870,18,18.6997,49.89,0.68807,0.05392,-0.04079,0.31179,0.00996,-0.00800,0.74728,-0.09986,0.50336,-0.25046,-0.22083,-0.01044,-0.00411,0.34374,-0.00208,0.00881,0.73041,0.09126,0.20758,-0.01700,0.97206,0.02303,0.01812,-0.24416,0.02861,0.00658,0.71882,0.03056,0.12257,0.00434,-0.08793,0.05293,-0.01816,-0.35085,0.04463,-0.04999,0.70872,0.04631,-0.40258,-0.24255,0.72701,0.02999,-0.00591,0.35698,0.03508,0.01105,0.75070,-0.00126,0.44180,-0.04054,-0.21292,0.01387,0.00180,0.33062,-0.01446,-0.00500,0.74247,0.01102,0.18313,0.00342,0.95443,-0.06306,-0.00907,-0.24364,-0.00587,0.00183,0.73580,0.01776,0.12210,0.00101,-0.05851,-0.01464,-0.00678,-0.30234,0.04604,0.00469,0.74079,0.01405,-0.51111,0.02003
18.7500,1875,18,18.7500,50.25,0.69488,0.08140,-0.03572,0.31423,0.04042,-0.01824,0.73794,-0.07799,0.47530,-0.25177,-0.22083,-0.01044,-0.00411,0.34374,-0.00208,0.00881,0.73041,0.09126,0.20758,-0.01700,0.96709,-0.00056,0.02113,-0.25129,0.00952,0.01020,0.71122,0.03251,0.12369,-0.00212,-0.07698,0.10799,-0.00607,-0.34826,0.06938,-0.02899,0.71636,0.10356,-0.44720,-0.61832,0.72843,0.02707,-0.00599,0.35861,0.02989,0.01012,0.75038,-0.01136,0.43982,-0.03870,-0.21220,0.01465,0.00139,0.32996,-0.01215,-0.00442,0.74277,0.00107,0.18330,0.00342,0.95117,-0.06722,-0.00791,-0.24396,-0.00676,0.00177,0.73644,0.00755,0.12216,0.00145,-0.05933,-0.01782,-0.00617,-0.30009,0.04374,0.00468,0.74123,0.00374,-0.51012,0.01935
18.8000,1880,18,18.7997,49.74,0.69488,0.08140,-0.03572,0.31423,0.04042,-0.01824,0.73794,-0.07799,0.47530,-0.25177,-0.22056,-0.00132,-0.00311,0.33987,-0.01787,0.01012,0.73611,0.05950,0.20733,0.01270,0.96709,-0.00056,0.02113,-0.25129,0.00952,0.01020,0.71122,0.03251,0.12369,-0.00212,-0.07698,0.10799,-0.00607,-0.34826,0.06938,-0.02899,0.71636,0.10356,-0.44720,-0.61832,0.72971,0.02413,-0.00599,0.35998,0.02514,0.00926,0.74957,-0.02088,0.43793,-0.03695,-0.21146,0.01523,0.00100,0.32940,-0.01011,-0.00388,0.74258,-0.00851,0.18347,0.00341,0.94772,-0.07082,-0.00679,-0.24432,-0.00761,0.00170,0.73657,-0.00230,0.12224,0.00180,-0.06029,-0.02070,-0.00558,-0.29796,0.04146,0.00464,0.74117,-0.00614,-0.50917,0.01867
18.8500,1885,18,18.8498,50.06,0.70413,0.10165,-0.01600,0.31966,0.06461,-0.00799,0.73294,-0.01850,0.45402,-0.17444,-0.22056,-0.00132,-0.00311,0.33987,-0.01787,0.01012,0.73611,0.05950,0.20733,0.01270,0.95630,-0.02826,0.01885,-0.26295,-0.01083,0.00062,0.70396,0.04529,0.12398,0.01581,-0.06505,0.11017,0.04764,-0.33908,0.10851,-0.03018,0.72728,0.12909,-0.51069,-0.61058,0.73085,0.02121,-0.00592,0.36113,0.02079,0.00846,0.74830,-0.02982,0.43613,-0.03529,-0.21068,0.01563,0.00063,0.32894,-0.00834,-0.00337,0.74193,-0.01770,0.18364,0.00338,0.94410,-0.07389,-0.00571,-0.24472,-0.00842,0.00161,0.73621,-0.01177,0.12234,0.00209,-0.06139,-0.02330,-0.00500,-0.29595,0.03919,0.00458,0.74063,-0.01560,-0.50825,0.01801
18.9000,1890,18,18.9004,50.58,0.70413,0.10165,-0.01600,0.31966,0.06461,-0.00799,0.73294,-0.01850,0.45402,-0.17444,-0.21958,0.00807,-0.00483,0.33776,-0.02211,0.00760,0.74312,0.06532,0.20873,0.00754,0.95630,-0.02826,0.01885,-0.26295,-0.01083,0.00062,0.70396,0.04529,0.12398,0.01581,-0.06505,0.11017,0.04764,-0.33908,0.10851,-0.03018,0.72728,0.12909,-0.51069,-0.61058,0.73184,0.01833,-0.00583,0.36207,0.01682,0.00772,0.74660,-0.03822,0.43440,-0.03370,-0.20990,0.01585,0.00028,0.32856,-0.00680,-0.00290,0.74082,-0.02651,0.18381,0.00334,0.94034,-0.07643,-0.00469,-0.24516,-0.00919,0.00152,0.73540,-0.02084,0.12245,0.00232,-0.06262,-0.02561,-0.00443,-0.29404,0.03696,0.00451,0.73962,-0.02463,-0.50737,0.01736
18.9500,1895,18,18.9497,49.29,0.71452,0.10335,-0.00147,0.32690,0.07998,-0.01064,0.73422,0.04250,0.44039,-0.07165,-0.21958,0.00807,-0.00483,0.33776,-0.02211,0.00760,0.74312,0.06532,0.20873,0.00754,0.94797,-0.04421,0.00569,-0.27029,-0.01616,-0.00719,0.70287,0.05873,0.12411,-0.01249,-0.05599,0.07110,0.03990,-0.32238,0.16399,0.00749,0.73901,0.12515,-0.56121,-0.34387,0.73268,0.01549,-0.00571,0.36281,0.01321,0.00704,0.74449,-0.04615,0.43275,-0.03217,-0.20910,0.01591,-0.00004,0.32826,-0.00548,-0.00247,0.73928,-0.03494,0.18398,0.00328,0.93646,-0.07849,-0.00371,-0.24564,-0.00991,0.00142,0.73413,-0.02954,0.12257,0.00249,-0.06395,-0.02765,-0.00389,-0.29225,0.03477,0.00442,0.73817,-0.03326,-0.50652,0.01670
19.0000,1900,19,18.9996,49.91,0.71452,0.10335,-0.00147,0.32690,0.07998,-0.01064,0.73422,0.04250,0.44039,-0.07165,-0.21891,0.01000,-0.00485,0.33398,-0.02830,-0.00007,0.74926,0.02724,0.20663,-0.01152,0.94797,-0.04421,0.00569,-0.27029,-0.01616,-0.00719,0.70287,0.05873,0.12411,-0.01249,-0.05599,0.07110,0.03990,-0.32238,0.16399,0.00749,0.73901,0.12515,-0.56121,-0.34387,0.71452,0.10335,-0.00147,0.32690,0.07998,-0.01064,0.73422,0.04250,0.44039,-0.07165,-0.21891,0.01000,-0.00485,0.33398,-0.02830,-0.00007,0.74926,0.02724,0.20663,-0.01152,0.94797,-0.04421,0.00569,-0.27029,-0.01616,-0.00719,0.70287,0.05873,0.12411,-0.01249,-0.05599,0.07110,0.03990,-0.32238,0.16399,0.00749,0.73901,0.12515,-0.56121,-0.34387
19.0500,1905,19,19.0501,50.58,0.72673,0.10925,0.01322,0.32681,0.04703,0.00734,0.74296,0.08743,0.43765,-0.00291,-0.21891,0.01000,-0.00485,0.33398,-0.02830,-0.00007,0.74926,0.02724,0.20663,-0.01152,0.93927,-0.04783,-0.00567,-0.27708,-0.01117,-0.01588,0.70385,0.07459,0.12328,-0.01130,-0.05037,0.03783,0.02093,-0.31489,0.11909,0.02973,0.74934,0.09666,-0.58299,-0.08059,0.71966,0.10166,-0.00512,0.33099,0.08296,-0.00215,0.73600,0.02901,0.43697,-0.06546,-0.21845,0.00880,-0.00037,0.33258,-0.02743,-0.00324,0.75034,0.01600,0.20610,-0.00981,0.94583,-0.04171,0.00460,-0.27102,-0.01274,-0.00675,0.70555,0.04866,0.12354,-0.01054,-0.05202,0.08637,0.02344,-0.31428,0.15987,0.00914,0.74449,0.09460,-0.57726,-0.29907
19.1000,1910,19,19.1002,50.06,0.72673,0.10925,0.01322,0.32681,0.04703,0.00734,0.74296,0.08743,0.43765,-0.00291,-0.21738,0.01769,-0.00619,0.33070,-0.02723,-0.00501,0.75281,0.03836,0.20774,0.07443,0.93927,-0.04783,-0.00567,-0.27708,-0.01117,-0.01588,0.70385,0.07459,0.12328,-0.01130,-0.05037,0.03783,0.02093,-0.31489,0.11909,0.02973,0.74934,0.09666,-0.58299,-0.08059,0.72466,0.09854,-0.00742,0.33514,0.08259,0.00326,0.73712,0.01587,0.43384,-0.05987,-0.21800,0.00936,0.00241,0.33126,-0.02533,-0.00514,0.75086,0.00502,0.20565,-0.00834,0.94379,-0.03961,0.00402,-0.27157,-0.00954,-0.00631,0.70772,0.03815,0.12305,-0.00885,-0.04746,0.09498,0.01243,-0.30640,0.15514,0.01007,0.74853,0.06777,-0.59121,-0.25999
19.1500,1915,19,19.1503,50.09,0.73608,0.08098,0.04653,0.33031,0.03239,0.00279,0.75201,0.09262,0.43906,0.02875,-0.21738,0.01769,-0.00619,0.33070,-0.02723,-0.00501,0.75281,0.03836,0.20774,0.07443,0.97421,0.01110,-0.02454,-0.23080,0.05916,-0.01097,0.75367,0.12769,0.12538,0.03423,-0.04861,0.01297,-0.01011,-0.30390,0.09929,0.03890,0.75501,0.04545,-0.59036,0.04027,0.72949,0.09454,-0.00879,0.33921,0.08010,0.00658,0.73760,0.00322,0.43097,-0.05479,-0.21750,0.01098,0.00404,0.33006,-0.02253,-0.00618,0.75085,-0.00564,0.20526,-0.00707,0.94186,-0.03771,0.00380,-0.27197,-0.00656,-0.00588,0.70936,0.02736,0.12265,-0.00741,-0.04260,0.09917,0.00518,-0.29877,0.15007,0.01052,0.75132,0.04412,-0.60334,-0.22591
19.2000,1920,19,19.1995,49.25,0.73608,0.08098,0.04653,0.33031,0.03239,0.00279,0.75201,0.09262,0.43906,0.02875,-0.21497,0.02125,-0.00019,0.32920,-0.01375,-0.01161,0.75538,0.02066,0.21405,0.05610,0.97421,0.01110,-0.02454,-0.23080,0.05916,-0.01097,0.75367,0.12769,0.12538,0.03423,-0.04861,0.01297,-0.01011,-0.30390,0.09929,0.03890,0.75501,0.04545,-0.59036,0.04027,0.73411,0.09002,-0.00954,0.34313,0.07636,0.00849,0.73745,-0.00888,0.42835,-0.05015,-0.21690,0.01319,0.00489,0.32901,-0.01936,-0.00666,0.75031,-0.01593,0.20494,-0.00598,0.94002,-0.03585,0.00380,-0.27223,-0.00378,-0.00546,0.71046,0.01641,0.12231,-0.00617,-0.03760,0.10048,0.00052,-0.29140,0.14487,0.01062,0.75299,0.02321,-0.61388,-0.19621
19.2500,1925,19,19.2501,50.60,0.74199,0.04072,0.04748,0.33114,0.00568,0.00123,0.75987,0.06648,0.44405,0.04691,-0.21497,0.02125,-0.00019,0.32920,-0.01375,-0.01161,0.75538,0.02066,0.21405,0.05610,0.98732,0.04090,0.01318,-0.21187,0.07293,0.02832,0.77585,0.09450,0.12749,0.02434,-0.04772,0.01259,-0.03731,-0.30056,0.03147,0.03203,0.75587,0.00667,-0.58521,-0.02461,0.73849,0.08524,-0.00987,0.34684,0.07193,0.00944,0.73672,-0.02038,0.42595,-0.04589,-0.21618,0.01569,0.00522,0.32813,-0.01606,-0.00675,0.74926,-0.02581,0.20466,-0.00505,0.93828,-0.03396,0.00393,-0.27236,-0.00120,-0.00506,0.71100,0.00540,0.12203,-0.00512,-0.03258,0.09997,-0.00235,-0.28428,0.13969,0.01048,0.75368,0.00466,-0.62302,-0.17034
19.3000,1930,19,19.2995,49.33,0.74199,0.04072,0.04748,0.33114,0.00568,0.00123,0.75987,0.06648,0.44405,0.04691,-0.21252,0.01880,0.00761,0.32695,-0.00885,-0.00749,0.75676,0.01120,0.21923,0.03556,0.98732,0.04090,0.01318,-0.21187,0.07293,0.02832,0.77585,0.09450,0.12749,0.02434,-0.04772,0.01259,-0.03731,-0.30056,0.03147,0.03203,0.75587,0.00667,-0.58521,-0.02461,0.74263,0.08038,-0.00991,0.35031,0.06720,0.00976,0.73543,-0.03129,0.42376,-0.04197,-0.21533,0.01825,0.00520,0.32741,-0.01278,-0.00659,0.74773,-0.03524,0.20443,-0.00426,0.93663,-0.03198,0.00414,-0.27235,0.00119,-0.00468,0.71100,-0.00559,0.12179,-0.00424,-0.02762,0.09837,-0.00400,-0.27743,0.13462,0.01016,0.75349,-0.01182,-0.63097,-0.14784
19.3500,1935,19,19.3506,51.14,0.74417,0.00211,0.03288,0.32799,-0.01533,-0.00594,0.76322,0.02370,0.44654,0.00695,-0.21252,0.01880,0.00761,0.32695,-0.00885,-0.00749,0.75676,0.01120,0.21923,0.03556,0.98436,0.01679,0.02750,-0.21381,0.02721,0.04592,0.77425,0.00092,0.12835,-0.01163,-0.04587,0.03327,-0.01905,-0.29918,0.00726,-0.01792,0.75414,-0.00737,-0.59018,-0.00960,0.74653,0.07556,-0.00972,0.35355,0.06243,0.00964,0.73360,-0.04162,0.42175,-0.03831,-0.21435,0.02075,0.00495,0.32685,-0.00962,-0.00626,0.74575,-0.04419,0.20423,-0.00359,0.93508,-0.02990,0.00436,-0.27224,0.00339,-0.00430,0.71045,-0.01653,0.12160,-0.00350,-0.02275,0.09618,-0.00481,-0.27082,0.12974,0.00970,0.75252,-0.02648,-0.63786,-0.12827
19.4000,1940,19,19.4002,49.54,0.74417,0.00211,0.03288,0.32799,-0.01533,-0.00594,0.76322,0.02370,0.44654,0.00695,-0.21118,0.00953,0.00940,0.32758,0.00974,-0.00390,0.76277,0.04915,0.22198,0.00574,0.98436,0.01679,0.02750,-0.21381,0.02721,0.04592,0.77425,0.00092,0.12835,-0.01163,-0.04587,0.03327,-0.01905,-0.29918,0.00726,-0.01792,0.75414,-0.00737,-0.59018,-0.00960,0.75019,0.07088,-0.00935,0.35656,0.05780,0.00921,0.73127,-0.05139,0.41992,-0.03489,-0.21325,0.02308,0.00455,0.32644,-0.00666,-0.00580,0.74332,-0.05263,0.20407,-0.00303,0.93364,-0.02771,0.00454,-0.27202,0.00542,-0.00393,0.70935,-0.02739,0.12144,-0.00289,-0.01800,0.09375,-0.00505,-0.26445,0.12512,0.00912,0.75087,-0.03952,-0.64384,-0.11129
19.4500,1945,19,19.4499,49.76,0.74367,-0.01965,0.01023,0.32563,-0.01385,-0.02299,0.76278,-0.01818,0.44452,0.01038,-0.21118,0.00953,0.00940,0.32758,0.00974,-0.00390,0.76277,0.04915,0.22198,0.00574,0.97645,-0.02428,0.04657,-0.22365,-0.03922,0.04593,0.76185,-0.08521,0.12316,-0.04674,-0.04204,0.03806,0.00103,-0.29245,0.04109,-0.00096,0.75215,0.00338,-0.58479,0.09718,0.75362,0.06642,-0.00880,0.35934,0.05343,0.00854,0.72847,-0.06066,0.41826,-0.03166,-0.21205,0.02520,0.00405,0.32618,-0.00395,-0.00525,0.74049,-0.06053,0.20393,-0.00257,0.93231,-0.02545,0.00463,-0.27170,0.00725,-0.00355,0.70771,-0.03818,0.12131,-0.00239,-0.01338,0.09130,-0.00489,-0.25830,0.12082,0.00841,0.74860,-0.05110,-0.64902,-0.09657
19.5000,1950,19,19.4997,49.81,0.74367,-0.01965,0.01023,0.32563,-0.01385,-0.02299,0.76278,-0.01818,0.44452,0.01038,-0.20976,0.00653,0.00874,0.32752,0.00351,0.00228,0.76484,-0.01391,0.22150,-0.00820,0.97645,-0.02428,0.04657,-0.22365,-0.03922,0.04593,0.76185,-0.08521,0.12316,-0.04674,-0.04204,0.03806,0.00103,-0.29245,0.04109,-0.00096,0.75215,0.00338,-0.58479,0.09718,0.75684,0.06228,-0.00804,0.36191,0.04946,0.00765,0.72521,-0.06949,0.41675,-0.02857,-0.21074,0.02705,0.00348,0.32604,-0.00152,-0.00462,0.73728,-0.06786,0.20381,-0.00220,0.93109,-0.02319,0.00456,-0.27130,0.00889,-0.00313,0.70553,-0.04890,0.12120,-0.00201,-0.00887,0.08899,-0.00446,-0.25236,0.11689,0.00756,0.74578,-0.06135,-0.65353,-0.08384
19.5500,1955,19,19.5493,49.61,0.74209,-0.02604,-0.00744,0.32439,0.00835,-0.02388,0.75893,-0.05306,0.45022,0.07206,-0.20976,0.00653,0.00874,0.32752,0.00351,0.00228,0.76484,-0.01391,0.22150,-0.00820,0.96383,-0.07651,0.03963,-0.23958,-0.09859,0.02807,0.74235,-0.13260,0.11779,-0.05047,-0.03762,0.04774,0.00745,-0.29588,0.00640,0.00485,0.75184,0.01965,-0.57234,0.21095,0.75986,0.05858,-0.00699,0.36429,0.04597,0.00652,0.72153,-0.07794,0.41540,-0.02560,-0.20935,0.02860,0.00285,0.32602,0.00057,-0.00388,0.73372,-0.07458,0.20371,-0.00191,0.92999,-0.02102,0.00424,-0.27082,0.01031,-0.00264,0.70282,-0.05959,0.12111,-0.00171,-0.00447,0.08695,-0.00384,-0.24661,0.11343,0.00654,0.74248,-0.07036,-0.65744,-0.07286
19.6000,1960,19,19.6005,51.20,0.74209,-0.02604,-0.00744,0.32439,0.00835,-0.02388,0.75893,-0.05306,0.45022,0.07206,-0.20965,-0.00248,0.00831,0.32937,0.00475,0.00561,0.76100,-0.04935,0.22184,0.00016,0.96383,-0.07651,0.03963,-0.23958,-0.09859,0.02807,0.74235,-0.13260,0.11779,-0.05047,-0.03762,0.04774,0.00745,-0.29588,0.00640,0.00485,0.75184,0.01965,-0.57234,0.21095,0.76271,0.05549,-0.00551,0.36652,0.04312,0.00507,0.71743,-0.08611,0.41419,-0.02270,-0.20788,0.02983,0.00214,0.32609,0.00226,-0.00300,0.72983,-0.08066,0.20362,-0.00170,0.92899,-0.01909,0.00355,-0.27027,0.01146,-0.00205,0.69957,-0.07031,0.12103,-0.00151,-0.00017,0.08525,-0.00307,-0.24101,0.11052,0.00527,0.73876,-0.07818,-0.66084,-0.06342
