t,k,ping,wall,tick_ms,mx0,mxd0,mth0,my0,myd0,mph0,mz0,mzd0,mps0,mr0,mx1,mxd1,mth1,my1,myd1,mph1,mz1,mzd1,mps1,mr1,mx2,mxd2,mth2,my2,myd2,mph2,mz2,mzd2,mps2,mr2,mx3,mxd3,mth3,my3,myd3,mph3,mz3,mzd3,mps3,mr3,mx4,mxd4,mth4,my4,myd4,mph4,mz4,mzd4,mps4,mr4,px0,pxd0,pth0,py0,pyd0,pph0,pz0,pzd0,pps0,pr0,px1,pxd1,pth1,py1,pyd1,pph1,pz1,pzd1,pps1,pr1,px2,pxd2,pth2,py2,pyd2,pph2,pz2,pzd2,pps2,pr2,px3,pxd3,pth3,py3,pyd3,pph3,pz3,pzd3,pps3,pr3,px4,pxd4,pth4,py4,pyd4,pph4,pz4,pzd4,pps4,pr4
0.0000,0,0,0.0000,0.00,0.55000,0.00000,0.00000,0.39000,0.00000,0.00000,0.60000,0.00000,0.00000,0.00000,-0.35000,0.00000,0.00000,0.39000,0.00000,0.00000,0.60000,0.00000,0.00000,0.00000,0.55000,0.00000,0.00000,-0.25000,0.00000,0.00000,0.60000,0.00000,0.00000,0.00000,-0.35000,0.00000,0.00000,-0.25000,0.00000,0.00000,0.60000,0.00000,0.00000,0.00000,0.10000,0.00000,0.00000,0.07000,0.00000,0.00000,0.72000,0.00000,0.00000,0.00000,0.55000,0.00000,0.00000,0.39000,0.00000,0.00000,0.60000,0.00000,0.00000,0.00000,-0.35000,0.00000,0.00000,0.39000,0.00000,0.00000,0.60000,0.00000,0.00000,0.00000,0.55000,0.00000,0.00000,-0.25000,0.00000,0.00000,0.60000,0.00000,0.00000,0.00000,-0.35000,0.00000,0.00000,-0.25000,0.00000,0.00000,0.60000,0.00000,0.00000,0.00000,0.10000,0.00000,0.00000,0.07000,0.00000,0.00000,0.72000,0.00000,0.00000,0.00000
0.0500,5,0,0.0501,50.06,,,,,,,,,,,,,,,,,,,,,,,,,,,,,,,,,,,,,,,,,,,,,,,,,,,0.55000,0.00001,0.00004,0.39000,-0.00013,0.00049,0.60009,0.00375,0.00000,0.00000,-0.35002,-0.00098,-0.00355,0.38997,-0.00190,0.00695,0.60005,0.00180,0.00000,0.00000,0.54996,-0.00228,-0.00837,-0.25005,-0.00305,0.01118,0.60005,0.00199,0.00000,0.00000,-0.35000,-0.00000,-0.00001,-0.25000,-0.00027,0.00100,0.60010,0.00383,0.00000,0.00000,0.10000,-0.00009,-0.00032,0.07000,-0.00027,0.00102,0.72006,0.00241,0.00000,0.00000
0.1000,10,0,0.1000,49.94,,,,,,,,,,,,,,,,,,,,,,,,,,,,,,,,,,,,,,,,,,,,,,,,,,,0.55000,0.00002,-0.00000,0.38998,-0.00047,0.00089,0.60037,0.00739,0.00000,0.00000,-0.35012,-0.00314,-0.00500,0.38977,-0.00620,0.01008,0.60018,0.00355,0.00000,0.00000,0.54972,-0.00751,-0.01242,-0.25037,-0.01001,0.01648,0.60020,0.00404,0.00000,0.00000,-0.35000,-0.00001,-0.00001,-0.25003,-0.00092,0.00160,0.60038,0.00753,0.00000,0.00000,0.09999,-0.00029,-0.00049,0.06997,-0.00093,0.00160,0.72024,0.00475,0.00000,0.00000
0.1500,15,0,0.1500,49.99,,,,,,,,,,,,,,,,,,,,,,,,,,,,,,,,,,,,,,,,,,,,,,,,,,,0.55000,0.00001,-0.00007,0.38995,-0.00099,0.00122,0.60083,0.01093,0.00000,0.00000,-0.35034,-0.00570,-0.00527,0.38933,-0.01143,0.01099,0.60040,0.00524,0.00000,0.00000,0.54919,-0.01406,-0.01395,-0.25108,-0.01865,0.01831,0.60045,0.00618,0.00000,0.00000,-0.35000,-0.00001,0.00000,-0.25010,-0.00179,0.00194,0.60085,0.01110,0.00000,0.00000,0.09997,-0.00055,-0.00057,0.06990,-0.00180,0.00192,0.72053,0.00704,0.00000,0.00000
0.2000,20,0,0.2000,50.03,,,,,,,,,,,,,,,,,,,,,,,,,,,,,,,,,,,,,,,,,,,,,,,,,,,0.55000,-0.00005,-0.00015,0.38988,-0.00165,0.00149,0.60146,0.01437,0.00000,0.00000,-0.35069,-0.00821,-0.00491,0.38863,-0.01677,0.01063,0.60070,0.00688,0.00000,0.00000,0.54831,-0.02096,-0.01404,-0.25224,-0.02765,0.01812,0.60082,0.00846,0.00000,0.00000,-0.35000,-0.00001,0.00002,-0.25021,-0.00279,0.00213,0.60149,0.01455,0.00000,0.00000,0.09993,-0.00084,-0.00059,0.06978,-0.00278,0.00207,0.72094,0.00928,0.00000,0.00000
0.2500,25,0,0.2501,50.10,,,,,,,,,,,,,,,,,,,,,,,,,,,,,,,,,,,,,,,,,,,,,,,,,,,0.55000,-0.00014,-0.00022,0.38978,-0.00244,0.00171,0.60227,0.01772,0.00000,0.00000,-0.35115,-0.01046,-0.00424,0.38766,-0.02175,0.00959,0.60109,0.00845,0.00000,0.00000,0.54709,-0.02770,-0.01334,-0.25384,-0.03624,0.01679,0.60130,0.01095,0.00000,0.00000,-0.35000,0.00001,0.00003,-0.25038,-0.00386,0.00222,0.60230,0.01788,0.00000,0.00000,0.09989,-0.00112,-0.00058,0.06962,-0.00381,0.00212,0.72146,0.01147,0.00000,0.00000
0.3000,30,0,0.3001,49.99,,,,,,,,,,,,,,,,,,,,,,,,,,,,,,,,,,,,,,,,,,,,,,,,,,,0.54999,-0.00026,-0.00028,0.38964,-0.00333,0.00189,0.60324,0.02098,0.00000,0.00000,-0.35173,-0.01235,-0.00346,0.38646,-0.02612,0.00820,0.60155,0.00998,0.00000,0.00000,0.54555,-0.03399,-0.01227,-0.25585,-0.04402,0.01485,0.60192,0.01373,0.00000,0.00000,-0.35000,0.00003,0.00006,-0.25060,-0.00496,0.00226,0.60327,0.02109,0.00000,0.00000,0.09982,-0.00140,-0.00054,0.06940,-0.00485,0.00210,0.72209,0.01363,0.00000,0.00000
0.3500,35,0,0.3500,49.90,,,,,,,,,,,,,,,,,,,,,,,,,,,,,,,,,,,,,,,,,,,,,,,,,,,0.54997,-0.00041,-0.00032,0.38945,-0.00429,0.00204,0.60436,0.02416,0.00000,0.00000,-0.35238,-0.01386,-0.00268,0.38506,-0.02977,0.00667,0.60208,0.01151,0.00000,0.00000,0.54370,-0.03971,-0.01104,-0.25822,-0.05077,0.01263,0.60268,0.01687,0.00000,0.00000,-0.35000,0.00006,0.00008,-0.25088,-0.00608,0.00227,0.60441,0.02417,0.00000,0.00000,0.09975,-0.00165,-0.00049,0.06914,-0.00587,0.00204,0.72282,0.01577,0.00000,0.00000
0.4000,40,0,0.4001,50.05,,,,,,,,,,,,,,,,,,,,,,,,,,,,,,,,,,,,,,,,,,,,,,,,,,,0.54995,-0.00058,-0.00035,0.38921,-0.00533,0.00217,0.60565,0.02724,0.00000,0.00000,-0.35311,-0.01500,-0.00198,0.38350,-0.03266,0.00511,0.60270,0.01308,0.00000,0.00000,0.54159,-0.04482,-0.00981,-0.26091,-0.05639,0.01030,0.60362,0.02052,0.00000,0.00000,-0.34999,0.00011,0.00010,-0.25121,-0.00718,0.00225,0.60569,0.02712,0.00000,0.00000,0.09966,-0.00188,-0.00043,0.06882,-0.00685,0.00196,0.72367,0.01788,0.00000,0.00000
0.4500,45,0,0.4503,50.22,,,,,,,,,,,,,,,,,,,,,,,,,,,,,,,,,,,,,,,,,,,,,,,,,,,0.54991,-0.00075,-0.00035,0.38891,-0.00642,0.00227,0.60709,0.03023,0.00000,0.00000,-0.35388,-0.01581,-0.00137,0.38181,-0.03479,0.00359,0.60339,0.01479,0.00000,0.00000,0.53923,-0.04934,-0.00865,-0.26384,-0.06087,0.00797,0.60475,0.02482,0.00000,0.00000,-0.34999,0.00016,0.00013,-0.25160,-0.00828,0.00222,0.60712,0.02994,0.00000,0.00000,0.09956,-0.00207,-0.00036,0.06845,-0.00779,0.00186,0.72461,0.01998,0.00000,0.00000
0.5000,50,0,0.5001,49.79,,,,,,,,,,,,,,,,,,,,,,,,,,,,,,,,,,,,,,,,,,,,,,,,,,,0.54987,-0.00092,-0.00033,0.38856,-0.00755,0.00235,0.60867,0.03309,0.00000,0.00000,-0.35468,-0.01636,-0.00088,0.38003,-0.03619,0.00213,0.60418,0.01678,0.00000,0.00000,0.53666,-0.05332,-0.00760,-0.26698,-0.06422,0.00570,0.60611,0.03001,0.00000,0.00000,-0.34998,0.00023,0.00015,-0.25204,-0.00936,0.00218,0.60868,0.03262,0.00000,0.00000,0.09945,-0.00223,-0.00029,0.06804,-0.00867,0.00175,0.72566,0.02207,0.00000,0.00000
0.5500,55,0,0.5502,50.14,,,,,,,,,,,,,,,,,,,,,,,,,,,,,,,,,,,,,,,,,,,,,,,,,,,0.54982,-0.00108,-0.00030,0.38816,-0.00872,0.00241,0.61039,0.03581,0.00000,0.00000,-0.35551,-0.01670,-0.00052,0.37820,-0.03690,0.00075,0.60508,0.01928,0.00000,0.00000,0.53391,-0.05682,-0.00669,-0.27025,-0.06648,0.00352,0.60777,0.03635,0.00000,0.00000,-0.34996,0.00031,0.00018,-0.25253,-0.01042,0.00214,0.61038,0.03515,0.00000,0.00000,0.09934,-0.00236,-0.00022,0.06758,-0.00950,0.00163,0.72682,0.02414,0.00000,0.00000
0.6000,60,0,0.6000,49.81,,,,,,,,,,,,,,,,,,,,,,,,,,,,,,,,,,,,,,,,,,,,,,,,,,,0.54976,-0.00121,-0.00025,0.38769,-0.00991,0.00246,0.61225,0.03835,0.00000,0.00000,-0.35635,-0.01688,-0.00027,0.37635,-0.03695,-0.00048,0.60612,0.02242,0.00000,0.00000,0.53099,-0.05991,-0.00592,-0.27361,-0.06771,0.00154,0.60977,0.04402,0.00000,0.00000,-0.34995,0.00041,0.00021,-0.25308,-0.01146,0.00209,0.61219,0.03753,0.00000,0.00000,0.09922,-0.00245,-0.00015,0.06709,-0.01028,0.00152,0.72808,0.02620,0.00000,0.00000
0.6500,65,0,0.6503,50.28,,,,,,,,,,,,,,,,,,,,,,,,,,,,,,,,,,,,,,,,,,,,,,,,,,,0.54970,-0.00132,-0.00019,0.38717,-0.01112,0.00247,0.61423,0.04073,0.00000,0.00000,-0.35720,-0.01698,-0.00012,0.37451,-0.03646,-0.00152,0.60733,0.02597,0.00000,0.00000,0.52792,-0.06265,-0.00527,-0.27700,-0.06803,-0.00020,0.61218,0.05264,0.00000,0.00000,-0.34992,0.00052,0.00024,-0.25368,-0.01247,0.00204,0.61413,0.03976,0.00000,0.00000,0.09909,-0.00250,-0.00008,0.06656,-0.01099,0.00140,0.72944,0.02823,0.00000,0.00000
0.7000,70,0,0.7001,49.78,,,,,,,,,,,,,,,,,,,,,,,,,,,,,,,,,,,,,,,,,,,,,,,,,,,0.54963,-0.00140,-0.00011,0.38658,-0.01234,0.00247,0.61632,0.04296,0.00000,0.00000,-0.35805,-0.01702,-0.00006,0.37271,-0.03549,-0.00239,0.60872,0.02967,0.00000,0.00000,0.52473,-0.06510,-0.00473,-0.28040,-0.06756,-0.00169,0.61504,0.06180,0.00000,0.00000,-0.34989,0.00064,0.00027,-0.25432,-0.01346,0.00199,0.61617,0.04183,0.00000,0.00000,0.09897,-0.00252,-0.00000,0.06599,-0.01165,0.00129,0.73090,0.03020,0.00000,0.00000
0.7500,75,0,0.7503,50.18,,,,,,,,,,,,,,,,,,,,,,,,,,,,,,,,,,,,,,,,,,,,,,,,,,,0.54956,-0.00143,-0.00003,0.38593,-0.01354,0.00245,0.61852,0.04505,0.00000,0.00000,-0.35890,-0.01704,-0.00005,0.37097,-0.03414,-0.00309,0.61030,0.03334,0.00000,0.00000,0.52142,-0.06730,-0.00426,-0.28375,-0.06641,-0.00295,0.61837,0.07117,0.00000,0.00000,-0.34986,0.00078,0.00030,-0.25502,-0.01442,0.00193,0.61831,0.04373,0.00000,0.00000,0.09884,-0.00251,0.00007,0.06539,-0.01225,0.00118,0.73246,0.03211,0.00000,0.00000
0.8000,80,0,0.8001,49.85,,,,,,,,,,,,,,,,,,,,,,,,,,,,,,,,,,,,,,,,,,,,,,,,,,,0.54949,-0.00143,0.00005,0.38523,-0.01474,0.00241,0.62082,0.04699,0.00000,0.00000,-0.35975,-0.01707,-0.00008,0.36930,-0.03249,-0.00364,0.61205,0.03687,0.00000,0.00000,0.51800,-0.06928,-0.00384,-0.28703,-0.06469,-0.00400,0.62216,0.08047,0.00000,0.00000,-0.34982,0.00094,0.00033,-0.25577,-0.01535,0.00187,0.62054,0.04546,0.00000,0.00000,0.09872,-0.00246,0.00014,0.06477,-0.01281,0.00107,0.73411,0.03392,0.00000,0.00000
0.8500,85,0,0.8501,50.03,,,,,,,,,,,,,,,,,,,,,,,,,,,,,,,,,,,,,,,,,,,,,,,,,,,0.54942,-0.00138,0.00014,0.38446,-0.01591,0.00236,0.62322,0.04878,0.00000,0.00000,-0.36061,-0.01712,-0.00013,0.36772,-0.03060,-0.00405,0.61398,0.04016,0.00000,0.00000,0.51449,-0.07107,-0.00344,-0.29021,-0.06252,-0.00485,0.62641,0.08947,0.00000,0.00000,-0.34976,0.00111,0.00037,-0.25656,-0.01626,0.00182,0.62285,0.04701,0.00000,0.00000,0.09859,-0.00237,0.00021,0.06411,-0.01331,0.00097,0.73585,0.03562,0.00000,0.00000
0.9000,90,0,0.9003,50.12,,,,,,,,,,,,,,,,,,,,,,,,,,,,,,,,,,,,,,,,,,,,,,,,,,,0.54935,-0.00129,0.00023,0.38364,-0.01705,0.00229,0.62570,0.05039,0.00000,0.00000,-0.36146,-0.01720,-0.00017,0.36625,-0.02854,-0.00434,0.61606,0.04314,0.00000,0.00000,0.51090,-0.07266,-0.00304,-0.29327,-0.05997,-0.00551,0.63110,0.09798,0.00000,0.00000,-0.34970,0.00130,0.00040,-0.25739,-0.01713,0.00176,0.62524,0.04838,0.00000,0.00000,0.09848,-0.00225,0.00028,0.06344,-0.01376,0.00087,0.73767,0.03719,0.00000,0.00000
0.9500,95,0,0.9501,49.88,,,,,,,,,,,,,,,,,,,,,,,,,,,,,,,,,,,,,,,,,,,,,,,,,,,0.54929,-0.00116,0.00031,0.38275,-0.01816,0.00222,0.62825,0.05183,0.00000,0.00000,-0.36233,-0.01729,-0.00019,0.36487,-0.02636,-0.00452,0.61829,0.04576,0.00000,0.00000,0.50723,-0.07404,-0.00261,-0.29620,-0.05714,-0.00600,0.63620,0.10584,0.00000,0.00000,-0.34963,0.00151,0.00043,-0.25827,-0.01798,0.00169,0.62768,0.04955,0.00000,0.00000,0.09837,-0.00209,0.00035,0.06274,-0.01417,0.00078,0.73956,0.03860,0.00000,0.00000
1.0000,100,0,1.0001,49.95,,,,,,,,,,,,,,,,,,,,,,,,,,,,,,,,,,,,,,,,,,,,,,,,,,,0.54924,-0.00098,0.00039,0.38182,-0.01923,0.00213,0.63088,0.05307,0.00000,0.00000,-0.36319,-0.01738,-0.00017,0.36361,-0.02411,-0.00461,0.62063,0.04799,0.00000,0.00000,0.50350,-0.07521,-0.00214,-0.29898,-0.05411,-0.00634,0.64167,0.11293,0.00000,0.00000,-0.34955,0.00173,0.00047,-0.25919,-0.01879,0.00163,0.63019,0.05053,0.00000,0.00000,0.09827,-0.00190,0.00042,0.06202,-0.01453,0.00070,0.74153,0.03984,0.00000,0.00000
1.0500,105,0,1.0502,50.09,,,,,,,,,,,,,,,,,,,,,,,,,,,,,,,,,,,,,,,,,,,,,,,,,,,0.54919,-0.00077,0.00047,0.38083,-0.02025,0.00204,0.63356,0.05411,0.00000,0.00000,-0.36406,-0.01745,-0.00011,0.36246,-0.02185,-0.00463,0.62308,0.04981,0.00000,0.00000,0.49971,-0.07613,-0.00160,-0.30161,-0.05094,-0.00655,0.64747,0.11914,0.00000,0.00000,-0.34946,0.00196,0.00050,-0.26015,-0.01958,0.00157,0.63273,0.05129,0.00000,0.00000,0.09818,-0.00168,0.00049,0.06129,-0.01485,0.00062,0.74354,0.04091,0.00000,0.00000
1.1000,110,0,1.1000,49.86,,,,,,,,,,,,,,,,,,,,,,,,,,,,,,,,,,,,,,,,,,,,,,,,,,,0.54916,-0.00052,0.00053,0.37980,-0.02123,0.00195,0.63628,0.05492,0.00000,0.00000,-0.36494,-0.01747,0.00003,0.36143,-0.01959,-0.00458,0.62561,0.05121,0.00000,0.00000,0.49589,-0.07677,-0.00098,-0.30408,-0.04770,-0.00665,0.65357,0.12442,0.00000,0.00000,-0.34936,0.00222,0.00053,-0.26115,-0.02033,0.00150,0.63531,0.05184,0.00000,0.00000,0.09810,-0.00142,0.00056,0.06054,-0.01514,0.00055,0.74561,0.04179,0.00000,0.00000
1.1500,115,0,1.1500,50.00,,,,,,,,,,,,,,,,,,,,,,,,,,,,,,,,,,,,,,,,,,,,,,,,,,,0.54914,-0.00025,0.00059,0.37871,-0.02216,0.00185,0.63904,0.05551,0.00000,0.00000,-0.36581,-0.01740,0.00025,0.36050,-0.01737,-0.00447,0.62819,0.05219,0.00000,0.00000,0.49204,-0.07707,-0.00026,-0.30638,-0.04443,-0.00666,0.65990,0.12873,0.00000,0.00000,-0.34924,0.00249,0.00057,-0.26218,-0.02105,0.00143,0.63791,0.05217,0.00000,0.00000,0.09804,-0.00113,0.00063,0.05977,-0.01539,0.00048,0.74772,0.04247,0.00000,0.00000
1.2000,120,0,1.2001,50.04,,,,,,,,,,,,,,,,,,,,,,,,,,,,,,,,,,,,,,,,,,,,,,,,,,,0.54914,0.00005,0.00063,0.37758,-0.02304,0.00175,0.64183,0.05585,0.00000,0.00000,-0.36667,-0.01721,0.00056,0.35969,-0.01520,-0.00434,0.63082,0.05278,0.00000,0.00000,0.48819,-0.07700,0.00058,-0.30852,-0.04118,-0.00659,0.66642,0.13207,0.00000,0.00000,-0.34911,0.00277,0.00060,-0.26325,-0.02174,0.00137,0.64053,0.05227,0.00000,0.00000,0.09799,-0.00080,0.00070,0.05900,-0.01561,0.00042,0.74986,0.04296,0.00000,0.00000
1.2500,125,0,1.2500,49.94,,,,,,,,,,,,,,,,,,,,,,,,,,,,,,,,,,,,,,,,,,,,,,,,,,,0.54915,0.00037,0.00066,0.37641,-0.02388,0.00165,0.64462,0.05593,0.00000,0.00000,-0.36753,-0.01683,0.00098,0.35898,-0.01311,-0.00419,0.63347,0.05304,0.00000,0.00000,0.48435,-0.07648,0.00154,-0.31050,-0.03798,-0.00647,0.67309,0.13450,0.00000,0.00000,-0.34896,0.00307,0.00063,-0.26435,-0.02239,0.00130,0.64314,0.05213,0.00000,0.00000,0.09796,-0.00044,0.00076,0.05821,-0.01581,0.00036,0.75201,0.04325,0.00000,0.00000
1.3000,130,0,1.3001,50.08,,,,,,,,,,,,,,,,,,,,,,,,,,,,,,,,,,,,,,,,,,,,,,,,,,,0.54917,0.00070,0.00068,0.37519,-0.02466,0.00155,0.64742,0.05575,0.00000,0.00000,-0.36835,-0.01624,0.00142,0.35838,-0.01110,-0.00402,0.63612,0.05304,0.00000,0.00000,0.48055,-0.07548,0.00253,-0.31232,-0.03484,-0.00630,0.67986,0.13610,0.00000,0.00000,-0.34880,0.00339,0.00066,-0.26549,-0.02301,0.00123,0.64574,0.05175,0.00000,0.00000,0.09795,-0.00005,0.00083,0.05742,-0.01597,0.00031,0.75418,0.04334,0.00000,0.00000
1.3500,135,0,1.3501,50.01,,,,,,,,,,,,,,,,,,,,,,,,,,,,,,,,,,,,,,,,,,,,,,,,,,,0.54922,0.00104,0.00071,0.37394,-0.02540,0.00146,0.65019,0.05528,0.00000,0.00000,-0.36915,-0.01545,0.00181,0.35787,-0.00917,-0.00385,0.63877,0.05286,0.00000,0.00000,0.47681,-0.07402,0.00345,-0.31399,-0.03180,-0.00610,0.68669,0.13699,0.00000,0.00000,-0.34862,0.00372,0.00069,-0.26665,-0.02359,0.00115,0.64831,0.05113,0.00000,0.00000,0.09796,0.00037,0.00089,0.05662,-0.01611,0.00027,0.75634,0.04323,0.00000,0.00000
1.4000,140,0,1.4000,49.88,,,,,,,,,,,,,,,,,,,,,,,,,,,,,,,,,,,,,,,,,,,,,,,,,,,0.54928,0.00139,0.00074,0.37265,-0.02609,0.00136,0.65294,0.05452,0.00000,0.00000,-0.36990,-0.01447,0.00218,0.35746,-0.00732,-0.00368,0.64140,0.05257,0.00000,0.00000,0.47315,-0.07211,0.00432,-0.31550,-0.02886,-0.00587,0.69355,0.13722,0.00000,0.00000,-0.34843,0.00407,0.00072,-0.26785,-0.02414,0.00108,0.65084,0.05026,0.00000,0.00000,0.09799,0.00083,0.00095,0.05581,-0.01624,0.00023,0.75850,0.04293,0.00000,0.00000
1.4500,145,0,1.4502,50.19,,,,,,,,,,,,,,,,,,,,,,,,,,,,,,,,,,,,,,,,,,,,,,,,,,,0.54936,0.00176,0.00077,0.37133,-0.02674,0.00127,0.65564,0.05346,0.00000,0.00000,-0.37059,-0.01332,0.00251,0.35714,-0.00556,-0.00350,0.64402,0.05220,0.00000,0.00000,0.46960,-0.06979,0.00514,-0.31687,-0.02604,-0.00561,0.70040,0.13683,0.00000,0.00000,-0.34822,0.00443,0.00075,-0.26907,-0.02465,0.00101,0.65333,0.04915,0.00000,0.00000,0.09804,0.00131,0.00101,0.05499,-0.01634,0.00019,0.76063,0.04244,0.00000,0.00000
1.5000,150,0,1.5003,50.13,,,,,,,,,,,,,,,,,,,,,,,,,,,,,,,,,,,,,,,,,,,,,,,,,,,0.54945,0.00215,0.00080,0.36998,-0.02734,0.00118,0.65828,0.05211,0.00000,0.00000,-0.37123,-0.01201,0.00283,0.35690,-0.00389,-0.00331,0.64662,0.05177,0.00000,0.00000,0.46618,-0.06708,0.00591,-0.31811,-0.02336,-0.00532,0.70722,0.13584,0.00000,0.00000,-0.34798,0.00480,0.00078,-0.27031,-0.02513,0.00094,0.65576,0.04779,0.00000,0.00000,0.09812,0.00182,0.00107,0.05417,-0.01643,0.00016,0.76274,0.04176,0.00000,0.00000
1.5500,155,0,1.5501,49.78,,,,,,,,,,,,,,,,,,,,,,,,,,,,,,,,,,,,,,,,,,,,,,,,,,,0.54957,0.00255,0.00083,0.36860,-0.02789,0.00109,0.66085,0.05045,0.00000,0.00000,-0.37179,-0.01055,0.00313,0.35675,-0.00231,-0.00313,0.64920,0.05129,0.00000,0.00000,0.46290,-0.06399,0.00665,-0.31921,-0.02083,-0.00500,0.71398,0.13421,0.00000,0.00000,-0.34773,0.00519,0.00081,-0.27158,-0.02557,0.00086,0.65811,0.04619,0.00000,0.00000,0.09822,0.00235,0.00112,0.05335,-0.01650,0.00013,0.76481,0.04088,0.00000,0.00000
1.6000,160,0,1.6007,50.59,,,,,,,,,,,,,,,,,,,,,,,,,,,,,,,,,,,,,,,,,,,,,,,,,,,0.54971,0.00297,0.00086,0.36719,-0.02841,0.00100,0.66332,0.04850,0.00000,0.00000,-0.37228,-0.00894,0.00342,0.35667,-0.00082,-0.00294,0.65175,0.05074,0.00000,0.00000,0.45979,-0.06056,0.00736,-0.32019,-0.01846,-0.00466,0.72063,0.13189,0.00000,0.00000,-0.34747,0.00559,0.00084,-0.27287,-0.02597,0.00079,0.66037,0.04435,0.00000,0.00000,0.09835,0.00292,0.00117,0.05252,-0.01656,0.00011,0.76682,0.03981,0.00000,0.00000
1.6500,165,0,1.6508,50.12,,,,,,,,,,,,,,,,,,,,,,,,,,,,,,,,,,,,,,,,,,,,,,,,,,,0.54987,0.00340,0.00089,0.36576,-0.02888,0.00092,0.66569,0.04626,0.00000,0.00000,-0.37268,-0.00719,0.00370,0.35666,0.00057,-0.00274,0.65427,0.05010,0.00000,0.00000,0.45685,-0.05677,0.00805,-0.32106,-0.01626,-0.00429,0.72715,0.12882,0.00000,0.00000,-0.34718,0.00601,0.00086,-0.27418,-0.02634,0.00071,0.66254,0.04229,0.00000,0.00000,0.09851,0.00350,0.00122,0.05169,-0.01661,0.00009,0.76878,0.03854,0.00000,0.00000
1.7000,170,0,1.7001,49.34,,,,,,,,,,,,,,,,,,,,,,,,,,,,,,,,,,,,,,,,,,,,,,,,,,,0.55005,0.00384,0.00091,0.36431,-0.02931,0.00083,0.66794,0.04374,0.00000,0.00000,-0.37299,-0.00531,0.00399,0.35672,0.00186,-0.00254,0.65676,0.04931,0.00000,0.00000,0.45412,-0.05266,0.00872,-0.32182,-0.01426,-0.00389,0.73350,0.12485,0.00000,0.00000,-0.34686,0.00644,0.00089,-0.27550,-0.02667,0.00064,0.66460,0.04001,0.00000,0.00000,0.09870,0.00411,0.00126,0.05086,-0.01665,0.00008,0.77067,0.03707,0.00000,0.00000
1.7500,175,0,1.7501,49.99,,,,,,,,,,,,,,,,,,,,,,,,,,,,,,,,,,,,,,,,,,,,,,,,,,,0.55025,0.00429,0.00093,0.36283,-0.02969,0.00075,0.67006,0.04095,0.00000,0.00000,-0.37321,-0.00328,0.00428,0.35685,0.00306,-0.00233,0.65920,0.04827,0.00000,0.00000,0.45159,-0.04822,0.00937,-0.32249,-0.01245,-0.00347,0.73962,0.11982,0.00000,0.00000,-0.34653,0.00688,0.00091,-0.27684,-0.02697,0.00056,0.66653,0.03753,0.00000,0.00000,0.09892,0.00473,0.00130,0.05003,-0.01668,0.00006,0.77249,0.03539,0.00000,0.00000
1.8000,180,0,1.8001,50.01,,,,,,,,,,,,,,,,,,,,,,,,,,,,,,,,,,,,,,,,,,,,,,,,,,,0.55048,0.00475,0.00094,0.36134,-0.03004,0.00067,0.67203,0.03794,0.00000,0.00000,-0.37332,-0.00111,0.00458,0.35703,0.00415,-0.00211,0.66158,0.04685,0.00000,0.00000,0.44930,-0.04347,0.01002,-0.32307,-0.01086,-0.00302,0.74546,0.11349,0.00000,0.00000,-0.34618,0.00734,0.00094,-0.27820,-0.02722,0.00048,0.66834,0.03486,0.00000,0.00000,0.09918,0.00538,0.00133,0.04919,-0.01671,0.00006,0.77421,0.03350,0.00000,0.00000
1.8500,185,0,1.8502,50.06,,,,,,,,,,,,,,,,,,,,,,,,,,,,,,,,,,,,,,,,,,,,,,,,,,,0.55073,0.00522,0.00095,0.35983,-0.03035,0.00059,0.67385,0.03473,0.00000,0.00000,-0.37332,0.00121,0.00490,0.35726,0.00513,-0.00189,0.66387,0.04480,0.00000,0.00000,0.44725,-0.03839,0.01067,-0.32358,-0.00949,-0.00255,0.75094,0.10553,0.00000,0.00000,-0.34580,0.00780,0.00096,-0.27956,-0.02744,0.00041,0.67002,0.03202,0.00000,0.00000,0.09946,0.00604,0.00136,0.04836,-0.01674,0.00005,0.77583,0.03140,0.00000,0.00000
1.9000,190,0,1.9001,49.86,,,,,,,,,,,,,,,,,,,,,,,,,,,,,,,,,,,,,,,,,,,,,,,,,,,0.55100,0.00569,0.00096,0.35830,-0.03062,0.00050,0.67551,0.03137,0.00000,0.00000,-0.37320,0.00369,0.00516,0.35754,0.00599,-0.00161,0.66604,0.04191,0.00000,0.00000,0.44546,-0.03302,0.01121,-0.32403,-0.00838,-0.00199,0.75598,0.09564,0.00000,0.00000,-0.34540,0.00828,0.00098,-0.28094,-0.02762,0.00033,0.67154,0.02904,0.00000,0.00000,0.09978,0.00671,0.00138,0.04752,-0.01676,0.00005,0.77735,0.02909,0.00000,0.00000
1.9500,195,0,1.9501,50.02,,,,,,,,,,,,,,,,,,,,,,,,,,,,,,,,,,,,,,,,,,,,,,,,,,,0.55130,0.00616,0.00099,0.35677,-0.03084,0.00040,0.67699,0.02786,0.00000,0.00000,-0.37295,0.00626,0.00531,0.35786,0.00669,-0.00124,0.66805,0.03825,0.00000,0.00000,0.44395,-0.02743,0.01158,-0.32442,-0.00756,-0.00132,0.76048,0.08395,0.00000,0.00000,-0.34497,0.00877,0.00101,-0.28233,-0.02776,0.00025,0.67292,0.02591,0.00000,0.00000,0.10013,0.00739,0.00140,0.04668,-0.01678,0.00004,0.77874,0.02658,0.00000,0.00000
2.0000,200,0,2.0001,50.00,,,,,,,,,,,,,,,,,,,,,,,,,,,,,,,,,,,,,,,,,,,,,,,,,,,0.55162,0.00666,0.00102,0.35522,-0.03101,0.00030,0.67829,0.02423,0.00000,0.00000,-0.37257,0.00888,0.00535,0.35820,0.00720,-0.00082,0.66986,0.03398,0.00000,0.00000,0.44272,-0.02169,0.01179,-0.32479,-0.00709,-0.00056,0.76435,0.07072,0.00000,0.00000,-0.34452,0.00927,0.00103,-0.28372,-0.02787,0.00018,0.67413,0.02268,0.00000,0.00000,0.10052,0.00808,0.00142,0.04584,-0.01680,0.00004,0.78000,0.02390,0.00000,0.00000
2.0500,205,0,2.0501,50.06,,,,,,,,,,,,,,,,,,,,,,,,,,,,,,,,,,,,,,,,,,,,,,,,,,,0.55196,0.00716,0.00105,0.35367,-0.03113,0.00019,0.67941,0.02048,0.00000,0.00000,-0.37206,0.01149,0.00529,0.35857,0.00749,-0.00034,0.67144,0.02923,0.00000,0.00000,0.44178,-0.01588,0.01185,-0.32514,-0.00702,0.00027,0.76753,0.05620,0.00000,0.00000,-0.34404,0.00978,0.00105,-0.28511,-0.02794,0.00010,0.67519,0.01935,0.00000,0.00000,0.10094,0.00878,0.00142,0.04500,-0.01683,0.00005,0.78113,0.02106,0.00000,0.00000
2.1000,210,0,2.1000,49.90,,,,,,,,,,,,,,,,,,,,,,,,,,,,,,,,,,,,,,,,,,,,,,,,,,,0.55233,0.00769,0.00110,0.35211,-0.03120,0.00008,0.68034,0.01663,0.00000,0.00000,-0.37142,0.01405,0.00514,0.35895,0.00753,0.00017,0.67277,0.02411,0.00000,0.00000,0.44114,-0.01009,0.01177,-0.32550,-0.00736,0.00114,0.76995,0.04066,0.00000,0.00000,-0.34354,0.01030,0.00107,-0.28651,-0.02797,0.00002,0.67607,0.01595,0.00000,0.00000,0.10140,0.00948,0.00143,0.04416,-0.01685,0.00005,0.78211,0.01810,0.00000,0.00000
2.1500,215,0,2.1501,50.03,,,,,,,,,,,,,,,,,,,,,,,,,,,,,,,,,,,,,,,,,,,,,,,,,,,0.55273,0.00824,0.00115,0.35055,-0.03121,-0.00003,0.68107,0.01272,0.00000,0.00000,-0.37066,0.01653,0.00492,0.35932,0.00732,0.00069,0.67385,0.01872,0.00000,0.00000,0.44077,-0.00436,0.01156,-0.32588,-0.00814,0.00204,0.77158,0.02436,0.00000,0.00000,-0.34301,0.01082,0.00109,-0.28791,-0.02796,-0.00006,0.67678,0.01249,0.00000,0.00000,0.10189,0.01018,0.00143,0.04332,-0.01687,0.00005,0.78293,0.01505,0.00000,0.00000
2.2000,220,0,2.2002,50.10,,,,,,,,,,,,,,,,,,,,,,,,,,,,,,,,,,,,,,,,,,,,,,,,,,,0.55316,0.00881,0.00120,0.34899,-0.03117,-0.00014,0.68161,0.00876,0.00000,0.00000,-0.36977,0.01887,0.00462,0.35968,0.00685,0.00121,0.67464,0.01318,0.00000,0.00000,0.44070,0.00123,0.01123,-0.32632,-0.00936,0.00293,0.77238,0.00757,0.00000,0.00000,-0.34246,0.01136,0.00110,-0.28930,-0.02791,-0.00013,0.67732,0.00901,0.00000,0.00000,0.10242,0.01088,0.00142,0.04247,-0.01690,0.00005,0.78361,0.01193,0.00000,0.00000
2.2500,225,0,2.2501,49.91,,,,,,,,,,,,,,,,,,,,,,,,,,,,,,,,,,,,,,,,,,,,,,,,,,,0.55361,0.00942,0.00126,0.34743,-0.03108,-0.00025,0.68195,0.00478,0.00000,0.00000,-0.36877,0.02105,0.00427,0.36000,0.00613,0.00172,0.67516,0.00757,0.00000,0.00000,0.44089,0.00664,0.01082,-0.32683,-0.01102,0.00380,0.77233,-0.00942,0.00000,0.00000,-0.34188,0.01191,0.00112,-0.29070,-0.02783,-0.00021,0.67768,0.00551,0.00000,0.00000,0.10298,0.01157,0.00141,0.04163,-0.01693,0.00005,0.78413,0.00879,0.00000,0.00000
2.3000,230,0,2.3000,49.99,,,,,,,,,,,,,,,,,,,,,,,,,,,,,,,,,,,,,,,,,,,,,,,,,,,0.55410,0.01005,0.00131,0.34588,-0.03092,-0.00036,0.68209,0.00082,0.00000,0.00000,-0.36767,0.02305,0.00387,0.36029,0.00517,0.00221,0.67540,0.00199,0.00000,0.00000,0.44136,0.01183,0.01032,-0.32743,-0.01308,0.00462,0.77144,-0.02636,0.00000,0.00000,-0.34127,0.01246,0.00113,-0.29209,-0.02771,-0.00028,0.67787,0.00204,0.00000,0.00000,0.10357,0.01226,0.00140,0.04078,-0.01695,0.00006,0.78449,0.00567,0.00000,0.00000
2.3500,235,0,2.3501,50.02,,,,,,,,,,,,,,,,,,,,,,,,,,,,,,,,,,,,,,,,,,,,,,,,,,,0.55462,0.01070,0.00137,0.34434,-0.03072,-0.00046,0.68203,-0.00310,0.00000,0.00000,-0.36647,0.02485,0.00345,0.36052,0.00398,0.00264,0.67536,-0.00347,0.00000,0.00000,0.44207,0.01676,0.00977,-0.32814,-0.01554,0.00538,0.76970,-0.04296,0.00000,0.00000,-0.34063,0.01302,0.00115,-0.29347,-0.02755,-0.00036,0.67788,-0.00140,0.00000,0.00000,0.10420,0.01294,0.00138,0.03993,-0.01698,0.00005,0.78470,0.00258,0.00000,0.00000
2.4000,240,0,2.4001,49.99,,,,,,,,,,,,,,,,,,,,,,,,,,,,,,,,,,,,,,,,,,,,,,,,,,,0.55517,0.01139,0.00142,0.34281,-0.03047,-0.00056,0.68178,-0.00695,0.00000,0.00000,-0.36519,0.02643,0.00301,0.36068,0.00258,0.00303,0.67506,-0.00871,0.00000,0.00000,0.44303,0.02140,0.00918,-0.32899,-0.01835,0.00605,0.76715,-0.05897,0.00000,0.00000,-0.33997,0.01358,0.00116,-0.29484,-0.02735,-0.00043,0.67773,-0.00478,0.00000,0.00000,0.10487,0.01361,0.00136,0.03908,-0.01701,0.00005,0.78475,-0.00042,0.00000,0.00000
2.4500,245,0,2.4501,50.05,,,,,,,,,,,,,,,,,,,,,,,,,,,,,,,,,,,,,,,,,,,,,,,,,,,0.55576,0.01210,0.00148,0.34129,-0.03017,-0.00065,0.68133,-0.01069,0.00000,0.00000,-0.36383,0.02780,0.00257,0.36077,0.00102,0.00334,0.67450,-0.01365,0.00000,0.00000,0.44421,0.02576,0.00858,-0.32998,-0.02146,0.00663,0.76382,-0.07415,0.00000,0.00000,-0.33927,0.01416,0.00117,-0.29620,-0.02712,-0.00051,0.67741,-0.00808,0.00000,0.00000,0.10556,0.01427,0.00133,0.03823,-0.01703,0.00004,0.78466,-0.00331,0.00000,0.00000
2.5000,250,0,2.5001,50.00,,,,,,,,,,,,,,,,,,,,,,,,,,,,,,,,,,,,,,,,,,,,,,,,,,,0.55638,0.01284,0.00152,0.33979,-0.02983,-0.00074,0.68071,-0.01431,0.00000,0.00000,-0.36241,0.02895,0.00214,0.36078,-0.00068,0.00358,0.67370,-0.01821,0.00000,0.00000,0.44560,0.02982,0.00798,-0.33114,-0.02483,0.00708,0.75975,-0.08824,0.00000,0.00000,-0.33855,0.01473,0.00118,-0.29755,-0.02686,-0.00058,0.67692,-0.01127,0.00000,0.00000,0.10629,0.01492,0.00130,0.03738,-0.01705,0.00004,0.78442,-0.00606,0.00000,0.00000
2.5500,255,0,2.5501,50.02,,,,,,,,,,,,,,,,,,,,,,,,,,,,,,,,,,,,,,,,,,,,,,,,,,,0.55704,0.01359,0.00156,0.33831,-0.02945,-0.00081,0.67991,-0.01778,0.00000,0.00000,-0.36094,0.02991,0.00175,0.36070,-0.00248,0.00373,0.67269,-0.02230,0.00000,0.00000,0.44719,0.03359,0.00741,-0.33247,-0.02839,0.00741,0.75502,-0.10105,0.00000,0.00000,-0.33780,0.01531,0.00118,-0.29889,-0.02655,-0.00065,0.67628,-0.01434,0.00000,0.00000,0.10706,0.01555,0.00128,0.03653,-0.01706,0.00002,0.78405,-0.00864,0.00000,0.00000
2.6000,260,0,2.6001,49.97,,,,,,,,,,,,,,,,,,,,,,,,,,,,,,,,,,,,,,,,,,,,,,,,,,,0.55774,0.01437,0.00159,0.33685,-0.02904,-0.00087,0.67893,-0.02108,0.00000,0.00000,-0.35942,0.03068,0.00140,0.36053,-0.00432,0.00379,0.67148,-0.02583,0.00000,0.00000,0.44895,0.03709,0.00689,-0.33398,-0.03208,0.00760,0.74967,-0.11237,0.00000,0.00000,-0.33702,0.01589,0.00119,-0.30021,-0.02622,-0.00072,0.67549,-0.01727,0.00000,0.00000,0.10785,0.01617,0.00124,0.03567,-0.01707,0.00001,0.78356,-0.01102,0.00000,0.00000
2.6500,265,0,2.6502,50.11,,,,,,,,,,,,,,,,,,,,,,,,,,,,,,,,,,,,,,,,,,,,,,,,,,,0.55848,0.01516,0.00162,0.33541,-0.02860,-0.00093,0.67780,-0.02419,0.00000,0.00000,-0.35787,0.03129,0.00111,0.36027,-0.00618,0.00375,0.67011,-0.02873,0.00000,0.00000,0.45089,0.04036,0.00643,-0.33568,-0.03582,0.00764,0.74381,-0.12202,0.00000,0.00000,-0.33621,0.01647,0.00119,-0.30151,-0.02584,-0.00079,0.67456,-0.02004,0.00000,0.00000,0.10867,0.01677,0.00121,0.03482,-0.01707,-0.00001,0.78295,-0.01320,0.00000,0.00000
2.7000,270,0,2.7001,49.86,,,,,,,,,,,,,,,,,,,,,,,,,,,,,,,,,,,,,,,,,,,,,,,,,,,0.55926,0.01595,0.00163,0.33399,-0.02813,-0.00097,0.67652,-0.02711,0.00000,0.00000,-0.35630,0.03178,0.00089,0.35991,-0.00799,0.00362,0.66862,-0.03091,0.00000,0.00000,0.45299,0.04342,0.00606,-0.33756,-0.03955,0.00755,0.73750,-0.12988,0.00000,0.00000,-0.33537,0.01706,0.00119,-0.30279,-0.02544,-0.00086,0.67349,-0.02263,0.00000,0.00000,0.10953,0.01736,0.00118,0.03397,-0.01706,-0.00003,0.78224,-0.01515,0.00000,0.00000
2.7500,275,0,2.7501,50.06,,,,,,,,,,,,,,,,,,,,,,,,,,,,,,,,,,,,,,,,,,,,,,,,,,,0.56007,0.01675,0.00163,0.33259,-0.02764,-0.00102,0.67509,-0.02981,0.00000,0.00000,-0.35470,0.03217,0.00069,0.35947,-0.00973,0.00352,0.66703,-0.03242,0.00000,0.00000,0.45523,0.04631,0.00571,-0.33963,-0.04323,0.00747,0.73085,-0.13600,0.00000,0.00000,-0.33450,0.01764,0.00119,-0.30405,-0.02500,-0.00093,0.67230,-0.02502,0.00000,0.00000,0.11041,0.01793,0.00114,0.03311,-0.01704,-0.00006,0.78144,-0.01687,0.00000,0.00000
2.8000,280,0,2.8001,50.00,,,,,,,,,,,,,,,,,,,,,,,,,,,,,,,,,,,,,,,,,,,,,,,,,,,0.56093,0.01755,0.00163,0.33122,-0.02712,-0.00108,0.67354,-0.03225,0.00000,0.00000,-0.35308,0.03245,0.00049,0.35894,-0.01145,0.00347,0.66538,-0.03349,0.00000,0.00000,0.45761,0.04902,0.00536,-0.34188,-0.04688,0.00744,0.72393,-0.14068,0.00000,0.00000,-0.33361,0.01822,0.00118,-0.30529,-0.02453,-0.00100,0.67099,-0.02721,0.00000,0.00000,0.11132,0.01848,0.00110,0.03226,-0.01700,-0.00009,0.78056,-0.01837,0.00000,0.00000
2.8500,285,0,2.8501,50.01,,,,,,,,,,,,,,,,,,,,,,,,,,,,,,,,,,,,,,,,,,,,,,,,,,,0.56183,0.01835,0.00163,0.32988,-0.02657,-0.00115,0.67187,-0.03441,0.00000,0.00000,-0.35145,0.03265,0.00030,0.35833,-0.01315,0.00348,0.66369,-0.03427,0.00000,0.00000,0.46013,0.05156,0.00501,-0.34432,-0.05053,0.00745,0.71680,-0.14416,0.00000,0.00000,-0.33268,0.01880,0.00117,-0.30650,-0.02402,-0.00106,0.66958,-0.02918,0.00000,0.00000,0.11226,0.01901,0.00107,0.03141,-0.01695,-0.00012,0.77961,-0.01963,0.00000,0.00000
2.9000,290,0,2.9002,50.02,,,,,,,,,,,,,,,,,,,,,,,,,,,,,,,,,,,,,,,,,,,,,,,,,,,0.56277,0.01915,0.00163,0.32857,-0.02599,-0.00122,0.67011,-0.03626,0.00000,0.00000,-0.34982,0.03274,0.00010,0.35763,-0.01487,0.00354,0.66196,-0.03485,0.00000,0.00000,0.46277,0.05393,0.00465,-0.34694,-0.05420,0.00752,0.70953,-0.14658,0.00000,0.00000,-0.33173,0.01937,0.00116,-0.30769,-0.02349,-0.00113,0.66808,-0.03092,0.00000,0.00000,0.11322,0.01952,0.00103,0.03057,-0.01689,-0.00016,0.77860,-0.02067,0.00000,0.00000
2.9500,295,0,2.9500,49.82,,,,,,,,,,,,,,,,,,,,,,,,,,,,,,,,,,,,,,,,,,,,,,,,,,,0.56374,0.01995,0.00162,0.32728,-0.02537,-0.00131,0.66825,-0.03782,0.00000,0.00000,-0.34818,0.03275,-0.00009,0.35684,-0.01664,0.00366,0.66021,-0.03526,0.00000,0.00000,0.46552,0.05613,0.00430,-0.34974,-0.05792,0.00764,0.70216,-0.14804,0.00000,0.00000,-0.33074,0.01994,0.00115,-0.30885,-0.02292,-0.00119,0.66649,-0.03242,0.00000,0.00000,0.11421,0.02002,0.00099,0.02972,-0.01680,-0.00020,0.77755,-0.02148,0.00000,0.00000
3.0000,300,0,3.0001,50.07,,,,,,,,,,,,,,,,,,,,,,,,,,,,,,,,,,,,,,,,,,,,,,,,,,,0.56476,0.02074,0.00162,0.32603,-0.02471,-0.00140,0.66633,-0.03906,0.00000,0.00000,-0.34655,0.03265,-0.00029,0.35596,-0.01848,0.00384,0.65844,-0.03552,0.00000,0.00000,0.46838,0.05815,0.00395,-0.35273,-0.06170,0.00780,0.69474,-0.14858,0.00000,0.00000,-0.32973,0.02050,0.00114,-0.30998,-0.02232,-0.00125,0.66484,-0.03368,0.00000,0.00000,0.11522,0.02050,0.00095,0.02889,-0.01669,-0.00024,0.77646,-0.02207,0.00000,0.00000
3.0500,305,0,3.0500,49.96,,,,,,,,,,,,,,,,,,,,,,,,,,,,,,,,,,,,,,,,,,,,,,,,,,,0.56582,0.02154,0.00161,0.32481,-0.02400,-0.00149,0.66435,-0.04001,0.00000,0.00000,-0.34492,0.03246,-0.00049,0.35499,-0.02040,0.00400,0.65666,-0.03558,0.00000,0.00000,0.47133,0.06000,0.00359,-0.35591,-0.06556,0.00792,0.68732,-0.14819,0.00000,0.00000,-0.32869,0.02106,0.00112,-0.31108,-0.02169,-0.00131,0.66313,-0.03469,0.00000,0.00000,0.11626,0.02096,0.00092,0.02806,-0.01656,-0.00029,0.77534,-0.02245,0.00000,0.00000
3.1000,310,0,3.1001,50.04,,,,,,,,,,,,,,,,,,,,,,,,,,,,,,,,,,,,,,,,,,,,,,,,,,,0.56691,0.02232,0.00160,0.32363,-0.02325,-0.00158,0.66233,-0.04066,0.00000,0.00000,-0.34330,0.03218,-0.00068,0.35392,-0.02239,0.00409,0.65488,-0.03540,0.00000,0.00000,0.47437,0.06167,0.00324,-0.35929,-0.06946,0.00793,0.67994,-0.14683,0.00000,0.00000,-0.32763,0.02160,0.00110,-0.31215,-0.02103,-0.00137,0.66137,-0.03546,0.00000,0.00000,0.11732,0.02140,0.00088,0.02723,-0.01641,-0.00034,0.77422,-0.02261,0.00000,0.00000
3.1500,315,0,3.1503,50.23,,,,,,,,,,,,,,,,,,,,,,,,,,,,,,,,,,,,,,,,,,,,,,,,,,,0.56805,0.02310,0.00158,0.32249,-0.02245,-0.00166,0.66029,-0.04102,0.00000,0.00000,-0.34170,0.03179,-0.00087,0.35275,-0.02441,0.00412,0.65312,-0.03496,0.00000,0.00000,0.47750,0.06317,0.00290,-0.36286,-0.07333,0.00783,0.67265,-0.14451,0.00000,0.00000,-0.32653,0.02214,0.00108,-0.31319,-0.02034,-0.00143,0.65959,-0.03598,0.00000,0.00000,0.11840,0.02182,0.00084,0.02642,-0.01623,-0.00039,0.77309,-0.02256,0.00000,0.00000
3.2000,320,0,3.2001,49.86,,,,,,,,,,,,,,,,,,,,,,,,,,,,,,,,,,,,,,,,,,,,,,,,,,,0.56922,0.02387,0.00157,0.32139,-0.02162,-0.00173,0.65824,-0.04112,0.00000,0.00000,-0.34012,0.03132,-0.00104,0.35148,-0.02642,0.00408,0.65139,-0.03422,0.00000,0.00000,0.48069,0.06452,0.00258,-0.36662,-0.07712,0.00762,0.66550,-0.14123,0.00000,0.00000,-0.32541,0.02266,0.00106,-0.31419,-0.01963,-0.00149,0.65778,-0.03627,0.00000,0.00000,0.11950,0.02222,0.00080,0.02561,-0.01602,-0.00045,0.77196,-0.02230,0.00000,0.00000
3.2500,325,0,3.2501,49.96,,,,,,,,,,,,,,,,,,,,,,,,,,,,,,,,,,,,,,,,,,,,,,,,,,,0.57044,0.02464,0.00155,0.32033,-0.02076,-0.00180,0.65618,-0.04094,0.00000,0.00000,-0.33857,0.03077,-0.00120,0.35011,-0.02839,0.00397,0.64970,-0.03318,0.00000,0.00000,0.48394,0.06571,0.00229,-0.37057,-0.08078,0.00730,0.65854,-0.13702,0.00000,0.00000,-0.32427,0.02317,0.00103,-0.31515,-0.01889,-0.00154,0.65596,-0.03632,0.00000,0.00000,0.12062,0.02261,0.00077,0.02481,-0.01579,-0.00052,0.77086,-0.02184,0.00000,0.00000
3.3000,330,0,3.3001,50.02,,,,,,,,,,,,,,,,,,,,,,,,,,,,,,,,,,,,,,,,,,,,,,,,,,,0.57169,0.02539,0.00152,0.31931,-0.01986,-0.00186,0.65415,-0.04052,0.00000,0.00000,-0.33705,0.03015,-0.00133,0.34864,-0.03030,0.00380,0.64808,-0.03183,0.00000,0.00000,0.48726,0.06677,0.00204,-0.37469,-0.08426,0.00687,0.65181,-0.13191,0.00000,0.00000,-0.32310,0.02367,0.00100,-0.31607,-0.01812,-0.00160,0.65415,-0.03615,0.00000,0.00000,0.12176,0.02297,0.00073,0.02403,-0.01552,-0.00059,0.76978,-0.02118,0.00000,0.00000
3.3500,335,0,3.3502,50.09,,,,,,,,,,,,,,,,,,,,,,,,,,,,,,,,,,,,,,,,,,,,,,,,,,,0.57298,0.02613,0.00149,0.31834,-0.01894,-0.00191,0.65214,-0.03985,0.00000,0.00000,-0.33556,0.02948,-0.00143,0.34708,-0.03211,0.00358,0.64653,-0.03018,0.00000,0.00000,0.49062,0.06772,0.00183,-0.37899,-0.08751,0.00635,0.64536,-0.12598,0.00000,0.00000,-0.32190,0.02416,0.00097,-0.31696,-0.01732,-0.00165,0.65235,-0.03575,0.00000,0.00000,0.12292,0.02332,0.00070,0.02326,-0.01521,-0.00066,0.76874,-0.02035,0.00000,0.00000
3.4000,340,0,3.4001,49.85,,,,,,,,,,,,,,,,,,,,,,,,,,,,,,,,,,,,,,,,,,,,,,,,,,,0.57430,0.02685,0.00145,0.31742,-0.01799,-0.00196,0.65016,-0.03897,0.00000,0.00000,-0.33410,0.02876,-0.00149,0.34543,-0.03380,0.00329,0.64506,-0.02823,0.00000,0.00000,0.49403,0.06858,0.00168,-0.38344,-0.09048,0.00573,0.63923,-0.11927,0.00000,0.00000,-0.32068,0.02463,0.00094,-0.31781,-0.01650,-0.00170,0.65058,-0.03515,0.00000,0.00000,0.12409,0.02366,0.00066,0.02251,-0.01487,-0.00073,0.76775,-0.01933,0.00000,0.00000
3.4500,345,0,3.4500,49.92,,,,,,,,,,,,,,,,,,,,,,,,,,,,,,,,,,,,,,,,,,,,,,,,,,,0.57566,0.02755,0.00141,0.31654,-0.01701,-0.00201,0.64824,-0.03787,0.00000,0.00000,-0.33268,0.02802,-0.00151,0.34370,-0.03534,0.00296,0.64371,-0.02600,0.00000,0.00000,0.49748,0.06937,0.00158,-0.38803,-0.09312,0.00503,0.63345,-0.11188,0.00000,0.00000,-0.31944,0.02508,0.00090,-0.31861,-0.01566,-0.00175,0.64884,-0.03434,0.00000,0.00000,0.12528,0.02398,0.00063,0.02178,-0.01449,-0.00081,0.76681,-0.01816,0.00000,0.00000
3.5000,350,0,3.5000,49.98,,,,,,,,,,,,,,,,,,,,,,,,,,,,,,,,,,,,,,,,,,,,,,,,,,,0.57706,0.02823,0.00136,0.31572,-0.01602,-0.00205,0.64638,-0.03658,0.00000,0.00000,-0.33130,0.02728,-0.00149,0.34190,-0.03670,0.00258,0.64247,-0.02349,0.00000,0.00000,0.50096,0.07014,0.00155,-0.39274,-0.09539,0.00424,0.62805,-0.10391,0.00000,0.00000,-0.31817,0.02551,0.00086,-0.31937,-0.01479,-0.00179,0.64715,-0.03335,0.00000,0.00000,0.12649,0.02428,0.00060,0.02106,-0.01407,-0.00090,0.76594,-0.01684,0.00000,0.00000
3.5500,355,0,3.5499,49.99,,,,,,,,,,,,,,,,,,,,,,,,,,,,,,,,,,,,,,,,,,,,,,,,,,,0.57848,0.02889,0.00131,0.31494,-0.01501,-0.00208,0.64459,-0.03512,0.00000,0.00000,-0.32995,0.02656,-0.00142,0.34004,-0.03786,0.00215,0.64136,-0.02073,0.00000,0.00000,0.50449,0.07090,0.00159,-0.39756,-0.09726,0.00338,0.62307,-0.09545,0.00000,0.00000,-0.31689,0.02593,0.00082,-0.32009,-0.01390,-0.00184,0.64551,-0.03217,0.00000,0.00000,0.12771,0.02456,0.00057,0.02037,-0.01361,-0.00098,0.76513,-0.01538,0.00000,0.00000
3.6000,360,0,3.6001,50.13,,,,,,,,,,,,,,,,,,,,,,,,,,,,,,,,,,,,,,,,,,,,,,,,,,,0.57994,0.02951,0.00124,0.31422,-0.01398,-0.00211,0.64287,-0.03350,0.00000,0.00000,-0.32864,0.02590,-0.00129,0.33812,-0.03880,0.00169,0.64040,-0.01776,0.00000,0.00000,0.50805,0.07170,0.00170,-0.40246,-0.09869,0.00245,0.61851,-0.08664,0.00000,0.00000,-0.31558,0.02632,0.00078,-0.32076,-0.01299,-0.00188,0.64393,-0.03083,0.00000,0.00000,0.12894,0.02484,0.00054,0.01970,-0.01310,-0.00107,0.76440,-0.01382,0.00000,0.00000
3.6500,365,0,3.6500,49.91,,,,,,,,,,,,,,,,,,,,,,,,,,,,,,,,,,,,,,,,,,,,,,,,,,,0.58143,0.03010,0.00117,0.31354,-0.01293,-0.00214,0.64124,-0.03174,0.00000,0.00000,-0.32736,0.02531,-0.00109,0.33616,-0.03951,0.00119,0.63959,-0.01461,0.00000,0.00000,0.51166,0.07259,0.00191,-0.40742,-0.09965,0.00146,0.61440,-0.07763,0.00000,0.00000,-0.31426,0.02669,0.00074,-0.32139,-0.01205,-0.00192,0.64243,-0.02933,0.00000,0.00000,0.13019,0.02510,0.00051,0.01906,-0.01256,-0.00116,0.76375,-0.01215,0.00000,0.00000
3.7000,370,0,3.7000,49.98,,,,,,,,,,,,,,,,,,,,,,,,,,,,,,,,,,,,,,,,,,,,,,,,,,,0.58295,0.03066,0.00109,0.31292,-0.01188,-0.00217,0.63970,-0.02985,0.00000,0.00000,-0.32611,0.02484,-0.00083,0.33417,-0.03997,0.00066,0.63894,-0.01134,0.00000,0.00000,0.51532,0.07359,0.00220,-0.41242,-0.10011,0.00042,0.61075,-0.06859,0.00000,0.00000,-0.31291,0.02704,0.00069,-0.32197,-0.01110,-0.00196,0.64100,-0.02768,0.00000,0.00000,0.13145,0.02534,0.00048,0.01845,-0.01197,-0.00125,0.76319,-0.01041,0.00000,0.00000
3.7500,375,0,3.7501,50.09,,,,,,,,,,,,,,,,,,,,,,,,,,,,,,,,,,,,,,,,,,,,,,,,,,,0.58450,0.03117,0.00099,0.31236,-0.01081,-0.00219,0.63826,-0.02785,0.00000,0.00000,-0.32488,0.02451,-0.00050,0.33217,-0.04016,0.00011,0.63846,-0.00804,0.00000,0.00000,0.51902,0.07476,0.00259,-0.41743,-0.10006,-0.00066,0.60754,-0.05973,0.00000,0.00000,-0.31155,0.02737,0.00064,-0.32250,-0.01013,-0.00200,0.63966,-0.02590,0.00000,0.00000,0.13273,0.02557,0.00046,0.01786,-0.01133,-0.00135,0.76271,-0.00862,0.00000,0.00000
3.8000,380,0,3.8001,50.03,,,,,,,,,,,,,,,,,,,,,,,,,,,,,,,,,,,,,,,,,,,,,,,,,,,0.58607,0.03163,0.00089,0.31184,-0.00973,-0.00220,0.63692,-0.02574,0.00000,0.00000,-0.32365,0.02436,-0.00009,0.33016,-0.04007,-0.00046,0.63814,-0.00482,0.00000,0.00000,0.52279,0.07614,0.00307,-0.42242,-0.09946,-0.00178,0.60477,-0.05128,0.00000,0.00000,-0.31018,0.02767,0.00059,-0.32298,-0.00914,-0.00204,0.63841,-0.02399,0.00000,0.00000,0.13401,0.02579,0.00043,0.01731,-0.01065,-0.00144,0.76233,-0.00679,0.00000,0.00000
3.8500,385,0,3.8500,49.91,,,,,,,,,,,,,,,,,,,,,,,,,,,,,,,,,,,,,,,,,,,,,,,,,,,0.58766,0.03204,0.00077,0.31138,-0.00865,-0.00222,0.63568,-0.02352,0.00000,0.00000,-0.32244,0.02444,0.00041,0.32817,-0.03970,-0.00105,0.63797,-0.00185,0.00000,0.00000,0.52664,0.07779,0.00367,-0.42736,-0.09831,-0.00292,0.60240,-0.04356,0.00000,0.00000,-0.30879,0.02795,0.00054,-0.32341,-0.00813,-0.00207,0.63727,-0.02195,0.00000,0.00000,0.13531,0.02599,0.00040,0.01680,-0.00992,-0.00153,0.76203,-0.00494,0.00000,0.00000
3.9000,390,0,3.9000,49.98,,,,,,,,,,,,,,,,,,,,,,,,,,,,,,,,,,,,,,,,,,,,,,,,,,,0.58927,0.03239,0.00065,0.31098,-0.00756,-0.00223,0.63457,-0.02118,0.00000,0.00000,-0.32121,0.02478,0.00099,0.32620,-0.03904,-0.00165,0.63794,0.00064,0.00000,0.00000,0.53058,0.07976,0.00437,-0.43224,-0.09660,-0.00407,0.60040,-0.03692,0.00000,0.00000,-0.30738,0.02820,0.00049,-0.32379,-0.00710,-0.00211,0.63622,-0.01981,0.00000,0.00000,0.13661,0.02618,0.00037,0.01632,-0.00914,-0.00163,0.76183,-0.00309,0.00000,0.00000
3.9500,395,0,3.9500,50.05,,,,,,,,,,,,,,,,,,,,,,,,,,,,,,,,,,,,,,,,,,,,,,,,,,,0.59090,0.03267,0.00052,0.31063,-0.00646,-0.00224,0.63357,-0.01873,0.00000,0.00000,-0.31995,0.02541,0.00160,0.32427,-0.03808,-0.00226,0.63802,0.00254,0.00000,0.00000,0.53462,0.08208,0.00510,-0.43701,-0.09431,-0.00523,0.59869,-0.03152,0.00000,0.00000,-0.30597,0.02843,0.00043,-0.32412,-0.00606,-0.00214,0.63529,-0.01756,0.00000,0.00000,0.13792,0.02636,0.00035,0.01589,-0.00832,-0.00172,0.76172,-0.00125,0.00000,0.00000
4.0000,400,0,4.0000,49.95,,,,,,,,,,,,,,,,,,,,,,,,,,,,,,,,,,,,,,,,,,,,,,,,,,,0.59254,0.03289,0.00038,0.31033,-0.00536,-0.00225,0.63269,-0.01619,0.00000,0.00000,-0.31866,0.02635,0.00223,0.32239,-0.03682,-0.00288,0.63819,0.00408,0.00000,0.00000,0.53879,0.08477,0.00585,-0.44166,-0.09146,-0.00642,0.59723,-0.02711,0.00000,0.00000,-0.30454,0.02863,0.00038,-0.32440,-0.00501,-0.00217,0.63447,-0.01522,0.00000,0.00000,0.13925,0.02652,0.00031,0.01549,-0.00745,-0.00181,0.76171,0.00057,0.00000,0.00000
4.0500,405,0,4.0500,50.01,,,,,,,,,,,,,,,,,,,,,,,,,,,,,,,,,,,,,,,,,,,,,,,,,,,0.59419,0.03304,0.00025,0.31009,-0.00426,-0.00225,0.63195,-0.01359,0.00000,0.00000,-0.31731,0.02760,0.00281,0.32059,-0.03525,-0.00352,0.63843,0.00541,0.00000,0.00000,0.54311,0.08781,0.00653,-0.44615,-0.08802,-0.00762,0.59597,-0.02344,0.00000,0.00000,-0.30310,0.02880,0.00032,-0.32462,-0.00394,-0.00220,0.63377,-0.01280,0.00000,0.00000,0.14058,0.02667,0.00028,0.01514,-0.00654,-0.00190,0.76178,0.00239,0.00000,0.00000
4.1000,410,0,4.1001,50.08,,,,,,,,,,,,,,,,,,,,,,,,,,,,,,,,,,,,,,,,,,,,,,,,,,,0.59584,0.03314,0.00013,0.30991,-0.00316,-0.00224,0.63134,-0.01095,0.00000,0.00000,-0.31590,0.02909,0.00324,0.31887,-0.03337,-0.00418,0.63873,0.00664,0.00000,0.00000,0.54758,0.09113,0.00699,-0.45045,-0.08399,-0.00882,0.59487,-0.02033,0.00000,0.00000,-0.30166,0.02895,0.00027,-0.32479,-0.00285,-0.00223,0.63319,-0.01031,0.00000,0.00000,0.14191,0.02680,0.00025,0.01484,-0.00559,-0.00199,0.76195,0.00420,0.00000,0.00000
4.1500,415,0,4.1501,50.03,,,,,,,,,,,,,,,,,,,,,,,,,,,,,,,,,,,,,,,,,,,,,,,,,,,0.59750,0.03318,0.00003,0.30978,-0.00206,-0.00224,0.63085,-0.00828,0.00000,0.00000,-0.31440,0.03075,0.00352,0.31726,-0.03116,-0.00482,0.63909,0.00783,0.00000,0.00000,0.55222,0.09463,0.00724,-0.45454,-0.07937,-0.00999,0.59393,-0.01766,0.00000,0.00000,-0.30021,0.02907,0.00021,-0.32491,-0.00175,-0.00225,0.63274,-0.00774,0.00000,0.00000,0.14325,0.02691,0.00021,0.01458,-0.00459,-0.00207,0.76220,0.00601,0.00000,0.00000
4.2000,420,0,4.2000,49.95,,,,,,,,,,,,,,,,,,,,,,,,,,,,,,,,,,,,,,,,,,,,,,,,,,,0.59916,0.03317,-0.00006,0.30970,-0.00096,-0.00224,0.63051,-0.00559,0.00000,0.00000,-0.31282,0.03252,0.00365,0.31576,-0.02864,-0.00543,0.63951,0.00904,0.00000,0.00000,0.55704,0.09820,0.00730,-0.45838,-0.07419,-0.01112,0.59310,-0.01533,0.00000,0.00000,-0.29875,0.02916,0.00015,-0.32497,-0.00064,-0.00228,0.63241,-0.00512,0.00000,0.00000,0.14460,0.02700,0.00016,0.01438,-0.00356,-0.00215,0.76255,0.00782,0.00000,0.00000
4.2500,425,0,4.2501,50.06,,,,,,,,,,,,,,,,,,,,,,,,,,,,,,,,,,,,,,,,,,,,,,,,,,,0.60082,0.03312,-0.00013,0.30968,0.00014,-0.00223,0.63030,-0.00287,0.00000,0.00000,-0.31115,0.03431,0.00366,0.31440,-0.02584,-0.00600,0.64000,0.01028,0.00000,0.00000,0.56204,0.10176,0.00717,-0.46195,-0.06848,-0.01217,0.59239,-0.01324,0.00000,0.00000,-0.29729,0.02922,0.00010,-0.32497,0.00048,-0.00230,0.63222,-0.00244,0.00000,0.00000,0.14595,0.02707,0.00012,0.01423,-0.00248,-0.00223,0.76298,0.00964,0.00000,0.00000
4.3000,430,0,4.3012,51.15,,,,,,,,,,,,,,,,,,,,,,,,,,,,,,,,,,,,,,,,,,,,,,,,,,,0.60247,0.03305,-0.00019,0.30972,0.00123,-0.00223,0.63022,-0.00013,0.00000,0.00000,-0.30939,0.03608,0.00354,0.31318,-0.02276,-0.00652,0.64054,0.01157,0.00000,0.00000,0.56722,0.10521,0.00687,-0.46522,-0.06227,-0.01312,0.59177,-0.01135,0.00000,0.00000,-0.29583,0.02925,0.00004,-0.32492,0.00161,-0.00232,0.63217,0.00028,0.00000,0.00000,0.14731,0.02711,0.00007,0.01413,-0.00137,-0.00230,0.76351,0.01147,0.00000,0.00000
4.3500,435,0,4.3499,48.70,,,,,,,,,,,,,,,,,,,,,,,,,,,,,,,,,,,,,,,,,,,,,,,,,,,0.60412,0.03294,-0.00024,0.30980,0.00233,-0.00224,0.63028,0.00264,0.00000,0.00000,-0.30754,0.03777,0.00333,0.31213,-0.01946,-0.00696,0.64115,0.01290,0.00000,0.00000,0.57256,0.10848,0.00642,-0.46817,-0.05563,-0.01396,0.59125,-0.00959,0.00000,0.00000,-0.29437,0.02926,-0.00001,-0.32481,0.00276,-0.00235,0.63225,0.00306,0.00000,0.00000,0.14867,0.02714,0.00002,0.01409,-0.00023,-0.00237,0.76413,0.01333,0.00000,0.00000
4.4000,440,0,4.4000,50.00,,,,,,,,,,,,,,,,,,,,,,,,,,,,,,,,,,,,,,,,,,,,,,,,,,,0.60576,0.03281,-0.00028,0.30995,0.00343,-0.00225,0.63049,0.00544,0.00000,0.00000,-0.30561,0.03933,0.00302,0.31124,-0.01595,-0.00732,0.64183,0.01428,0.00000,0.00000,0.57806,0.11149,0.00585,-0.47078,-0.04860,-0.01467,0.59081,-0.00791,0.00000,0.00000,-0.29291,0.02924,-0.00007,-0.32464,0.00391,-0.00237,0.63248,0.00588,0.00000,0.00000,0.15002,0.02713,-0.00004,0.01411,0.00095,-0.00243,0.76484,0.01520,0.00000,0.00000
4.4500,445,0,4.4500,50.01,,,,,,,,,,,,,,,,,,,,,,,,,,,,,,,,,,,,,,,,,,,,,,,,,,,0.60740,0.03266,-0.00032,0.31015,0.00454,-0.00227,0.63083,0.00826,0.00000,0.00000,-0.30361,0.04073,0.00265,0.31053,-0.01229,-0.00758,0.64258,0.01570,0.00000,0.00000,0.58370,0.11420,0.00517,-0.47302,-0.04126,-0.01523,0.59046,-0.00628,0.00000,0.00000,-0.29145,0.02919,-0.00013,-0.32442,0.00508,-0.00239,0.63284,0.00873,0.00000,0.00000,0.15138,0.02710,-0.00010,0.01419,0.00215,-0.00248,0.76565,0.01710,0.00000,0.00000
4.5000,450,0,4.4999,49.98,,,,,,,,,,,,,,,,,,,,,,,,,,,,,,,,,,,,,,,,,,,,,,,,,,,0.60903,0.03250,-0.00035,0.31040,0.00565,-0.00229,0.63131,0.01112,0.00000,0.00000,-0.30154,0.04193,0.00223,0.31001,-0.00853,-0.00774,0.64340,0.01716,0.00000,0.00000,0.58947,0.11656,0.00442,-0.47490,-0.03368,-0.01563,0.59019,-0.00465,0.00000,0.00000,-0.28999,0.02911,-0.00018,-0.32413,0.00626,-0.00241,0.63335,0.01163,0.00000,0.00000,0.15273,0.02703,-0.00016,0.01433,0.00338,-0.00253,0.76655,0.01903,0.00000,0.00000
4.5500,455,0,4.5506,50.69,,,,,,,,,,,,,,,,,,,,,,,,,,,,,,,,,,,,,,,,,,,,,,,,,,,0.61065,0.03232,-0.00038,0.31071,0.00679,-0.00233,0.63194,0.01402,0.00000,0.00000,-0.29942,0.04291,0.00178,0.30968,-0.00472,-0.00779,0.64430,0.01865,0.00000,0.00000,0.59535,0.11853,0.00361,-0.47639,-0.02596,-0.01586,0.59000,-0.00299,0.00000,0.00000,-0.28854,0.02901,-0.00024,-0.32379,0.00744,-0.00242,0.63401,0.01456,0.00000,0.00000,0.15408,0.02694,-0.00022,0.01453,0.00463,-0.00257,0.76756,0.02100,0.00000,0.00000
4.6000,460,0,4.6005,49.84,,,,,,,,,,,,,,,,,,,,,,,,,,,,,,,,,,,,,,,,,,,,,,,,,,,0.61226,0.03213,-0.00041,0.31108,0.00794,-0.00237,0.63271,0.01695,0.00000,0.00000,-0.29726,0.04368,0.00132,0.30954,-0.00091,-0.00772,0.64527,0.02017,0.00000,0.00000,0.60132,0.12010,0.00278,-0.47749,-0.01816,-0.01591,0.58989,-0.00125,0.00000,0.00000,-0.28709,0.02888,-0.00029,-0.32339,0.00863,-0.00244,0.63481,0.01753,0.00000,0.00000,0.15542,0.02681,-0.00029,0.01479,0.00590,-0.00261,0.76866,0.02300,0.00000,0.00000
4.6500,465,0,4.6502,49.69,,,,,,,,,,,,,,,,,,,,,,,,,,,,,,,,,,,,,,,,,,,,,,,,,,,0.61386,0.03192,-0.00044,0.31151,0.00911,-0.00242,0.63364,0.01993,0.00000,0.00000,-0.29506,0.04421,0.00087,0.30959,0.00284,-0.00754,0.64632,0.02172,0.00000,0.00000,0.60736,0.12126,0.00196,-0.47821,-0.01038,-0.01578,0.58987,0.00062,0.00000,0.00000,-0.28565,0.02872,-0.00035,-0.32293,0.00983,-0.00246,0.63576,0.02053,0.00000,0.00000,0.15676,0.02666,-0.00036,0.01512,0.00719,-0.00264,0.76986,0.02504,0.00000,0.00000
4.7000,470,0,4.7001,49.91,,,,,,,,,,,,,,,,,,,,,,,,,,,,,,,,,,,,,,,,,,,,,,,,,,,0.61545,0.03170,-0.00048,0.31199,0.01031,-0.00248,0.63471,0.02295,0.00000,0.00000,-0.29284,0.04454,0.00046,0.30982,0.00647,-0.00724,0.64744,0.02331,0.00000,0.00000,0.61344,0.12202,0.00117,-0.47853,-0.00270,-0.01548,0.58995,0.00266,0.00000,0.00000,-0.28422,0.02854,-0.00040,-0.32241,0.01104,-0.00247,0.63686,0.02356,0.00000,0.00000,0.15809,0.02646,-0.00042,0.01551,0.00848,-0.00266,0.77116,0.02713,0.00000,0.00000
4.7500,475,0,4.7501,50.04,,,,,,,,,,,,,,,,,,,,,,,,,,,,,,,,,,,,,,,,,,,,,,,,,,,0.61703,0.03145,-0.00052,0.31254,0.01155,-0.00255,0.63593,0.02602,0.00000,0.00000,-0.29061,0.04467,0.00009,0.31023,0.00992,-0.00683,0.64865,0.02494,0.00000,0.00000,0.61955,0.12241,0.00044,-0.47848,0.00478,-0.01500,0.59014,0.00495,0.00000,0.00000,-0.28279,0.02832,-0.00046,-0.32182,0.01226,-0.00248,0.63812,0.02662,0.00000,0.00000,0.15941,0.02624,-0.00049,0.01597,0.00979,-0.00268,0.77257,0.02927,0.00000,0.00000
4.8000,480,0,4.8007,50.58,,,,,,,,,,,,,,,,,,,,,,,,,,,,,,,,,,,,,,,,,,,,,,,,,,,0.61860,0.03119,-0.00057,0.31315,0.01281,-0.00262,0.63731,0.02913,0.00000,0.00000,-0.28837,0.04463,-0.00024,0.31081,0.01316,-0.00639,0.64994,0.02665,0.00000,0.00000,0.62568,0.12245,-0.00026,-0.47806,0.01200,-0.01447,0.59045,0.00757,0.00000,0.00000,-0.28138,0.02809,-0.00052,-0.32118,0.01348,-0.00250,0.63952,0.02970,0.00000,0.00000,0.16071,0.02598,-0.00056,0.01649,0.01111,-0.00269,0.77409,0.03146,0.00000,0.00000
4.8500,485,0,4.8501,49.37,,,,,,,,,,,,,,,,,,,,,,,,,,,,,,,,,,,,,,,,,,,,,,,,,,,0.62015,0.03090,-0.00061,0.31382,0.01411,-0.00267,0.63885,0.03227,0.00000,0.00000,-0.28615,0.04443,-0.00058,0.31154,0.01620,-0.00602,0.65132,0.02848,0.00000,0.00000,0.63179,0.12216,-0.00095,-0.47728,0.01898,-0.01399,0.59091,0.01061,0.00000,0.00000,-0.27999,0.02782,-0.00057,-0.32048,0.01470,-0.00251,0.64109,0.03280,0.00000,0.00000,0.16200,0.02569,-0.00063,0.01708,0.01243,-0.00269,0.77572,0.03371,0.00000,0.00000
4.9000,490,0,4.9001,50.00,,,,,,,,,,,,,,,,,,,,,,,,,,,,,,,,,,,,,,,,,,,,,,,,,,,0.62169,0.03058,-0.00066,0.31456,0.01543,-0.00272,0.64054,0.03545,0.00000,0.00000,-0.28393,0.04406,-0.00092,0.31243,0.01907,-0.00570,0.65279,0.03050,0.00000,0.00000,0.63789,0.12152,-0.00166,-0.47616,0.02573,-0.01357,0.59152,0.01423,0.00000,0.00000,-0.27860,0.02753,-0.00063,-0.31971,0.01594,-0.00251,0.64280,0.03591,0.00000,0.00000,0.16328,0.02536,-0.00070,0.01773,0.01375,-0.00270,0.77746,0.03602,0.00000,0.00000
4.9500,495,0,4.9500,49.91,,,,,,,,,,,,,,,,,,,,,,,,,,,,,,,,,,,,,,,,,,,,,,,,,,,0.62321,0.03025,-0.00071,0.31536,0.01677,-0.00275,0.64239,0.03863,0.00000,0.00000,-0.28174,0.04353,-0.00127,0.31345,0.02181,-0.00545,0.65437,0.03284,0.00000,0.00000,0.64394,0.12053,-0.00237,-0.47471,0.03230,-0.01320,0.59234,0.01858,0.00000,0.00000,-0.27723,0.02721,-0.00068,-0.31888,0.01717,-0.00252,0.64468,0.03902,0.00000,0.00000,0.16454,0.02500,-0.00077,0.01845,0.01507,-0.00269,0.77932,0.03838,0.00000,0.00000
5.0000,500,1,5.0001,50.10,0.55000,0.00000,0.00000,0.39000,0.00000,0.00000,0.60000,0.00000,0.00000,0.00000,-0.35000,0.00000,0.00000,0.39000,0.00000,0.00000,0.60000,0.00000,0.00000,0.00000,0.55000,0.00000,0.00000,-0.25000,0.00000,0.00000,0.60000,0.00000,0.00000,0.00000,-0.35000,0.00000,0.00000,-0.25000,0.00000,0.00000,0.60000,0.00000,0.00000,0.00000,0.10000,0.00000,0.00000,0.07000,0.00000,0.00000,0.72000,0.00000,0.00000,0.00000,0.55000,0.00000,0.00000,0.39000,0.00000,0.00000,0.60000,0.00000,0.00000,0.00000,-0.35000,0.00000,0.00000,0.39000,0.00000,0.00000,0.60000,0.00000,0.00000,0.00000,0.55000,0.00000,0.00000,-0.25000,0.00000,0.00000,0.60000,0.00000,0.00000,0.00000,-0.35000,0.00000,0.00000,-0.25000,0.00000,0.00000,0.60000,0.00000,0.00000,0.00000,0.10000,0.00000,0.00000,0.07000,0.00000,0.00000,0.72000,0.00000,0.00000,0.00000
5.0500,505,1,5.0502,50.10,,,,,,,,,,,,,,,,,,,,,,,,,,,,,,,,,,,,,,,,,,,,,,,,,,,0.55000,0.00007,0.00026,0.39001,0.00041,-0.00154,0.60020,0.00801,0.00000,0.00000,-0.34997,0.00166,0.00603,0.38999,-0.00031,0.00106,0.60020,0.00780,0.00000,0.00000,0.55006,0.00328,0.01206,-0.25001,-0.00036,0.00125,0.60031,0.01228,0.00000,0.00000,-0.35000,0.00013,0.00050,-0.24999,0.00035,-0.00130,0.60020,0.00788,0.00000,0.00000,0.10000,0.00021,0.00079,0.07000,0.00027,-0.00101,0.72018,0.00704,0.00000,0.00000
5.1000,510,1,5.1000,49.87,,,,,,,,,,,,,,,,,,,,,,,,,,,,,,,,,,,,,,,,,,,,,,,,,,,0.55001,0.00025,0.00051,0.39005,0.00140,-0.00241,0.60080,0.01581,0.00000,0.00000,-0.34980,0.00537,0.00871,0.38996,-0.00090,0.00124,0.60077,0.01514,0.00000,0.00000,0.55040,0.01084,0.01797,-0.25004,-0.00104,0.00140,0.60122,0.02385,0.00000,0.00000,-0.34998,0.00046,0.00079,-0.24996,0.00119,-0.00207,0.60078,0.01552,0.00000,0.00000,0.10003,0.00072,0.00123,0.07003,0.00092,-0.00161,0.72070,0.01387,0.00000,0.00000
5.1500,515,1,5.1503,50.25,,,,,,,,,,,,,,,,,,,,,,,,,,,,,,,,,,,,,,,,,,,,,,,,,,,0.55003,0.00056,0.00072,0.39015,0.00271,-0.00287,0.60178,0.02336,0.00000,0.00000,-0.34942,0.00989,0.00944,0.38991,-0.00145,0.00096,0.60170,0.02212,0.00000,0.00000,0.55117,0.02031,0.02022,-0.25011,-0.00164,0.00095,0.60269,0.03483,0.00000,0.00000,-0.34995,0.00089,0.00095,-0.24987,0.00233,-0.00252,0.60175,0.02292,0.00000,0.00000,0.10008,0.00138,0.00146,0.07010,0.00181,-0.00198,0.72156,0.02047,0.00000,0.00000
5.2000,520,1,5.2000,49.71,,,,,,,,,,,,,,,,,,,,,,,,,,,,,,,,,,,,,,,,,,,,,,,,,,,0.55007,0.00096,0.00090,0.39032,0.00418,-0.00310,0.60313,0.03067,0.00000,0.00000,-0.34881,0.01446,0.00907,0.38982,-0.00180,0.00044,0.60298,0.02880,0.00000,0.00000,0.55244,0.03032,0.02033,-0.25020,-0.00193,0.00022,0.60469,0.04529,0.00000,0.00000,-0.34989,0.00138,0.00103,-0.24972,0.00363,-0.00278,0.60307,0.03007,0.00000,0.00000,0.10017,0.00213,0.00156,0.07022,0.00284,-0.00220,0.72274,0.02685,0.00000,0.00000
5.2500,525,1,5.2501,50.09,,,,,,,,,,,,,,,,,,,,,,,,,,,,,,,,,,,,,,,,,,,,,,,,,,,0.55013,0.00144,0.00106,0.39057,0.00572,-0.00318,0.60484,0.03771,0.00000,0.00000,-0.34798,0.01868,0.00811,0.38973,-0.00187,-0.00016,0.60458,0.03522,0.00000,0.00000,0.55420,0.04006,0.01924,-0.25030,-0.00184,-0.00063,0.60721,0.05526,0.00000,0.00000,-0.34981,0.00190,0.00106,-0.24951,0.00503,-0.00291,0.60475,0.03697,0.00000,0.00000,0.10029,0.00290,0.00158,0.07039,0.00395,-0.00232,0.72424,0.03300,0.00000,0.00000
5.3000,530,1,5.3000,49.92,,,,,,,,,,,,,,,,,,,,,,,,,,,,,,,,,,,,,,,,,,,,,,,,,,,0.55021,0.00199,0.00119,0.39090,0.00729,-0.00319,0.60690,0.04449,0.00000,0.00000,-0.34695,0.02236,0.00687,0.38964,-0.00164,-0.00077,0.60650,0.04139,0.00000,0.00000,0.55643,0.04909,0.01750,-0.25038,-0.00132,-0.00148,0.61021,0.06477,0.00000,0.00000,-0.34970,0.00242,0.00106,-0.24922,0.00648,-0.00298,0.60676,0.04361,0.00000,0.00000,0.10046,0.00367,0.00154,0.07061,0.00511,-0.00240,0.72604,0.03891,0.00000,0.00000
5.3500,535,1,5.3501,50.06,,,,,,,,,,,,,,,,,,,,,,,,,,,,,,,,,,,,,,,,,,,,,,,,,,,0.55033,0.00260,0.00128,0.39130,0.00885,-0.00315,0.60928,0.05099,0.00000,0.00000,-0.34575,0.02541,0.00554,0.38957,-0.00113,-0.00133,0.60872,0.04732,0.00000,0.00000,0.55909,0.05718,0.01546,-0.25042,-0.00039,-0.00229,0.61368,0.07383,0.00000,0.00000,-0.34957,0.00294,0.00104,-0.24886,0.00794,-0.00299,0.60911,0.04999,0.00000,0.00000,0.10066,0.00441,0.00147,0.07090,0.00630,-0.00244,0.72813,0.04459,0.00000,0.00000
5.4000,540,1,5.3999,49.89,,,,,,,,,,,,,,,,,,,,,,,,,,,,,,,,,,,,,,,,,,,,,,,,,,,0.55047,0.00325,0.00135,0.39178,0.01038,-0.00309,0.61199,0.05721,0.00000,0.00000,-0.34442,0.02780,0.00422,0.38953,-0.00035,-0.00184,0.61122,0.05302,0.00000,0.00000,0.56213,0.06424,0.01333,-0.25041,0.00092,-0.00303,0.61758,0.08244,0.00000,0.00000,-0.34941,0.00344,0.00101,-0.24842,0.00941,-0.00298,0.61176,0.05611,0.00000,0.00000,0.10090,0.00511,0.00138,0.07124,0.00750,-0.00245,0.73049,0.05003,0.00000,0.00000
5.4500,545,1,5.4501,50.16,,,,,,,,,,,,,,,,,,,,,,,,,,,,,,,,,,,,,,,,,,,,,,,,,,,0.55065,0.00392,0.00140,0.39234,0.01188,-0.00302,0.61500,0.06315,0.00000,0.00000,-0.34299,0.02956,0.00297,0.38954,0.00066,-0.00227,0.61401,0.05847,0.00000,0.00000,0.56550,0.07026,0.01122,-0.25032,0.00256,-0.00367,0.62191,0.09059,0.00000,0.00000,-0.34923,0.00393,0.00097,-0.24792,0.01086,-0.00295,0.61471,0.06196,0.00000,0.00000,0.10117,0.00576,0.00127,0.07165,0.00870,-0.00246,0.73313,0.05523,0.00000,0.00000
5.5000,550,1,5.5001,49.97,,,,,,,,,,,,,,,,,,,,,,,,,,,,,,,,,,,,,,,,,,,,,,,,,,,0.55086,0.00462,0.00143,0.39297,0.01335,-0.00295,0.61830,0.06881,0.00000,0.00000,-0.34148,0.03073,0.00183,0.38960,0.00187,-0.00263,0.61707,0.06369,0.00000,0.00000,0.56914,0.07527,0.00920,-0.25015,0.00451,-0.00423,0.62663,0.09828,0.00000,0.00000,-0.34902,0.00439,0.00093,-0.24734,0.01230,-0.00291,0.61795,0.06753,0.00000,0.00000,0.10147,0.00635,0.00116,0.07211,0.00991,-0.00246,0.73601,0.06019,0.00000,0.00000
5.5500,555,1,5.5502,50.13,,,,,,,,,,,,,,,,,,,,,,,,,,,,,,,,,,,,,,,,,,,,,,,,,,,0.55111,0.00532,0.00143,0.39367,0.01478,-0.00288,0.62188,0.07418,0.00000,0.00000,-0.33992,0.03137,0.00081,0.38973,0.00324,-0.00293,0.62038,0.06865,0.00000,0.00000,0.57301,0.07931,0.00732,-0.24987,0.00670,-0.00469,0.63173,0.10549,0.00000,0.00000,-0.34879,0.00483,0.00088,-0.24669,0.01371,-0.00286,0.62146,0.07284,0.00000,0.00000,0.10180,0.00689,0.00104,0.07264,0.01111,-0.00245,0.73914,0.06490,0.00000,0.00000
5.6000,560,1,5.6001,49.86,,,,,,,,,,,,,,,,,,,,,,,,,,,,,,,,,,,,,,,,,,,,,,,,,,,0.55140,0.00602,0.00142,0.39445,0.01617,-0.00281,0.62571,0.07926,0.00000,0.00000,-0.33835,0.03155,-0.00007,0.38993,0.00473,-0.00316,0.62393,0.07334,0.00000,0.00000,0.57706,0.08247,0.00560,-0.24948,0.00909,-0.00507,0.63718,0.11221,0.00000,0.00000,-0.34853,0.00525,0.00083,-0.24597,0.01510,-0.00281,0.62523,0.07787,0.00000,0.00000,0.10216,0.00737,0.00092,0.07322,0.01231,-0.00244,0.74250,0.06937,0.00000,0.00000
5.6500,565,1,5.6501,50.03,,,,,,,,,,,,,,,,,,,,,,,,,,,,,,,,,,,,,,,,,,,,,,,,,,,0.55171,0.00670,0.00138,0.39529,0.01754,-0.00275,0.62980,0.08406,0.00000,0.00000,-0.33677,0.03132,-0.00083,0.39020,0.00632,-0.00333,0.62771,0.07777,0.00000,0.00000,0.58124,0.08483,0.00404,-0.24896,0.01166,-0.00538,0.64294,0.11843,0.00000,0.00000,-0.34826,0.00564,0.00077,-0.24518,0.01647,-0.00276,0.62924,0.08263,0.00000,0.00000,0.10254,0.00780,0.00081,0.07387,0.01351,-0.00243,0.74608,0.07358,0.00000,0.00000
5.7000,570,1,5.7000,49.93,,,,,,,,,,,,,,,,,,,,,,,,,,,,,,,,,,,,,,,,,,,,,,,,,,,0.55207,0.00737,0.00133,0.39620,0.01887,-0.00269,0.63411,0.08857,0.00000,0.00000,-0.33522,0.03075,-0.00145,0.39056,0.00799,-0.00346,0.63170,0.08192,0.00000,0.00000,0.58553,0.08647,0.00266,-0.24831,0.01436,-0.00562,0.64901,0.12413,0.00000,0.00000,-0.34797,0.00601,0.00072,-0.24432,0.01781,-0.00270,0.63349,0.08711,0.00000,0.00000,0.10294,0.00817,0.00069,0.07457,0.01470,-0.00241,0.74985,0.07755,0.00000,0.00000
5.7500,575,1,5.7500,50.02,,,,,,,,,,,,,,,,,,,,,,,,,,,,,,,,,,,,,,,,,,,,,,,,,,,0.55245,0.00801,0.00127,0.39717,0.02017,-0.00263,0.63865,0.09280,0.00000,0.00000,-0.33370,0.02991,-0.00195,0.39100,0.00971,-0.00355,0.63589,0.08577,0.00000,0.00000,0.58988,0.08747,0.00145,-0.24752,0.01717,-0.00581,0.65535,0.12929,0.00000,0.00000,-0.34766,0.00635,0.00066,-0.24340,0.01912,-0.00265,0.63795,0.09132,0.00000,0.00000,0.10335,0.00848,0.00057,0.07534,0.01588,-0.00240,0.75383,0.08126,0.00000,0.00000
5.8000,580,1,5.8000,49.95,,,,,,,,,,,,,,,,,,,,,,,,,,,,,,,,,,,,,,,,,,,,,,,,,,,0.55287,0.00861,0.00119,0.39822,0.02145,-0.00257,0.64339,0.09674,0.00000,0.00000,-0.33223,0.02886,-0.00233,0.39153,0.01147,-0.00361,0.64027,0.08932,0.00000,0.00000,0.59427,0.08792,0.00042,-0.24659,0.02006,-0.00596,0.66193,0.13390,0.00000,0.00000,-0.34734,0.00666,0.00060,-0.24241,0.02041,-0.00259,0.64261,0.09525,0.00000,0.00000,0.10378,0.00873,0.00046,0.07616,0.01705,-0.00238,0.75798,0.08471,0.00000,0.00000
5.8500,585,1,5.8500,50.02,,,,,,,,,,,,,,,,,,,,,,,,,,,,,,,,,,,,,,,,,,,,,,,,,,,0.55331,0.00917,0.00110,0.39932,0.02270,-0.00252,0.64832,0.10040,0.00000,0.00000,-0.33082,0.02765,-0.00258,0.39215,0.01326,-0.00365,0.64482,0.09254,0.00000,0.00000,0.59867,0.08791,-0.00045,-0.24551,0.02300,-0.00606,0.66873,0.13794,0.00000,0.00000,-0.34700,0.00694,0.00054,-0.24136,0.02167,-0.00254,0.64747,0.09891,0.00000,0.00000,0.10423,0.00893,0.00035,0.07704,0.01821,-0.00236,0.76229,0.08792,0.00000,0.00000
5.9000,590,1,5.9000,50.02,,,,,,,,,,,,,,,,,,,,,,,,,,,,,,,,,,,,,,,,,,,,,,,,,,,0.55378,0.00969,0.00099,0.40048,0.02392,-0.00247,0.65343,0.10379,0.00000,0.00000,-0.32947,0.02634,-0.00272,0.39286,0.01505,-0.00368,0.64952,0.09543,0.00000,0.00000,0.60305,0.08751,-0.00115,-0.24429,0.02600,-0.00614,0.67571,0.14141,0.00000,0.00000,-0.34664,0.00719,0.00048,-0.24024,0.02290,-0.00248,0.65250,0.10229,0.00000,0.00000,0.10468,0.00908,0.00025,0.07798,0.01936,-0.00234,0.76676,0.09087,0.00000,0.00000
5.9500,595,1,5.9500,49.98,,,,,,,,,,,,,,,,,,,,,,,,,,,,,,,,,,,,,,,,,,,,,,,,,,,0.55428,0.01015,0.00088,0.40171,0.02511,-0.00241,0.65869,0.10690,0.00000,0.00000,-0.32819,0.02499,-0.00276,0.39366,0.01686,-0.00369,0.65436,0.09796,0.00000,0.00000,0.60741,0.08680,-0.00169,-0.24291,0.02903,-0.00621,0.68286,0.14429,0.00000,0.00000,-0.34628,0.00741,0.00042,-0.23907,0.02410,-0.00243,0.65769,0.10540,0.00000,0.00000,0.10513,0.00918,0.00015,0.07898,0.02050,-0.00231,0.77138,0.09357,0.00000,0.00000
6.0000,600,1,6.0006,50.58,,,,,,,,,,,,,,,,,,,,,,,,,,,,,,,,,,,,,,,,,,,,,,,,,,,0.55480,0.01055,0.00076,0.40300,0.02629,-0.00236,0.66411,0.10975,0.00000,0.00000,-0.32697,0.02364,-0.00274,0.39455,0.01867,-0.00370,0.65931,0.10013,0.00000,0.00000,0.61173,0.08586,-0.00216,-0.24138,0.03208,-0.00625,0.69013,0.14660,0.00000,0.00000,-0.34590,0.00760,0.00035,-0.23783,0.02528,-0.00237,0.66304,0.10825,0.00000,0.00000,0.10559,0.00922,0.00005,0.08003,0.02163,-0.00229,0.77612,0.09603,0.00000,0.00000
6.0500,605,1,6.0500,49.39,,,,,,,,,,,,,,,,,,,,,,,,,,,,,,,,,,,,,,,,,,,,,,,,,,,0.55533,0.01089,0.00064,0.40434,0.02743,-0.00231,0.66966,0.11233,0.00000,0.00000,-0.32582,0.02230,-0.00272,0.39552,0.02048,-0.00368,0.66437,0.10201,0.00000,0.00000,0.61599,0.08469,-0.00259,-0.23970,0.03515,-0.00625,0.69751,0.14845,0.00000,0.00000,-0.34552,0.00775,0.00029,-0.23654,0.02643,-0.00232,0.66851,0.11082,0.00000,0.00000,0.10606,0.00923,-0.00004,0.08114,0.02275,-0.00226,0.78097,0.09825,0.00000,0.00000
6.1000,610,1,6.1000,49.99,,,,,,,,,,,,,,,,,,,,,,,,,,,,,,,,,,,,,,,,,,,,,,,,,,,0.55588,0.01117,0.00052,0.40574,0.02855,-0.00226,0.67534,0.11463,0.00000,0.00000,-0.32474,0.02098,-0.00268,0.39659,0.02229,-0.00366,0.66951,0.10364,0.00000,0.00000,0.62019,0.08332,-0.00298,-0.23787,0.03822,-0.00624,0.70497,0.14993,0.00000,0.00000,-0.34513,0.00788,0.00022,-0.23519,0.02755,-0.00226,0.67411,0.11313,0.00000,0.00000,0.10652,0.00918,-0.00013,0.08231,0.02385,-0.00223,0.78594,0.10023,0.00000,0.00000
6.1500,615,1,6.1504,50.43,,,,,,,,,,,,,,,,,,,,,,,,,,,,,,,,,,,,,,,,,,,,,,,,,,,0.55645,0.01139,0.00040,0.40719,0.02964,-0.00221,0.68112,0.11667,0.00000,0.00000,-0.32372,0.01968,-0.00263,0.39775,0.02407,-0.00362,0.67473,0.10506,0.00000,0.00000,0.62432,0.08177,-0.00335,-0.23588,0.04127,-0.00619,0.71250,0.15111,0.00000,0.00000,-0.34473,0.00797,0.00016,-0.23379,0.02865,-0.00221,0.67982,0.11517,0.00000,0.00000,0.10697,0.00909,-0.00022,0.08353,0.02494,-0.00220,0.79099,0.10198,0.00000,0.00000
6.2000,620,1,6.2000,49.64,,,,,,,,,,,,,,,,,,,,,,,,,,,,,,,,,,,,,,,,,,,,,,,,,,,0.55702,0.01156,0.00028,0.40870,0.03071,-0.00216,0.68700,0.11844,0.00000,0.00000,-0.32277,0.01840,-0.00258,0.39900,0.02583,-0.00357,0.68001,0.10629,0.00000,0.00000,0.62837,0.08004,-0.00369,-0.23374,0.04429,-0.00613,0.72008,0.15205,0.00000,0.00000,-0.34433,0.00804,0.00009,-0.23233,0.02972,-0.00215,0.68563,0.11695,0.00000,0.00000,0.10742,0.00897,-0.00030,0.08480,0.02601,-0.00217,0.79613,0.10351,0.00000,0.00000
6.2500,625,1,6.2504,50.32,,,,,,,,,,,,,,,,,,,,,,,,,,,,,,,,,,,,,,,,,,,,,,,,,,,0.55760,0.01167,0.00017,0.41026,0.03176,-0.00211,0.69296,0.11995,0.00000,0.00000,-0.32188,0.01714,-0.00253,0.40034,0.02757,-0.00351,0.68535,0.10733,0.00000,0.00000,0.63232,0.07816,-0.00400,-0.23145,0.04728,-0.00605,0.72770,0.15279,0.00000,0.00000,-0.34393,0.00806,0.00003,-0.23081,0.03076,-0.00210,0.69151,0.11847,0.00000,0.00000,0.10787,0.00880,-0.00038,0.08613,0.02707,-0.00214,0.80134,0.10483,0.00000,0.00000
6.3000,630,1,6.3001,49.74,,,,,,,,,,,,,,,,,,,,,,,,,,,,,,,,,,,,,,,,,,,,,,,,,,,0.55819,0.01172,0.00005,0.41188,0.03278,-0.00206,0.69899,0.12120,0.00000,0.00000,-0.32106,0.01592,-0.00247,0.40176,0.02927,-0.00344,0.69074,0.10821,0.00000,0.00000,0.63618,0.07612,-0.00430,-0.22902,0.05022,-0.00594,0.73536,0.15335,0.00000,0.00000,-0.34353,0.00806,-0.00004,-0.22925,0.03178,-0.00205,0.69747,0.11973,0.00000,0.00000,0.10830,0.00859,-0.00046,0.08751,0.02811,-0.00210,0.80661,0.10593,0.00000,0.00000
6.3500,635,1,6.3503,50.17,,,,,,,,,,,,,,,,,,,,,,,,,,,,,,,,,,,,,,,,,,,,,,,,,,,0.55877,0.01172,-0.00006,0.41354,0.03378,-0.00201,0.70508,0.12220,0.00000,0.00000,-0.32029,0.01472,-0.00241,0.40326,0.03094,-0.00337,0.69617,0.10892,0.00000,0.00000,0.63993,0.07395,-0.00457,-0.22643,0.05311,-0.00583,0.74303,0.15377,0.00000,0.00000,-0.34312,0.00803,-0.00010,-0.22764,0.03277,-0.00199,0.70348,0.12074,0.00000,0.00000,0.10873,0.00835,-0.00053,0.08894,0.02913,-0.00207,0.81193,0.10683,0.00000,0.00000
6.4000,640,1,6.4000,49.73,,,,,,,,,,,,,,,,,,,,,,,,,,,,,,,,,,,,,,,,,,,,,,,,,,,0.55936,0.01167,-0.00016,0.41525,0.03475,-0.00196,0.71121,0.12295,0.00000,0.00000,-0.31959,0.01355,-0.00236,0.40485,0.03257,-0.00329,0.70163,0.10947,0.00000,0.00000,0.64357,0.07164,-0.00484,-0.22371,0.05593,-0.00569,0.75073,0.15406,0.00000,0.00000,-0.34272,0.00796,-0.00017,-0.22597,0.03373,-0.00194,0.70954,0.12150,0.00000,0.00000,0.10914,0.00807,-0.00060,0.09042,0.03014,-0.00203,0.81729,0.10753,0.00000,0.00000
6.4500,645,1,6.4500,50.05,,,,,,,,,,,,,,,,,,,,,,,,,,,,,,,,,,,,,,,,,,,,,,,,,,,0.55994,0.01156,-0.00027,0.41702,0.03570,-0.00191,0.71737,0.12346,0.00000,0.00000,-0.31894,0.01241,-0.00231,0.40652,0.03417,-0.00321,0.70711,0.10986,0.00000,0.00000,0.64710,0.06920,-0.00508,-0.22084,0.05869,-0.00555,0.75844,0.15423,0.00000,0.00000,-0.34233,0.00786,-0.00023,-0.22426,0.03467,-0.00189,0.71563,0.12201,0.00000,0.00000,0.10953,0.00776,-0.00067,0.09195,0.03112,-0.00199,0.82268,0.10802,0.00000,0.00000
6.5000,650,1,6.5004,50.38,,,,,,,,,,,,,,,,,,,,,,,,,,,,,,,,,,,,,,,,,,,,,,,,,,,0.56052,0.01141,-0.00037,0.41882,0.03662,-0.00185,0.72355,0.12372,0.00000,0.00000,-0.31834,0.01129,-0.00226,0.40827,0.03573,-0.00313,0.71261,0.11009,0.00000,0.00000,0.65049,0.06665,-0.00532,-0.21784,0.06137,-0.00539,0.76615,0.15431,0.00000,0.00000,-0.34194,0.00773,-0.00030,-0.22251,0.03558,-0.00183,0.72174,0.12227,0.00000,0.00000,0.10991,0.00741,-0.00073,0.09353,0.03209,-0.00195,0.82809,0.10833,0.00000,0.00000
6.5500,655,1,6.5502,49.78,,,,,,,,,,,,,,,,,,,,,,,,,,,,,,,,,,,,,,,,,,,,,,,,,,,0.56108,0.01120,-0.00047,0.42068,0.03751,-0.00180,0.72974,0.12375,0.00000,0.00000,-0.31781,0.01019,-0.00222,0.41009,0.03724,-0.00304,0.71812,0.11016,0.00000,0.00000,0.65376,0.06399,-0.00555,-0.21470,0.06397,-0.00522,0.77387,0.15428,0.00000,0.00000,-0.34155,0.00757,-0.00036,-0.22071,0.03647,-0.00178,0.72785,0.12229,0.00000,0.00000,0.11027,0.00704,-0.00079,0.09516,0.03303,-0.00191,0.83351,0.10844,0.00000,0.00000
6.6000,660,1,6.6001,49.87,,,,,,,,,,,,,,,,,,,,,,,,,,,,,,,,,,,,,,,,,,,,,,,,,,,0.56163,0.01095,-0.00056,0.42257,0.03839,-0.00175,0.73592,0.12355,0.00000,0.00000,-0.31733,0.00911,-0.00218,0.41199,0.03871,-0.00295,0.72363,0.11007,0.00000,0.00000,0.65689,0.06121,-0.00577,-0.21144,0.06649,-0.00504,0.78158,0.15417,0.00000,0.00000,-0.34118,0.00738,-0.00042,-0.21886,0.03733,-0.00173,0.73396,0.12207,0.00000,0.00000,0.11062,0.00664,-0.00085,0.09684,0.03396,-0.00186,0.83893,0.10837,0.00000,0.00000
6.6500,665,1,6.6501,50.00,,,,,,,,,,,,,,,,,,,,,,,,,,,,,,,,,,,,,,,,,,,,,,,,,,,0.56217,0.01065,-0.00065,0.42452,0.03923,-0.00170,0.74209,0.12311,0.00000,0.00000,-0.31690,0.00805,-0.00216,0.41396,0.04014,-0.00287,0.72913,0.10984,0.00000,0.00000,0.65988,0.05832,-0.00599,-0.20806,0.06892,-0.00485,0.78928,0.15397,0.00000,0.00000,-0.34082,0.00715,-0.00049,-0.21697,0.03816,-0.00168,0.74005,0.12161,0.00000,0.00000,0.11094,0.00621,-0.00090,0.09856,0.03486,-0.00182,0.84434,0.10812,0.00000,0.00000
6.7000,670,1,6.7000,49.97,,,,,,,,,,,,,,,,,,,,,,,,,,,,,,,,,,,,,,,,,,,,,,,,,,,0.56270,0.01031,-0.00074,0.42650,0.04005,-0.00164,0.74823,0.12245,0.00000,0.00000,-0.31652,0.00699,-0.00214,0.41600,0.04152,-0.00277,0.73461,0.10945,0.00000,0.00000,0.66272,0.05533,-0.00621,-0.20455,0.07125,-0.00466,0.79697,0.15368,0.00000,0.00000,-0.34047,0.00690,-0.00055,-0.21504,0.03897,-0.00162,0.74612,0.12091,0.00000,0.00000,0.11124,0.00575,-0.00095,0.10032,0.03574,-0.00177,0.84974,0.10768,0.00000,0.00000
6.7500,675,1,6.7502,50.12,,,,,,,,,,,,,,,,,,,,,,,,,,,,,,,,,,,,,,,,,,,,,,,,,,,0.56320,0.00992,-0.00082,0.42852,0.04084,-0.00159,0.75433,0.12156,0.00000,0.00000,-0.31620,0.00595,-0.00213,0.41811,0.04286,-0.00268,0.74007,0.10892,0.00000,0.00000,0.66541,0.05223,-0.00642,-0.20093,0.07349,-0.00445,0.80465,0.15329,0.00000,0.00000,-0.34013,0.00662,-0.00061,-0.21308,0.03976,-0.00157,0.75214,0.11998,0.00000,0.00000,0.11151,0.00527,-0.00100,0.10213,0.03659,-0.00172,0.85511,0.10707,0.00000,0.00000
6.8000,680,1,6.8001,49.97,,,,,,,,,,,,,,,,,,,,,,,,,,,,,,,,,,,,,,,,,,,,,,,,,,,0.56369,0.00950,-0.00090,0.43058,0.04161,-0.00154,0.76038,0.12045,0.00000,0.00000,-0.31593,0.00490,-0.00214,0.42029,0.04415,-0.00259,0.74550,0.10824,0.00000,0.00000,0.66794,0.04903,-0.00664,-0.19721,0.07562,-0.00424,0.81230,0.15281,0.00000,0.00000,-0.33981,0.00631,-0.00066,-0.21107,0.04052,-0.00152,0.75811,0.11882,0.00000,0.00000,0.11176,0.00477,-0.00105,0.10398,0.03743,-0.00167,0.86044,0.10628,0.00000,0.00000
6.8500,685,1,6.8501,49.97,,,,,,,,,,,,,,,,,,,,,,,,,,,,,,,,,,,,,,,,,,,,,,,,,,,0.56415,0.00904,-0.00098,0.43268,0.04235,-0.00148,0.76637,0.11911,0.00000,0.00000,-0.31571,0.00385,-0.00216,0.42253,0.04540,-0.00250,0.75089,0.10742,0.00000,0.00000,0.67031,0.04572,-0.00686,-0.19337,0.07765,-0.00402,0.81993,0.15222,0.00000,0.00000,-0.33950,0.00597,-0.00072,-0.20903,0.04125,-0.00147,0.76402,0.11744,0.00000,0.00000,0.11199,0.00425,-0.00109,0.10587,0.03824,-0.00162,0.86573,0.10531,0.00000,0.00000
6.9000,690,1,6.9001,50.01,,,,,,,,,,,,,,,,,,,,,,,,,,,,,,,,,,,,,,,,,,,,,,,,,,,0.56459,0.00854,-0.00104,0.43482,0.04307,-0.00143,0.77229,0.11754,0.00000,0.00000,-0.31554,0.00278,-0.00219,0.42483,0.04661,-0.00241,0.75624,0.10647,0.00000,0.00000,0.67251,0.04229,-0.00709,-0.18944,0.07957,-0.00380,0.82752,0.15151,0.00000,0.00000,-0.33921,0.00560,-0.00078,-0.20694,0.04196,-0.00142,0.76985,0.11582,0.00000,0.00000,0.11219,0.00370,-0.00113,0.10780,0.03902,-0.00157,0.87097,0.10417,0.00000,0.00000
6.9500,695,1,6.9501,50.02,,,,,,,,,,,,,,,,,,,,,,,,,,,,,,,,,,,,,,,,,,,,,,,,,,,0.56501,0.00801,-0.00111,0.43699,0.04375,-0.00137,0.77812,0.11575,0.00000,0.00000,-0.31543,0.00169,-0.00225,0.42719,0.04776,-0.00232,0.76153,0.10538,0.00000,0.00000,0.67454,0.03876,-0.00732,-0.18542,0.08137,-0.00357,0.83508,0.15067,0.00000,0.00000,-0.33894,0.00521,-0.00083,-0.20483,0.04264,-0.00137,0.77560,0.11398,0.00000,0.00000,0.11236,0.00314,-0.00117,0.10977,0.03978,-0.00152,0.87615,0.10285,0.00000,0.00000
7.0000,700,1,7.0001,49.98,,,,,,,,,,,,,,,,,,,,,,,,,,,,,,,,,,,,,,,,,,,,,,,,,,,0.56539,0.00746,-0.00117,0.43919,0.04441,-0.00132,0.78386,0.11374,0.00000,0.00000,-0.31537,0.00057,-0.00231,0.42960,0.04888,-0.00222,0.76677,0.10417,0.00000,0.00000,0.67638,0.03511,-0.00756,-0.18131,0.08307,-0.00333,0.84259,0.14968,0.00000,0.00000,-0.33869,0.00479,-0.00088,-0.20268,0.04330,-0.00132,0.78125,0.11192,0.00000,0.00000,0.11250,0.00256,-0.00120,0.11178,0.04051,-0.00147,0.88125,0.10136,0.00000,0.00000
7.0500,705,1,7.0501,49.95,,,,,,,,,,,,,,,,,,,,,,,,,,,,,,,,,,,,,,,,,,,,,,,,,,,0.56575,0.00687,-0.00122,0.44143,0.04505,-0.00126,0.78949,0.11151,0.00000,0.00000,-0.31537,-0.00058,-0.00240,0.43207,0.04995,-0.00213,0.77195,0.10282,0.00000,0.00000,0.67805,0.03135,-0.00781,-0.17711,0.08464,-0.00309,0.85004,0.14851,0.00000,0.00000,-0.33846,0.00434,-0.00093,-0.20050,0.04394,-0.00127,0.78679,0.10964,0.00000,0.00000,0.11261,0.00196,-0.00123,0.11382,0.04122,-0.00142,0.88628,0.09970,0.00000,0.00000
7.1000,710,1,7.1000,49.95,,,,,,,,,,,,,,,,,,,,,,,,,,,,,,,,,,,,,,,,,,,,,,,,,,,0.56608,0.00626,-0.00127,0.44370,0.04565,-0.00121,0.79501,0.10905,0.00000,0.00000,-0.31543,-0.00179,-0.00251,0.43460,0.05097,-0.00203,0.77705,0.10135,0.00000,0.00000,0.67952,0.02745,-0.00807,-0.17284,0.08610,-0.00284,0.85743,0.14713,0.00000,0.00000,-0.33826,0.00387,-0.00098,-0.19829,0.04455,-0.00122,0.79221,0.10715,0.00000,0.00000,0.11270,0.00135,-0.00126,0.11590,0.04190,-0.00136,0.89122,0.09787,0.00000,0.00000
7.1500,715,1,7.1500,50.02,,,,,,,,,,,,,,,,,,,,,,,,,,,,,,,,,,,,,,,,,,,,,,,,,,,0.56638,0.00563,-0.00131,0.44599,0.04623,-0.00115,0.80039,0.10637,0.00000,0.00000,-0.31555,-0.00305,-0.00264,0.43717,0.05194,-0.00194,0.78208,0.09974,0.00000,0.00000,0.68079,0.02342,-0.00835,-0.16851,0.08743,-0.00259,0.86475,0.14550,0.00000,0.00000,-0.33807,0.00338,-0.00103,-0.19604,0.04514,-0.00117,0.79750,0.10444,0.00000,0.00000,0.11275,0.00072,-0.00129,0.11801,0.04256,-0.00131,0.89607,0.09586,0.00000,0.00000
7.2000,720,1,7.2001,50.02,,,,,,,,,,,,,,,,,,,,,,,,,,,,,,,,,,,,,,,,,,,,,,,,,,,0.56664,0.00498,-0.00134,0.44832,0.04678,-0.00110,0.80564,0.10346,0.00000,0.00000,-0.31574,-0.00438,-0.00280,0.43979,0.05287,-0.00184,0.78703,0.09798,0.00000,0.00000,0.68186,0.01926,-0.00865,-0.16410,0.08863,-0.00232,0.87198,0.14356,0.00000,0.00000,-0.33792,0.00286,-0.00107,-0.19377,0.04570,-0.00113,0.80265,0.10152,0.00000,0.00000,0.11277,0.00008,-0.00131,0.12016,0.04319,-0.00125,0.90081,0.09368,0.00000,0.00000
7.2500,725,1,7.2503,50.19,,,,,,,,,,,,,,,,,,,,,,,,,,,,,,,,,,,,,,,,,,,,,,,,,,,0.56688,0.00431,-0.00137,0.45067,0.04730,-0.00104,0.81074,0.10034,0.00000,0.00000,-0.31599,-0.00580,-0.00298,0.44246,0.05375,-0.00174,0.79188,0.09605,0.00000,0.00000,0.68271,0.01494,-0.00896,-0.15965,0.08971,-0.00206,0.87910,0.14124,0.00000,0.00000,-0.33779,0.00233,-0.00112,-0.19147,0.04625,-0.00108,0.80765,0.09840,0.00000,0.00000,0.11276,-0.00057,-0.00133,0.12233,0.04379,-0.00120,0.90543,0.09132,0.00000,0.00000
7.3000,730,1,7.3006,50.35,,,,,,,,,,,,,,,,,,,,,,,,,,,,,,,,,,,,,,,,,,,,,,,,,,,0.56707,0.00363,-0.00139,0.45305,0.04780,-0.00099,0.81567,0.09701,0.00000,0.00000,-0.31632,-0.00731,-0.00319,0.44516,0.05458,-0.00164,0.79663,0.09389,0.00000,0.00000,0.68335,0.01046,-0.00930,-0.15514,0.09065,-0.00179,0.88610,0.13845,0.00000,0.00000,-0.33769,0.00177,-0.00116,-0.18915,0.04676,-0.00103,0.81249,0.09508,0.00000,0.00000,0.11271,-0.00122,-0.00135,0.12454,0.04436,-0.00114,0.90993,0.08878,0.00000,0.00000
7.3500,735,1,7.3501,49.45,,,,,,,,,,,,,,,,,,,,,,,,,,,,,,,,,,,,,,,,,,,,,,,,,,,0.56724,0.00295,-0.00141,0.45545,0.04827,-0.00093,0.82043,0.09348,0.00000,0.00000,-0.31672,-0.00893,-0.00343,0.44791,0.05536,-0.00154,0.80126,0.09145,0.00000,0.00000,0.68376,0.00581,-0.00966,-0.15058,0.09146,-0.00150,0.89294,0.13507,0.00000,0.00000,-0.33761,0.00119,-0.00120,-0.18680,0.04726,-0.00099,0.81715,0.09156,0.00000,0.00000,0.11263,-0.00189,-0.00136,0.12677,0.04491,-0.00108,0.91431,0.08606,0.00000,0.00000
7.4000,740,1,7.3999,49.89,,,,,,,,,,,,,,,,,,,,,,,,,,,,,,,,,,,,,,,,,,,,,,,,,,,0.56737,0.00225,-0.00142,0.45787,0.04872,-0.00088,0.82502,0.08976,0.00000,0.00000,-0.31721,-0.01067,-0.00363,0.45070,0.05608,-0.00141,0.80577,0.08867,0.00000,0.00000,0.68393,0.00100,-0.00995,-0.14599,0.09212,-0.00120,0.89959,0.13099,0.00000,0.00000,-0.33757,0.00059,-0.00124,-0.18442,0.04773,-0.00094,0.82164,0.08785,0.00000,0.00000,0.11252,-0.00256,-0.00137,0.12903,0.04542,-0.00103,0.91854,0.08317,0.00000,0.00000
7.4500,745,1,7.4505,50.60,,,,,,,,,,,,,,,,,,,,,,,,,,,,,,,,,,,,,,,,,,,,,,,,,,,0.56746,0.00155,-0.00144,0.46032,0.04914,-0.00083,0.82941,0.08584,0.00000,0.00000,-0.31779,-0.01249,-0.00378,0.45352,0.05674,-0.00127,0.81012,0.08558,0.00000,0.00000,0.68385,-0.00393,-0.01015,-0.14137,0.09262,-0.00086,0.90602,0.12623,0.00000,0.00000,-0.33755,-0.00003,-0.00128,-0.18203,0.04818,-0.00090,0.82593,0.08396,0.00000,0.00000,0.11238,-0.00324,-0.00138,0.13131,0.04591,-0.00097,0.92262,0.08010,0.00000,0.00000
7.5000,750,1,7.5000,49.43,,,,,,,,,,,,,,,,,,,,,,,,,,,,,,,,,,,,,,,,,,,,,,,,,,,0.56752,0.00084,-0.00146,0.46279,0.04954,-0.00079,0.83360,0.08174,0.00000,0.00000,-0.31846,-0.01436,-0.00386,0.45637,0.05732,-0.00110,0.81432,0.08221,0.00000,0.00000,0.68353,-0.00894,-0.01025,-0.13673,0.09296,-0.00049,0.91220,0.12082,0.00000,0.00000,-0.33757,-0.00066,-0.00131,-0.17961,0.04861,-0.00085,0.83003,0.07989,0.00000,0.00000,0.11220,-0.00392,-0.00138,0.13362,0.04638,-0.00091,0.92654,0.07686,0.00000,0.00000
7.5500,755,1,7.5500,50.01,,,,,,,,,,,,,,,,,,,,,,,,,,,,,,,,,,,,,,,,,,,,,,,,,,,0.56755,0.00011,-0.00149,0.46527,0.04991,-0.00074,0.83758,0.07745,0.00000,0.00000,-0.31923,-0.01626,-0.00388,0.45925,0.05782,-0.00092,0.81834,0.07859,0.00000,0.00000,0.68296,-0.01397,-0.01026,-0.13208,0.09311,-0.00011,0.91810,0.11480,0.00000,0.00000,-0.33762,-0.00132,-0.00135,-0.17716,0.04902,-0.00081,0.83392,0.07566,0.00000,0.00000,0.11199,-0.00459,-0.00138,0.13595,0.04681,-0.00086,0.93030,0.07345,0.00000,0.00000
7.6000,760,1,7.6005,50.50,,,,,,,,,,,,,,,,,,,,,,,,,,,,,,,,,,,,,,,,,,,,,,,,,,,0.56753,-0.00063,-0.00152,0.46778,0.05027,-0.00070,0.84134,0.07298,0.00000,0.00000,-0.32009,-0.01816,-0.00385,0.46215,0.05823,-0.00073,0.82217,0.07474,0.00000,0.00000,0.68214,-0.01899,-0.01019,-0.12743,0.09307,0.00028,0.92367,0.10819,0.00000,0.00000,-0.33770,-0.00199,-0.00138,-0.17470,0.04941,-0.00077,0.83759,0.07126,0.00000,0.00000,0.11174,-0.00527,-0.00138,0.13830,0.04722,-0.00080,0.93389,0.06989,0.00000,0.00000
7.6500,765,1,7.6501,49.62,,,,,,,,,,,,,,,,,,,,,,,,,,,,,,,,,,,,,,,,,,,,,,,,,,,0.56748,-0.00138,-0.00155,0.47030,0.05060,-0.00066,0.84487,0.06834,0.00000,0.00000,-0.32104,-0.02003,-0.00377,0.46507,0.05854,-0.00054,0.82581,0.07069,0.00000,0.00000,0.68106,-0.02395,-0.01002,-0.12278,0.09283,0.00068,0.92891,0.10103,0.00000,0.00000,-0.33782,-0.00267,-0.00141,-0.17222,0.04978,-0.00073,0.84104,0.06671,0.00000,0.00000,0.11146,-0.00595,-0.00137,0.14067,0.04759,-0.00074,0.93729,0.06618,0.00000,0.00000
7.7000,770,1,7.7001,49.94,,,,,,,,,,,,,,,,,,,,,,,,,,,,,,,,,,,,,,,,,,,,,,,,,,,0.56740,-0.00215,-0.00158,0.47284,0.05092,-0.00062,0.84817,0.06353,0.00000,0.00000,-0.32209,-0.02185,-0.00363,0.46800,0.05876,-0.00034,0.82924,0.06646,0.00000,0.00000,0.67974,-0.02881,-0.00978,-0.11815,0.09240,0.00108,0.93377,0.09335,0.00000,0.00000,-0.33797,-0.00337,-0.00144,-0.16973,0.05012,-0.00069,0.84426,0.06201,0.00000,0.00000,0.11114,-0.00662,-0.00136,0.14306,0.04794,-0.00069,0.94050,0.06233,0.00000,0.00000
7.7500,775,1,7.7501,50.02,,,,,,,,,,,,,,,,,,,,,,,,,,,,,,,,,,,,,,,,,,,,,,,,,,,0.56727,-0.00293,-0.00162,0.47539,0.05122,-0.00059,0.85122,0.05857,0.00000,0.00000,-0.32323,-0.02359,-0.00345,0.47095,0.05888,-0.00015,0.83245,0.06207,0.00000,0.00000,0.67818,-0.03353,-0.00946,-0.11354,0.09177,0.00148,0.93823,0.08519,0.00000,0.00000,-0.33816,-0.00408,-0.00147,-0.16721,0.05045,-0.00065,0.84724,0.05718,0.00000,0.00000,0.11080,-0.00728,-0.00135,0.14546,0.04827,-0.00063,0.94352,0.05835,0.00000,0.00000
7.8000,780,1,7.8000,49.89,,,,,,,,,,,,,,,,,,,,,,,,,,,,,,,,,,,,,,,,,,,,,,,,,,,0.56710,-0.00374,-0.00166,0.47796,0.05149,-0.00055,0.85402,0.05347,0.00000,0.00000,-0.32445,-0.02523,-0.00322,0.47389,0.05891,0.00004,0.83545,0.05754,0.00000,0.00000,0.67639,-0.03808,-0.00906,-0.10897,0.09095,0.00187,0.94228,0.07659,0.00000,0.00000,-0.33838,-0.00481,-0.00150,-0.16468,0.05076,-0.00061,0.84998,0.05222,0.00000,0.00000,0.11042,-0.00794,-0.00133,0.14788,0.04856,-0.00058,0.94633,0.05424,0.00000,0.00000
7.8500,785,1,7.8501,50.08,,,,,,,,,,,,,,,,,,,,,,,,,,,,,,,,,,,,,,,,,,,,,,,,,,,0.56689,-0.00456,-0.00170,0.48054,0.05175,-0.00051,0.85657,0.04823,0.00000,0.00000,-0.32575,-0.02674,-0.00294,0.47683,0.05884,0.00021,0.83821,0.05290,0.00000,0.00000,0.67438,-0.04241,-0.00859,-0.10445,0.08994,0.00224,0.94588,0.06759,0.00000,0.00000,-0.33864,-0.00555,-0.00152,-0.16214,0.05105,-0.00057,0.85246,0.04716,0.00000,0.00000,0.11000,-0.00858,-0.00131,0.15032,0.04883,-0.00052,0.94894,0.05003,0.00000,0.00000
7.9000,790,1,7.9001,50.05,,,,,,,,,,,,,,,,,,,,,,,,,,,,,,,,,,,,,,,,,,,,,,,,,,,0.56665,-0.00541,-0.00174,0.48314,0.05200,-0.00047,0.85885,0.04287,0.00000,0.00000,-0.32712,-0.02811,-0.00262,0.47977,0.05870,0.00038,0.84073,0.04816,0.00000,0.00000,0.67215,-0.04650,-0.00806,-0.09998,0.08876,0.00258,0.94903,0.05823,0.00000,0.00000,-0.33893,-0.00630,-0.00154,-0.15958,0.05131,-0.00053,0.85469,0.04199,0.00000,0.00000,0.10956,-0.00922,-0.00129,0.15277,0.04908,-0.00047,0.95134,0.04572,0.00000,0.00000
7.9500,795,1,7.9501,49.96,,,,,,,,,,,,,,,,,,,,,,,,,,,,,,,,,,,,,,,,,,,,,,,,,,,0.56635,-0.00627,-0.00179,0.48574,0.05222,-0.00043,0.86085,0.03740,0.00000,0.00000,-0.32856,-0.02930,-0.00226,0.48270,0.05847,0.00053,0.84302,0.04335,0.00000,0.00000,0.66973,-0.05031,-0.00746,-0.09558,0.08741,0.00290,0.95170,0.04856,0.00000,0.00000,-0.33927,-0.00707,-0.00157,-0.15701,0.05157,-0.00049,0.85666,0.03673,0.00000,0.00000,0.10908,-0.00985,-0.00126,0.15523,0.04930,-0.00042,0.95351,0.04132,0.00000,0.00000
8.0000,800,1,8.0000,49.96,,,,,,,,,,,,,,,,,,,,,,,,,,,,,,,,,,,,,,,,,,,,,,,,,,,0.56602,-0.00716,-0.00184,0.48836,0.05242,-0.00040,0.86258,0.03184,0.00000,0.00000,-0.33005,-0.03031,-0.00185,0.48562,0.05818,0.00065,0.84507,0.03851,0.00000,0.00000,0.66713,-0.05380,-0.00680,-0.09124,0.08592,0.00319,0.95388,0.03865,0.00000,0.00000,-0.33964,-0.00784,-0.00159,-0.15442,0.05180,-0.00046,0.85836,0.03140,0.00000,0.00000,0.10857,-0.01046,-0.00124,0.15770,0.04949,-0.00037,0.95547,0.03683,0.00000,0.00000
8.0500,805,1,8.0504,50.40,,,,,,,,,,,,,,,,,,,,,,,,,,,,,,,,,,,,,,,,,,,,,,,,,,,0.56564,-0.00808,-0.00189,0.49098,0.05261,-0.00035,0.86404,0.02618,0.00000,0.00000,-0.33158,-0.03111,-0.00141,0.48852,0.05784,0.00076,0.84687,0.03368,0.00000,0.00000,0.66436,-0.05697,-0.00609,-0.08699,0.08429,0.00344,0.95556,0.02853,0.00000,0.00000,-0.34005,-0.00862,-0.00160,-0.15183,0.05201,-0.00042,0.85980,0.02601,0.00000,0.00000,0.10804,-0.01106,-0.00121,0.16017,0.04966,-0.00032,0.95719,0.03228,0.00000,0.00000
8.1000,810,1,8.1000,49.56,,,,,,,,,,,,,,,,,,,,,,,,,,,,,,,,,,,,,,,,,,,,,,,,,,,0.56521,-0.00901,-0.00194,0.49362,0.05277,-0.00031,0.86520,0.02046,0.00000,0.00000,-0.33316,-0.03169,-0.00093,0.49140,0.05744,0.00083,0.84844,0.02890,0.00000,0.00000,0.66144,-0.05977,-0.00532,-0.08282,0.08255,0.00365,0.95673,0.01830,0.00000,0.00000,-0.34050,-0.00941,-0.00162,-0.14922,0.05221,-0.00039,0.86096,0.02058,0.00000,0.00000,0.10747,-0.01164,-0.00118,0.16266,0.04981,-0.00028,0.95869,0.02767,0.00000,0.00000
8.1500,815,1,8.1500,50.03,,,,,,,,,,,,,,,,,,,,,,,,,,,,,,,,,,,,,,,,,,,,,,,,,,,0.56474,-0.00998,-0.00199,0.49626,0.05291,-0.00027,0.86608,0.01466,0.00000,0.00000,-0.33475,-0.03202,-0.00042,0.49426,0.05703,0.00087,0.84977,0.02423,0.00000,0.00000,0.65839,-0.06218,-0.00451,-0.07873,0.08071,0.00381,0.95739,0.00800,0.00000,0.00000,-0.34099,-0.01021,-0.00163,-0.14661,0.05239,-0.00035,0.86186,0.01512,0.00000,0.00000,0.10687,-0.01221,-0.00115,0.16516,0.04994,-0.00023,0.95996,0.02301,0.00000,0.00000
8.2000,820,1,8.2002,50.18,,,,,,,,,,,,,,,,,,,,,,,,,,,,,,,,,,,,,,,,,,,,,,,,,,,0.56421,-0.01097,-0.00205,0.49891,0.05303,-0.00022,0.86667,0.00881,0.00000,0.00000,-0.33635,-0.03210,0.00013,0.49711,0.05659,0.00088,0.85086,0.01975,0.00000,0.00000,0.65523,-0.06419,-0.00366,-0.07475,0.07882,0.00392,0.95754,-0.00225,0.00000,0.00000,-0.34152,-0.01101,-0.00164,-0.14398,0.05256,-0.00032,0.86248,0.00965,0.00000,0.00000,0.10625,-0.01277,-0.00112,0.16765,0.05004,-0.00019,0.96099,0.01829,0.00000,0.00000
8.2500,825,1,8.2501,49.87,,,,,,,,,,,,,,,,,,,,,,,,,,,,,,,,,,,,,,,,,,,,,,,,,,,0.56364,-0.01199,-0.00211,0.50156,0.05313,-0.00017,0.86696,0.00290,0.00000,0.00000,-0.33796,-0.03190,0.00070,0.49992,0.05616,0.00087,0.85174,0.01553,0.00000,0.00000,0.65198,-0.06577,-0.00279,-0.07085,0.07687,0.00400,0.95717,-0.01241,0.00000,0.00000,-0.34209,-0.01182,-0.00165,-0.14135,0.05270,-0.00029,0.86282,0.00420,0.00000,0.00000,0.10560,-0.01331,-0.00109,0.17016,0.05012,-0.00015,0.96179,0.01354,0.00000,0.00000
8.3000,830,1,8.3001,50.01,,,,,,,,,,,,,,,,,,,,,,,,,,,,,,,,,,,,,,,,,,,,,,,,,,,0.56301,-0.01303,-0.00216,0.50422,0.05320,-0.00013,0.86696,-0.00301,0.00000,0.00000,-0.33954,-0.03141,0.00127,0.50272,0.05574,0.00088,0.85242,0.01132,0.00000,0.00000,0.64866,-0.06692,-0.00191,-0.06706,0.07489,0.00409,0.95629,-0.02282,0.00000,0.00000,-0.34271,-0.01264,-0.00166,-0.13871,0.05284,-0.00025,0.86290,-0.00123,0.00000,0.00000,0.10492,-0.01384,-0.00106,0.17267,0.05019,-0.00011,0.96235,0.00874,0.00000,0.00000
8.3500,835,1,8.3502,50.13,,,,,,,,,,,,,,,,,,,,,,,,,,,,,,,,,,,,,,,,,,,,,,,,,,,0.56233,-0.01411,-0.00222,0.50688,0.05326,-0.00009,0.86666,-0.00886,0.00000,0.00000,-0.34109,-0.03065,0.00186,0.50550,0.05530,0.00091,0.85287,0.00671,0.00000,0.00000,0.64529,-0.06765,-0.00103,-0.06336,0.07286,0.00421,0.95487,-0.03407,0.00000,0.00000,-0.34336,-0.01345,-0.00167,-0.13607,0.05295,-0.00022,0.86270,-0.00660,0.00000,0.00000,0.10421,-0.01435,-0.00103,0.17518,0.05023,-0.00007,0.96266,0.00389,0.00000,0.00000
8.4000,840,1,8.4000,49.85,,,,,,,,,,,,,,,,,,,,,,,,,,,,,,,,,,,,,,,,,,,,,,,,,,,0.56160,-0.01521,-0.00228,0.50955,0.05329,-0.00006,0.86607,-0.01457,0.00000,0.00000,-0.34260,-0.02959,0.00246,0.50825,0.05484,0.00097,0.85307,0.00118,0.00000,0.00000,0.64190,-0.06794,-0.00014,-0.05977,0.07076,0.00435,0.95286,-0.04681,0.00000,0.00000,-0.34405,-0.01427,-0.00167,-0.13342,0.05306,-0.00020,0.86224,-0.01190,0.00000,0.00000,0.10348,-0.01485,-0.00101,0.17769,0.05026,-0.00003,0.96273,-0.00100,0.00000,0.00000
8.4500,845,1,8.4501,50.10,,,,,,,,,,,,,,,,,,,,,,,,,,,,,,,,,,,,,,,,,,,,,,,,,,,0.56081,-0.01634,-0.00234,0.51221,0.05331,-0.00003,0.86521,-0.02004,0.00000,0.00000,-0.34405,-0.02824,0.00307,0.51098,0.05434,0.00106,0.85296,-0.00585,0.00000,0.00000,0.63850,-0.06779,0.00075,-0.05629,0.06858,0.00453,0.95015,-0.06177,0.00000,0.00000,-0.34478,-0.01509,-0.00167,-0.13076,0.05315,-0.00017,0.86151,-0.01710,0.00000,0.00000,0.10273,-0.01534,-0.00099,0.18020,0.05026,0.00000,0.96256,-0.00591,0.00000,0.00000
8.5000,850,1,8.5001,49.92,,,,,,,,,,,,,,,,,,,,,,,,,,,,,,,,,,,,,,,,,,,,,,,,,,,0.55997,-0.01750,-0.00239,0.51488,0.05332,-0.00001,0.86407,-0.02528,0.00000,0.00000,-0.34542,-0.02659,0.00364,0.51368,0.05378,0.00123,0.85247,-0.01417,0.00000,0.00000,0.63513,-0.06722,0.00156,-0.05292,0.06629,0.00481,0.94665,-0.07853,0.00000,0.00000,-0.34556,-0.01590,-0.00166,-0.12810,0.05322,-0.00014,0.86053,-0.02218,0.00000,0.00000,0.10195,-0.01582,-0.00097,0.18272,0.05026,0.00003,0.96214,-0.01082,0.00000,0.00000
8.5500,855,1,8.5502,50.15,,,,,,,,,,,,,,,,,,,,,,,,,,,,,,,,,,,,,,,,,,,,,,,,,,,0.55906,-0.01868,-0.00243,0.51754,0.05333,-0.00000,0.86268,-0.03034,0.00000,0.00000,-0.34670,-0.02468,0.00411,0.51636,0.05313,0.00146,0.85154,-0.02291,0.00000,0.00000,0.63179,-0.06628,0.00222,-0.04966,0.06386,0.00514,0.94229,-0.09578,0.00000,0.00000,-0.34638,-0.01672,-0.00166,-0.12544,0.05328,-0.00011,0.85930,-0.02715,0.00000,0.00000,0.10115,-0.01629,-0.00095,0.18523,0.05023,0.00006,0.96148,-0.01568,0.00000,0.00000
8.6000,860,1,8.6002,49.94,,,,,,,,,,,,,,,,,,,,,,,,,,,,,,,,,,,,,,,,,,,,,,,,,,,0.55810,-0.01988,-0.00245,0.52021,0.05333,-0.00000,0.86104,-0.03527,0.00000,0.00000,-0.34788,-0.02258,0.00443,0.51899,0.05235,0.00170,0.85018,-0.03137,0.00000,0.00000,0.62850,-0.06507,0.00268,-0.04654,0.06125,0.00549,0.93708,-0.11238,0.00000,0.00000,-0.34723,-0.01753,-0.00165,-0.12277,0.05333,-0.00009,0.85782,-0.03199,0.00000,0.00000,0.10032,-0.01675,-0.00094,0.18774,0.05019,0.00009,0.96058,-0.02044,0.00000,0.00000
8.6500,865,1,8.6501,49.94,,,,,,,,,,,,,,,,,,,,,,,,,,,,,,,,,,,,,,,,,,,,,,,,,,,0.55707,-0.02109,-0.00246,0.52288,0.05333,0.00000,0.85916,-0.04009,0.00000,0.00000,-0.34896,-0.02036,0.00458,0.52159,0.05146,0.00194,0.84841,-0.03904,0.00000,0.00000,0.62528,-0.06369,0.00289,-0.04354,0.05847,0.00582,0.93108,-0.12746,0.00000,0.00000,-0.34813,-0.01833,-0.00163,-0.12011,0.05337,-0.00006,0.85610,-0.03668,0.00000,0.00000,0.09947,-0.01721,-0.00093,0.19025,0.05014,0.00012,0.95944,-0.02506,0.00000,0.00000
8.7000,870,1,8.7003,50.24,,,,,,,,,,,,,,,,,,,,,,,,,,,,,,,,,,,,,,,,,,,,,,,,,,,0.55599,-0.02229,-0.00243,0.52554,0.05333,0.00001,0.85703,-0.04482,0.00000,0.00000,-0.34992,-0.01812,0.00451,0.52414,0.05046,0.00214,0.84629,-0.04556,0.00000,0.00000,0.62214,-0.06228,0.00280,-0.04069,0.05555,0.00609,0.92437,-0.14038,0.00000,0.00000,-0.34906,-0.01913,-0.00162,-0.11744,0.05339,-0.00004,0.85415,-0.04123,0.00000,0.00000,0.09860,-0.01766,-0.00093,0.19275,0.05008,0.00014,0.95807,-0.02948,0.00000,0.00000
8.7500,875,1,8.7502,49.88,,,,,,,,,,,,,,,,,,,,,,,,,,,,,,,,,,,,,,,,,,,,,,,,,,,0.55485,-0.02347,-0.00238,0.52821,0.05332,0.00002,0.85468,-0.04945,0.00000,0.00000,-0.35077,-0.01597,0.00421,0.52663,0.04937,0.00227,0.84388,-0.05076,0.00000,0.00000,0.61905,-0.06100,0.00239,-0.03799,0.05251,0.00626,0.91708,-0.15078,0.00000,0.00000,-0.35004,-0.01992,-0.00160,-0.11477,0.05341,-0.00002,0.85198,-0.04562,0.00000,0.00000,0.09770,-0.01812,-0.00093,0.19525,0.05000,0.00017,0.95649,-0.03368,0.00000,0.00000
8.8000,880,1,8.8006,50.40,,,,,,,,,,,,,,,,,,,,,,,,,,,,,,,,,,,,,,,,,,,,,,,,,,,0.55364,-0.02462,-0.00230,0.53087,0.05331,0.00004,0.85209,-0.05395,0.00000,0.00000,-0.35152,-0.01403,0.00367,0.52908,0.04825,0.00231,0.84124,-0.05465,0.00000,0.00000,0.61603,-0.05999,0.00164,-0.03544,0.04943,0.00631,0.90934,-0.15862,0.00000,0.00000,-0.35106,-0.02070,-0.00158,-0.11210,0.05341,0.00001,0.84959,-0.04983,0.00000,0.00000,0.09679,-0.01857,-0.00093,0.19775,0.04991,0.00019,0.95471,-0.03765,0.00000,0.00000
8.8500,885,1,8.8508,50.20,,,,,,,,,,,,,,,,,,,,,,,,,,,,,,,,,,,,,,,,,,,,,,,,,,,0.55238,-0.02572,-0.00220,0.53354,0.05328,0.00006,0.84929,-0.05828,0.00000,0.00000,-0.35218,-0.01241,0.00288,0.53146,0.04712,0.00224,0.83844,-0.05744,0.00000,0.00000,0.61305,-0.05944,0.00056,-0.03305,0.04635,0.00620,0.90126,-0.16417,0.00000,0.00000,-0.35211,-0.02147,-0.00155,-0.10943,0.05340,0.00003,0.84700,-0.05386,0.00000,0.00000,0.09585,-0.01903,-0.00094,0.20025,0.04982,0.00020,0.95273,-0.04138,0.00000,0.00000
8.9000,890,1,8.9000,49.20,,,,,,,,,,,,,,,,,,,,,,,,,,,,,,,,,,,,,,,,,,,,,,,,,,,0.55107,-0.02677,-0.00206,0.53620,0.05324,0.00011,0.84627,-0.06240,0.00000,0.00000,-0.35277,-0.01124,0.00185,0.53379,0.04607,0.00206,0.83551,-0.05960,0.00000,0.00000,0.61008,-0.05950,-0.00085,-0.03080,0.04337,0.00593,0.89295,-0.16809,0.00000,0.00000,-0.35320,-0.02222,-0.00153,-0.10676,0.05338,0.00005,0.84421,-0.05769,0.00000,0.00000,0.09488,-0.01949,-0.00095,0.20273,0.04972,0.00022,0.95058,-0.04488,0.00000,0.00000
8.9500,895,1,8.9501,50.12,,,,,,,,,,,,,,,,,,,,,,,,,,,,,,,,,,,,,,,,,,,,,,,,,,,0.54971,-0.02774,-0.00190,0.53886,0.05318,0.00016,0.84305,-0.06620,0.00000,0.00000,-0.35331,-0.01063,0.00067,0.53607,0.04512,0.00179,0.83247,-0.06184,0.00000,0.00000,0.60708,-0.06031,-0.00245,-0.02871,0.04055,0.00555,0.88446,-0.17137,0.00000,0.00000,-0.35433,-0.02297,-0.00150,-0.10409,0.05336,0.00007,0.84123,-0.06131,0.00000,0.00000,0.09390,-0.01996,-0.00096,0.20522,0.04961,0.00023,0.94825,-0.04816,0.00000,0.00000
9.0000,900,1,9.0001,49.94,,,,,,,,,,,,,,,,,,,,,,,,,,,,,,,,,,,,,,,,,,,,,,,,,,,0.54830,-0.02864,-0.00175,0.54152,0.05309,0.00020,0.83965,-0.06965,0.00000,0.00000,-0.35384,-0.01059,-0.00052,0.53830,0.04430,0.00155,0.82932,-0.06452,0.00000,0.00000,0.60403,-0.06191,-0.00408,-0.02674,0.03792,0.00519,0.87582,-0.17453,0.00000,0.00000,-0.35550,-0.02369,-0.00147,-0.10142,0.05332,0.00009,0.83808,-0.06471,0.00000,0.00000,0.09289,-0.02044,-0.00098,0.20769,0.04949,0.00024,0.94576,-0.05123,0.00000,0.00000
9.0500,905,1,9.0501,50.03,,,,,,,,,,,,,,,,,,,,,,,,,,,,,,,,,,,,,,,,,,,,,,,,,,,0.54685,-0.02946,-0.00160,0.54417,0.05298,0.00024,0.83609,-0.07274,0.00000,0.00000,-0.35438,-0.01112,-0.00163,0.54050,0.04360,0.00133,0.82601,-0.06765,0.00000,0.00000,0.60088,-0.06429,-0.00561,-0.02491,0.03546,0.00485,0.86701,-0.17761,0.00000,0.00000,-0.35670,-0.02440,-0.00143,-0.09876,0.05327,0.00010,0.83477,-0.06788,0.00000,0.00000,0.09185,-0.02092,-0.00099,0.21017,0.04938,0.00024,0.94313,-0.05409,0.00000,0.00000
9.1000,910,1,9.1000,49.90,,,,,,,,,,,,,,,,,,,,,,,,,,,,,,,,,,,,,,,,,,,,,,,,,,,0.54535,-0.03021,-0.00147,0.54682,0.05286,0.00027,0.83238,-0.07552,0.00000,0.00000,-0.35496,-0.01216,-0.00259,0.54266,0.04300,0.00113,0.82255,-0.07085,0.00000,0.00000,0.59759,-0.06738,-0.00694,-0.02320,0.03316,0.00453,0.85806,-0.18014,0.00000,0.00000,-0.35794,-0.02510,-0.00140,-0.09609,0.05322,0.00012,0.83130,-0.07083,0.00000,0.00000,0.09080,-0.02141,-0.00101,0.21263,0.04926,0.00025,0.94036,-0.05674,0.00000,0.00000
9.1500,915,1,9.1500,50.00,,,,,,,,,,,,,,,,,,,,,,,,,,,,,,,,,,,,,,,,,,,,,,,,,,,0.54383,-0.03090,-0.00135,0.54946,0.05272,0.00030,0.82854,-0.07803,0.00000,0.00000,-0.35560,-0.01363,-0.00338,0.54480,0.04249,0.00096,0.81893,-0.07375,0.00000,0.00000,0.59413,-0.07106,-0.00805,-0.02159,0.03101,0.00423,0.84901,-0.18160,0.00000,0.00000,-0.35921,-0.02578,-0.00137,-0.09343,0.05315,0.00014,0.82769,-0.07355,0.00000,0.00000,0.08971,-0.02191,-0.00102,0.21509,0.04913,0.00025,0.93746,-0.05916,0.00000,0.00000
9.2000,920,1,9.2000,50.02,,,,,,,,,,,,,,,,,,,,,,,,,,,,,,,,,,,,,,,,,,,,,,,,,,,0.54227,-0.03153,-0.00125,0.55209,0.05256,0.00033,0.82458,-0.08031,0.00000,0.00000,-0.35633,-0.01545,-0.00401,0.54691,0.04206,0.00080,0.81518,-0.07610,0.00000,0.00000,0.59048,-0.07524,-0.00895,-0.02009,0.02901,0.00395,0.83993,-0.18165,0.00000,0.00000,-0.36052,-0.02644,-0.00133,-0.09078,0.05308,0.00015,0.82395,-0.07606,0.00000,0.00000,0.08860,-0.02241,-0.00103,0.21755,0.04901,0.00025,0.93445,-0.06136,0.00000,0.00000
9.2500,925,1,9.2502,50.20,,,,,,,,,,,,,,,,,,,,,,,,,,,,,,,,,,,,,,,,,,,,,,,,,,,0.54067,-0.03213,-0.00117,0.55471,0.05239,0.00035,0.82052,-0.08237,0.00000,0.00000,-0.35715,-0.01754,-0.00448,0.54901,0.04170,0.00066,0.81134,-0.07774,0.00000,0.00000,0.58660,-0.07981,-0.00962,-0.01869,0.02714,0.00369,0.83088,-0.18009,0.00000,0.00000,-0.36186,-0.02708,-0.00129,-0.08813,0.05300,0.00017,0.82008,-0.07836,0.00000,0.00000,0.08747,-0.02292,-0.00104,0.21999,0.04888,0.00026,0.93133,-0.06333,0.00000,0.00000
9.3000,930,1,9.3001,49.89,,,,,,,,,,,,,,,,,,,,,,,,,,,,,,,,,,,,,,,,,,,,,,,,,,,0.53905,-0.03269,-0.00111,0.55733,0.05222,0.00037,0.81635,-0.08423,0.00000,0.00000,-0.35809,-0.01982,-0.00479,0.55109,0.04141,0.00054,0.80742,-0.07859,0.00000,0.00000,0.58249,-0.08465,-0.01008,-0.01738,0.02539,0.00344,0.82195,-0.17685,0.00000,0.00000,-0.36322,-0.02771,-0.00126,-0.08548,0.05292,0.00018,0.81611,-0.08046,0.00000,0.00000,0.08631,-0.02343,-0.00104,0.22243,0.04876,0.00026,0.92812,-0.06507,0.00000,0.00000
9.3500,935,1,9.3502,50.06,,,,,,,,,,,,,,,,,,,,,,,,,,,,,,,,,,,,,,,,,,,,,,,,,,,0.53741,-0.03322,-0.00106,0.55993,0.05203,0.00039,0.81210,-0.08591,0.00000,0.00000,-0.35914,-0.02222,-0.00496,0.55315,0.04117,0.00043,0.80349,-0.07866,0.00000,0.00000,0.57813,-0.08966,-0.01034,-0.01615,0.02376,0.00321,0.81322,-0.17200,0.00000,0.00000,-0.36463,-0.02832,-0.00122,-0.08283,0.05283,0.00019,0.81204,-0.08235,0.00000,0.00000,0.08513,-0.02394,-0.00104,0.22487,0.04863,0.00026,0.92482,-0.06660,0.00000,0.00000
9.4000,940,1,9.4004,50.23,,,,,,,,,,,,,,,,,,,,,,,,,,,,,,,,,,,,,,,,,,,,,,,,,,,0.53573,-0.03373,-0.00103,0.56253,0.05184,0.00040,0.80776,-0.08742,0.00000,0.00000,-0.36031,-0.02466,-0.00498,0.55520,0.04099,0.00033,0.79957,-0.07800,0.00000,0.00000,0.57352,-0.09476,-0.01040,-0.01500,0.02224,0.00299,0.80477,-0.16570,0.00000,0.00000,-0.36606,-0.02891,-0.00119,-0.08020,0.05273,0.00020,0.80788,-0.08406,0.00000,0.00000,0.08392,-0.02445,-0.00104,0.22730,0.04851,0.00025,0.92146,-0.06793,0.00000,0.00000
9.4500,945,1,9.4505,50.08,,,,,,,,,,,,,,,,,,,,,,,,,,,,,,,,,,,,,,,,,,,,,,,,,,,0.53403,-0.03423,-0.00101,0.56512,0.05164,0.00041,0.80336,-0.08877,0.00000,0.00000,-0.36160,-0.02709,-0.00489,0.55725,0.04085,0.00024,0.79570,-0.07673,0.00000,0.00000,0.56866,-0.09983,-0.01028,-0.01392,0.02082,0.00279,0.79667,-0.15823,0.00000,0.00000,-0.36752,-0.02948,-0.00115,-0.07756,0.05263,0.00021,0.80364,-0.08559,0.00000,0.00000,0.08268,-0.02495,-0.00103,0.22972,0.04838,0.00025,0.91803,-0.06909,0.00000,0.00000
9.5000,950,1,9.5006,50.12,,,,,,,,,,,,,,,,,,,,,,,,,,,,,,,,,,,,,,,,,,,,,,,,,,,0.53231,-0.03472,-0.00099,0.56769,0.05143,0.00042,0.79889,-0.08996,0.00000,0.00000,-0.36302,-0.02944,-0.00468,0.55929,0.04075,0.00017,0.79190,-0.07504,0.00000,0.00000,0.56354,-0.10481,-0.01000,-0.01292,0.01950,0.00259,0.78896,-0.15002,0.00000,0.00000,-0.36900,-0.03004,-0.00111,-0.07493,0.05253,0.00022,0.79932,-0.08694,0.00000,0.00000,0.08142,-0.02546,-0.00102,0.23214,0.04826,0.00025,0.91455,-0.07010,0.00000,0.00000
9.5500,955,1,9.5509,50.30,,,,,,,,,,,,,,,,,,,,,,,,,,,,,,,,,,,,,,,,,,,,,,,,,,,0.53056,-0.03521,-0.00099,0.57026,0.05123,0.00043,0.79436,-0.09097,0.00000,0.00000,-0.36454,-0.03166,-0.00438,0.56132,0.04068,0.00010,0.78820,-0.07325,0.00000,0.00000,0.55818,-0.10962,-0.00959,-0.01197,0.01828,0.00241,0.78167,-0.14162,0.00000,0.00000,-0.37052,-0.03057,-0.00108,-0.07231,0.05242,0.00023,0.79495,-0.08812,0.00000,0.00000,0.08014,-0.02595,-0.00100,0.23455,0.04814,0.00024,0.91103,-0.07101,0.00000,0.00000
9.6000,960,1,9.6001,49.24,,,,,,,,,,,,,,,,,,,,,,,,,,,,,,,,,,,,,,,,,,,,,,,,,,,0.52879,-0.03570,-0.00100,0.57282,0.05102,0.00043,0.78979,-0.09180,0.00000,0.00000,-0.36618,-0.03372,-0.00400,0.56336,0.04065,0.00004,0.78457,-0.07178,0.00000,0.00000,0.55258,-0.11420,-0.00906,-0.01109,0.01713,0.00224,0.77479,-0.13375,0.00000,0.00000,-0.37206,-0.03109,-0.00104,-0.06969,0.05231,0.00023,0.79052,-0.08913,0.00000,0.00000,0.07883,-0.02644,-0.00099,0.23695,0.04802,0.00024,0.90745,-0.07183,0.00000,0.00000
9.6500,965,1,9.6502,50.04,,,,,,,,,,,,,,,,,,,,,,,,,,,,,,,,,,,,,,,,,,,,,,,,,,,0.52699,-0.03619,-0.00100,0.57536,0.05080,0.00043,0.78519,-0.09239,0.00000,0.00000,-0.36791,-0.03558,-0.00361,0.56539,0.04064,-0.00000,0.78100,-0.07113,0.00000,0.00000,0.54677,-0.11850,-0.00850,-0.01026,0.01607,0.00208,0.76827,-0.12721,0.00000,0.00000,-0.37363,-0.03159,-0.00100,-0.06708,0.05219,0.00024,0.78604,-0.08999,0.00000,0.00000,0.07749,-0.02692,-0.00097,0.23935,0.04790,0.00024,0.90384,-0.07261,0.00000,0.00000
9.7000,970,1,9.7000,49.87,,,,,,,,,,,,,,,,,,,,,,,,,,,,,,,,,,,,,,,,,,,,,,,,,,,0.52517,-0.03668,-0.00100,0.57790,0.05059,0.00043,0.78056,-0.09279,0.00000,0.00000,-0.36974,-0.03726,-0.00325,0.56742,0.04065,-0.00005,0.77745,-0.07126,0.00000,0.00000,0.54074,-0.12254,-0.00796,-0.00948,0.01509,0.00193,0.76205,-0.12201,0.00000,0.00000,-0.37522,-0.03208,-0.00097,-0.06447,0.05208,0.00024,0.78152,-0.09070,0.00000,0.00000,0.07614,-0.02739,-0.00094,0.24174,0.04779,0.00023,0.90019,-0.07335,0.00000,0.00000
9.7500,975,1,9.7501,50.03,,,,,,,,,,,,,,,,,,,,,,,,,,,,,,,,,,,,,,,,,,,,,,,,,,,0.52332,-0.03717,-0.00099,0.58042,0.05038,0.00043,0.77591,-0.09303,0.00000,0.00000,-0.37164,-0.03877,-0.00292,0.56946,0.04068,-0.00008,0.77387,-0.07185,0.00000,0.00000,0.53452,-0.12632,-0.00746,-0.00875,0.01418,0.00179,0.75605,-0.11782,0.00000,0.00000,-0.37684,-0.03254,-0.00093,-0.06187,0.05196,0.00024,0.77697,-0.09128,0.00000,0.00000,0.07476,-0.02784,-0.00092,0.24413,0.04768,0.00023,0.89651,-0.07408,0.00000,0.00000
9.8000,980,1,9.8000,49.92,,,,,,,,,,,,,,,,,,,,,,,,,,,,,,,,,,,,,,,,,,,,,,,,,,,0.52145,-0.03765,-0.00098,0.58294,0.05017,0.00043,0.77126,-0.09316,0.00000,0.00000,-0.37361,-0.04013,-0.00263,0.57149,0.04073,-0.00012,0.77026,-0.07272,0.00000,0.00000,0.52811,-0.12986,-0.00699,-0.00806,0.01333,0.00165,0.75025,-0.11439,0.00000,0.00000,-0.37847,-0.03299,-0.00089,-0.05928,0.05184,0.00025,0.77239,-0.09173,0.00000,0.00000,0.07335,-0.02828,-0.00089,0.24651,0.04757,0.00022,0.89279,-0.07478,0.00000,0.00000
9.8500,985,1,9.8501,50.15,,,,,,,,,,,,,,,,,,,,,,,,,,,,,,,,,,,,,,,,,,,,,,,,,,,0.51956,-0.03813,-0.00096,0.58544,0.04996,0.00042,0.76660,-0.09320,0.00000,0.00000,-0.37565,-0.04136,-0.00237,0.57353,0.04080,-0.00014,0.76660,-0.07373,0.00000,0.00000,0.52153,-0.13318,-0.00655,-0.00741,0.01256,0.00152,0.74460,-0.11154,0.00000,0.00000,-0.38013,-0.03342,-0.00085,-0.05669,0.05172,0.00025,0.76780,-0.09207,0.00000,0.00000,0.07193,-0.02871,-0.00086,0.24888,0.04746,0.00022,0.88903,-0.07547,0.00000,0.00000
9.9000,990,1,9.9001,49.98,,,,,,,,,,,,,,,,,,,,,,,,,,,,,,,,,,,,,,,,,,,,,,,,,,,0.51764,-0.03860,-0.00094,0.58793,0.04976,0.00042,0.76194,-0.09317,0.00000,0.00000,-0.37774,-0.04246,-0.00213,0.57557,0.04087,-0.00017,0.76288,-0.07479,0.00000,0.00000,0.51480,-0.13629,-0.00613,-0.00680,0.01184,0.00140,0.73909,-0.10913,0.00000,0.00000,-0.38182,-0.03382,-0.00081,-0.05410,0.05160,0.00025,0.76319,-0.09231,0.00000,0.00000,0.07048,-0.02913,-0.00083,0.25125,0.04736,0.00021,0.88524,-0.07613,0.00000,0.00000
9.9500,995,1,9.9500,49.85,,,,,,,,,,,,,,,,,,,,,,,,,,,,,,,,,,,,,,,,,,,,,,,,,,,0.51570,-0.03905,-0.00091,0.59041,0.04956,0.00041,0.75728,-0.09308,0.00000,0.00000,-0.37989,-0.04345,-0.00192,0.57762,0.04096,-0.00018,0.75912,-0.07584,0.00000,0.00000,0.50791,-0.13920,-0.00574,-0.00623,0.01118,0.00128,0.73369,-0.10706,0.00000,0.00000,-0.38352,-0.03421,-0.00077,-0.05153,0.05148,0.00024,0.75857,-0.09246,0.00000,0.00000,0.06902,-0.02953,-0.00079,0.25362,0.04725,0.00020,0.88142,-0.07677,0.00000,0.00000
10.0000,1000,2,10.0001,50.13,0.55000,0.00000,0.00000,0.39000,0.00000,0.00000,0.60000,0.00000,0.00000,0.00000,-0.35000,0.00000,0.00000,0.39000,0.00000,0.00000,0.60000,0.00000,0.00000,0.00000,0.55000,0.00000,0.00000,-0.25000,0.00000,0.00000,0.60000,0.00000,0.00000,0.00000,-0.35000,0.00000,0.00000,-0.25000,0.00000,0.00000,0.60000,0.00000,0.00000,0.00000,0.10000,0.00000,0.00000,0.07000,0.00000,0.00000,0.72000,0.00000,0.00000,0.00000,0.55000,0.00000,0.00000,0.39000,0.00000,0.00000,0.60000,0.00000,0.00000,0.00000,-0.35000,0.00000,0.00000,0.39000,0.00000,0.00000,0.60000,0.00000,0.00000,0.00000,0.55000,0.00000,0.00000,-0.25000,0.00000,0.00000,0.60000,0.00000,0.00000,0.00000,-0.35000,0.00000,0.00000,-0.25000,0.00000,0.00000,0.60000,0.00000,0.00000,0.00000,0.10000,0.00000,0.00000,0.07000,0.00000,0.00000,0.72000,0.00000,0.00000,0.00000
10.0500,1005,2,10.0501,50.03,,,,,,,,,,,,,,,,,,,,,,,,,,,,,,,,,,,,,,,,,,,,,,,,,,,0.55000,0.00018,0.00064,0.39000,-0.00006,0.00020,0.59992,-0.00310,0.00000,0.00000,-0.35003,-0.00187,-0.00688,0.39001,0.00054,-0.00188,0.60008,0.00269,0.00000,0.00000,0.54995,-0.00293,-0.01080,-0.24999,0.00077,-0.00274,0.59995,-0.00242,0.00000,0.00000,-0.35000,0.00002,0.00008,-0.25000,-0.00000,0.00001,0.59994,-0.00220,0.00000,0.00000,0.10000,-0.00010,-0.00038,0.07000,0.00002,-0.00006,0.71996,-0.00151,0.00000,0.00000
10.1000,1010,2,10.1001,49.93,,,,,,,,,,,,,,,,,,,,,,,,,,,,,,,,,,,,,,,,,,,,,,,,,,,0.55002,0.00057,0.00094,0.38999,-0.00017,0.00024,0.59969,-0.00596,0.00000,0.00000,-0.35023,-0.00618,-0.01021,0.39006,0.00162,-0.00237,0.60023,0.00328,0.00000,0.00000,0.54964,-0.00972,-0.01621,-0.24991,0.00238,-0.00356,0.59971,-0.00787,0.00000,0.00000,-0.35000,0.00008,0.00013,-0.25000,-0.00001,0.00002,0.59978,-0.00435,0.00000,0.00000,0.09999,-0.00035,-0.00060,0.07000,0.00006,-0.00010,0.71985,-0.00309,0.00000,0.00000
10.1500,1015,2,10.1501,50.00,,,,,,,,,,,,,,,,,,,,,,,,,,,,,,,,,,,,,,,,,,,,,,,,,,,0.55006,0.00106,0.00102,0.38998,-0.00028,0.00020,0.59933,-0.00859,0.00000,0.00000,-0.35067,-0.01153,-0.01134,0.39017,0.00274,-0.00210,0.60038,0.00207,0.00000,0.00000,0.54895,-0.01827,-0.01820,-0.24975,0.00409,-0.00330,0.59912,-0.01614,0.00000,0.00000,-0.34999,0.00015,0.00015,-0.25000,-0.00003,0.00003,0.59951,-0.00643,0.00000,0.00000,0.09996,-0.00067,-0.00070,0.07001,0.00011,-0.00012,0.71965,-0.00475,0.00000,0.00000
10.2000,1020,2,10.2001,49.99,,,,,,,,,,,,,,,,,,,,,,,,,,,,,,,,,,,,,,,,,,,,,,,,,,,0.55013,0.00156,0.00097,0.38997,-0.00035,0.00012,0.59884,-0.01098,0.00000,0.00000,-0.35138,-0.01706,-0.01099,0.39033,0.00363,-0.00148,0.60041,-0.00099,0.00000,0.00000,0.54781,-0.02721,-0.01789,-0.24950,0.00553,-0.00250,0.59805,-0.02733,0.00000,0.00000,-0.34998,0.00022,0.00016,-0.25000,-0.00004,0.00003,0.59914,-0.00841,0.00000,0.00000,0.09992,-0.00102,-0.00073,0.07001,0.00017,-0.00012,0.71937,-0.00651,0.00000,0.00000
10.2500,1025,2,10.2500,49.99,,,,,,,,,,,,,,,,,,,,,,,,,,,,,,,,,,,,,,,,,,,,,,,,,,,0.55022,0.00199,0.00081,0.38995,-0.00039,0.00004,0.59824,-0.01308,0.00000,0.00000,-0.35237,-0.02212,-0.00949,0.39053,0.00418,-0.00078,0.60024,-0.00625,0.00000,0.00000,0.54624,-0.03553,-0.01577,-0.24920,0.00652,-0.00157,0.59633,-0.04181,0.00000,0.00000,-0.34997,0.00030,0.00015,-0.25001,-0.00005,0.00002,0.59867,-0.01028,0.00000,0.00000,0.09986,-0.00137,-0.00069,0.07002,0.00022,-0.00011,0.71900,-0.00835,0.00000,0.00000
10.3000,1030,2,10.3000,50.00,,,,,,,,,,,,,,,,,,,,,,,,,,,,,,,,,,,,,,,,,,,,,,,,,,,0.55033,0.00233,0.00054,0.38993,-0.00040,-0.00001,0.59754,-0.01475,0.00000,0.00000,-0.35358,-0.02617,-0.00682,0.39075,0.00442,-0.00027,0.59974,-0.01450,0.00000,0.00000,0.54428,-0.04237,-0.01180,-0.24886,0.00709,-0.00079,0.59380,-0.06038,0.00000,0.00000,-0.34995,0.00037,0.00012,-0.25001,-0.00006,0.00002,0.59811,-0.01205,0.00000,0.00000,0.09978,-0.00168,-0.00058,0.07004,0.00027,-0.00009,0.71854,-0.01022,0.00000,0.00000
