t,k,ping,wall,tick_ms,mx0,mxd0,mth0,my0,myd0,mph0,mz0,mzd0,mps0,mr0,mx1,mxd1,mth1,my1,myd1,mph1,mz1,mzd1,mps1,mr1,mx2,mxd2,mth2,my2,myd2,mph2,mz2,mzd2,mps2,mr2,mx3,mxd3,mth3,my3,myd3,mph3,mz3,mzd3,mps3,mr3,mx4,mxd4,mth4,my4,myd4,mph4,mz4,mzd4,mps4,mr4,px0,pxd0,pth0,py0,pyd0,pph0,pz0,pzd0,pps0,pr0,px1,pxd1,pth1,py1,pyd1,pph1,pz1,pzd1,pps1,pr1,px2,pxd2,pth2,py2,pyd2,pph2,pz2,pzd2,pps2,pr2,px3,pxd3,pth3,py3,pyd3,pph3,pz3,pzd3,pps3,pr3,px4,pxd4,pth4,py4,pyd4,pph4,pz4,pzd4,pps4,pr4
0.0000,0,0,0.0000,0.00,0.97810,-0.05057,-0.01864,0.06949,0.01508,0.00370,0.36593,0.04574,0.12044,0.05561,-0.70958,0.01528,0.02904,-0.00193,0.02411,0.04949,0.38248,0.01350,0.14846,-0.24374,0.98936,-0.01318,0.00396,-0.32436,0.00758,-0.00174,0.35733,0.01574,-0.04067,0.04873,-0.79333,-0.00167,0.00101,-0.54622,0.01114,-0.00155,0.37949,0.00484,0.01648,0.01932,0.33715,-0.02892,0.00595,0.18615,0.03417,-0.02446,0.37574,0.00606,-0.04567,0.03907,0.97810,-0.05057,-0.01864,0.06949,0.01508,0.00370,0.36593,0.04574,0.12044,0.05561,-0.70958,0.01528,0.02904,-0.00193,0.02411,0.04949,0.38248,0.01350,0.14846,-0.24374,0.99069,-0.00255,0.00396,-0.32578,-0.00117,-0.00174,0.35716,-0.01832,-0.04067,0.04873,-0.79333,-0.00167,0.00101,-0.54622,0.01114,-0.00155,0.37949,0.00484,0.01648,0.01932,0.33715,-0.02892,0.00595,0.18615,0.03417,-0.02446,0.37574,0.00606,-0.04567,0.03907
0.0500,5,0,0.0502,50.25,0.97352,-0.03005,-0.03203,0.07306,0.02805,-0.01300,0.36933,0.04516,0.12229,0.01150,-0.71069,-0.02024,0.02754,-0.00179,-0.02285,0.03966,0.38255,-0.00647,0.12089,-0.22366,0.98936,-0.01318,0.00335,-0.32436,0.00758,0.00155,0.35733,0.01574,-0.03467,0.04053,-0.79430,-0.00558,-0.00169,-0.54359,0.01915,0.00154,0.38034,0.00703,0.01743,0.01836,0.33301,-0.03481,-0.00824,0.19438,0.07375,-0.01098,0.37683,0.00636,-0.03906,0.01567,0.97528,-0.06322,-0.03172,0.07024,0.01526,-0.00390,0.36813,0.04432,0.12297,0.04599,-0.70850,0.02741,0.02083,-0.00119,0.00817,0.01780,0.38392,0.04223,0.13706,-0.21303,0.99048,-0.00824,-0.02490,-0.32581,0.00031,-0.00414,0.35820,0.05586,-0.03836,0.04371,-0.79334,0.00259,0.01515,-0.54563,0.01272,-0.00470,0.38014,0.02084,0.01740,0.01758,0.33570,-0.03042,-0.01076,0.18806,0.04062,-0.00341,0.37706,0.04549,-0.04382,0.03503
0.1000,10,0,0.1002,50.00,0.97352,-0.03005,-0.03203,0.07306,0.02805,-0.01300,0.36933,0.04516,0.12229,0.01150,-0.71069,-0.02024,0.02754,-0.00179,-0.02285,0.03966,0.38255,-0.00647,0.12089,-0.22366,0.98936,-0.01318,0.00335,-0.32436,0.00758,0.00155,0.35733,0.01574,-0.03467,0.04053,-0.79430,-0.00558,-0.00169,-0.54359,0.01915,0.00154,0.38034,0.00703,0.01743,0.01836,0.33301,-0.03481,-0.00824,0.19438,0.07375,-0.01098,0.37683,0.00636,-0.03906,0.01567,0.97170,-0.08070,-0.03874,0.07107,0.01846,-0.00881,0.37051,0.05173,0.12506,0.03764,-0.70690,0.03609,0.01486,-0.00091,0.00478,-0.00242,0.38655,0.06186,0.12709,-0.18621,0.98968,-0.02516,-0.04256,-0.32573,0.00276,-0.00573,0.36241,0.10984,-0.03629,0.03929,-0.79298,0.01219,0.02314,-0.54492,0.01558,-0.00681,0.38156,0.03586,0.01824,0.01606,0.33400,-0.03841,-0.02092,0.19008,0.03882,0.00964,0.38019,0.07873,-0.04216,0.03150
0.1500,15,0,0.1504,50.18,0.97470,0.01436,-0.02901,0.06741,0.00375,0.00894,0.37537,0.06779,0.13448,0.19085,-0.71513,-0.04841,0.03061,-0.00702,-0.06599,0.03561,0.38220,-0.01160,0.12512,0.13194,0.99119,-0.00119,0.00103,-0.32558,-0.00670,0.01020,0.36784,0.05063,-0.04029,-0.09320,-0.79146,0.01167,-0.00031,-0.54759,-0.00662,-0.00210,0.38064,0.01166,0.02105,0.05259,0.33104,-0.02700,-0.00318,0.19879,0.07625,0.00392,0.37678,0.00839,-0.04406,-0.10184,0.96717,-0.10056,-0.04173,0.07212,0.02360,-0.01187,0.37338,0.06365,0.12675,0.03039,-0.70493,0.04225,0.01049,-0.00058,0.00928,-0.01488,0.39002,0.07600,0.11838,-0.16280,0.98786,-0.04875,-0.05259,-0.32552,0.00584,-0.00677,0.36894,0.14922,-0.03443,0.03538,-0.79207,0.02462,0.02701,-0.54406,0.01928,-0.00818,0.38371,0.05019,0.01901,0.01471,0.33180,-0.05023,-0.02665,0.19186,0.03204,0.01728,0.38484,0.10653,-0.04066,0.02842
0.2000,20,0,0.2001,49.64,0.97470,0.01436,-0.02901,0.06741,0.00375,0.00894,0.37537,0.06779,0.13448,0.19085,-0.71513,-0.04841,0.03061,-0.00702,-0.06599,0.03561,0.38220,-0.01160,0.12512,0.13194,0.99119,-0.00119,0.00103,-0.32558,-0.00670,0.01020,0.36784,0.05063,-0.04029,-0.09320,-0.79146,0.01167,-0.00031,-0.54759,-0.00662,-0.00210,0.38064,0.01166,0.02105,0.05259,0.33104,-0.02700,-0.00318,0.19879,0.07625,0.00392,0.37678,0.00839,-0.04406,-0.10184,0.96163,-0.12120,-0.04209,0.07345,0.02991,-0.01368,0.37690,0.07746,0.12811,0.02409,-0.70270,0.04656,0.00726,0.00010,0.01852,-0.02209,0.39410,0.08684,0.11076,-0.14234,0.98475,-0.07590,-0.05744,-0.32514,0.00934,-0.00744,0.37715,0.17786,-0.03275,0.03193,-0.79050,0.03824,0.02818,-0.54299,0.02352,-0.00904,0.38657,0.06390,0.01972,0.01352,0.32895,-0.06407,-0.02940,0.19323,0.02246,0.02130,0.39076,0.12965,-0.03931,0.02574
0.2500,25,0,0.2504,50.32,0.97435,0.02358,-0.01257,0.07057,0.00728,0.00100,0.38060,0.07990,0.15276,0.15327,-0.72122,-0.06262,-0.00973,-0.01606,-0.09250,-0.00538,0.38250,0.01532,0.13910,0.14632,0.98942,-0.01102,0.00343,-0.32021,0.00500,0.00834,0.36939,0.02528,-0.04996,-0.08066,-0.79191,0.00033,0.00129,-0.54416,0.02042,-0.00815,0.38314,0.03744,0.02741,0.06936,0.32764,-0.02566,-0.00318,0.20861,0.07414,0.00392,0.37879,0.02658,-0.04406,-0.10184,0.95506,-0.14157,-0.04076,0.07512,0.03687,-0.01461,0.38113,0.09164,0.12918,0.01862,-0.70030,0.04951,0.00485,0.00131,0.03038,-0.02581,0.39867,0.09567,0.10410,-0.12448,0.98024,-0.10454,-0.05884,-0.32458,0.01310,-0.00785,0.38659,0.19850,-0.03123,0.02888,-0.78824,0.05198,0.02760,-0.54170,0.02809,-0.00955,0.39009,0.07697,0.02037,0.01246,0.32538,-0.07875,-0.03016,0.19409,0.01153,0.02292,0.39774,0.14879,-0.03808,0.02340
0.3000,30,0,0.2996,49.24,0.97435,0.02358,-0.01257,0.07057,0.00728,0.00100,0.38060,0.07990,0.15276,0.15327,-0.72122,-0.06262,-0.00973,-0.01606,-0.09250,-0.00538,0.38250,0.01532,0.13910,0.14632,0.98692,-0.02525,0.00648,-0.32113,0.00050,0.00136,0.37051,-0.00332,-0.05442,-0.04655,-0.79191,0.00033,0.00129,-0.54416,0.02042,-0.00815,0.38314,0.03744,0.02741,0.06936,0.32764,-0.02566,-0.00806,0.20861,0.07414,0.02025,0.37879,0.02658,-0.06265,-0.35049,0.94749,-0.16102,-0.03841,0.07714,0.04415,-0.01496,0.38606,0.10530,0.12999,0.01389,-0.69777,0.05142,0.00304,0.00316,0.04347,-0.02722,0.40364,0.10325,0.09828,-0.10889,0.97430,-0.13325,-0.05794,-0.32383,0.01701,-0.00809,0.39690,0.21311,-0.02985,0.02618,-0.78531,0.06515,0.02594,-0.54018,0.03285,-0.00980,0.39425,0.08936,0.02096,0.01153,0.32107,-0.09345,-0.02962,0.19438,0.00023,0.02298,0.40559,0.16457,-0.03696,0.02136
0.3500,35,0,0.3645,64.84,0.97670,0.03224,-0.00689,0.06817,-0.00626,0.01900,0.38931,0.11249,0.15956,-0.00239,-0.72486,-0.04845,-0.01578,-0.01581,-0.03672,-0.04661,0.38289,0.06812,0.15045,0.08314,0.98692,-0.02525,0.00648,-0.32113,0.00050,0.00136,0.37051,-0.00332,-0.05442,-0.04655,-0.79022,0.01348,-0.00064,-0.54621,-0.00529,0.00367,0.38641,0.04806,0.03157,-0.00297,0.32764,-0.02566,-0.00806,0.20861,0.07414,0.02025,0.37879,0.02658,-0.06265,-0.35049,0.93898,-0.17915,-0.03545,0.07953,0.05148,-0.01490,0.39165,0.11798,0.13058,0.00978,-0.69517,0.05256,0.00167,0.00566,0.05685,-0.02714,0.40898,0.11000,0.09318,-0.09527,0.96693,-0.16114,-0.05557,-0.32288,0.02102,-0.00822,0.40783,0.22310,-0.02860,0.02380,-0.78175,0.07733,0.02365,-0.53841,0.03768,-0.00988,0.39901,0.10099,0.02152,0.01071,0.31604,-0.10767,-0.02826,0.19411,-0.01085,0.02204,0.41415,0.17753,-0.03594,0.01957
0.4000,40,0,0.3997,35.22,0.97670,0.03224,-0.00689,0.06817,-0.00626,0.01900,0.38931,0.11249,0.15956,-0.00239,-0.72486,-0.04845,-0.01578,-0.01581,-0.03672,-0.04661,0.38289,0.06812,0.15045,0.08314,0.98410,-0.02825,0.00648,-0.32145,0.00127,0.00136,0.37153,0.00897,-0.05442,-0.04655,-0.79022,0.01348,-0.00064,-0.54621,-0.00529,0.00367,0.38641,0.04806,0.03157,-0.00297,0.32633,-0.00979,-0.01676,0.21012,0.02975,0.03450,0.38173,0.05164,-0.09470,-0.30542,0.92960,-0.19575,-0.03220,0.08229,0.05872,-0.01456,0.39784,0.12946,0.13097,0.00622,-0.69252,0.05312,0.00062,0.00884,0.06994,-0.02613,0.41464,0.11618,0.08872,-0.08338,0.95821,-0.18761,-0.05227,-0.32173,0.02507,-0.00828,0.41916,0.22955,-0.02747,0.02169,-0.77760,0.08829,0.02102,-0.53641,0.04252,-0.00983,0.40434,0.11182,0.02204,0.00998,0.31032,-0.12109,-0.02639,0.19331,-0.02130,0.02051,0.42330,0.18814,-0.03500,0.01801
0.4500,45,0,0.4498,50.09,0.97797,0.02269,0.00574,0.07239,0.00842,-0.00792,0.39893,0.10798,0.15384,-0.09585,-0.72861,-0.03595,-0.03196,-0.01736,0.02300,-0.05531,0.38989,0.10954,0.15212,-0.00046,0.98410,-0.02825,-0.00164,-0.32145,0.00127,-0.00006,0.37153,0.00897,-0.05619,-0.00445,-0.78921,0.01288,0.00569,-0.54561,-0.00387,-0.00584,0.39190,0.06882,0.03024,0.00626,0.32487,-0.00705,0.00333,0.21136,0.01255,-0.00021,0.38901,0.09700,-0.12553,-0.32041,0.91943,-0.21072,-0.02883,0.08540,0.06574,-0.01405,0.40457,0.13966,0.13121,0.00315,-0.68986,0.05321,-0.00019,0.01265,0.08239,-0.02454,0.42059,0.12190,0.08482,-0.07300,0.94820,-0.21233,-0.04844,-0.32037,0.02913,-0.00829,0.43074,0.23324,-0.02643,0.01983,-0.77294,0.09793,0.01826,-0.53416,0.04731,-0.00968,0.41018,0.12179,0.02252,0.00933,0.30395,-0.13352,-0.02423,0.19200,-0.03091,0.01863,0.43293,0.19678,-0.03414,0.01665
0.5000,50,0,0.5001,50.31,0.97797,0.02269,0.00574,0.07239,0.00842,-0.00792,0.39893,0.10798,0.15384,-0.09585,-0.72861,-0.03595,-0.03196,-0.01736,0.02300,-0.05531,0.38989,0.10954,0.15212,-0.00046,0.98398,-0.01942,0.00592,-0.32456,-0.01245,-0.00111,0.38006,0.08607,-0.05731,0.01029,-0.78921,0.01288,0.00569,-0.54561,-0.00387,-0.00584,0.39190,0.06882,0.03024,0.00626,0.32487,-0.00705,0.00333,0.21136,0.01255,-0.00021,0.38901,0.09700,-0.12553,-0.32041,0.90856,-0.22404,-0.02547,0.08886,0.07248,-0.01341,0.41178,0.14860,0.13129,0.00049,-0.68721,0.05296,-0.00081,0.01706,0.09397,-0.02265,0.42682,0.12724,0.08140,-0.06393,0.93701,-0.23509,-0.04433,-0.31881,0.03319,-0.00827,0.44245,0.23481,-0.02548,0.01817,-0.76783,0.10620,0.01550,-0.53168,0.05200,-0.00946,0.41650,0.13091,0.02297,0.00876,0.29699,-0.14484,-0.02194,0.19023,-0.03955,0.01660,0.44295,0.20377,-0.03333,0.01546
0.5500,55,0,0.5500,49.92,0.97866,0.00454,0.02044,0.07139,0.00399,0.00465,0.40850,0.12140,0.14390,-0.03301,-0.72425,0.02614,-0.03956,-0.01837,0.05412,-0.04757,0.39814,0.12905,0.14951,-0.10391,0.98398,-0.01942,0.00592,-0.32456,-0.01245,-0.00111,0.38006,0.08607,-0.05731,0.01029,-0.78757,0.01527,-0.00491,-0.54771,-0.00905,-0.00992,0.39910,0.07727,0.02955,-0.05134,0.32370,-0.00831,-0.00788,0.21425,0.01373,0.01590,0.40046,0.13564,-0.15377,-0.25762,0.89705,-0.23573,-0.02222,0.09264,0.07889,-0.01270,0.41941,0.15633,0.13126,-0.00181,-0.68457,0.05244,-0.00129,0.02203,0.10458,-0.02061,0.43331,0.13221,0.07841,-0.05602,0.92473,-0.25580,-0.04011,-0.31705,0.03724,-0.00822,0.45419,0.23471,-0.02461,0.01671,-0.76234,0.11314,0.01282,-0.52896,0.05658,-0.00920,0.42326,0.13915,0.02340,0.00824,0.28948,-0.15503,-0.01960,0.18806,-0.04718,0.01451,0.45328,0.20937,-0.03259,0.01442
0.6000,60,0,0.6001,50.05,0.97866,0.00454,0.02044,0.07139,0.00399,0.00465,0.40850,0.12140,0.14390,-0.03301,-0.72425,0.02614,-0.03956,-0.01837,0.05412,-0.04757,0.39814,0.12905,0.14951,-0.10391,0.98012,-0.03799,0.01780,-0.32282,-0.00232,-0.00210,0.38927,0.12642,-0.05814,0.01459,-0.78757,0.01527,-0.00491,-0.54771,-0.00905,-0.00992,0.39910,0.07727,0.02955,-0.05134,0.32370,-0.00831,-0.00788,0.21425,0.01373,0.01590,0.40046,0.13564,-0.15377,-0.25762,0.88501,-0.24585,-0.01910,0.09674,0.08493,-0.01195,0.42740,0.16293,0.13112,-0.00379,-0.68197,0.05171,-0.00166,0.02750,0.11419,-0.01854,0.44003,0.13683,0.07578,-0.04911,0.91146,-0.27444,-0.03591,-0.31509,0.04126,-0.00816,0.46589,0.23332,-0.02381,0.01542,-0.75654,0.11880,0.01028,-0.52602,0.06102,-0.00889,0.43040,0.14653,0.02380,0.00779,0.28150,-0.16407,-0.01729,0.18553,-0.05379,0.01246,0.46387,0.21381,-0.03189,0.01350
0.6500,65,0,0.6500,49.93,0.97771,-0.02154,0.03168,0.06806,-0.01486,-0.01856,0.42100,0.14489,0.14821,0.04975,-0.71808,0.04934,-0.01826,-0.00592,0.11490,-0.02269,0.40936,0.14190,0.13782,-0.10796,0.98012,-0.03799,0.01780,-0.32282,-0.00232,-0.00210,0.38927,0.12642,-0.05814,0.01459,-0.78725,0.00949,-0.00414,-0.54565,0.01798,-0.01527,0.40802,0.09408,0.02582,-0.05021,0.32328,-0.00834,0.00581,0.21350,-0.00039,0.00560,0.41566,0.17071,-0.16759,-0.04493,0.87249,-0.25450,-0.01616,0.10113,0.09060,-0.01117,0.43569,0.16850,0.13089,-0.00549,-0.67940,0.05083,-0.00195,0.03343,0.12278,-0.01651,0.44698,0.14111,0.07348,-0.04307,0.89732,-0.29104,-0.03180,-0.31293,0.04525,-0.00809,0.47750,0.23094,-0.02307,0.01427,-0.75048,0.12326,0.00792,-0.52286,0.06530,-0.00856,0.43790,0.15308,0.02418,0.00738,0.27310,-0.17200,-0.01504,0.18270,-0.05942,0.01049,0.47465,0.21726,-0.03124,0.01270
0.7000,70,0,0.6999,49.96,0.97771,-0.02154,0.03168,0.06806,-0.01486,-0.01856,0.42100,0.14489,0.14821,0.04975,-0.71808,0.04934,-0.01826,-0.00592,0.11490,-0.02269,0.40936,0.14190,0.13782,-0.10796,0.97500,-0.06582,0.02630,-0.31913,0.02117,-0.00391,0.40220,0.12491,-0.05644,0.01791,-0.78725,0.00949,-0.00414,-0.54565,0.01798,-0.01527,0.40802,0.09408,0.02582,-0.05021,0.32328,-0.00834,0.00581,0.21350,-0.00039,0.00560,0.41566,0.17071,-0.16759,-0.04493,0.85958,-0.26174,-0.01340,0.10579,0.09589,-0.01038,0.44423,0.17313,0.13057,-0.00695,-0.67689,0.04981,-0.00217,0.03976,0.13039,-0.01455,0.45414,0.14503,0.07146,-0.03781,0.88239,-0.30566,-0.02784,-0.31057,0.04920,-0.00801,0.48898,0.22779,-0.02238,0.01324,-0.74423,0.12660,0.00574,-0.51950,0.06941,-0.00820,0.44570,0.15882,0.02454,0.00702,0.26432,-0.17884,-0.01288,0.17960,-0.06410,0.00862,0.48558,0.21988,-0.03062,0.01200
0.7500,75,0,0.7503,50.31,0.97485,-0.05581,0.05112,0.06510,-0.00389,-0.02426,0.43392,0.14032,0.16046,0.17499,-0.71185,0.06161,-0.00139,0.00580,0.12735,0.00427,0.42441,0.14887,0.12317,-0.16390,0.97500,-0.06582,0.02630,-0.31913,0.02117,-0.00391,0.40220,0.12491,-0.05644,0.01791,-0.78646,0.01104,-0.01779,-0.53813,0.06819,-0.02254,0.41538,0.09243,0.01640,-0.12292,0.32316,-0.00993,0.01738,0.20856,-0.02765,0.01057,0.43234,0.18097,-0.17708,-0.07100,0.84634,-0.26768,-0.01084,0.11071,0.10079,-0.00960,0.45298,0.17691,0.13019,-0.00821,-0.67442,0.04871,-0.00233,0.04645,0.13707,-0.01271,0.46148,0.14861,0.06969,-0.03321,0.86678,-0.31838,-0.02405,-0.30801,0.05310,-0.00792,0.50027,0.22408,-0.02174,0.01234,-0.73784,0.12892,0.00374,-0.51593,0.07334,-0.00783,0.45377,0.16380,0.02488,0.00669,0.25523,-0.18465,-0.01084,0.17630,-0.06790,0.00688,0.49662,0.22178,-0.03003,0.01138
0.8000,80,0,0.8000,49.75,0.97485,-0.05581,0.05112,0.06510,-0.00389,-0.02426,0.43392,0.14032,0.16046,0.17499,-0.71185,0.06161,-0.00139,0.00580,0.12735,0.00427,0.42441,0.14887,0.12317,-0.16390,0.96773,-0.09226,0.03507,-0.31805,0.01162,0.00247,0.41690,0.17413,-0.05214,0.02411,-0.78646,0.01104,-0.01779,-0.53813,0.06819,-0.02254,0.41538,0.09243,0.01640,-0.12292,0.32316,-0.00993,0.01738,0.20856,-0.02765,0.01057,0.43234,0.18097,-0.17708,-0.07100,0.83284,-0.27240,-0.00845,0.11587,0.10531,-0.00882,0.46191,0.17993,0.12976,-0.00928,-0.67202,0.04753,-0.00245,0.05345,0.14288,-0.01098,0.46899,0.15184,0.06813,-0.02920,0.85058,-0.32929,-0.02045,-0.30526,0.05696,-0.00782,0.51138,0.21994,-0.02114,0.01153,-0.73135,0.13030,0.00194,-0.51216,0.07709,-0.00744,0.46207,0.16806,0.02521,0.00640,0.24587,-0.18949,-0.00890,0.17283,-0.07087,0.00527,0.50775,0.22306,-0.02948,0.01084
0.8500,85,0,0.8495,49.54,0.96364,-0.13478,0.08884,0.07147,0.03852,-0.05825,0.44605,0.13277,0.18198,0.27642,-0.70495,0.06666,-0.00079,0.01619,0.09945,0.03557,0.43899,0.14390,0.10823,-0.10839,0.96773,-0.09226,0.03507,-0.31805,0.01162,0.00247,0.41690,0.17413,-0.05214,0.02411,-0.78509,0.02736,-0.02414,-0.52781,0.09481,0.00234,0.42460,0.10615,0.00726,-0.06681,0.31960,-0.04758,0.03761,0.20770,-0.02758,0.03756,0.45096,0.18856,-0.18064,0.10690,0.81912,-0.27600,-0.00625,0.12124,0.10945,-0.00806,0.47097,0.18228,0.12927,-0.01019,-0.66967,0.04631,-0.00253,0.06073,0.14786,-0.00937,0.47666,0.15474,0.06676,-0.02569,0.83388,-0.33848,-0.01706,-0.30231,0.06077,-0.00770,0.52226,0.21551,-0.02058,0.01081,-0.72482,0.13085,0.00033,-0.50822,0.08064,-0.00704,0.47056,0.17164,0.02552,0.00614,0.23630,-0.19341,-0.00709,0.16923,-0.07309,0.00380,0.51892,0.22382,-0.02895,0.01036
0.9000,90,0,0.8998,50.29,0.96364,-0.13478,0.08884,0.07147,0.03852,-0.05825,0.44605,0.13277,0.18198,0.27642,-0.70495,0.06666,-0.00079,0.01619,0.09945,0.03557,0.43899,0.14390,0.10823,-0.10839,0.95813,-0.12410,0.04265,-0.31640,0.00721,0.00013,0.43758,0.21998,-0.05089,0.02656,-0.78509,0.02736,-0.02414,-0.52781,0.09481,0.00234,0.42460,0.10615,0.00726,-0.06681,0.31960,-0.04758,0.03761,0.20770,-0.02758,0.03756,0.45096,0.18856,-0.18064,0.10690,0.80525,-0.27856,-0.00423,0.12681,0.11322,-0.00732,0.48013,0.18402,0.12874,-0.01097,-0.66739,0.04506,-0.00258,0.06823,0.15209,-0.00789,0.48446,0.15729,0.06555,-0.02264,0.81676,-0.34606,-0.01387,-0.29918,0.06452,-0.00758,0.53292,0.21087,-0.02006,0.01017,-0.71828,0.13066,-0.00111,-0.50410,0.08399,-0.00663,0.47922,0.17460,0.02582,0.00590,0.22655,-0.19647,-0.00540,0.16553,-0.07462,0.00245,0.53012,0.22413,-0.02844,0.00994
0.9500,95,0,0.9498,49.93,0.94618,-0.20919,0.04512,0.07636,0.05799,-0.00834,0.45966,0.13789,0.19388,0.05831,-0.69853,0.06666,0.00605,0.02396,0.06481,0.02617,0.45478,0.15081,0.09139,-0.14612,0.95813,-0.12410,0.04265,-0.31640,0.00721,0.00013,0.43758,0.21998,-0.05089,0.02656,-0.77944,0.06245,-0.02788,-0.52221,0.05762,0.02907,0.43590,0.13113,0.00069,-0.06906,0.30901,-0.10540,0.03477,0.21041,-0.01131,0.01080,0.47329,0.19864,-0.16852,0.09069,0.79128,-0.28017,-0.00236,0.13255,0.11663,-0.00660,0.48936,0.18522,0.12817,-0.01163,-0.66516,0.04379,-0.00260,0.07592,0.15562,-0.00653,0.49238,0.15953,0.06449,-0.01997,0.79930,-0.35212,-0.01088,-0.29586,0.06820,-0.00744,0.54335,0.20612,-0.01957,0.00960,-0.71177,0.12979,-0.00238,-0.49982,0.08714,-0.00621,0.48801,0.17697,0.02611,0.00569,0.21666,-0.19872,-0.00383,0.16178,-0.07551,0.00124,0.54133,0.22403,-0.02795,0.00956
1.0000,100,0,0.9996,49.85,0.94618,-0.20919,0.04512,0.07636,0.05799,-0.00834,0.45966,0.13789,0.19388,0.05831,-0.69853,0.06666,0.00605,0.02396,0.06481,0.02617,0.45478,0.15081,0.09139,-0.14612,0.94501,-0.16408,0.04265,-0.31725,0.01015,0.00013,0.46232,0.22923,-0.05089,0.02656,-0.77944,0.06245,-0.02788,-0.52221,0.05762,0.02907,0.43590,0.13113,0.00069,-0.06906,0.30901,-0.10540,0.03477,0.21041,-0.01131,0.01080,0.47329,0.19864,-0.16852,0.09069,0.77725,-0.28090,-0.00065,0.13846,0.11969,-0.00590,0.49864,0.18594,0.12758,-0.01218,-0.66301,0.04251,-0.00260,0.08378,0.15852,-0.00529,0.50041,0.16145,0.06355,-0.01764,0.78157,-0.35676,-0.00809,-0.29236,0.07182,-0.00729,0.55353,0.20131,-0.01910,0.00909,-0.70531,0.12835,-0.00349,-0.49539,0.09008,-0.00579,0.49691,0.17881,0.02639,0.00549,0.20669,-0.20024,-0.00236,0.15799,-0.07585,0.00015,0.55252,0.22358,-0.02748,0.00923
1.0500,105,0,1.0500,50.39,0.92467,-0.23031,0.00393,0.07926,0.03709,0.00149,0.47318,0.14829,0.18185,-0.33015,-0.69062,0.06756,0.01090,0.02556,0.02368,0.02184,0.46600,0.11565,0.07851,-0.03447,0.94501,-0.16408,0.04780,-0.31725,0.01015,-0.00524,0.46232,0.22923,-0.05010,0.04273,-0.76892,0.09953,-0.01961,-0.52622,0.00612,0.01631,0.44962,0.15995,-0.00212,0.03179,0.29718,-0.13370,0.00936,0.20934,-0.02423,0.03110,0.49166,0.17597,-0.15773,-0.05393,0.76320,-0.28083,0.00091,0.14452,0.12242,-0.00522,0.50795,0.18624,0.12696,-0.01265,-0.66091,0.04124,-0.00258,0.09177,0.16083,-0.00416,0.50852,0.16307,0.06272,-0.01561,0.76365,-0.36009,-0.00549,-0.28868,0.07536,-0.00713,0.56348,0.19650,-0.01866,0.00863,-0.69894,0.12640,-0.00445,-0.49082,0.09282,-0.00537,0.50588,0.18016,0.02666,0.00531,0.19665,-0.20106,-0.00101,0.15420,-0.07568,-0.00083,0.56368,0.22283,-0.02703,0.00894
1.1000,110,0,1.0997,49.71,0.92467,-0.23031,0.00393,0.07926,0.03709,0.00149,0.47318,0.14829,0.18185,-0.33015,-0.69062,0.06756,0.01090,0.02556,0.02368,0.02184,0.46600,0.11565,0.07851,-0.03447,0.92731,-0.20700,0.05025,-0.31141,0.02594,-0.00903,0.47848,0.17084,-0.04288,0.05368,-0.76892,0.09953,-0.01961,-0.52622,0.00612,0.01631,0.44962,0.15995,-0.00212,0.03179,0.29718,-0.13370,0.00936,0.20934,-0.02423,0.03110,0.49166,0.17597,-0.15773,-0.05393,0.74918,-0.28003,0.00235,0.15070,0.12482,-0.00457,0.51726,0.18617,0.12632,-0.01303,-0.65888,0.03999,-0.00254,0.09985,0.16261,-0.00313,0.51671,0.16439,0.06199,-0.01384,0.74558,-0.36218,-0.00308,-0.28483,0.07881,-0.00696,0.57318,0.19172,-0.01824,0.00822,-0.69268,0.12401,-0.00527,-0.48612,0.09535,-0.00495,0.51492,0.18107,0.02692,0.00515,0.18659,-0.20125,0.00024,0.15043,-0.07505,-0.00169,0.57480,0.22180,-0.02659,0.00868
1.1500,115,0,1.1504,50.68,0.90294,-0.22629,0.00645,0.08403,0.04508,-0.02619,0.48997,0.17902,0.14347,-0.43292,-0.68358,0.06253,0.00018,0.02552,0.01101,-0.00851,0.47736,0.12666,0.07783,-0.00922,0.92731,-0.20700,0.05025,-0.31141,0.02594,-0.00903,0.47848,0.17084,-0.04288,0.05368,-0.76094,0.10475,-0.01242,-0.52266,0.01283,-0.00533,0.46794,0.18923,0.00568,0.08491,0.28560,-0.13239,0.02119,0.20376,-0.05942,0.00996,0.50720,0.15390,-0.16005,-0.02196,0.73521,-0.27855,0.00365,0.15699,0.12690,-0.00393,0.52656,0.18577,0.12566,-0.01335,-0.65691,0.03875,-0.00249,0.10802,0.16392,-0.00219,0.52496,0.16545,0.06133,-0.01230,0.72745,-0.36314,-0.00084,-0.28080,0.08218,-0.00677,0.58265,0.18702,-0.01783,0.00785,-0.68655,0.12125,-0.00597,-0.48129,0.09767,-0.00452,0.52399,0.18158,0.02717,0.00501,0.17654,-0.20084,0.00139,0.14670,-0.07403,-0.00246,0.58586,0.22054,-0.02616,0.00845
1.2000,120,0,1.2000,49.62,0.90294,-0.22629,0.00645,0.08403,0.04508,-0.02619,0.48997,0.17902,0.14347,-0.43292,-0.68358,0.06253,0.00018,0.02552,0.01101,-0.00851,0.47736,0.12666,0.07783,-0.00922,0.90647,-0.24819,0.05025,-0.30742,0.04017,-0.00903,0.50231,0.22585,-0.04288,0.05368,-0.76094,0.10475,-0.01242,-0.52266,0.01283,-0.00533,0.46794,0.18923,0.00568,0.08491,0.28560,-0.13239,0.02119,0.20376,-0.05942,0.00996,0.50720,0.15390,-0.16005,-0.02196,0.72133,-0.27646,0.00484,0.16338,0.12868,-0.00332,0.53583,0.18508,0.12498,-0.01360,-0.65501,0.03755,-0.00243,0.11624,0.16478,-0.00135,0.53325,0.16624,0.06075,-0.01095,0.70929,-0.36304,0.00123,-0.27661,0.08545,-0.00656,0.59189,0.18241,-0.01745,0.00751,-0.68056,0.11817,-0.00655,-0.47635,0.09979,-0.00410,0.53307,0.18172,0.02742,0.00487,0.16651,-0.19990,0.00245,0.14303,-0.07266,-0.00312,0.59685,0.21906,-0.02575,0.00824
1.2500,125,0,1.2497,49.69,0.88154,-0.23184,0.00681,0.08530,0.04734,0.00398,0.50914,0.19625,0.11426,-0.14171,-0.67743,0.05768,0.00794,0.02559,0.02378,-0.03439,0.49092,0.14597,0.07482,0.01333,0.90647,-0.24819,0.04440,-0.30742,0.04017,-0.00419,0.50231,0.22585,-0.03894,0.06084,-0.75008,0.11643,-0.00851,-0.52499,0.00704,-0.01268,0.48634,0.18866,0.00977,0.02051,0.27105,-0.15557,0.01811,0.19965,-0.05996,0.01117,0.52260,0.15466,-0.16379,0.02267,0.70757,-0.27382,0.00593,0.16986,0.13017,-0.00274,0.54506,0.18414,0.12430,-0.01381,-0.65316,0.03637,-0.00235,0.12449,0.16525,-0.00058,0.54158,0.16678,0.06024,-0.00978,0.69116,-0.36196,0.00314,-0.27226,0.08861,-0.00634,0.60090,0.17793,-0.01708,0.00721,-0.67473,0.11484,-0.00703,-0.47131,0.10170,-0.00368,0.54215,0.18153,0.02766,0.00475,0.15655,-0.19845,0.00342,0.13944,-0.07098,-0.00370,0.60776,0.21740,-0.02534,0.00805
1.3000,130,0,1.3002,50.54,0.88154,-0.23184,0.00681,0.08530,0.04734,0.00398,0.50914,0.19625,0.11426,-0.14171,-0.67743,0.05768,0.00794,0.02559,0.02378,-0.03439,0.49092,0.14597,0.07482,0.01333,0.88037,-0.28948,0.04676,-0.29797,0.06166,-0.00255,0.52829,0.25288,-0.03034,0.14065,-0.75008,0.11643,-0.00851,-0.52499,0.00704,-0.01268,0.48634,0.18866,0.00977,0.02051,0.27105,-0.15557,0.01811,0.19965,-0.05996,0.01117,0.52260,0.15466,-0.16379,0.02267,0.69396,-0.27067,0.00691,0.17640,0.13137,-0.00217,0.55424,0.18298,0.12360,-0.01397,-0.65137,0.03524,-0.00227,0.13276,0.16536,0.00011,0.54993,0.16710,0.05977,-0.00875,0.67311,-0.35998,0.00490,-0.26775,0.09167,-0.00611,0.60968,0.17357,-0.01673,0.00694,-0.66908,0.11129,-0.00740,-0.46618,0.10340,-0.00326,0.55122,0.18106,0.02790,0.00463,0.14668,-0.19656,0.00431,0.13594,-0.06904,-0.00419,0.61859,0.21557,-0.02494,0.00788
1.3500,135,0,1.3501,49.81,0.85815,-0.23477,0.00079,0.08946,0.05146,-0.04139,0.52923,0.21072,0.11584,0.18763,-0.67216,0.04949,-0.00103,0.02928,0.06653,-0.06598,0.50543,0.16750,0.07747,-0.04540,0.88037,-0.28948,0.04676,-0.29797,0.06166,-0.00255,0.52829,0.25288,-0.03034,0.14065,-0.74065,0.11401,-0.00873,-0.52045,0.03776,-0.02275,0.50551,0.19183,0.01128,0.00587,0.25354,-0.18988,0.03598,0.19579,-0.04770,0.00162,0.53952,0.18309,-0.15593,0.14122,0.68052,-0.26705,0.00780,0.18299,0.13230,-0.00163,0.56336,0.18163,0.12290,-0.01409,-0.64963,0.03415,-0.00218,0.14102,0.16515,0.00073,0.55828,0.16719,0.05936,-0.00786,0.65518,-0.35717,0.00653,-0.26309,0.09460,-0.00586,0.61826,0.16937,-0.01639,0.00669,-0.66361,0.10759,-0.00769,-0.46098,0.10489,-0.00284,0.56025,0.18032,0.02812,0.00452,0.13691,-0.19424,0.00511,0.13254,-0.06688,-0.00461,0.62931,0.21358,-0.02455,0.00773
1.4000,140,0,1.4002,50.10,0.85815,-0.23477,0.00079,0.08946,0.05146,-0.04139,0.52923,0.21072,0.11584,0.18763,-0.67216,0.04949,-0.00103,0.02928,0.06653,-0.06598,0.50543,0.16750,0.07747,-0.04540,0.85073,-0.32479,0.03647,-0.29301,0.06000,0.00218,0.55282,0.21637,-0.01824,0.08667,-0.74065,0.11401,-0.00873,-0.52045,0.03776,-0.02275,0.50551,0.19183,0.01128,0.00587,0.25354,-0.18988,0.03598,0.19579,-0.04770,0.00162,0.53952,0.18309,-0.15593,0.14122,0.66726,-0.26303,0.00861,0.18962,0.13297,-0.00110,0.57240,0.18012,0.12219,-0.01418,-0.64795,0.03310,-0.00208,0.14927,0.16465,0.00129,0.56664,0.16708,0.05898,-0.00709,0.63740,-0.35360,0.00802,-0.25829,0.09741,-0.00560,0.62662,0.16531,-0.01606,0.00647,-0.65832,0.10377,-0.00789,-0.45570,0.10619,-0.00243,0.56925,0.17934,0.02835,0.00442,0.12726,-0.19155,0.00585,0.12925,-0.06454,-0.00495,0.63994,0.21147,-0.02417,0.00759
1.4500,145,0,1.4502,50.04,0.83381,-0.25187,0.02601,0.09692,0.09794,-0.05426,0.54918,0.19605,0.14309,0.30134,-0.66714,0.05354,-0.01453,0.04034,0.13525,-0.05298,0.52223,0.18727,0.06706,-0.10066,0.85073,-0.32479,0.03647,-0.29301,0.06000,0.00218,0.55282,0.21637,-0.01824,0.08667,-0.72860,0.12069,-0.00462,-0.51961,0.04796,-0.02386,0.52427,0.19437,0.01221,0.02180,0.23279,-0.21787,0.00752,0.19163,-0.05628,0.03604,0.55898,0.21257,-0.14333,0.17035,0.65422,-0.25862,0.00933,0.19628,0.13338,-0.00059,0.58136,0.17846,0.12148,-0.01424,-0.64632,0.03211,-0.00197,0.15748,0.16389,0.00180,0.57499,0.16678,0.05865,-0.00641,0.61983,-0.34933,0.00939,-0.25336,0.10009,-0.00532,0.63479,0.16142,-0.01574,0.00626,-0.65323,0.09986,-0.00802,-0.45036,0.10728,-0.00202,0.57818,0.17817,0.02857,0.00433,0.11776,-0.18851,0.00652,0.12609,-0.06204,-0.00523,0.65046,0.20923,-0.02379,0.00747
1.5000,150,0,1.5000,49.81,0.83381,-0.25187,0.02601,0.09692,0.09794,-0.05426,0.54918,0.19605,0.14309,0.30134,-0.66714,0.05354,-0.01453,0.04034,0.13525,-0.05298,0.52223,0.18727,0.06706,-0.10066,0.81891,-0.34705,0.02519,-0.28532,0.06462,0.00564,0.57370,0.21721,-0.01252,0.02692,-0.72860,0.12069,-0.00462,-0.51961,0.04796,-0.02386,0.52427,0.19437,0.01221,0.02180,0.23279,-0.21787,0.00752,0.19163,-0.05628,0.03604,0.55898,0.21257,-0.14333,0.17035,0.64141,-0.25388,0.00999,0.20296,0.13355,-0.00011,0.59024,0.17668,0.12077,-0.01427,-0.64474,0.03117,-0.00185,0.16565,0.16289,0.00225,0.58332,0.16630,0.05834,-0.00582,0.60248,-0.34441,0.01064,-0.24829,0.10263,-0.00502,0.64277,0.15769,-0.01543,0.00607,-0.64834,0.09591,-0.00809,-0.44497,0.10818,-0.00162,0.58706,0.17681,0.02878,0.00424,0.10841,-0.18516,0.00712,0.12305,-0.05941,-0.00545,0.66086,0.20689,-0.02342,0.00735
1.5500,155,0,1.5500,50.02,0.81441,-0.25963,0.03448,0.11896,0.16871,-0.03453,0.55861,0.15362,0.17554,0.34591,-0.66195,0.05555,-0.00589,0.05590,0.18258,-0.04459,0.54181,0.20351,0.06217,-0.03859,0.81891,-0.34705,0.02519,-0.28532,0.06462,0.00564,0.57370,0.21721,-0.01252,0.02692,-0.71774,0.11657,-0.00462,-0.51351,0.08050,-0.02386,0.54324,0.19453,0.01221,0.02180,0.20966,-0.23215,-0.00295,0.18639,-0.08603,0.04727,0.58297,0.25066,-0.11588,0.32950,0.62884,-0.24884,0.01057,0.20963,0.13349,0.00036,0.59903,0.17480,0.12006,-0.01429,-0.64320,0.03030,-0.00173,0.17377,0.16169,0.00266,0.59162,0.16566,0.05806,-0.00531,0.58540,-0.33891,0.01178,-0.24309,0.10502,-0.00472,0.65056,0.15413,-0.01513,0.00590,-0.64364,0.09194,-0.00809,-0.43955,0.10887,-0.00123,0.59586,0.17529,0.02899,0.00416,0.09924,-0.18153,0.00767,0.12015,-0.05670,-0.00561,0.67115,0.20446,-0.02305,0.00725
1.6000,160,0,1.7131,163.05,0.81441,-0.25963,0.03448,0.11896,0.16871,-0.03453,0.55861,0.15362,0.17554,0.34591,-0.66195,0.05555,-0.00589,0.05590,0.18258,-0.04459,0.54181,0.20351,0.06217,-0.03859,0.78477,-0.35870,0.02519,-0.28110,0.05530,0.00564,0.59866,0.24342,-0.01252,0.02692,-0.71774,0.11657,-0.00462,-0.51351,0.08050,-0.02386,0.54324,0.19453,0.01221,0.02180,0.20966,-0.23215,-0.00295,0.18639,-0.08603,0.04727,0.58297,0.25066,-0.11588,0.32950,0.61653,-0.24352,0.01109,0.21630,0.13320,0.00082,0.60772,0.17283,0.11934,-0.01428,-0.64171,0.02948,-0.00160,0.18182,0.16029,0.00302,0.59988,0.16486,0.05781,-0.00486,0.56860,-0.33287,0.01283,-0.23779,0.10725,-0.00439,0.65818,0.15073,-0.01484,0.00574,-0.63914,0.08798,-0.00804,-0.43409,0.10938,-0.00084,0.60459,0.17363,0.02920,0.00408,0.09026,-0.17765,0.00816,0.11738,-0.05392,-0.00572,0.68131,0.20194,-0.02269,0.00715
1.6500,165,0,1.7181,5.07,0.78872,-0.28178,0.03992,0.12768,0.13296,-0.01034,0.57512,0.17424,0.20502,0.21170,-0.65654,0.06061,-0.00473,0.07353,0.20740,-0.02189,0.56155,0.20757,0.05934,-0.01950,0.75043,-0.36474,0.01922,-0.27559,0.05809,-0.01098,0.61848,0.15424,0.01160,0.17062,-0.71774,0.11657,-0.00404,-0.51351,0.08050,-0.03523,0.54324,0.19453,0.01449,0.02958,0.18621,-0.23144,-0.00423,0.17688,-0.12392,0.03889,0.60863,0.26479,-0.07490,0.36734,0.60449,-0.23796,0.01156,0.22295,0.13269,0.00125,0.61631,0.17078,0.11863,-0.01426,-0.64025,0.02873,-0.00146,0.18980,0.15873,0.00335,0.60810,0.16392,0.05758,-0.00447,0.55212,-0.32634,0.01378,-0.23237,0.10932,-0.00405,0.66564,0.14749,-0.01456,0.00559,-0.63484,0.08406,-0.00795,-0.42861,0.10970,-0.00046,0.61322,0.17186,0.02940,0.00401,0.08148,-0.17354,0.00860,0.11476,-0.05110,-0.00578,0.69134,0.19935,-0.02234,0.00706
1.7000,170,0,1.7240,5.81,0.78872,-0.28178,0.03992,0.12768,0.13296,-0.01034,0.57512,0.17424,0.20502,0.21170,-0.65654,0.06061,-0.00473,0.07353,0.20740,-0.02189,0.56155,0.20757,0.05934,-0.01950,0.75043,-0.36474,0.01922,-0.27559,0.05809,-0.01098,0.61848,0.15424,0.01160,0.17062,-0.70671,0.11671,-0.00404,-0.50180,0.11614,-0.03523,0.56258,0.18750,0.01449,0.02958,0.18621,-0.23144,-0.00423,0.17688,-0.12392,0.03889,0.60863,0.26479,-0.07490,0.36734,0.59273,-0.23219,0.01197,0.22957,0.13197,0.00168,0.62480,0.16868,0.11792,-0.01422,-0.63884,0.02805,-0.00132,0.19769,0.15701,0.00365,0.61627,0.16285,0.05736,-0.00414,0.53597,-0.31936,0.01465,-0.22686,0.11122,-0.00370,0.67293,0.14441,-0.01428,0.00546,-0.63074,0.08019,-0.00781,-0.42312,0.10983,-0.00008,0.62177,0.16997,0.02960,0.00394,0.07291,-0.16922,0.00899,0.11227,-0.04826,-0.00580,0.70124,0.19670,-0.02199,0.00698
1.7500,175,0,1.7514,27.40,0.75638,-0.32535,0.03223,0.14239,0.14213,-0.04996,0.59589,0.20550,0.22462,0.20534,-0.65164,0.05516,-0.00244,0.09374,0.21835,-0.00798,0.58372,0.21929,0.05780,-0.00024,0.75043,-0.36474,0.01922,-0.27559,0.05809,-0.01098,0.61848,0.15424,0.01160,0.17062,-0.69461,0.12466,-0.00203,-0.49743,0.10103,-0.01123,0.57772,0.15916,0.02189,-0.01650,0.16479,-0.22162,-0.01897,0.16065,-0.16774,0.03436,0.63316,0.25262,-0.04688,0.33530,0.58127,-0.22623,0.01232,0.23614,0.13105,0.00208,0.63318,0.16653,0.11721,-0.01417,-0.63745,0.02744,-0.00117,0.20549,0.15515,0.00391,0.62438,0.16166,0.05716,-0.00384,0.52019,-0.31198,0.01544,-0.22125,0.11295,-0.00333,0.68008,0.14149,-0.01401,0.00533,-0.62682,0.07640,-0.00763,-0.41763,0.10978,0.00028,0.63022,0.16800,0.02979,0.00387,0.06456,-0.16473,0.00933,0.10993,-0.04542,-0.00578,0.71101,0.19399,-0.02164,0.00690
1.8000,180,0,1.7998,48.47,0.75638,-0.32535,0.03223,0.14239,0.14213,-0.04996,0.59589,0.20550,0.22462,0.20534,-0.65164,0.05516,-0.00244,0.09374,0.21835,-0.00798,0.58372,0.21929,0.05780,-0.00024,0.71640,-0.36003,-0.00052,-0.27084,0.05864,-0.00379,0.63792,0.13504,0.02479,0.17113,-0.69461,0.12466,-0.00203,-0.49743,0.10103,-0.01123,0.57772,0.15916,0.02189,-0.01650,0.16479,-0.22162,-0.01897,0.16065,-0.16774,0.03436,0.63316,0.25262,-0.04688,0.33530,0.57011,-0.22011,0.01263,0.24267,0.12993,0.00247,0.64145,0.16433,0.11650,-0.01411,-0.63609,0.02691,-0.00101,0.21320,0.15318,0.00415,0.63243,0.16036,0.05698,-0.00359,0.50478,-0.30423,0.01616,-0.21557,0.11448,-0.00294,0.68709,0.13873,-0.01375,0.00521,-0.62309,0.07271,-0.00742,-0.41215,0.10955,0.00064,0.63857,0.16595,0.02999,0.00381,0.05644,-0.16007,0.00964,0.10773,-0.04259,-0.00572,0.72064,0.19124,-0.02130,0.00683
1.8500,185,0,1.8499,50.08,0.72132,-0.35473,0.01785,0.15399,0.14756,-0.01041,0.61674,0.20581,0.23747,-0.01465,-0.64709,0.05072,0.00482,0.11060,0.19762,0.00476,0.60232,0.20099,0.05581,-0.01039,0.71640,-0.36003,-0.00052,-0.27084,0.05864,-0.00379,0.63792,0.13504,0.02479,0.17113,-0.68313,0.11861,0.00053,-0.48509,0.12116,-0.01559,0.59269,0.14683,0.01920,-0.00638,0.14343,-0.20634,-0.00411,0.14514,-0.17481,-0.00592,0.65781,0.24335,-0.01136,0.41836,0.55926,-0.21385,0.01290,0.24913,0.12862,0.00285,0.64961,0.16211,0.11580,-0.01405,-0.63476,0.02645,-0.00084,0.22081,0.15108,0.00437,0.64042,0.15895,0.05680,-0.00337,0.48977,-0.29615,0.01681,-0.20981,0.11583,-0.00254,0.69396,0.13612,-0.01349,0.00510,-0.61955,0.06912,-0.00719,-0.40668,0.10915,0.00099,0.64681,0.16383,0.03018,0.00375,0.04856,-0.15528,0.00990,0.10567,-0.03981,-0.00563,0.73013,0.18844,-0.02096,0.00676
1.9000,190,0,1.9008,50.87,0.72132,-0.35473,0.01785,0.15399,0.14756,-0.01041,0.61674,0.20581,0.23747,-0.01465,-0.64709,0.05072,0.00482,0.11060,0.19762,0.00476,0.60232,0.20099,0.05581,-0.01039,0.67910,-0.37573,0.01279,-0.26025,0.09725,-0.01437,0.64660,0.08845,0.04914,0.20301,-0.68313,0.11861,0.00053,-0.48509,0.12116,-0.01559,0.59269,0.14683,0.01920,-0.00638,0.14343,-0.20634,-0.00411,0.14514,-0.17481,-0.00592,0.65781,0.24335,-0.01136,0.41836,0.54873,-0.20747,0.01312,0.25553,0.12713,0.00322,0.65766,0.15986,0.11509,-0.01397,-0.63344,0.02609,-0.00066,0.22831,0.14889,0.00457,0.64833,0.15745,0.05664,-0.00318,0.47517,-0.28775,0.01740,-0.20399,0.11697,-0.00212,0.70070,0.13364,-0.01324,0.00500,-0.61618,0.06566,-0.00693,-0.40124,0.10858,0.00133,0.65495,0.16165,0.03036,0.00369,0.04092,-0.15036,0.01013,0.10375,-0.03707,-0.00551,0.73948,0.18560,-0.02062,0.00669
1.9500,195,0,1.9500,49.24,0.68623,-0.36093,-0.00776,0.17507,0.17810,-0.03890,0.63488,0.19527,0.23154,-0.07776,-0.64307,0.04023,0.00614,0.12914,0.19500,-0.00766,0.62156,0.20078,0.05472,-0.03018,0.67910,-0.37573,0.01279,-0.26025,0.09725,-0.01437,0.64660,0.08845,0.04914,0.20301,-0.67194,0.11432,0.00126,-0.47081,0.14812,-0.01140,0.60777,0.15522,0.02066,0.02467,0.12366,-0.20192,-0.02674,0.12908,-0.15882,-0.00780,0.68216,0.23126,0.02512,0.34227,0.53852,-0.20099,0.01330,0.26184,0.12547,0.00357,0.66560,0.15758,0.11440,-0.01389,-0.63215,0.02580,-0.00048,0.23570,0.14661,0.00475,0.65616,0.15587,0.05648,-0.00301,0.46100,-0.27908,0.01795,-0.19811,0.11791,-0.00169,0.70732,0.13131,-0.01299,0.00490,-0.61298,0.06233,-0.00665,-0.39582,0.10785,0.00166,0.66298,0.15942,0.03054,0.00363,0.03352,-0.14534,0.01033,0.10196,-0.03440,-0.00537,0.74869,0.18274,-0.02029,0.00663
2.0000,200,1,2.0003,50.25,0.68623,-0.36093,-0.00776,0.17507,0.17810,-0.03890,0.63488,0.19527,0.23154,-0.07776,-0.64307,0.04023,0.00614,0.12914,0.19500,-0.00766,0.62156,0.20078,0.05472,-0.03018,0.64147,-0.37481,-0.00668,-0.25481,0.07125,0.00932,0.66168,0.14045,0.06970,-0.02195,-0.67194,0.11432,0.00126,-0.47081,0.14812,-0.01140,0.60777,0.15522,0.02066,0.02467,0.12366,-0.20192,-0.02674,0.12908,-0.15882,-0.00780,0.68216,0.23126,0.02512,0.34227,0.68623,-0.36093,-0.00776,0.17507,0.17810,-0.03890,0.63488,0.19527,0.23154,-0.07776,-0.64307,0.04023,0.00614,0.12914,0.19500,-0.00766,0.62156,0.20078,0.05472,-0.03018,0.64147,-0.37481,-0.00668,-0.25481,0.07125,0.00932,0.66168,0.14045,0.06970,-0.02195,-0.67194,0.11432,0.00126,-0.47081,0.14812,-0.01140,0.60777,0.15522,0.02066,0.02467,0.12366,-0.20192,-0.02674,0.12908,-0.15882,-0.00780,0.68216,0.23126,0.02512,0.34227
2.0500,205,1,2.0504,50.14,0.65062,-0.35811,-0.00407,0.19465,0.20876,-0.00177,0.65310,0.18015,0.22131,-0.06541,-0.63989,0.03214,0.00530,0.14745,0.19254,0.00002,0.64166,0.19910,0.04974,0.00481,0.64147,-0.37481,-0.00668,-0.25481,0.07125,0.00932,0.66168,0.14045,0.06970,-0.02195,-0.65982,0.11995,0.00151,-0.45925,0.13677,-0.00683,0.62399,0.17918,0.02358,-0.00804,0.10696,-0.16683,-0.01227,0.11594,-0.12430,-0.04602,0.70307,0.19770,0.04689,0.14440,0.66816,-0.36088,0.00693,0.18436,0.19188,-0.01868,0.64434,0.18381,0.22783,-0.07084,-0.64100,0.04195,0.00126,0.13897,0.19788,-0.00423,0.63150,0.19656,0.05335,-0.02495,0.62269,-0.37583,0.00209,-0.25131,0.06948,-0.00127,0.66883,0.14529,0.06867,-0.01942,-0.66623,0.11363,-0.00371,-0.46329,0.15231,-0.00601,0.61572,0.16250,0.02185,0.02275,0.11330,-0.21126,-0.01224,0.12126,-0.15371,-0.01265,0.69371,0.23055,0.04111,0.29825
2.1000,210,1,2.0998,49.42,0.65062,-0.35811,-0.00407,0.19465,0.20876,-0.00177,0.65310,0.18015,0.22131,-0.06541,-0.63989,0.03214,0.00530,0.14745,0.19254,0.00002,0.64166,0.19910,0.04974,0.00481,0.61951,-0.29494,-0.05603,-0.24413,0.06422,-0.00123,0.69722,0.22615,0.07126,0.18103,-0.65982,0.11995,0.00151,-0.45925,0.13677,-0.00683,0.62399,0.17918,0.02358,-0.00804,0.10696,-0.16683,-0.01227,0.11594,-0.12430,-0.04602,0.70307,0.19770,0.04689,0.14440,0.65024,-0.35497,0.01648,0.19412,0.19755,-0.00537,0.65331,0.17580,0.22444,-0.06477,-0.63890,0.04179,-0.00164,0.14890,0.19926,-0.00146,0.64121,0.19190,0.05222,-0.02041,0.60395,-0.37313,0.00858,-0.24780,0.07180,-0.00761,0.67617,0.14798,0.06775,-0.01722,-0.66061,0.11097,-0.00687,-0.45562,0.15426,-0.00218,0.62398,0.16746,0.02294,0.02107,0.10263,-0.21467,-0.00230,0.11374,-0.14671,-0.01564,0.70520,0.22879,0.05504,0.25976
2.1500,215,1,2.1504,50.59,0.61620,-0.32254,-0.08803,0.21074,0.18175,0.06704,0.67006,0.16503,0.23371,0.09438,-0.63676,0.02734,0.00594,0.16519,0.17587,0.04913,0.66003,0.17795,0.04937,-0.05298,0.61951,-0.29494,-0.05603,-0.24413,0.06422,-0.00123,0.69722,0.22615,0.07126,0.18103,-0.64928,0.11321,0.02761,-0.44892,0.13001,0.02746,0.63982,0.17891,0.02162,0.02056,0.09259,-0.14599,-0.06026,0.10743,-0.07041,-0.04753,0.72107,0.15940,0.05428,0.06680,0.63273,-0.34529,0.02251,0.20403,0.19791,0.00324,0.66195,0.17002,0.22134,-0.05943,-0.63684,0.04056,-0.00321,0.15887,0.19940,0.00079,0.65069,0.18717,0.05130,-0.01648,0.58542,-0.36768,0.01343,-0.24410,0.07648,-0.01107,0.68361,0.14926,0.06694,-0.01531,-0.65515,0.10709,-0.00877,-0.44789,0.15462,0.00057,0.63244,0.17067,0.02396,0.01959,0.09190,-0.21403,0.00447,0.10661,-0.13858,-0.01734,0.71658,0.22622,0.06717,0.22611
2.2000,220,1,2.1998,49.45,0.61620,-0.32254,-0.08803,0.21074,0.18175,0.06704,0.67006,0.16503,0.23371,0.09438,-0.63676,0.02734,0.00594,0.16519,0.17587,0.04913,0.66003,0.17795,0.04937,-0.05298,0.59670,-0.21181,-0.09778,-0.23840,0.05106,0.03257,0.72188,0.20625,0.08818,0.20985,-0.64928,0.11321,0.02761,-0.44892,0.13001,0.02746,0.63982,0.17891,0.02162,0.02056,0.09259,-0.14599,-0.06026,0.10743,-0.07041,-0.04753,0.72107,0.15940,0.05428,0.06680,0.61575,-0.33328,0.02613,0.21386,0.19489,0.00868,0.67034,0.16568,0.21849,-0.05473,-0.63486,0.03879,-0.00388,0.16883,0.19855,0.00265,0.65993,0.18257,0.05056,-0.01308,0.56722,-0.36014,0.01712,-0.24013,0.08235,-0.01262,0.69108,0.14959,0.06622,-0.01364,-0.64991,0.10251,-0.00982,-0.44017,0.15383,0.00256,0.64103,0.17254,0.02490,0.01828,0.08128,-0.21064,0.00906,0.09990,-0.12984,-0.01816,0.72781,0.22302,0.07772,0.19670
2.2500,225,1,2.2498,49.94,0.59028,-0.19028,-0.11857,0.22646,0.12624,0.11066,0.68282,0.12906,0.24879,0.13062,-0.63415,0.02385,0.01193,0.17626,0.10206,0.07255,0.67020,0.10191,0.04702,-0.01729,0.59670,-0.21181,-0.09778,-0.23840,0.05106,0.03257,0.72188,0.20625,0.08818,0.20985,-0.63918,0.06931,0.05072,-0.43746,0.09188,0.03979,0.65645,0.12918,0.02137,0.04587,0.08291,-0.07997,-0.05656,0.10004,-0.03095,-0.03019,0.73240,0.09018,0.06304,0.11150,0.59942,-0.31991,0.02814,0.22348,0.18975,0.01198,0.67854,0.16225,0.21586,-0.05060,-0.63296,0.03684,-0.00397,0.17872,0.19686,0.00420,0.66895,0.17817,0.04998,-0.01015,0.54943,-0.35102,0.01997,-0.23585,0.08865,-0.01289,0.69856,0.14928,0.06558,-0.01218,-0.64491,0.09756,-0.01028,-0.43252,0.15219,0.00403,0.64968,0.17336,0.02579,0.01713,0.07087,-0.20539,0.01214,0.09363,-0.12086,-0.01837,0.73887,0.21933,0.08690,0.17099
2.3000,230,1,2.3002,50.42,0.59028,-0.19028,-0.11857,0.22646,0.12624,0.11066,0.68282,0.12906,0.24879,0.13062,-0.63415,0.02385,0.01193,0.17626,0.10206,0.07255,0.67020,0.10191,0.04702,-0.01729,0.58073,-0.12654,-0.08894,-0.23325,0.03896,0.04062,0.73411,0.05540,0.11775,0.28878,-0.63918,0.06931,0.05072,-0.43746,0.09188,0.03979,0.65645,0.12918,0.02137,0.04587,0.08291,-0.07997,-0.05656,0.10004,-0.03095,-0.03019,0.73240,0.09018,0.06304,0.11150,0.58377,-0.30585,0.02904,0.23281,0.18336,0.01387,0.68657,0.15937,0.21342,-0.04697,-0.63117,0.03495,-0.00368,0.18850,0.19447,0.00550,0.67775,0.17400,0.04954,-0.00761,0.53214,-0.34065,0.02220,-0.23126,0.09487,-0.01234,0.70600,0.14853,0.06500,-0.01092,-0.64016,0.09248,-0.01036,-0.42496,0.14994,0.00511,0.65835,0.17334,0.02662,0.01612,0.06076,-0.19890,0.01417,0.08781,-0.11188,-0.01817,0.74974,0.21530,0.09487,0.14851
2.3500,235,1,2.3501,49.91,0.57611,-0.07848,-0.08271,0.23951,0.06532,0.09662,0.69439,0.11401,0.25577,0.06591,-0.63326,0.00865,0.01230,0.18146,0.03001,0.05365,0.67969,0.08812,0.04218,-0.05920,0.58073,-0.12654,-0.08894,-0.23325,0.03896,0.04062,0.73411,0.05540,0.11775,0.28878,-0.63497,0.02655,0.04418,-0.43146,0.05804,0.04455,0.66609,0.08468,0.02533,0.05122,0.07785,-0.02662,-0.05055,0.09788,-0.00672,-0.00495,0.73909,0.04920,0.07124,0.08144,0.56884,-0.29154,0.02922,0.24181,0.17630,0.01481,0.69448,0.15682,0.21115,-0.04376,-0.62947,0.03327,-0.00314,0.19815,0.19150,0.00660,0.68635,0.17004,0.04921,-0.00541,0.51538,-0.32932,0.02397,-0.22637,0.10067,-0.01125,0.71340,0.14747,0.06448,-0.00982,-0.63566,0.08744,-0.01016,-0.41753,0.14722,0.00593,0.66700,0.17265,0.02740,0.01522,0.05099,-0.19160,0.01548,0.08244,-0.10308,-0.01769,0.76040,0.21101,0.10180,0.12887
2.4000,240,1,2.3997,49.56,0.57611,-0.07848,-0.08271,0.23951,0.06532,0.09662,0.69439,0.11401,0.25577,0.06591,-0.63326,0.00865,0.01230,0.18146,0.03001,0.05365,0.67969,0.08812,0.04218,-0.05920,0.57320,-0.04854,-0.03981,-0.23385,-0.01453,0.03885,0.73937,0.01165,0.14575,0.32046,-0.63497,0.02655,0.04418,-0.43146,0.05804,0.04455,0.66609,0.08468,0.02533,0.05122,0.07785,-0.02662,-0.05055,0.09788,-0.00672,-0.00495,0.73909,0.04920,0.07124,0.08144,0.55462,-0.27727,0.02891,0.25044,0.16893,0.01516,0.70226,0.15445,0.20904,-0.04093,-0.62784,0.03190,-0.00246,0.20764,0.18802,0.00754,0.69476,0.16627,0.04899,-0.00352,0.49922,-0.31720,0.02540,-0.22121,0.10585,-0.00984,0.72075,0.14620,0.06401,-0.00887,-0.63141,0.08254,-0.00980,-0.41025,0.14415,0.00656,0.67560,0.17142,0.02814,0.01443,0.04161,-0.18379,0.01629,0.07750,-0.09456,-0.01702,0.77084,0.20654,0.10780,0.11170
2.4500,245,1,2.4499,50.19,0.57131,0.00348,-0.05061,0.24370,0.00860,0.06236,0.70489,0.11312,0.25819,0.05540,-0.63303,0.00036,0.01035,0.18130,-0.01578,0.02780,0.68917,0.09190,0.03321,-0.01330,0.57320,-0.04854,-0.03981,-0.23385,-0.01453,0.03885,0.73937,0.01165,0.14575,0.32046,-0.63374,-0.00862,0.02558,-0.42815,0.01889,0.02521,0.67247,0.05520,0.02850,0.00623,0.07724,0.01510,-0.02499,0.09603,-0.00325,-0.00685,0.74318,0.02808,0.08627,0.15641,0.54111,-0.26323,0.02829,0.25870,0.16149,0.01512,0.70992,0.15214,0.20706,-0.03843,-0.62627,0.03088,-0.00169,0.21695,0.18412,0.00834,0.70298,0.16267,0.04886,-0.00189,0.48368,-0.30444,0.02657,-0.21580,0.11029,-0.00823,0.72802,0.14478,0.06359,-0.00804,-0.62740,0.07785,-0.00932,-0.40312,0.14081,0.00704,0.68414,0.16973,0.02885,0.01373,0.03262,-0.17568,0.01675,0.07297,-0.08640,-0.01624,0.78105,0.20196,0.11300,0.09669
2.5000,250,1,2.5001,50.28,0.57131,0.00348,-0.05061,0.24370,0.00860,0.06236,0.70489,0.11312,0.25819,0.05540,-0.63303,0.00036,0.01035,0.18130,-0.01578,0.02780,0.68917,0.09190,0.03321,-0.01330,0.57027,-0.02002,0.00229,-0.23845,-0.05222,0.02006,0.74602,0.03982,0.17617,0.29027,-0.63374,-0.00862,0.02558,-0.42815,0.01889,0.02521,0.67247,0.05520,0.02850,0.00623,0.07724,0.01510,-0.02499,0.09603,-0.00325,-0.00685,0.74318,0.02808,0.08627,0.15641,0.52829,-0.24955,0.02748,0.26659,0.15413,0.01485,0.71747,0.14984,0.20519,-0.03622,-0.62474,0.03025,-0.00087,0.22605,0.17986,0.00904,0.71103,0.15922,0.04880,-0.00049,0.46878,-0.29116,0.02755,-0.21019,0.11391,-0.00653,0.73522,0.14326,0.06321,-0.00732,-0.62362,0.07341,-0.00878,-0.39617,0.13726,0.00742,0.69257,0.16768,0.02952,0.01310,0.02404,-0.16740,0.01696,0.06885,-0.07864,-0.01537,0.79103,0.19730,0.11750,0.08357
2.5500,255,1,2.5498,49.61,0.57320,0.03879,-0.00782,0.24285,-0.02389,0.01505,0.71640,0.12585,0.25646,-0.01046,-0.63419,-0.00916,0.00358,0.17753,-0.02926,-0.00662,0.69401,0.09868,0.03303,-0.00887,0.57027,-0.02002,0.00229,-0.23845,-0.05222,0.02006,0.74602,0.03982,0.17617,0.29027,-0.63422,-0.02004,0.00416,-0.42899,-0.00325,0.00184,0.67774,0.06150,0.02692,-0.01059,0.07973,0.02381,0.02050,0.09375,0.00007,-0.00950,0.74572,0.04417,0.10561,0.14896,0.51615,-0.23630,0.02653,0.27411,0.14695,0.01444,0.72491,0.14749,0.20343,-0.03427,-0.62324,0.03003,-0.00004,0.23493,0.17527,0.00965,0.71891,0.15589,0.04880,0.00071,0.45457,-0.27744,0.02837,-0.20442,0.11669,-0.00478,0.74235,0.14168,0.06286,-0.00670,-0.62006,0.06924,-0.00820,-0.38940,0.13355,0.00772,0.70090,0.16531,0.03016,0.01255,0.01588,-0.15907,0.01701,0.06510,-0.07132,-0.01447,0.80078,0.19261,0.12139,0.07211
2.6000,260,1,2.6002,50.44,0.57320,0.03879,-0.00782,0.24285,-0.02389,0.01505,0.71640,0.12585,0.25646,-0.01046,-0.63419,-0.00916,0.00358,0.17753,-0.02926,-0.00662,0.69401,0.09868,0.03303,-0.00887,0.56956,-0.02947,0.03412,-0.24381,-0.06192,-0.02562,0.75452,0.06278,0.20893,0.29235,-0.63422,-0.02004,0.00416,-0.42899,-0.00325,0.00184,0.67774,0.06150,0.02692,-0.01059,0.07973,0.02381,0.02050,0.09375,0.00007,-0.00950,0.74572,0.04417,0.10561,0.14896,0.50465,-0.22353,0.02552,0.28129,0.13998,0.01396,0.73222,0.14504,0.20176,-0.03253,-0.62173,0.03021,0.00080,0.24357,0.17040,0.01019,0.72662,0.15269,0.04887,0.00174,0.44105,-0.26335,0.02907,-0.19854,0.11860,-0.00302,0.74939,0.14006,0.06254,-0.00616,-0.61669,0.06536,-0.00760,-0.38282,0.12970,0.00796,0.70910,0.16266,0.03077,0.01205,0.00813,-0.15073,0.01694,0.06171,-0.06445,-0.01354,0.81029,0.18789,0.12474,0.06209
2.6500,265,1,2.6497,49.51,0.57520,0.02275,0.02405,0.23985,-0.01497,-0.02484,0.72657,0.12254,0.25841,-0.04586,-0.63490,-0.00828,-0.00719,0.17692,-0.00515,-0.03235,0.70453,0.12196,0.03244,-0.00323,0.56956,-0.02947,0.03412,-0.24381,-0.06192,-0.02562,0.75452,0.06278,0.20893,0.29235,-0.63574,-0.01739,-0.00996,-0.42879,0.00546,-0.01608,0.68570,0.09836,0.02772,0.01842,0.08079,-0.00573,0.03425,0.09405,0.00336,0.00759,0.75235,0.09302,0.11428,0.06986,0.49378,-0.21127,0.02447,0.28812,0.13326,0.01344,0.73941,0.14246,0.20017,-0.03099,-0.62021,0.03081,0.00163,0.25196,0.16529,0.01067,0.73418,0.14960,0.04898,0.00262,0.42824,-0.24894,0.02967,-0.19258,0.11965,-0.00127,0.75635,0.13844,0.06224,-0.00569,-0.61352,0.06178,-0.00700,-0.37643,0.12575,0.00815,0.71716,0.15979,0.03136,0.01161,0.00080,-0.14246,0.01679,0.05865,-0.05804,-0.01260,0.81957,0.18318,0.12762,0.05334
2.7000,270,1,2.6996,49.91,0.57520,0.02275,0.02405,0.23985,-0.01497,-0.02484,0.72657,0.12254,0.25841,-0.04586,-0.63490,-0.00828,-0.00719,0.17692,-0.00515,-0.03235,0.70453,0.12196,0.03244,-0.00323,0.56416,-0.07549,0.05138,-0.24872,-0.04594,-0.04973,0.76000,0.04061,0.22733,0.05743,-0.63574,-0.01739,-0.00996,-0.42879,0.00546,-0.01608,0.68570,0.09836,0.02772,0.01842,0.08079,-0.00573,0.03425,0.09405,0.00336,0.00759,0.75235,0.09302,0.11428,0.06986,0.48352,-0.19952,0.02344,0.29462,0.12679,0.01292,0.74646,0.13974,0.19866,-0.02962,-0.61865,0.03180,0.00238,0.26010,0.15995,0.01110,0.74158,0.14662,0.04913,0.00337,0.41616,-0.23427,0.03010,-0.18659,0.11985,0.00044,0.76323,0.13679,0.06197,-0.00529,-0.61051,0.05849,-0.00641,-0.37024,0.12171,0.00831,0.72507,0.15671,0.03194,0.01122,-0.00611,-0.13427,0.01658,0.05590,-0.05209,-0.01168,0.82861,0.17846,0.13009,0.04570
2.7500,275,1,2.7498,50.17,0.57338,-0.03338,0.04735,0.24474,0.04519,-0.04930,0.73946,0.13407,0.25706,-0.07022,-0.63485,0.00102,-0.01214,0.17924,0.04591,-0.04883,0.71830,0.16631,0.03329,-0.00032,0.56416,-0.07549,0.05138,-0.24872,-0.04594,-0.04973,0.76000,0.04061,0.22733,0.05743,-0.63573,0.00160,-0.01962,-0.42456,0.04151,-0.02522,0.69645,0.13098,0.03070,0.02329,0.07961,-0.03743,0.04592,0.08616,-0.04520,0.01968,0.76735,0.17137,0.12102,0.06999,0.47382,-0.18827,0.02246,0.30080,0.12058,0.01242,0.75338,0.13689,0.19721,-0.02839,-0.61702,0.03313,0.00303,0.26796,0.15441,0.01148,0.74884,0.14365,0.04931,0.00401,0.40481,-0.21944,0.03034,-0.18061,0.11923,0.00209,0.77003,0.13501,0.06171,-0.00495,-0.60766,0.05550,-0.00582,-0.36426,0.11760,0.00843,0.73283,0.15347,0.03249,0.01086,-0.01262,-0.12621,0.01632,0.05343,-0.04659,-0.01076,0.83741,0.17374,0.13220,0.03902
2.8000,280,1,2.8002,50.39,0.57338,-0.03338,0.04735,0.24474,0.04519,-0.04930,0.73946,0.13407,0.25706,-0.07022,-0.63485,0.00102,-0.01214,0.17924,0.04591,-0.04883,0.71830,0.16631,0.03329,-0.00032,0.55359,-0.14443,0.07015,-0.24937,0.00908,-0.07987,0.76329,0.03075,0.22530,-0.03737,-0.63573,0.00160,-0.01962,-0.42456,0.04151,-0.02522,0.69645,0.13098,0.03070,0.02329,0.07961,-0.03743,0.04592,0.08616,-0.04520,0.01968,0.76735,0.17137,0.12102,0.06999,0.46468,-0.17749,0.02153,0.30668,0.11461,0.01194,0.76015,0.13394,0.19582,-0.02730,-0.61533,0.03475,0.00357,0.27553,0.14869,0.01182,0.75595,0.14062,0.04953,0.00455,0.39421,-0.20454,0.03041,-0.17468,0.11781,0.00368,0.77673,0.13298,0.06147,-0.00465,-0.60496,0.05278,-0.00525,-0.35848,0.11344,0.00853,0.74042,0.15007,0.03302,0.01054,-0.01874,-0.11827,0.01603,0.05123,-0.04153,-0.00987,0.84598,0.16902,0.13400,0.03318
2.8500,285,1,2.8496,49.42,0.56517,-0.10518,0.05239,0.25377,0.09449,-0.03981,0.75429,0.15297,0.25136,-0.08490,-0.63395,0.01264,-0.01470,0.18737,0.09995,-0.04695,0.73495,0.18733,0.03438,0.00955,0.55359,-0.14443,0.07015,-0.24937,0.00908,-0.07987,0.76329,0.03075,0.22530,-0.03737,-0.63208,0.03341,-0.01916,-0.41954,0.06456,-0.02826,0.70990,0.15461,0.03261,-0.00928,0.06874,-0.09606,0.03991,0.07591,-0.07829,0.00082,0.78387,0.22419,0.12981,0.05232,0.45607,-0.16714,0.02068,0.31226,0.10886,0.01150,0.76677,0.13090,0.19448,-0.02632,-0.61355,0.03662,0.00402,0.28282,0.14282,0.01211,0.76290,0.13749,0.04976,0.00501,0.38436,-0.18964,0.03031,-0.16884,0.11563,0.00519,0.78332,0.13064,0.06125,-0.00439,-0.60238,0.05034,-0.00470,-0.35292,0.10924,0.00860,0.74783,0.14655,0.03354,0.01025,-0.02445,-0.11048,0.01572,0.04927,-0.03690,-0.00899,0.85432,0.16428,0.13553,0.02809
2.9000,290,1,2.9001,50.51,0.56517,-0.10518,0.05239,0.25377,0.09449,-0.03981,0.75429,0.15297,0.25136,-0.08490,-0.63395,0.01264,-0.01470,0.18737,0.09995,-0.04695,0.73495,0.18733,0.03438,0.00955,0.53546,-0.22038,0.04460,-0.24469,0.06485,-0.07037,0.76643,0.04024,0.20970,-0.26075,-0.63208,0.03341,-0.01916,-0.41954,0.06456,-0.02826,0.70990,0.15461,0.03261,-0.00928,0.06874,-0.09606,0.03991,0.07591,-0.07829,0.00082,0.78387,0.22419,0.12981,0.05232,0.44796,-0.15719,0.01988,0.31757,0.10332,0.01109,0.77324,0.12777,0.19318,-0.02544,-0.61166,0.03868,0.00436,0.28981,0.13682,0.01236,0.76969,0.13423,0.05002,0.00539,0.37525,-0.17482,0.03006,-0.16313,0.11273,0.00662,0.78979,0.12794,0.06103,-0.00418,-0.59992,0.04817,-0.00416,-0.34756,0.10501,0.00866,0.75507,0.14292,0.03405,0.00998,-0.02979,-0.10285,0.01539,0.04754,-0.03270,-0.00815,0.86241,0.15953,0.13682,0.02364
2.9500,295,1,2.9500,49.90,0.55073,-0.16352,0.03951,0.26507,0.11867,-0.01983,0.77101,0.17900,0.24321,-0.09009,-0.63213,0.02735,-0.01905,0.19803,0.13588,-0.03910,0.75101,0.17182,0.03822,-0.00024,0.53546,-0.22038,0.04460,-0.24469,0.06485,-0.07037,0.76643,0.04024,0.20970,-0.26075,-0.62674,0.05315,-0.01213,-0.41148,0.09186,-0.02276,0.72507,0.16826,0.03177,-0.00341,0.05689,-0.13899,0.03976,0.06876,-0.07861,-0.00579,0.80983,0.28874,0.13772,0.04612,0.44034,-0.14763,0.01914,0.32260,0.09797,0.01073,0.77955,0.12455,0.19193,-0.02465,-0.60968,0.04088,0.00461,0.29650,0.13070,0.01257,0.77632,0.13082,0.05030,0.00571,0.36687,-0.16017,0.02967,-0.15758,0.10915,0.00796,0.79611,0.12485,0.06083,-0.00399,-0.59756,0.04626,-0.00365,-0.34242,0.10075,0.00870,0.76212,0.13920,0.03454,0.00974,-0.03474,-0.09539,0.01504,0.04600,-0.02890,-0.00734,0.87027,0.15476,0.13791,0.01976
3.0000,300,1,2.9997,49.65,0.55073,-0.16352,0.03951,0.26507,0.11867,-0.01983,0.77101,0.17900,0.24321,-0.09009,-0.63213,0.02735,-0.01905,0.19803,0.13588,-0.03910,0.75101,0.17182,0.03822,-0.00024,0.51113,-0.27752,0.04488,-0.23297,0.13622,-0.06738,0.77109,0.05914,0.18847,-0.10843,-0.62674,0.05315,-0.01213,-0.41148,0.09186,-0.02276,0.72507,0.16826,0.03177,-0.00341,0.05689,-0.13899,0.03976,0.06876,-0.07861,-0.00579,0.80983,0.28874,0.13772,0.04612,0.43319,-0.13841,0.01846,0.32737,0.09279,0.01039,0.78569,0.12124,0.19072,-0.02393,-0.60757,0.04318,0.00477,0.30288,0.12449,0.01274,0.78277,0.12725,0.05059,0.00597,0.35923,-0.14574,0.02915,-0.15222,0.10494,0.00921,0.80227,0.12136,0.06063,-0.00383,-0.59529,0.04459,-0.00316,-0.33749,0.09648,0.00873,0.76899,0.13540,0.03502,0.00953,-0.03933,-0.08810,0.01468,0.04464,-0.02550,-0.00655,0.87789,0.14997,0.13881,0.01637
3.0500,305,1,3.0500,50.33,0.53228,-0.19807,0.02367,0.27668,0.11750,-0.00035,0.78916,0.19589,0.23408,-0.09235,-0.62824,0.04319,-0.01173,0.21507,0.17872,-0.03058,0.76784,0.17770,0.03526,-0.02185,0.51113,-0.27752,0.04488,-0.23297,0.13622,-0.06738,0.77109,0.05914,0.18847,-0.10843,-0.62036,0.06451,-0.00555,-0.40170,0.11259,-0.01585,0.74110,0.16574,0.03156,-0.01838,0.04244,-0.16504,0.01680,0.05852,-0.09088,-0.00194,0.83988,0.31287,0.13478,-0.01257,0.42650,-0.12951,0.01783,0.33188,0.08776,0.01010,0.79167,0.11787,0.18954,-0.02329,-0.60536,0.04555,0.00485,0.30895,0.11821,0.01287,0.78904,0.12353,0.05090,0.00618,0.35230,-0.13160,0.02850,-0.14709,0.10013,0.01037,0.80824,0.11748,0.06044,-0.00370,-0.59309,0.04315,-0.00269,-0.33277,0.09219,0.00874,0.77566,0.13155,0.03549,0.00932,-0.04356,-0.08099,0.01431,0.04344,-0.02247,-0.00580,0.88526,0.14516,0.13955,0.01341
3.1000,310,1,3.1001,50.10,0.53228,-0.19807,0.02367,0.27668,0.11750,-0.00035,0.78916,0.19589,0.23408,-0.09235,-0.62824,0.04319,-0.01173,0.21507,0.17872,-0.03058,0.76784,0.17770,0.03526,-0.02185,0.48120,-0.32081,0.02701,-0.21579,0.18256,-0.01776,0.77702,0.07966,0.18183,-0.09117,-0.62036,0.06451,-0.00555,-0.40170,0.11259,-0.01585,0.74110,0.16574,0.03156,-0.01838,0.04244,-0.16504,0.01680,0.05852,-0.09088,-0.00194,0.83988,0.31287,0.13478,-0.01257,0.42024,-0.12091,0.01725,0.33615,0.08288,0.00984,0.79748,0.11443,0.18839,-0.02270,-0.60302,0.04793,0.00486,0.31470,0.11188,0.01295,0.79512,0.11966,0.05121,0.00636,0.34606,-0.11780,0.02775,-0.14222,0.09478,0.01142,0.81401,0.11322,0.06026,-0.00359,-0.59097,0.04195,-0.00224,-0.32827,0.08791,0.00874,0.78214,0.12764,0.03595,0.00914,-0.04743,-0.07406,0.01394,0.04238,-0.01980,-0.00508,0.89240,0.14033,0.14015,0.01083
3.1500,315,1,3.1503,50.21,0.51096,-0.21781,0.00484,0.28934,0.11989,0.00727,0.80825,0.19774,0.22414,-0.10303,-0.62293,0.05215,-0.00440,0.23255,0.19491,-0.01294,0.78412,0.17695,0.03417,-0.03319,0.48120,-0.32081,0.02701,-0.21579,0.18256,-0.01776,0.77702,0.07966,0.18183,-0.09117,-0.61319,0.06794,0.00248,-0.39132,0.12103,-0.01058,0.75710,0.16162,0.03052,-0.01101,0.02773,-0.16747,0.01237,0.05368,-0.06337,-0.02086,0.86957,0.29086,0.13577,0.04369,0.41440,-0.11258,0.01671,0.34017,0.07811,0.00961,0.80311,0.11093,0.18727,-0.02216,-0.60056,0.05030,0.00480,0.32014,0.10551,0.01299,0.80101,0.11564,0.05153,0.00650,0.34051,-0.10439,0.02690,-0.13762,0.08894,0.01237,0.81955,0.10861,0.06008,-0.00349,-0.58890,0.04096,-0.00180,-0.32398,0.08362,0.00873,0.78843,0.12369,0.03641,0.00897,-0.05097,-0.06732,0.01356,0.04145,-0.01748,-0.00440,0.89930,0.13550,0.14064,0.00858
3.2000,320,1,3.1998,49.49,0.51096,-0.21781,0.00484,0.28934,0.11989,0.00727,0.80825,0.19774,0.22414,-0.10303,-0.62293,0.05215,-0.00440,0.23255,0.19491,-0.01294,0.78412,0.17695,0.03417,-0.03319,0.44895,-0.33004,-0.00527,-0.19897,0.16967,0.02318,0.78673,0.11787,0.15966,-0.41324,-0.61319,0.06794,0.00248,-0.39132,0.12103,-0.01058,0.75710,0.16162,0.03052,-0.01101,0.02773,-0.16747,0.01237,0.05368,-0.06337,-0.02086,0.86957,0.29086,0.13577,0.04369,0.40897,-0.10451,0.01621,0.34396,0.07345,0.00941,0.80857,0.10740,0.18617,-0.02167,-0.59799,0.05263,0.00469,0.32525,0.09914,0.01299,0.80668,0.11150,0.05186,0.00660,0.33562,-0.09142,0.02597,-0.13333,0.08266,0.01323,0.82486,0.10369,0.05991,-0.00342,-0.58687,0.04017,-0.00139,-0.31990,0.07934,0.00871,0.79451,0.11972,0.03685,0.00881,-0.05417,-0.06076,0.01317,0.04063,-0.01549,-0.00375,0.90595,0.13067,0.14102,0.00662
3.2500,325,1,3.2498,50.05,0.49076,-0.20351,-0.01517,0.29969,0.10608,0.01907,0.82295,0.16377,0.21549,-0.08154,-0.61771,0.05060,0.00343,0.25181,0.19744,0.00509,0.79985,0.16379,0.03425,-0.01418,0.44895,-0.33004,-0.00527,-0.19897,0.16967,0.02318,0.78673,0.11787,0.15966,-0.41324,-0.60664,0.06139,0.00900,-0.37931,0.13072,-0.00022,0.77295,0.16165,0.02835,-0.01858,0.01125,-0.17883,0.00332,0.05001,-0.03818,-0.01807,0.89618,0.24275,0.14541,0.08725,0.40395,-0.09667,0.01574,0.34752,0.06887,0.00925,0.81385,0.10386,0.18510,-0.02122,-0.59530,0.05489,0.00452,0.33005,0.09277,0.01295,0.81215,0.10726,0.05219,0.00668,0.33136,-0.07893,0.02496,-0.12936,0.07599,0.01397,0.82992,0.09853,0.05974,-0.00335,-0.58488,0.03959,-0.00100,-0.31604,0.07507,0.00869,0.80040,0.11573,0.03729,0.00866,-0.05704,-0.05440,0.01278,0.03990,-0.01380,-0.00313,0.91236,0.12586,0.14131,0.00491
3.3000,330,1,3.2997,49.86,0.49076,-0.20351,-0.01517,0.29969,0.10608,0.01907,0.82295,0.16377,0.21549,-0.08154,-0.61771,0.05060,0.00343,0.25181,0.19744,0.00509,0.79985,0.16379,0.03425,-0.01418,0.41998,-0.30027,-0.03192,-0.18463,0.14010,-0.01296,0.80171,0.14198,0.11092,-0.39514,-0.60664,0.06139,0.00900,-0.37931,0.13072,-0.00022,0.77295,0.16165,0.02835,-0.01858,0.01125,-0.17883,0.00332,0.05001,-0.03818,-0.01807,0.89618,0.24275,0.14541,0.08725,0.39930,-0.08906,0.01531,0.35085,0.06437,0.00912,0.81896,0.10031,0.18405,-0.02080,-0.59250,0.05706,0.00431,0.33453,0.08644,0.01286,0.81741,0.10294,0.05253,0.00674,0.32771,-0.06695,0.02390,-0.12574,0.06897,0.01461,0.83471,0.09319,0.05958,-0.00330,-0.58291,0.03919,-0.00063,-0.31240,0.07082,0.00865,0.80609,0.11174,0.03772,0.00852,-0.05961,-0.04823,0.01238,0.03925,-0.01241,-0.00255,0.91854,0.12108,0.14151,0.00342
3.3500,335,1,3.3502,50.47,0.47172,-0.18042,-0.01995,0.30704,0.08702,0.01418,0.83717,0.14785,0.21063,-0.05720,-0.61253,0.04974,0.00306,0.26995,0.17929,0.01872,0.81372,0.14111,0.03350,-0.01697,0.41998,-0.30027,-0.03192,-0.18463,0.14010,-0.01296,0.80171,0.14198,0.11092,-0.39514,-0.60067,0.05274,0.01062,-0.36726,0.12467,0.00449,0.78809,0.15091,0.02624,-0.02445,-0.00335,-0.17067,0.00490,0.04702,-0.01711,-0.01604,0.91618,0.17266,0.15895,0.11496,0.39504,-0.08165,0.01490,0.35395,0.05992,0.00901,0.82388,0.09677,0.18302,-0.02042,-0.58960,0.05911,0.00406,0.33870,0.08016,0.01273,0.82245,0.09859,0.05287,0.00678,0.32466,-0.05549,0.02279,-0.12247,0.06167,0.01515,0.83924,0.08778,0.05941,-0.00326,-0.58095,0.03896,-0.00028,-0.30896,0.06659,0.00861,0.81157,0.10774,0.03814,0.00839,-0.06187,-0.04225,0.01199,0.03865,-0.01130,-0.00200,0.92447,0.11637,0.14165,0.00213
3.4000,340,1,3.3998,49.61,0.47172,-0.18042,-0.01995,0.30704,0.08702,0.01418,0.83717,0.14785,0.21063,-0.05720,-0.61253,0.04974,0.00306,0.26995,0.17929,0.01872,0.81372,0.14111,0.03350,-0.01697,0.39045,-0.27347,-0.03369,-0.16773,0.16572,-0.00188,0.81438,0.12881,0.08322,-0.23636,-0.60067,0.05274,0.01062,-0.36726,0.12467,0.00449,0.78809,0.15091,0.02624,-0.02445,-0.00335,-0.17067,0.00490,0.04702,-0.01711,-0.01604,0.91618,0.17266,0.15895,0.11496,0.39113,-0.07444,0.01451,0.35684,0.05553,0.00892,0.82863,0.09325,0.18201,-0.02006,-0.58659,0.06104,0.00379,0.34255,0.07396,0.01256,0.82727,0.09427,0.05321,0.00680,0.32216,-0.04460,0.02164,-0.11957,0.05413,0.01558,0.84349,0.08240,0.05925,-0.00323,-0.57901,0.03890,0.00005,-0.30574,0.06238,0.00856,0.81686,0.10376,0.03856,0.00827,-0.06384,-0.03647,0.01159,0.03811,-0.01045,-0.00148,0.93018,0.11172,0.14173,0.00100
3.4500,345,1,3.4508,51.00,0.45486,-0.15647,-0.02517,0.31465,0.07516,0.00692,0.85049,0.13640,0.20848,-0.05050,-0.60766,0.04766,0.00405,0.28694,0.16031,0.01868,0.82710,0.13003,0.03158,0.01035,0.39045,-0.27347,-0.03369,-0.16773,0.16572,-0.00188,0.81438,0.12881,0.08322,-0.23636,-0.59584,0.04344,0.00878,-0.35655,0.11306,0.01237,0.80261,0.14255,0.02343,-0.00843,-0.01938,-0.16282,-0.02581,0.04415,-0.01702,0.00500,0.92965,0.10553,0.16000,-0.02643,0.38759,-0.06742,0.01414,0.35951,0.05116,0.00886,0.83321,0.08973,0.18101,-0.01972,-0.58350,0.06282,0.00349,0.34609,0.06785,0.01234,0.83188,0.09007,0.05355,0.00680,0.32019,-0.03427,0.02047,-0.11706,0.04640,0.01592,0.84748,0.07723,0.05909,-0.00320,-0.57706,0.03901,0.00036,-0.30272,0.05819,0.00850,0.82195,0.09979,0.03897,0.00815,-0.06552,-0.03088,0.01120,0.03761,-0.00984,-0.00100,0.93565,0.10718,0.14175,0.00002
3.5000,350,1,3.4999,49.16,0.45486,-0.15647,-0.02517,0.31465,0.07516,0.00692,0.85049,0.13640,0.20848,-0.05050,-0.60766,0.04766,0.00405,0.28694,0.16031,0.01868,0.82710,0.13003,0.03158,0.01035,0.36322,-0.24752,-0.05009,-0.14941,0.17221,0.00380,0.82753,0.14587,0.06490,-0.04324,-0.59584,0.04344,0.00878,-0.35655,0.11306,0.01237,0.80261,0.14255,0.02343,-0.00843,-0.01938,-0.16282,-0.02581,0.04415,-0.01702,0.00500,0.92965,0.10553,0.16000,-0.02643,0.38439,-0.06057,0.01378,0.36196,0.04683,0.00882,0.83761,0.08616,0.18003,-0.01941,-0.58031,0.06446,0.00319,0.34934,0.06186,0.01209,0.83628,0.08611,0.05389,0.00679,0.31872,-0.02452,0.01929,-0.11494,0.03853,0.01615,0.85122,0.07247,0.05893,-0.00319,-0.57511,0.03926,0.00065,-0.29992,0.05404,0.00843,0.82684,0.09584,0.03937,0.00804,-0.06693,-0.02548,0.01080,0.03712,-0.00947,-0.00054,0.94090,0.10274,0.14173,-0.00083
3.5500,355,1,3.5498,49.84,0.44039,-0.13139,-0.02431,0.32221,0.07752,0.00187,0.86389,0.13353,0.20590,0.01518,-0.60308,0.04452,0.00007,0.30208,0.14233,0.01829,0.84062,0.13837,0.03456,0.00878,0.36322,-0.24752,-0.05009,-0.14941,0.17221,0.00380,0.82753,0.14587,0.06490,-0.04324,-0.59174,0.03749,0.00770,-0.34705,0.09474,0.00680,0.81663,0.13633,0.02300,0.00017,-0.03121,-0.12337,-0.02936,0.04444,-0.01086,0.00870,0.93751,0.06617,0.15876,-0.00276,0.38153,-0.05390,0.01343,0.36419,0.04251,0.00877,0.84182,0.08249,0.17907,-0.01912,-0.57705,0.06595,0.00287,0.35228,0.05599,0.01185,0.84049,0.08252,0.05423,0.00677,0.31773,-0.01535,0.01811,-0.11321,0.03056,0.01636,0.85474,0.06830,0.05877,-0.00317,-0.57313,0.03965,0.00093,-0.29732,0.04992,0.00836,0.83153,0.09191,0.03977,0.00794,-0.06807,-0.02028,0.01041,0.03666,-0.00930,-0.00012,0.94592,0.09844,0.14167,-0.00157
3.6000,360,1,3.6001,50.29,0.44039,-0.13139,-0.02431,0.32221,0.07752,0.00187,0.86389,0.13353,0.20590,0.01518,-0.60308,0.04452,0.00007,0.30208,0.14233,0.01829,0.84062,0.13837,0.03456,0.00878,0.34061,-0.19593,-0.04913,-0.13061,0.17296,0.02704,0.84306,0.15096,0.07222,0.23953,-0.59174,0.03749,0.00770,-0.34705,0.09474,0.00680,0.81663,0.13633,0.02300,0.00017,-0.03121,-0.12337,-0.02936,0.04444,-0.01086,0.00870,0.93751,0.06617,0.15876,-0.00276,0.37900,-0.04740,0.01308,0.36621,0.03824,0.00868,0.84585,0.07878,0.17812,-0.01884,-0.57372,0.06728,0.00256,0.35494,0.05022,0.01165,0.84454,0.07922,0.05456,0.00674,0.31718,-0.00675,0.01695,-0.11188,0.02248,0.01658,0.85806,0.06463,0.05861,-0.00317,-0.57114,0.04016,0.00119,-0.29493,0.04584,0.00828,0.83603,0.08802,0.04017,0.00784,-0.06896,-0.01527,0.01003,0.03619,-0.00934,0.00027,0.95074,0.09426,0.14158,-0.00220
3.6500,365,1,3.6499,49.83,0.42770,-0.11280,-0.02135,0.33040,0.08305,-0.00127,0.87727,0.13389,0.21132,0.02426,-0.59846,0.04850,-0.00314,0.31546,0.12575,0.01519,0.85539,0.15423,0.03689,0.03741,0.34061,-0.19593,-0.04913,-0.13061,0.17296,0.02704,0.84306,0.15096,0.07222,0.23953,-0.58894,0.02782,0.00691,-0.33758,0.09170,0.00407,0.83119,0.14385,0.02407,0.02402,-0.04154,-0.08876,-0.03783,0.04338,-0.01595,0.01644,0.94415,0.05681,0.15847,0.00322,0.37679,-0.04107,0.01274,0.36801,0.03401,0.00855,0.84970,0.07511,0.17719,-0.01858,-0.57033,0.06846,0.00226,0.35731,0.04455,0.01149,0.84842,0.07607,0.05490,0.00671,0.31704,0.00129,0.01580,-0.11096,0.01429,0.01682,0.86121,0.06125,0.05845,-0.00316,-0.56911,0.04081,0.00143,-0.29274,0.04180,0.00820,0.84034,0.08418,0.04056,0.00774,-0.06960,-0.01044,0.00964,0.03572,-0.00956,0.00063,0.95535,0.09021,0.14145,-0.00276
3.7000,370,1,3.7002,50.30,0.42770,-0.11280,-0.02135,0.33040,0.08305,-0.00127,0.87727,0.13389,0.21132,0.02426,-0.59846,0.04850,-0.00314,0.31546,0.12575,0.01519,0.85539,0.15423,0.03689,0.03741,0.32270,-0.15728,-0.02845,-0.11601,0.14549,0.04429,0.85545,0.10856,0.09867,0.27083,-0.58894,0.02782,0.00691,-0.33758,0.09170,0.00407,0.83119,0.14385,0.02407,0.02402,-0.04154,-0.08876,-0.03783,0.04338,-0.01595,0.01644,0.94415,0.05681,0.15847,0.00322,0.37489,-0.03490,0.01241,0.36961,0.02985,0.00841,0.85337,0.07153,0.17626,-0.01833,-0.56688,0.06949,0.00195,0.35939,0.03895,0.01135,0.85215,0.07301,0.05523,0.00667,0.31729,0.00876,0.01467,-0.11045,0.00599,0.01702,0.86419,0.05804,0.05830,-0.00317,-0.56706,0.04156,0.00165,-0.29075,0.03780,0.00810,0.84445,0.08039,0.04094,0.00765,-0.07001,-0.00580,0.00927,0.03523,-0.00995,0.00096,0.95976,0.08627,0.14130,-0.00324
3.7500,375,1,3.7498,49.60,0.41687,-0.09526,-0.01622,0.33876,0.08528,0.00915,0.88954,0.11352,0.21517,0.02663,-0.59459,0.04963,-0.00835,0.32380,0.10069,0.01666,0.86907,0.14531,0.04343,-0.00225,0.32270,-0.15728,-0.02845,-0.11601,0.14549,0.04429,0.85545,0.10856,0.09867,0.27083,-0.58622,0.02412,0.00125,-0.33049,0.08291,-0.00015,0.84438,0.13256,0.02867,0.03226,-0.04801,-0.05221,-0.02088,0.03989,-0.02384,0.00526,0.94997,0.06569,0.16264,0.05361,0.37329,-0.02889,0.01209,0.37100,0.02576,0.00827,0.85686,0.06804,0.17535,-0.01810,-0.56338,0.07037,0.00164,0.36120,0.03342,0.01118,0.85572,0.06998,0.05557,0.00662,0.31791,0.01568,0.01355,-0.11036,-0.00240,0.01716,0.86701,0.05492,0.05814,-0.00317,-0.56496,0.04242,0.00185,-0.28895,0.03385,0.00800,0.84838,0.07668,0.04132,0.00756,-0.07019,-0.00135,0.00890,0.03472,-0.01050,0.00126,0.96398,0.08243,0.14113,-0.00365
3.8000,380,1,3.8005,50.73,0.41687,-0.09526,-0.01622,0.33876,0.08528,0.00915,0.88954,0.11352,0.21517,0.02663,-0.59459,0.04963,-0.00835,0.32380,0.10069,0.01666,0.86907,0.14531,0.04343,-0.00225,0.30595,-0.13223,-0.05164,-0.09939,0.11190,0.05555,0.86538,0.08100,0.12580,0.22242,-0.58622,0.02412,0.00125,-0.33049,0.08291,-0.00015,0.84438,0.13256,0.02867,0.03226,-0.04801,-0.05221,-0.02088,0.03989,-0.02384,0.00526,0.94997,0.06569,0.16264,0.05361,0.37200,-0.02304,0.01178,0.37219,0.02174,0.00813,0.86017,0.06466,0.17445,-0.01787,-0.55984,0.07110,0.00134,0.36274,0.02798,0.01099,0.85914,0.06698,0.05590,0.00656,0.31885,0.02205,0.01246,-0.11069,-0.01083,0.01723,0.86968,0.05186,0.05798,-0.00318,-0.56281,0.04338,0.00204,-0.28736,0.02995,0.00790,0.85212,0.07304,0.04170,0.00747,-0.07015,0.00293,0.00854,0.03418,-0.01119,0.00154,0.96801,0.07870,0.14094,-0.00400
3.8500,385,1,3.8497,49.18,0.41821,-0.06404,-0.00360,0.35659,0.10400,0.01136,0.89555,0.09281,0.21841,0.03514,-0.59220,0.04924,-0.00292,0.32886,0.08284,0.00621,0.88281,0.13825,0.04467,0.00957,0.30595,-0.13223,-0.05164,-0.09939,0.11190,0.05555,0.86538,0.08100,0.12580,0.22242,-0.58371,0.02398,-0.00282,-0.32299,0.08086,0.00459,0.85661,0.12088,0.03068,0.02050,-0.05221,-0.02972,-0.02033,0.03565,-0.03325,0.00134,0.95710,0.08350,0.16921,0.08233,0.37099,-0.01733,0.01147,0.37318,0.01778,0.00800,0.86332,0.06137,0.17357,-0.01765,-0.55627,0.07168,0.00104,0.36400,0.02264,0.01077,0.86242,0.06400,0.05622,0.00651,0.32010,0.02790,0.01140,-0.11145,-0.01929,0.01723,0.87220,0.04884,0.05782,-0.00319,-0.56062,0.04442,0.00221,-0.28596,0.02610,0.00779,0.85568,0.06948,0.04207,0.00739,-0.06990,0.00703,0.00818,0.03360,-0.01200,0.00179,0.97185,0.07505,0.14073,-0.00431
3.9000,390,1,3.9002,50.53,0.41821,-0.06404,-0.00360,0.35659,0.10400,0.01136,0.89555,0.09281,0.21841,0.03514,-0.59220,0.04924,-0.00292,0.32886,0.08284,0.00621,0.88281,0.13825,0.04467,0.00957,0.29492,-0.08003,-0.04833,-0.08971,0.07147,0.05756,0.87499,0.07078,0.12645,-0.21267,-0.58371,0.02398,-0.00282,-0.32299,0.08086,0.00459,0.85661,0.12088,0.03068,0.02050,-0.05221,-0.02972,-0.02033,0.03565,-0.03325,0.00134,0.95710,0.08350,0.16921,0.08233,0.37026,-0.01178,0.01117,0.37397,0.01389,0.00788,0.86631,0.05817,0.17269,-0.01744,-0.55268,0.07213,0.00076,0.36500,0.01742,0.01053,0.86554,0.06104,0.05655,0.00644,0.32163,0.03324,0.01038,-0.11262,-0.02772,0.01715,0.87457,0.04584,0.05766,-0.00320,-0.55837,0.04554,0.00237,-0.28475,0.02231,0.00767,0.85907,0.06601,0.04243,0.00730,-0.06945,0.01095,0.00783,0.03298,-0.01294,0.00201,0.97552,0.07149,0.14051,-0.00457
3.9500,395,1,3.9502,49.97,0.41226,-0.05977,0.00851,0.36516,0.08433,0.02065,0.90270,0.07060,0.22294,0.06426,-0.58695,0.05456,-0.01356,0.33731,0.07854,0.00604,0.89389,0.11166,0.04678,0.00232,0.29492,-0.08003,-0.04833,-0.08971,0.07147,0.05756,0.87499,0.07078,0.12645,-0.21267,-0.58096,0.02762,-0.00386,-0.31531,0.08005,0.00369,0.86730,0.10718,0.03036,-0.01662,-0.05426,-0.01613,-0.00333,0.03120,-0.03553,-0.00439,0.96544,0.10718,0.17752,0.08401,0.36981,-0.00637,0.01088,0.37457,0.01005,0.00776,0.86914,0.05506,0.17182,-0.01724,-0.54906,0.07243,0.00049,0.36574,0.01231,0.01027,0.86852,0.05810,0.05687,0.00638,0.32342,0.03809,0.00940,-0.11422,-0.03610,0.01701,0.87678,0.04284,0.05750,-0.00321,-0.55606,0.04674,0.00251,-0.28373,0.01858,0.00755,0.86228,0.06263,0.04280,0.00722,-0.06880,0.01471,0.00750,0.03231,-0.01397,0.00220,0.97900,0.06801,0.14028,-0.00479
4.0000,400,2,4.0008,50.60,0.41226,-0.05977,0.00851,0.36516,0.08433,0.02065,0.90270,0.07060,0.22294,0.06426,-0.58695,0.05456,-0.01356,0.33731,0.07854,0.00604,0.89389,0.11166,0.04678,0.00232,0.28920,-0.02940,-0.04757,-0.08233,0.03921,0.04367,0.88096,0.04979,0.10007,-0.26510,-0.58096,0.02762,-0.00386,-0.31531,0.08005,0.00369,0.86730,0.10718,0.03036,-0.01662,-0.05426,-0.01613,-0.00333,0.03120,-0.03553,-0.00439,0.96544,0.10718,0.17752,0.08401,0.41226,-0.05977,0.00851,0.36516,0.08433,0.02065,0.90270,0.07060,0.22294,0.06426,-0.58695,0.05456,-0.01356,0.33731,0.07854,0.00604,0.89389,0.11166,0.04678,0.00232,0.28920,-0.02940,-0.04757,-0.08233,0.03921,0.04367,0.88096,0.04979,0.10007,-0.26510,-0.58096,0.02762,-0.00386,-0.31531,0.08005,0.00369,0.86730,0.10718,0.03036,-0.01662,-0.05426,-0.01613,-0.00333,0.03120,-0.03553,-0.00439,0.96544,0.10718,0.17752,0.08401
4.0500,405,2,4.0497,48.93,0.40585,-0.07127,0.02377,0.37251,0.06290,0.01686,0.90930,0.06040,0.23299,0.10046,-0.58065,0.06572,-0.00416,0.34657,0.08194,0.00904,0.90290,0.09092,0.04298,-0.01313,0.28920,-0.02940,-0.04757,-0.08233,0.03921,0.04367,0.88096,0.04979,0.10007,-0.26510,-0.57764,0.03373,-0.00605,-0.30803,0.07359,0.00473,0.87705,0.09560,0.02995,-0.01440,-0.05564,-0.00946,-0.01159,0.02780,-0.03396,0.00237,0.97725,0.12724,0.18434,0.05823,0.40937,-0.05611,0.00666,0.36914,0.07494,0.01785,0.90609,0.06484,0.22584,0.05188,-0.58434,0.05051,-0.00372,0.34114,0.07409,0.01163,0.89904,0.09512,0.04695,0.00468,0.28727,-0.04543,-0.01977,-0.08088,0.01883,0.03957,0.88323,0.04120,0.08770,-0.23075,-0.57962,0.02651,-0.00087,-0.31137,0.07761,0.00609,0.87247,0.09956,0.02962,-0.01296,-0.05509,-0.01666,0.00088,0.02948,-0.03351,-0.00386,0.97078,0.10591,0.18141,0.07208
4.1000,410,2,4.1008,51.03,0.40585,-0.07127,0.02377,0.37251,0.06290,0.01686,0.90930,0.06040,0.23299,0.10046,-0.58065,0.06572,-0.00416,0.34657,0.08194,0.00904,0.90290,0.09092,0.04298,-0.01313,0.29005,0.02391,-0.03661,-0.08363,-0.01043,0.03762,0.88790,0.06401,0.07438,-0.20371,-0.57764,0.03373,-0.00605,-0.30803,0.07359,0.00473,0.87705,0.09560,0.02995,-0.01440,-0.05564,-0.00946,-0.01159,0.02780,-0.03396,0.00237,0.97725,0.12724,0.18434,0.05823,0.40664,-0.05305,0.00594,0.37268,0.06667,0.01599,0.90918,0.05859,0.22816,0.04114,-0.58183,0.05028,0.00226,0.34469,0.06751,0.01490,0.90346,0.08213,0.04724,0.00666,0.28484,-0.05039,-0.00179,-0.08041,0.00028,0.03618,0.88512,0.03453,0.07692,-0.20077,-0.57829,0.02661,0.00116,-0.30757,0.07420,0.00770,0.87726,0.09218,0.02905,-0.00978,-0.05590,-0.01548,0.00374,0.02785,-0.03175,-0.00331,0.97601,0.10312,0.18475,0.06166
4.1500,415,2,4.1501,49.39,0.39830,-0.08096,-0.00344,0.38013,0.04527,0.03409,0.91593,0.07698,0.24160,0.23571,-0.57389,0.06744,0.01124,0.35448,0.06928,0.02751,0.91000,0.08568,0.03868,-0.03347,0.29005,0.02391,-0.03661,-0.08363,-0.01043,0.03762,0.88790,0.06401,0.07438,-0.20371,-0.57388,0.03951,0.00260,-0.30201,0.06035,0.02296,0.88622,0.09188,0.02570,-0.02545,-0.05613,-0.00182,-0.01092,0.02446,-0.03197,-0.00045,0.99059,0.13575,0.19287,0.09962,0.40406,-0.05016,0.00592,0.37582,0.05915,0.01475,0.91195,0.05233,0.22998,0.03183,-0.57928,0.05231,0.00566,0.34787,0.05973,0.01662,0.90729,0.07161,0.04761,0.00832,0.28235,-0.04828,0.00950,-0.08083,-0.01674,0.03330,0.88670,0.02913,0.06756,-0.17460,-0.57694,0.02754,0.00253,-0.30396,0.07014,0.00878,0.88169,0.08506,0.02863,-0.00702,-0.05662,-0.01315,0.00564,0.02630,-0.03027,-0.00275,0.98107,0.09933,0.18760,0.05256
4.2000,420,2,4.2010,50.82,0.39830,-0.08096,-0.00344,0.38013,0.04527,0.03409,0.91593,0.07698,0.24160,0.23571,-0.57389,0.06744,0.01124,0.35448,0.06928,0.02751,0.91000,0.08568,0.03868,-0.03347,0.29350,0.04293,-0.00268,-0.07747,0.01042,0.01692,0.89536,0.08362,0.04873,-0.26820,-0.57388,0.03951,0.00260,-0.30201,0.06035,0.02296,0.88622,0.09188,0.02570,-0.02545,-0.05613,-0.00182,-0.01092,0.02446,-0.03197,-0.00045,0.99059,0.13575,0.19287,0.09962,0.40163,-0.04717,0.00632,0.37860,0.05213,0.01393,0.91441,0.04633,0.23136,0.02376,-0.57658,0.05556,0.00736,0.35065,0.05137,0.01730,0.91065,0.06284,0.04806,0.00971,0.28008,-0.04181,0.01628,-0.08206,-0.03245,0.03079,0.88804,0.02458,0.05941,-0.15175,-0.57553,0.02903,0.00346,-0.30056,0.06565,0.00947,0.88578,0.07822,0.02835,-0.00462,-0.05720,-0.01005,0.00688,0.02481,-0.02905,-0.00222,0.98593,0.09486,0.19002,0.04462
4.2500,425,2,4.2498,48.87,0.39164,-0.05634,-0.01522,0.38324,0.01811,0.02314,0.92451,0.10599,0.25853,0.23113,-0.56817,0.04581,0.03152,0.36045,0.03983,0.03586,0.91754,0.08956,0.03411,0.01256,0.29350,0.04293,-0.00268,-0.07747,0.01042,0.01692,0.89536,0.08362,0.04873,-0.26820,-0.57010,0.03452,0.00953,-0.29729,0.03722,0.02157,0.89537,0.08992,0.02314,-0.02116,-0.05955,0.00343,-0.01444,0.01987,-0.03165,-0.00171,1.01019,0.14480,0.20148,0.04804,0.39935,-0.04393,0.00692,0.38104,0.04545,0.01336,0.91659,0.04071,0.23237,0.01678,-0.57371,0.05935,0.00797,0.35301,0.04287,0.01729,0.91360,0.05535,0.04858,0.01087,0.27821,-0.03280,0.02003,-0.08406,-0.04699,0.02855,0.88917,0.02064,0.05233,-0.13181,-0.57403,0.03088,0.00407,-0.29740,0.06089,0.00990,0.88952,0.07169,0.02817,-0.00255,-0.05762,-0.00647,0.00766,0.02339,-0.02808,-0.00172,0.99055,0.08997,0.19208,0.03768
4.3000,430,2,4.3003,50.46,0.39164,-0.05634,-0.01522,0.38324,0.01811,0.02314,0.92451,0.10599,0.25853,0.23113,-0.56817,0.04581,0.03152,0.36045,0.03983,0.03586,0.91754,0.08956,0.03411,0.01256,0.29775,0.03834,0.01684,-0.07668,-0.00268,0.01459,0.90531,0.09907,0.01872,-0.26464,-0.57010,0.03452,0.00953,-0.29729,0.03722,0.02157,0.89537,0.08992,0.02314,-0.02116,-0.05955,0.00343,-0.01444,0.01987,-0.03165,-0.00171,1.01019,0.14480,0.20148,0.04804,0.39724,-0.04037,0.00760,0.38315,0.03900,0.01296,0.91849,0.03552,0.23305,0.01074,-0.57065,0.06327,0.00790,0.35494,0.03448,0.01685,0.91620,0.04881,0.04915,0.01182,0.27682,-0.02248,0.02179,-0.08675,-0.06049,0.02652,0.89011,0.01715,0.04619,-0.11441,-0.57244,0.03299,0.00448,-0.29448,0.05597,0.01015,0.89295,0.06548,0.02809,-0.00075,-0.05784,-0.00259,0.00812,0.02200,-0.02736,-0.00125,0.99492,0.08486,0.19381,0.03162
4.3500,435,2,4.3500,49.72,0.38718,-0.03693,-0.01783,0.38512,0.00317,0.01912,0.93668,0.14283,0.27289,0.13690,-0.56560,0.01583,0.02712,0.36297,0.00923,0.02765,0.92484,0.09192,0.03310,-0.02140,0.29775,0.03834,0.01684,-0.07668,-0.00268,0.01459,0.90531,0.09907,0.01872,-0.26464,-0.56780,0.01949,0.01626,-0.29339,0.02116,0.01902,0.90517,0.09230,0.01846,-0.02152,-0.05923,0.01101,-0.00412,0.01374,-0.03333,-0.02238,1.02204,0.12193,0.20717,0.06602,0.39532,-0.03648,0.00828,0.38494,0.03271,0.01266,0.92015,0.03078,0.23346,0.00553,-0.56739,0.06704,0.00745,0.35646,0.02639,0.01613,0.91849,0.04301,0.04976,0.01260,0.27597,-0.01163,0.02227,-0.09009,-0.07303,0.02465,0.89089,0.01402,0.04085,-0.09923,-0.57073,0.03525,0.00474,-0.29180,0.05096,0.01026,0.89608,0.05961,0.02809,0.00080,-0.05787,0.00146,0.00835,0.02065,-0.02685,-0.00082,0.99903,0.07965,0.19525,0.02634
4.4000,440,2,4.4000,49.97,0.38718,-0.03693,-0.01783,0.38512,0.00317,0.01912,0.93668,0.14283,0.27289,0.13690,-0.56560,0.01583,0.02712,0.36297,0.00923,0.02765,0.92484,0.09192,0.03310,-0.02140,0.29910,0.00688,0.03265,-0.07542,-0.00062,0.01576,0.91275,0.04703,-0.00503,-0.16955,-0.56780,0.01949,0.01626,-0.29339,0.02116,0.01902,0.90517,0.09230,0.01846,-0.02152,-0.05923,0.01101,-0.00412,0.01374,-0.03333,-0.02238,1.02204,0.12193,0.20717,0.06602,0.39360,-0.03226,0.00890,0.38642,0.02656,0.01242,0.92158,0.02646,0.23362,0.00103,-0.56395,0.07054,0.00679,0.35758,0.01869,0.01524,0.92051,0.03779,0.05041,0.01324,0.27566,-0.00076,0.02196,-0.09403,-0.08468,0.02290,0.89152,0.01120,0.03623,-0.08599,-0.56891,0.03762,0.00491,-0.28938,0.04592,0.01028,0.89892,0.05408,0.02816,0.00214,-0.05770,0.00558,0.00842,0.01931,-0.02654,-0.00044,1.00289,0.07444,0.19645,0.02173
4.4500,445,2,4.4501,50.09,0.38525,-0.00851,-0.02310,0.38666,-0.00261,0.01687,0.95124,0.15048,0.28571,0.14812,-0.56580,-0.01441,0.02074,0.36299,-0.01213,0.01926,0.93309,0.09510,0.03579,0.02804,0.29910,0.00688,0.03265,-0.07542,-0.00062,0.01576,0.91275,0.04703,-0.00503,-0.16955,-0.56598,0.00837,0.01663,-0.29359,-0.00639,0.01760,0.91287,0.08622,0.01185,0.00346,-0.05818,0.01027,-0.00238,0.01191,-0.00805,-0.02509,1.03365,0.10225,0.21004,-0.03191,0.39209,-0.02776,0.00943,0.38760,0.02053,0.01220,0.92280,0.02254,0.23357,-0.00285,-0.56034,0.07369,0.00605,0.35834,0.01145,0.01427,0.92228,0.03307,0.05108,0.01375,0.27589,0.00983,0.02117,-0.09854,-0.09551,0.02125,0.89202,0.00871,0.03223,-0.07443,-0.56697,0.04006,0.00501,-0.28721,0.04089,0.01022,0.90149,0.04889,0.02830,0.00330,-0.05731,0.00970,0.00838,0.01799,-0.02641,-0.00009,1.00648,0.06931,0.19744,0.01770
4.5000,450,2,4.4999,49.89,0.38525,-0.00851,-0.02310,0.38666,-0.00261,0.01687,0.95124,0.15048,0.28571,0.14812,-0.56580,-0.01441,0.02074,0.36299,-0.01213,0.01926,0.93309,0.09510,0.03579,0.02804,0.29794,-0.02520,0.02811,-0.07570,-0.01552,0.02613,0.91801,0.03129,-0.02303,-0.16587,-0.56598,0.00837,0.01663,-0.29359,-0.00639,0.01760,0.91287,0.08622,0.01185,0.00346,-0.05818,0.01027,-0.00238,0.01191,-0.00805,-0.02509,1.03365,0.10225,0.21004,-0.03191,0.39082,-0.02303,0.00984,0.38848,0.01460,0.01198,0.92384,0.01897,0.23334,-0.00619,-0.55658,0.07648,0.00533,0.35874,0.00469,0.01326,0.92382,0.02880,0.05178,0.01415,0.27664,0.01997,0.02014,-0.10357,-0.10554,0.01969,0.89240,0.00657,0.02876,-0.06436,-0.56490,0.04254,0.00507,-0.28529,0.03590,0.01011,0.90381,0.04403,0.02849,0.00429,-0.05673,0.01378,0.00826,0.01667,-0.02644,0.00021,1.00982,0.06431,0.19823,0.01420
4.5500,455,2,4.5498,49.87,0.38534,0.01046,-0.00883,0.38795,-0.01019,0.02359,0.96679,0.15076,0.29546,0.04353,-0.56786,-0.02586,0.00030,0.36203,-0.02084,0.00426,0.94268,0.10401,0.03794,0.03951,0.29794,-0.02520,0.02811,-0.07570,-0.01552,0.02613,0.91801,0.03129,-0.02303,-0.16587,-0.56606,-0.00649,0.01351,-0.29432,-0.01555,0.00052,0.92065,0.07800,0.00928,0.02280,-0.05695,0.00787,0.00228,0.01280,0.01709,-0.01873,1.04338,0.08095,0.20910,-0.03008,0.38979,-0.01813,0.01014,0.38906,0.00877,0.01176,0.92470,0.01569,0.23296,-0.00906,-0.55270,0.07892,0.00465,0.35881,-0.00156,0.01225,0.92517,0.02499,0.05249,0.01446,0.27788,0.02958,0.01901,-0.10908,-0.11483,0.01821,0.89268,0.00483,0.02577,-0.05557,-0.56271,0.04503,0.00510,-0.28362,0.03097,0.00997,0.90590,0.03949,0.02873,0.00515,-0.05594,0.01779,0.00808,0.01534,-0.02661,0.00048,1.01291,0.05949,0.19886,0.01114
4.6000,460,2,4.6001,50.30,0.38534,0.01046,-0.00883,0.38795,-0.01019,0.02359,0.96679,0.15076,0.29546,0.04353,-0.56786,-0.02586,0.00030,0.36203,-0.02084,0.00426,0.94268,0.10401,0.03794,0.03951,0.28780,-0.07882,0.02161,-0.07412,-0.01653,0.02565,0.92389,0.05227,-0.03228,-0.16516,-0.56606,-0.00649,0.01351,-0.29432,-0.01555,0.00052,0.92065,0.07800,0.00928,0.02280,-0.05695,0.00787,0.00228,0.01280,0.01709,-0.01873,1.04338,0.08095,0.20910,-0.03008,0.38901,-0.01310,0.01035,0.38936,0.00307,0.01151,0.92541,0.01268,0.23244,-0.01152,-0.54870,0.08105,0.00402,0.35859,-0.00733,0.01128,0.92633,0.02159,0.05322,0.01470,0.27959,0.03861,0.01781,-0.11504,-0.12342,0.01682,0.89289,0.00350,0.02319,-0.04791,-0.56040,0.04753,0.00510,-0.28219,0.02613,0.00979,0.90777,0.03527,0.02900,0.00588,-0.05495,0.02171,0.00787,0.01401,-0.02691,0.00071,1.01577,0.05486,0.19935,0.00848
4.6500,465,2,4.6501,49.99,0.38743,0.02265,-0.00160,0.38922,-0.01575,0.00750,0.98139,0.13727,0.29883,-0.04090,-0.57019,-0.02181,-0.01628,0.36042,-0.02025,-0.00198,0.95308,0.10784,0.04226,0.05935,0.28780,-0.07882,0.02161,-0.07412,-0.01653,0.02565,0.92389,0.05227,-0.03228,-0.16516,-0.56751,-0.01771,0.00636,-0.29649,-0.01514,-0.00657,0.92756,0.07457,0.01286,0.04788,-0.05706,-0.00362,0.00683,0.01529,0.03361,-0.00996,1.05017,0.05890,0.20531,-0.05826,0.38849,-0.00798,0.01049,0.38937,-0.00251,0.01123,0.92598,0.00994,0.23181,-0.01362,-0.54460,0.08287,0.00343,0.35809,-0.01264,0.01037,0.92733,0.01854,0.05396,0.01487,0.28173,0.04705,0.01659,-0.12142,-0.13135,0.01553,0.89304,0.00250,0.02096,-0.04123,-0.55796,0.05003,0.00509,-0.28100,0.02138,0.00959,0.90943,0.03134,0.02931,0.00651,-0.05377,0.02551,0.00764,0.01265,-0.02731,0.00091,1.01840,0.05045,0.19972,0.00616
4.7000,470,2,4.7003,50.22,0.38743,0.02265,-0.00160,0.38922,-0.01575,0.00750,0.98139,0.13727,0.29883,-0.04090,-0.57019,-0.02181,-0.01628,0.36042,-0.02025,-0.00198,0.95308,0.10784,0.04226,0.05935,0.28527,-0.05621,-0.01518,-0.07785,-0.06382,0.02865,0.93494,0.10641,-0.03915,-0.07148,-0.56751,-0.01771,0.00636,-0.29649,-0.01514,-0.00657,0.92756,0.07457,0.01286,0.04788,-0.05706,-0.00362,0.00683,0.01529,0.03361,-0.00996,1.05017,0.05890,0.20531,-0.05826,0.38822,-0.00282,0.01056,0.38911,-0.00794,0.01091,0.92641,0.00745,0.23109,-0.01542,-0.54041,0.08442,0.00289,0.35733,-0.01751,0.00951,0.92819,0.01575,0.05471,0.01498,0.28428,0.05489,0.01540,-0.12817,-0.13867,0.01433,0.89314,0.00175,0.01905,-0.03542,-0.55540,0.05252,0.00506,-0.28005,0.01673,0.00936,0.91090,0.02770,0.02965,0.00704,-0.05240,0.02920,0.00738,0.01127,-0.02780,0.00108,1.02082,0.04625,0.19997,0.00414
4.7500,475,2,4.7497,49.38,0.38934,0.02020,-0.00130,0.39030,-0.00423,0.00194,0.99415,0.10955,0.28951,-0.13381,-0.57146,-0.00098,-0.02622,0.35870,-0.01407,-0.01002,0.96159,0.09197,0.04711,0.03168,0.28527,-0.05621,-0.01518,-0.07785,-0.06382,0.02865,0.93494,0.10641,-0.03915,-0.07148,-0.56958,-0.02427,-0.00079,-0.29578,0.00439,-0.01082,0.93456,0.07107,0.01471,0.03275,-0.05911,-0.01664,0.00414,0.01734,0.03376,0.00485,1.05377,0.03909,0.19938,-0.06024,0.38820,0.00237,0.01056,0.38858,-0.01321,0.01057,0.92672,0.00521,0.23028,-0.01694,-0.53616,0.08572,0.00241,0.35634,-0.02198,0.00871,0.92891,0.01320,0.05546,0.01505,0.28721,0.06216,0.01425,-0.13527,-0.14542,0.01320,0.89322,0.00119,0.01741,-0.03035,-0.55271,0.05500,0.00503,-0.27933,0.01220,0.00912,0.91220,0.02434,0.03001,0.00749,-0.05085,0.03276,0.00712,0.00987,-0.02836,0.00122,1.02303,0.04226,0.20013,0.00239
4.8000,480,2,4.8000,50.32,0.38934,0.02020,-0.00130,0.39030,-0.00423,0.00194,0.99415,0.10955,0.28951,-0.13381,-0.57146,-0.00098,-0.02622,0.35870,-0.01407,-0.01002,0.96159,0.09197,0.04711,0.03168,0.28067,-0.04090,-0.01665,-0.08396,-0.08399,0.01590,0.94209,0.06951,-0.04547,-0.10122,-0.56958,-0.02427,-0.00079,-0.29578,0.00439,-0.01082,0.93456,0.07107,0.01471,0.03275,-0.05911,-0.01664,0.00414,0.01734,0.03376,0.00485,1.05377,0.03909,0.19938,-0.06024,0.38845,0.00754,0.01052,0.38779,-0.01831,0.01021,0.92693,0.00320,0.22940,-0.01823,-0.53185,0.08680,0.00199,0.35514,-0.02607,0.00798,0.92951,0.01084,0.05621,0.01507,0.29049,0.06888,0.01315,-0.14270,-0.15163,0.01214,0.89326,0.00080,0.01600,-0.02594,-0.54990,0.05745,0.00498,-0.27883,0.00779,0.00886,0.91334,0.02123,0.03040,0.00787,-0.04913,0.03619,0.00685,0.00844,-0.02898,0.00133,1.02505,0.03849,0.20022,0.00086
4.8500,485,2,4.8495,49.52,0.39023,0.01616,0.00304,0.39125,0.00509,0.00119,1.00158,0.07246,0.27443,-0.17655,-0.57045,0.02146,-0.02673,0.35926,0.00401,-0.00515,0.96948,0.08303,0.05308,0.04577,0.28067,-0.04090,-0.01665,-0.08396,-0.08399,0.01590,0.94209,0.06951,-0.04547,-0.10122,-0.57185,-0.01747,-0.01873,-0.29487,0.01710,-0.01438,0.93959,0.05277,0.01790,0.03030,-0.06218,-0.02055,-0.00141,0.01952,0.02132,0.01917,1.05723,0.03498,0.19617,-0.02356,0.38896,0.01267,0.01042,0.38675,-0.02322,0.00981,0.92705,0.00140,0.22846,-0.01932,-0.52748,0.08768,0.00162,0.35374,-0.02981,0.00730,0.93000,0.00866,0.05697,0.01506,0.29409,0.07507,0.01212,-0.15043,-0.15734,0.01115,0.89330,0.00054,0.01480,-0.02211,-0.54696,0.05988,0.00493,-0.27855,0.00351,0.00859,0.91433,0.01837,0.03080,0.00819,-0.04723,0.03948,0.00658,0.00697,-0.02966,0.00141,1.02688,0.03492,0.20022,-0.00046
4.9000,490,2,4.9004,50.85,0.39023,0.01616,0.00304,0.39125,0.00509,0.00119,1.00158,0.07246,0.27443,-0.17655,-0.57045,0.02146,-0.02673,0.35926,0.00401,-0.00515,0.96948,0.08303,0.05308,0.04577,0.27506,-0.03434,-0.01550,-0.09364,-0.09929,0.00797,0.94387,0.03684,-0.05297,0.02876,-0.57185,-0.01747,-0.01873,-0.29487,0.01710,-0.01438,0.93959,0.05277,0.01790,0.03030,-0.06218,-0.02055,-0.00141,0.01952,0.02132,0.01917,1.05723,0.03498,0.19617,-0.02356,0.38972,0.01775,0.01028,0.38547,-0.02793,0.00940,0.92708,-0.00021,0.22747,-0.02023,-0.52308,0.08839,0.00129,0.35216,-0.03324,0.00667,0.93038,0.00663,0.05772,0.01503,0.29799,0.08078,0.01116,-0.15843,-0.16257,0.01021,0.89332,0.00038,0.01378,-0.01877,-0.54391,0.06228,0.00487,-0.27848,-0.00064,0.00831,0.91518,0.01574,0.03122,0.00846,-0.04518,0.04265,0.00632,0.00547,-0.03037,0.00147,1.02854,0.03154,0.20017,-0.00161
4.9500,495,2,4.9504,49.96,0.39127,0.01233,0.00115,0.39107,-0.00125,0.01024,1.00522,0.02985,0.25745,-0.20129,-0.56702,0.04831,-0.02894,0.35999,0.00974,0.00242,0.97624,0.06513,0.05768,0.04397,0.27506,-0.03434,-0.01550,-0.09364,-0.09929,0.00797,0.94387,0.03684,-0.05297,0.02876,-0.57263,0.00059,-0.02529,-0.29208,0.03111,-0.00992,0.94321,0.03576,0.03078,0.17766,-0.06490,-0.02172,-0.00146,0.02016,0.00250,0.01633,1.06081,0.03428,0.19603,-0.03316,0.39073,0.02275,0.01011,0.38396,-0.03244,0.00897,0.92703,-0.00165,0.22644,-0.02098,-0.51865,0.08896,0.00102,0.35042,-0.03637,0.00610,0.93066,0.00474,0.05847,0.01497,0.30216,0.08603,0.01027,-0.16668,-0.16736,0.00933,0.89334,0.00031,0.01292,-0.01587,-0.54074,0.06466,0.00480,-0.27861,-0.00464,0.00801,0.91591,0.01333,0.03165,0.00868,-0.04297,0.04568,0.00605,0.00393,-0.03110,0.00152,1.03004,0.02836,0.20007,-0.00260
5.0000,500,2,4.9999,49.58,0.39127,0.01233,0.00115,0.39107,-0.00125,0.01024,1.00522,0.02985,0.25745,-0.20129,-0.56702,0.04831,-0.02894,0.35999,0.00974,0.00242,0.97624,0.06513,0.05768,0.04397,0.26999,-0.02681,-0.02870,-0.10242,-0.11491,0.01107,0.94189,-0.00289,-0.04876,0.07516,-0.57263,0.00059,-0.02529,-0.29208,0.03111,-0.00992,0.94321,0.03576,0.03078,0.17766,-0.06490,-0.02172,-0.00146,0.02016,0.00250,0.01633,1.06081,0.03428,0.19603,-0.03316,0.39199,0.02766,0.00990,0.38223,-0.03673,0.00853,0.92691,-0.00294,0.22537,-0.02161,-0.51419,0.08939,0.00078,0.34853,-0.03923,0.00557,0.93085,0.00298,0.05922,0.01489,0.30658,0.09086,0.00944,-0.17516,-0.17173,0.00849,0.89335,0.00031,0.01219,-0.01335,-0.53744,0.06700,0.00473,-0.27894,-0.00850,0.00771,0.91652,0.01111,0.03208,0.00886,-0.04062,0.04858,0.00579,0.00236,-0.03185,0.00154,1.03138,0.02536,0.19991,-0.00346
5.0500,505,2,5.0502,50.24,0.39214,0.01028,0.00469,0.39298,0.00016,0.00718,1.00824,0.01801,0.23851,-0.12813,-0.56137,0.07087,-0.02066,0.36056,0.00628,0.00694,0.98029,0.03563,0.06267,0.02899,0.26999,-0.02681,-0.02870,-0.10242,-0.11491,0.01107,0.94189,-0.00289,-0.04876,0.07516,-0.57122,0.02523,-0.02389,-0.28820,0.04496,-0.00376,0.94587,0.03224,0.04995,0.14322,-0.06762,-0.01770,-0.00761,0.01826,-0.01596,0.01449,1.06414,0.03823,0.19494,-0.05256,0.39350,0.03246,0.00967,0.38029,-0.04080,0.00807,0.92674,-0.00408,0.22428,-0.02212,-0.50971,0.08973,0.00058,0.34650,-0.04184,0.00509,0.93096,0.00133,0.05996,0.01479,0.31124,0.09530,0.00868,-0.18384,-0.17570,0.00770,0.89337,0.00036,0.01158,-0.01116,-0.53404,0.06930,0.00465,-0.27946,-0.01220,0.00740,0.91702,0.00908,0.03253,0.00900,-0.03812,0.05136,0.00553,0.00075,-0.03260,0.00154,1.03258,0.02253,0.19972,-0.00421
5.1000,510,2,5.1004,50.24,0.39214,0.01028,0.00469,0.39298,0.00016,0.00718,1.00824,0.01801,0.23851,-0.12813,-0.56137,0.07087,-0.02066,0.36056,0.00628,0.00694,0.98029,0.03563,0.06267,0.02899,0.26724,-0.00501,-0.03162,-0.11297,-0.12081,0.00983,0.93821,-0.05122,-0.04089,0.13419,-0.57122,0.02523,-0.02389,-0.28820,0.04496,-0.00376,0.94587,0.03224,0.04995,0.14322,-0.06762,-0.01770,-0.00761,0.01826,-0.01596,0.01449,1.06414,0.03823,0.19494,-0.05256,0.39524,0.03715,0.00942,0.37815,-0.04465,0.00761,0.92651,-0.00511,0.22316,-0.02252,-0.50522,0.08997,0.00041,0.34435,-0.04422,0.00464,0.93099,-0.00020,0.06069,0.01468,0.31611,0.09938,0.00797,-0.19272,-0.17929,0.00695,0.89339,0.00046,0.01107,-0.00926,-0.53052,0.07156,0.00457,-0.28016,-0.01575,0.00708,0.91743,0.00722,0.03298,0.00911,-0.03548,0.05401,0.00528,-0.00090,-0.03336,0.00153,1.03364,0.01986,0.19950,-0.00485
5.1500,515,2,5.1503,49.89,0.39304,0.00494,0.01007,0.39238,-0.01140,0.01087,1.00873,-0.00185,0.22490,-0.10888,-0.55427,0.08481,-0.01422,0.36047,-0.00202,0.01235,0.98366,0.01883,0.06384,0.02656,0.26724,-0.00501,-0.03162,-0.11297,-0.12081,0.00983,0.93821,-0.05122,-0.04089,0.13419,-0.56756,0.04734,-0.02087,-0.28329,0.05325,-0.00728,0.94859,0.03356,0.04925,-0.18028,-0.06900,-0.00584,-0.01851,0.01476,-0.03011,0.00523,1.06653,0.03843,0.18139,-0.07993,0.39721,0.04170,0.00916,0.37583,-0.04827,0.00714,0.92623,-0.00602,0.22203,-0.02284,-0.50071,0.09013,0.00027,0.34209,-0.04640,0.00423,0.93094,-0.00164,0.06142,0.01456,0.32117,0.10313,0.00733,-0.20177,-0.18252,0.00623,0.89342,0.00059,0.01065,-0.00762,-0.52688,0.07378,0.00448,-0.28103,-0.01914,0.00675,0.91775,0.00551,0.03344,0.00920,-0.03272,0.05654,0.00504,-0.00259,-0.03410,0.00150,1.03457,0.01735,0.19924,-0.00540
5.2000,520,2,5.2002,49.89,0.39304,0.00494,0.01007,0.39238,-0.01140,0.01087,1.00873,-0.00185,0.22490,-0.10888,-0.55427,0.08481,-0.01422,0.36047,-0.00202,0.01235,0.98366,0.01883,0.06384,0.02656,0.26577,0.01381,-0.03640,-0.11941,-0.09949,0.00633,0.93526,-0.03361,-0.02904,0.09629,-0.56756,0.04734,-0.02087,-0.28329,0.05325,-0.00728,0.94859,0.03356,0.04925,-0.18028,-0.06900,-0.00584,-0.01851,0.01476,-0.03011,0.00523,1.06653,0.03843,0.18139,-0.07993,0.39940,0.04613,0.00888,0.37333,-0.05165,0.00666,0.92591,-0.00683,0.22088,-0.02309,-0.49620,0.09024,0.00016,0.33972,-0.04837,0.00384,0.93083,-0.00298,0.06215,0.01442,0.32641,0.10658,0.00674,-0.21097,-0.18540,0.00554,0.89345,0.00075,0.01030,-0.00620,-0.52314,0.07595,0.00438,-0.28207,-0.02237,0.00642,0.91798,0.00394,0.03390,0.00926,-0.02983,0.05895,0.00480,-0.00431,-0.03482,0.00145,1.03538,0.01498,0.19896,-0.00587
5.2500,525,2,5.2500,49.81,0.39214,-0.00265,0.00130,0.39046,-0.02288,0.00892,1.00658,-0.02018,0.21176,-0.11034,-0.54637,0.09040,-0.00488,0.35901,-0.01628,0.01628,0.98432,0.00845,0.06284,0.01403,0.26577,0.01381,-0.03640,-0.11941,-0.09949,0.00633,0.93526,-0.03361,-0.02904,0.09629,-0.56167,0.06565,-0.01894,-0.27666,0.06268,0.00342,0.95165,0.03902,0.02175,-0.34503,-0.06906,0.01179,-0.02302,0.01231,-0.02689,0.00409,1.07103,0.05123,0.17109,0.00013,0.40182,0.05041,0.00859,0.37067,-0.05480,0.00618,0.92555,-0.00756,0.21972,-0.02327,-0.49169,0.09029,0.00006,0.33725,-0.05017,0.00349,0.93065,-0.00423,0.06287,0.01428,0.33182,0.10975,0.00620,-0.22030,-0.18796,0.00488,0.89349,0.00094,0.01003,-0.00496,-0.51929,0.07808,0.00428,-0.28326,-0.02544,0.00608,0.91814,0.00251,0.03437,0.00931,-0.02682,0.06125,0.00457,-0.00607,-0.03552,0.00140,1.03607,0.01274,0.19865,-0.00628
5.3000,530,2,5.3010,50.99,0.39214,-0.00265,0.00130,0.39046,-0.02288,0.00892,1.00658,-0.02018,0.21176,-0.11034,-0.54637,0.09040,-0.00488,0.35901,-0.01628,0.01628,0.98432,0.00845,0.06284,0.01403,0.26928,0.05126,-0.03755,-0.13011,-0.10938,0.01504,0.93544,0.00838,-0.01658,0.15576,-0.56167,0.06565,-0.01894,-0.27666,0.06268,0.00342,0.95165,0.03902,0.02175,-0.34503,-0.06906,0.01179,-0.02302,0.01231,-0.02689,0.00409,1.07103,0.05123,0.17109,0.00013,0.40444,0.05455,0.00829,0.36785,-0.05771,0.00570,0.92515,-0.00821,0.21855,-0.02339,-0.48718,0.09030,-0.00001,0.33470,-0.05180,0.00316,0.93041,-0.00541,0.06358,0.01414,0.33739,0.11267,0.00570,-0.22976,-0.19020,0.00425,0.89354,0.00114,0.00981,-0.00390,-0.51533,0.08015,0.00417,-0.28461,-0.02834,0.00574,0.91824,0.00119,0.03483,0.00933,-0.02371,0.06344,0.00435,-0.00786,-0.03619,0.00133,1.03665,0.01064,0.19833,-0.00663
5.3500,535,2,5.3502,49.21,0.39252,0.00388,-0.00700,0.38761,-0.02650,0.00113,1.00372,-0.03263,0.20413,-0.08404,-0.53781,0.09156,-0.00266,0.35628,-0.03025,0.01333,0.98455,0.00277,0.06171,-0.00347,0.26928,0.05126,-0.03755,-0.13011,-0.10938,0.01504,0.93544,0.00838,-0.01658,0.15576,-0.55442,0.08015,-0.00877,-0.27185,0.05110,0.00931,0.95474,0.03656,-0.01028,-0.29549,-0.06730,0.03281,-0.02869,0.01040,-0.02209,0.00373,1.07680,0.05921,0.17216,0.10173,0.40727,0.05854,0.00799,0.36490,-0.06039,0.00522,0.92473,-0.00879,0.21738,-0.02347,-0.48266,0.09028,-0.00007,0.33207,-0.05327,0.00285,0.93011,-0.00651,0.06428,0.01399,0.34309,0.11535,0.00525,-0.23932,-0.19213,0.00364,0.89360,0.00135,0.00963,-0.00299,-0.51127,0.08217,0.00406,-0.28610,-0.03107,0.00540,0.91826,-0.00003,0.03530,0.00934,-0.02048,0.06552,0.00414,-0.00969,-0.03683,0.00125,1.03714,0.00865,0.19799,-0.00692
5.4000,540,2,5.4015,51.32,0.39252,0.00388,-0.00700,0.38761,-0.02650,0.00113,1.00372,-0.03263,0.20413,-0.08404,-0.53781,0.09156,-0.00266,0.35628,-0.03025,0.01333,0.98455,0.00277,0.06171,-0.00347,0.27649,0.09124,-0.03595,-0.14494,-0.13945,0.02296,0.93883,0.05659,-0.00659,0.21605,-0.55442,0.08015,-0.00877,-0.27185,0.05110,0.00931,0.95474,0.03656,-0.01028,-0.29549,-0.06730,0.03281,-0.02869,0.01040,-0.02209,0.00373,1.07680,0.05921,0.17216,0.10173,0.41030,0.06239,0.00769,0.36182,-0.06283,0.00474,0.92427,-0.00932,0.21620,-0.02350,-0.47815,0.09024,-0.00011,0.32938,-0.05460,0.00256,0.92976,-0.00755,0.06498,0.01383,0.34892,0.11783,0.00485,-0.24897,-0.19378,0.00305,0.89368,0.00157,0.00950,-0.00220,-0.50711,0.08414,0.00394,-0.28771,-0.03364,0.00505,0.91823,-0.00115,0.03577,0.00934,-0.01716,0.06750,0.00393,-0.01154,-0.03742,0.00116,1.03752,0.00677,0.19764,-0.00717
5.4500,545,2,5.4501,48.62,0.39398,0.01375,-0.00449,0.38284,-0.04097,0.00392,0.99901,-0.04449,0.20105,-0.04264,-0.52966,0.08676,0.00204,0.35194,-0.04150,0.00731,0.98185,-0.02097,0.05987,-0.03583,0.27649,0.09124,-0.03595,-0.14494,-0.13945,0.02296,0.93883,0.05659,-0.00659,0.21605,-0.54672,0.08049,-0.00338,-0.26772,0.03804,0.01952,0.95750,0.02613,-0.03552,-0.10878,-0.06669,0.04518,-0.02068,0.00648,-0.02236,0.00563,1.08454,0.05971,0.18943,0.21140,0.41351,0.06608,0.00738,0.35862,-0.06504,0.00426,0.92380,-0.00979,0.21503,-0.02350,-0.47364,0.09018,-0.00014,0.32662,-0.05579,0.00229,0.92935,-0.00853,0.06566,0.01368,0.35487,0.12011,0.00448,-0.25869,-0.19513,0.00248,0.89376,0.00180,0.00941,-0.00153,-0.50286,0.08604,0.00382,-0.28946,-0.03603,0.00470,0.91815,-0.00219,0.03623,0.00933,-0.01373,0.06938,0.00373,-0.01343,-0.03796,0.00106,1.03781,0.00499,0.19727,-0.00738
5.5000,550,2,5.4999,49.72,0.39398,0.01375,-0.00449,0.38284,-0.04097,0.00392,0.99901,-0.04449,0.20105,-0.04264,-0.52966,0.08676,0.00204,0.35194,-0.04150,0.00731,0.98185,-0.02097,0.05987,-0.03583,0.28788,0.12271,-0.02683,-0.15292,-0.12505,0.02659,0.94030,0.03693,0.01490,0.11148,-0.54672,0.08049,-0.00338,-0.26772,0.03804,0.01952,0.95750,0.02613,-0.03552,-0.10878,-0.06669,0.04518,-0.02068,0.00648,-0.02236,0.00563,1.08454,0.05971,0.18943,0.21140,0.41690,0.06963,0.00707,0.35532,-0.06701,0.00378,0.92330,-0.01023,0.21386,-0.02347,-0.46913,0.09011,-0.00015,0.32380,-0.05685,0.00204,0.92890,-0.00945,0.06634,0.01352,0.36093,0.12223,0.00415,-0.26847,-0.19621,0.00192,0.89386,0.00202,0.00935,-0.00095,-0.49851,0.08788,0.00369,-0.29131,-0.03825,0.00435,0.91802,-0.00316,0.03670,0.00930,-0.01022,0.07116,0.00354,-0.01534,-0.03846,0.00095,1.03802,0.00331,0.19690,-0.00755
5.5500,555,2,5.5501,50.28,0.39553,0.01834,-0.00274,0.37881,-0.04413,0.00958,0.99556,-0.03052,0.19954,-0.04838,-0.52221,0.08011,0.00554,0.34714,-0.04579,0.00417,0.98024,-0.01460,0.05677,0.00015,0.28788,0.12271,-0.02683,-0.15292,-0.12505,0.02659,0.94030,0.03693,0.01490,0.11148,-0.53923,0.07978,0.01092,-0.26510,0.01185,0.03685,0.96063,0.02702,-0.04661,0.06698,-0.06154,0.06109,-0.01678,0.00529,-0.01637,0.01113,1.09000,0.04290,0.21800,0.28901,0.42047,0.07302,0.00677,0.35192,-0.06875,0.00331,0.92277,-0.01063,0.21268,-0.02341,-0.46463,0.09003,-0.00016,0.32093,-0.05779,0.00179,0.92841,-0.01032,0.06702,0.01336,0.36709,0.12419,0.00385,-0.27831,-0.19702,0.00138,0.89396,0.00224,0.00932,-0.00046,-0.49407,0.08966,0.00356,-0.29328,-0.04030,0.00400,0.91784,-0.00407,0.03716,0.00927,-0.00662,0.07285,0.00335,-0.01727,-0.03890,0.00084,1.03815,0.00171,0.19652,-0.00770
5.6000,560,2,5.5997,49.52,0.39553,0.01834,-0.00274,0.37881,-0.04413,0.00958,0.99556,-0.03052,0.19954,-0.04838,-0.52221,0.08011,0.00554,0.34714,-0.04579,0.00417,0.98024,-0.01460,0.05677,0.00015,0.30087,0.14697,-0.00944,-0.17287,-0.19257,0.03614,0.93567,-0.03160,0.01743,-0.01149,-0.53923,0.07978,0.01092,-0.26510,0.01185,0.03685,0.96063,0.02702,-0.04661,0.06698,-0.06154,0.06109,-0.01678,0.00529,-0.01637,0.01113,1.09000,0.04290,0.21800,0.28901,0.42420,0.07627,0.00646,0.34845,-0.07026,0.00284,0.92223,-0.01101,0.21151,-0.02332,-0.46013,0.08996,-0.00016,0.31802,-0.05862,0.00156,0.92787,-0.01115,0.06768,0.01320,0.37334,0.12601,0.00358,-0.28817,-0.19756,0.00084,0.89408,0.00245,0.00930,-0.00004,-0.48955,0.09137,0.00342,-0.29534,-0.04217,0.00365,0.91761,-0.00492,0.03763,0.00924,-0.00294,0.07445,0.00318,-0.01923,-0.03928,0.00071,1.03819,0.00019,0.19613,-0.00781
5.6500,565,2,5.6500,50.36,0.39736,0.02334,-0.00798,0.37477,-0.04928,0.01174,0.99397,-0.00478,0.19597,-0.08062,-0.51524,0.07302,-0.00536,0.34096,-0.05497,0.00242,0.97899,0.00636,0.06287,0.08314,0.30087,0.14697,-0.00944,-0.17287,-0.19257,0.03614,0.93567,-0.03160,0.01743,-0.01149,-0.53268,0.06165,0.00742,-0.26785,-0.02424,0.03463,0.96131,0.01776,-0.03907,0.13578,-0.05529,0.07415,-0.00737,0.00266,-0.02336,0.00962,1.09169,0.00989,0.24897,0.27531,0.42809,0.07936,0.00616,0.34490,-0.07154,0.00238,0.92167,-0.01137,0.21035,-0.02322,-0.45563,0.08988,-0.00015,0.31507,-0.05933,0.00134,0.92729,-0.01194,0.06834,0.01304,0.37969,0.12771,0.00334,-0.29806,-0.19785,0.00032,0.89421,0.00266,0.00931,0.00032,-0.48494,0.09301,0.00328,-0.29749,-0.04388,0.00330,0.91734,-0.00574,0.03809,0.00919,0.00082,0.07597,0.00300,-0.02120,-0.03959,0.00058,1.03817,-0.00125,0.19574,-0.00791
5.7000,570,2,5.7001,50.03,0.39736,0.02334,-0.00798,0.37477,-0.04928,0.01174,0.99397,-0.00478,0.19597,-0.08062,-0.51524,0.07302,-0.00536,0.34096,-0.05497,0.00242,0.97899,0.00636,0.06287,0.08314,0.31613,0.15472,0.00371,-0.19505,-0.22759,0.02057,0.92892,-0.07126,0.01797,-0.00556,-0.53268,0.06165,0.00742,-0.26785,-0.02424,0.03463,0.96131,0.01776,-0.03907,0.13578,-0.05529,0.07415,-0.00737,0.00266,-0.02336,0.00962,1.09169,0.00989,0.24897,0.27531,0.43213,0.08231,0.00586,0.34130,-0.07259,0.00193,0.92110,-0.01171,0.20919,-0.02310,-0.45114,0.08981,-0.00013,0.31209,-0.05993,0.00112,0.92668,-0.01269,0.06898,0.01288,0.38611,0.12929,0.00314,-0.30795,-0.19788,-0.00020,0.89435,0.00286,0.00933,0.00062,-0.48025,0.09458,0.00313,-0.29973,-0.04541,0.00296,0.91704,-0.00651,0.03855,0.00914,0.00466,0.07740,0.00284,-0.02318,-0.03984,0.00044,1.03807,-0.00263,0.19534,-0.00798
5.7500,575,2,5.7498,49.77,0.39978,0.03409,-0.01523,0.36988,-0.05675,0.01224,0.99341,-0.00245,0.19124,-0.11783,-0.50783,0.07701,0.00153,0.33513,-0.06353,0.01505,0.98250,0.04099,0.07171,0.20053,0.31613,0.15472,0.00371,-0.19505,-0.22759,0.02057,0.92892,-0.07126,0.01797,-0.00556,-0.52668,0.06192,-0.00207,-0.27457,-0.06923,0.02571,0.96064,-0.00493,-0.02212,0.16934,-0.04777,0.07856,-0.00144,-0.00129,-0.03233,0.01054,1.09006,-0.02235,0.27185,0.16403,0.43632,0.08511,0.00556,0.33765,-0.07343,0.00148,0.92050,-0.01205,0.20804,-0.02296,-0.44665,0.08975,-0.00011,0.30908,-0.06043,0.00091,0.92603,-0.01342,0.06962,0.01271,0.39261,0.13079,0.00296,-0.31784,-0.19765,-0.00072,0.89449,0.00304,0.00937,0.00087,-0.47548,0.09608,0.00298,-0.30203,-0.04678,0.00261,0.91669,-0.00726,0.03900,0.00909,0.00856,0.07875,0.00268,-0.02518,-0.04003,0.00030,1.03790,-0.00396,0.19494,-0.00804
5.8000,580,2,5.8004,50.57,0.39978,0.03409,-0.01523,0.36988,-0.05675,0.01224,0.99341,-0.00245,0.19124,-0.11783,-0.50783,0.07701,0.00153,0.33513,-0.06353,0.01505,0.98250,0.04099,0.07171,0.20053,0.32989,0.13959,0.00634,-0.21350,-0.21625,0.00179,0.91995,-0.09396,0.02216,-0.04396,-0.52668,0.06192,-0.00207,-0.27457,-0.06923,0.02571,0.96064,-0.00493,-0.02212,0.16934,-0.04777,0.07856,-0.00144,-0.00129,-0.03233,0.01054,1.09006,-0.02235,0.27185,0.16403,0.44064,0.08776,0.00526,0.33396,-0.07405,0.00104,0.91989,-0.01240,0.20690,-0.02281,-0.44216,0.08970,-0.00008,0.30605,-0.06083,0.00071,0.92534,-0.01412,0.07026,0.01255,0.39919,0.13220,0.00280,-0.32771,-0.19717,-0.00123,0.89465,0.00320,0.00942,0.00107,-0.47064,0.09751,0.00283,-0.30440,-0.04798,0.00227,0.91631,-0.00800,0.03946,0.00903,0.01253,0.08003,0.00253,-0.02719,-0.04014,0.00015,1.03767,-0.00523,0.19454,-0.00808
5.8500,585,2,5.8499,49.49,0.40377,0.05120,-0.01380,0.36372,-0.06490,0.01311,0.99245,-0.00929,0.18340,-0.05021,-0.50140,0.07524,-0.01859,0.32752,-0.06805,-0.01112,0.98353,0.02633,0.09842,0.27060,0.32989,0.13959,0.00634,-0.21350,-0.21625,0.00179,0.91995,-0.09396,0.02216,-0.04396,-0.52108,0.05952,-0.00988,-0.28329,-0.08966,0.01473,0.95994,-0.00786,-0.00434,0.16178,-0.03937,0.08358,-0.00028,-0.00676,-0.05022,0.00954,1.08441,-0.05688,0.28228,0.11736,0.44509,0.09027,0.00497,0.33025,-0.07445,0.00061,0.91926,-0.01274,0.20576,-0.02266,-0.43768,0.08967,-0.00004,0.30300,-0.06112,0.00050,0.92461,-0.01480,0.07088,0.01239,0.40583,0.13354,0.00267,-0.33755,-0.19644,-0.00174,0.89481,0.00335,0.00948,0.00124,-0.46573,0.09885,0.00267,-0.30683,-0.04901,0.00193,0.91589,-0.00872,0.03990,0.00897,0.01657,0.08123,0.00238,-0.02919,-0.04017,-0.00001,1.03738,-0.00646,0.19413,-0.00811
5.9000,590,2,5.9016,51.70,0.40377,0.05120,-0.01380,0.36372,-0.06490,0.01311,0.99245,-0.00929,0.18340,-0.05021,-0.50140,0.07524,-0.01859,0.32752,-0.06805,-0.01112,0.98353,0.02633,0.09842,0.27060,0.34512,0.13636,0.00468,-0.23626,-0.23452,-0.00380,0.91927,0.00615,0.01455,-0.06496,-0.52108,0.05952,-0.00988,-0.28329,-0.08966,0.01473,0.95994,-0.00786,-0.00434,0.16178,-0.03937,0.08358,-0.00028,-0.00676,-0.05022,0.00954,1.08441,-0.05688,0.28228,0.11736,0.44967,0.09264,0.00468,0.32652,-0.07465,0.00019,0.91862,-0.01311,0.20463,-0.02249,-0.43319,0.08966,-0.00000,0.29994,-0.06132,0.00030,0.92386,-0.01547,0.07149,0.01224,0.41254,0.13483,0.00257,-0.34735,-0.19546,-0.00226,0.89499,0.00347,0.00954,0.00138,-0.46076,0.10013,0.00251,-0.30930,-0.04987,0.00160,0.91544,-0.00944,0.04035,0.00890,0.02066,0.08237,0.00224,-0.03120,-0.04013,-0.00016,1.03703,-0.00765,0.19373,-0.00813
5.9500,595,2,5.9503,48.74,0.40960,0.05682,-0.00517,0.36114,-0.05604,0.00994,0.99418,0.00365,0.17919,0.00088,-0.49428,0.08630,-0.00598,0.32213,-0.05001,-0.01635,0.98534,0.02020,0.12007,0.17744,0.34512,0.13636,0.00468,-0.23626,-0.23452,-0.00380,0.91927,0.00615,0.01455,-0.06496,-0.51414,0.07285,-0.00515,-0.29438,-0.10491,-0.00098,0.95819,-0.01193,0.01876,0.26790,-0.03235,0.07790,-0.00814,-0.01011,-0.04026,-0.00643,1.08087,-0.04943,0.28930,-0.03967,0.45436,0.09486,0.00439,0.32278,-0.07464,-0.00022,0.91795,-0.01349,0.20351,-0.02232,-0.42871,0.08968,0.00005,0.29687,-0.06141,0.00009,0.92307,-0.01612,0.07210,0.01208,0.41931,0.13607,0.00249,-0.35710,-0.19423,-0.00277,0.89516,0.00356,0.00962,0.00149,-0.45572,0.10132,0.00235,-0.31181,-0.05057,0.00127,0.91495,-0.01016,0.04080,0.00884,0.02480,0.08343,0.00210,-0.03321,-0.04001,-0.00033,1.03662,-0.00881,0.19332,-0.00814
6.0000,600,3,6.0005,50.18,0.40960,0.05682,-0.00517,0.36114,-0.05604,0.00994,0.99418,0.00365,0.17919,0.00088,-0.49428,0.08630,-0.00598,0.32213,-0.05001,-0.01635,0.98534,0.02020,0.12007,0.17744,0.35967,0.13966,0.00490,-0.26097,-0.24683,-0.00031,0.92300,0.04648,0.00708,-0.03458,-0.51414,0.07285,-0.00515,-0.29438,-0.10491,-0.00098,0.95819,-0.01193,0.01876,0.26790,-0.03235,0.07790,-0.00814,-0.01011,-0.04026,-0.00643,1.08087,-0.04943,0.28930,-0.03967,0.40960,0.05682,-0.00517,0.36114,-0.05604,0.00994,0.99418,0.00365,0.17919,0.00088,-0.49428,0.08630,-0.00598,0.32213,-0.05001,-0.01635,0.98534,0.02020,0.12007,0.17744,0.35967,0.13966,0.00490,-0.26097,-0.24683,-0.00031,0.92300,0.04648,0.00708,-0.03458,-0.51414,0.07285,-0.00515,-0.29438,-0.10491,-0.00098,0.95819,-0.01193,0.01876,0.26790,-0.03235,0.07790,-0.00814,-0.01011,-0.04026,-0.00643,1.08087,-0.04943,0.28930,-0.03967
6.0500,605,3,6.0500,49.46,0.41686,0.06994,-0.00385,0.35226,-0.08076,0.01550,0.99266,-0.00653,0.17724,0.02222,-0.48718,0.08683,-0.03889,0.31794,-0.03089,-0.01316,0.98573,-0.00806,0.13638,0.15297,0.35967,0.13966,0.00490,-0.26097,-0.24683,-0.00031,0.92300,0.04648,0.00708,-0.03458,-0.50552,0.08429,-0.01219,-0.30537,-0.09935,-0.00695,0.95640,-0.01139,0.04925,0.26055,-0.02367,0.09678,-0.02855,-0.01643,-0.04835,0.00713,1.07443,-0.04756,0.28006,-0.05365,0.41240,0.05561,-0.00009,0.35823,-0.06038,0.00782,0.99410,-0.00643,0.17920,-0.00014,-0.49002,0.08420,-0.00278,0.31980,-0.04398,-0.00880,0.98578,-0.00131,0.12838,0.15539,0.36672,0.14237,0.00605,-0.27331,-0.24652,-0.00098,0.92487,0.02951,0.00545,-0.03077,-0.51055,0.07133,-0.00132,-0.29960,-0.10367,-0.00388,0.95765,-0.00999,0.03131,0.23464,-0.02854,0.07494,-0.00419,-0.01206,-0.03753,-0.00478,1.07862,-0.04110,0.28742,-0.03558
6.1000,610,3,6.0999,49.94,0.41686,0.06994,-0.00385,0.35226,-0.08076,0.01550,0.99266,-0.00653,0.17724,0.02222,-0.48718,0.08683,-0.03889,0.31794,-0.03089,-0.01316,0.98573,-0.00806,0.13638,0.15297,0.37223,0.12930,0.01601,-0.28182,-0.22329,-0.03164,0.92629,0.03875,-0.00495,-0.12484,-0.50552,0.08429,-0.01219,-0.30537,-0.09935,-0.00695,0.95640,-0.01139,0.04925,0.26055,-0.02367,0.09678,-0.02855,-0.01643,-0.04835,0.00713,1.07443,-0.04756,0.28006,-0.05365,0.41519,0.05645,0.00326,0.35512,-0.06379,0.00614,0.99354,-0.01592,0.17917,-0.00106,-0.48584,0.08339,-0.00067,0.31768,-0.04095,-0.00392,0.98531,-0.01652,0.13566,0.13611,0.37392,0.14551,0.00665,-0.28562,-0.24584,-0.00181,0.92602,0.01711,0.00400,-0.02742,-0.50699,0.07135,0.00124,-0.30473,-0.10128,-0.00573,0.95717,-0.00973,0.04229,0.20555,-0.02483,0.07358,-0.00152,-0.01388,-0.03548,-0.00366,1.07671,-0.03571,0.28573,-0.03202
6.1500,615,3,6.1498,49.93,0.42285,0.06733,0.00957,0.34254,-0.08817,-0.01644,0.98971,-0.00235,0.17146,-0.07462,-0.47888,0.10308,0.01819,0.31593,-0.01430,-0.01246,0.98309,-0.01171,0.15707,0.15730,0.37223,0.12930,0.01601,-0.28182,-0.22329,-0.03164,0.92629,0.03875,-0.00495,-0.12484,-0.49602,0.09227,0.01443,-0.31354,-0.08297,-0.02942,0.95524,0.00408,0.06697,0.10848,-0.01214,0.11906,0.00124,-0.02213,-0.04342,-0.02312,1.07029,-0.01540,0.29578,0.27126,0.41806,0.05862,0.00542,0.35186,-0.06645,0.00476,0.99253,-0.02443,0.17910,-0.00188,-0.48167,0.08343,0.00071,0.31567,-0.03984,-0.00086,0.98420,-0.02739,0.14203,0.11926,0.38128,0.14884,0.00690,-0.29789,-0.24473,-0.00275,0.92664,0.00791,0.00270,-0.02448,-0.50340,0.07240,0.00291,-0.30971,-0.09817,-0.00686,0.95666,-0.01071,0.05192,0.18011,-0.02116,0.07330,0.00026,-0.01561,-0.03389,-0.00290,1.07501,-0.03242,0.28421,-0.02891
6.2000,620,3,6.1999,50.04,0.42285,0.06733,0.00957,0.34254,-0.08817,-0.01644,0.98971,-0.00235,0.17146,-0.07462,-0.47888,0.10308,0.01819,0.31593,-0.01430,-0.01246,0.98309,-0.01171,0.15707,0.15730,0.38228,0.08546,0.05166,-0.29638,-0.14699,-0.07294,0.92735,0.04392,-0.01743,-0.12849,-0.49602,0.09227,0.01443,-0.31354,-0.08297,-0.02942,0.95524,0.00408,0.06697,0.10848,-0.01214,0.11906,0.00124,-0.02213,-0.04342,-0.02312,1.07029,-0.01540,0.29578,0.27126,0.42107,0.06163,0.00674,0.34849,-0.06850,0.00361,0.99112,-0.03185,0.17899,-0.00261,-0.47748,0.08401,0.00161,0.31368,-0.03990,0.00095,0.98262,-0.03523,0.14762,0.10454,0.38880,0.15224,0.00692,-0.31009,-0.24314,-0.00375,0.92685,0.00099,0.00154,-0.02190,-0.49974,0.07410,0.00397,-0.31454,-0.09462,-0.00752,0.95608,-0.01256,0.06036,0.15786,-0.01749,0.07374,0.00144,-0.01727,-0.03260,-0.00239,1.07344,-0.03062,0.28283,-0.02619
6.2500,625,3,6.2500,50.17,0.42826,0.04300,0.02071,0.33527,-0.05401,-0.04365,0.99080,0.04216,0.16476,-0.04219,-0.47177,0.06187,0.02654,0.31410,-0.00707,-0.00450,0.98557,0.04313,0.17502,0.12835,0.38228,0.08546,0.05166,-0.29638,-0.14699,-0.07294,0.92735,0.04392,-0.01743,-0.12849,-0.48715,0.07086,0.02926,-0.32065,-0.05635,-0.03128,0.95743,0.05014,0.08197,0.15010,-0.00239,0.08599,0.03203,-0.02584,-0.01806,-0.04348,1.07390,0.06209,0.31834,0.15701,0.42423,0.06513,0.00748,0.34502,-0.07002,0.00263,0.98936,-0.03821,0.17884,-0.00326,-0.47326,0.08495,0.00218,0.31167,-0.04063,0.00192,0.98071,-0.04096,0.15252,0.09167,0.39650,0.15561,0.00681,-0.32219,-0.24104,-0.00478,0.92676,-0.00429,0.00050,-0.01963,-0.49598,0.07622,0.00460,-0.31917,-0.09084,-0.00787,0.95540,-0.01501,0.06775,0.13840,-0.01378,0.07464,0.00219,-0.01887,-0.03151,-0.00206,1.07193,-0.02989,0.28158,-0.02382
6.3000,630,3,6.2998,49.80,0.42826,0.04300,0.02071,0.33527,-0.05401,-0.04365,0.99080,0.04216,0.16476,-0.04219,-0.47177,0.06187,0.02654,0.31410,-0.00707,-0.00450,0.98557,0.04313,0.17502,0.12835,0.38912,0.04400,0.04197,-0.30814,-0.07783,-0.05585,0.93194,0.06013,-0.03303,-0.14911,-0.48715,0.07086,0.02926,-0.32065,-0.05635,-0.03128,0.95743,0.05014,0.08197,0.15010,-0.00239,0.08599,0.03203,-0.02584,-0.01806,-0.04348,1.07390,0.06209,0.31834,0.15701,0.42758,0.06890,0.00781,0.34149,-0.07110,0.00177,0.98731,-0.04360,0.17866,-0.00384,-0.46898,0.08612,0.00254,0.30961,-0.04169,0.00233,0.97855,-0.04521,0.15681,0.08041,0.40436,0.15891,0.00663,-0.33418,-0.23844,-0.00583,0.92644,-0.00838,-0.00043,-0.01764,-0.49211,0.07857,0.00495,-0.32362,-0.08694,-0.00800,0.95458,-0.01785,0.07424,0.12137,-0.01002,0.07584,0.00265,-0.02043,-0.03055,-0.00187,1.07044,-0.02992,0.28044,-0.02174
6.3500,635,3,6.3499,50.09,0.43137,0.01921,0.01476,0.33020,-0.02153,-0.03858,0.99510,0.07369,0.15914,-0.02402,-0.46776,0.03607,0.02704,0.31187,-0.02554,0.01386,0.98877,0.06646,0.19185,0.34077,0.38912,0.04400,0.04197,-0.30814,-0.07783,-0.05585,0.93194,0.06013,-0.03303,-0.14911,-0.48143,0.03754,0.03243,-0.32297,-0.02072,-0.03197,0.96366,0.08074,0.09498,0.09573,0.00367,0.03711,0.03350,-0.02555,0.01669,-0.03851,1.08380,0.12348,0.32795,0.02891,0.43112,0.07275,0.00786,0.33792,-0.07177,0.00100,0.98502,-0.04815,0.17846,-0.00435,-0.46465,0.08742,0.00277,0.30750,-0.04285,0.00235,0.97621,-0.04840,0.16058,0.07058,0.41239,0.16210,0.00641,-0.34603,-0.23533,-0.00687,0.92594,-0.01161,-0.00126,-0.01589,-0.48812,0.08104,0.00509,-0.32787,-0.08301,-0.00800,0.95361,-0.02090,0.07993,0.10648,-0.00619,0.07721,0.00291,-0.02193,-0.02967,-0.00176,1.06893,-0.03050,0.27940,-0.01993
6.4000,640,3,6.3996,49.67,0.43137,0.01921,0.01476,0.33020,-0.02153,-0.03858,0.99510,0.07369,0.15914,-0.02402,-0.46776,0.03607,0.02704,0.31187,-0.02554,0.01386,0.98877,0.06646,0.19185,0.34077,0.39146,0.00554,0.02810,-0.30998,-0.00379,-0.03887,0.93502,0.03077,-0.04759,-0.11629,-0.48143,0.03754,0.03243,-0.32297,-0.02072,-0.03197,0.96366,0.08074,0.09498,0.09573,0.00367,0.03711,0.03350,-0.02555,0.01669,-0.03851,1.08380,0.12348,0.32795,0.02891,0.43486,0.07657,0.00770,0.33432,-0.07209,0.00031,0.98251,-0.05200,0.17823,-0.00481,-0.46024,0.08882,0.00291,0.30533,-0.04395,0.00212,0.97372,-0.05086,0.16389,0.06198,0.42057,0.16519,0.00619,-0.35771,-0.23170,-0.00792,0.92529,-0.01422,-0.00202,-0.01435,-0.48400,0.08355,0.00510,-0.33192,-0.07910,-0.00792,0.95248,-0.02406,0.08492,0.09346,-0.00229,0.07867,0.00303,-0.02339,-0.02881,-0.00172,1.06739,-0.03147,0.27845,-0.01834
6.4500,645,3,6.4501,50.51,0.43209,0.00192,0.00446,0.32967,0.01331,-0.02861,1.00331,0.10659,0.15514,-0.00030,-0.46640,0.00456,0.00942,0.30907,-0.02354,-0.03274,0.99660,0.09419,0.23357,0.35350,0.39146,0.00554,0.02810,-0.30998,-0.00379,-0.03887,0.93502,0.03077,-0.04759,-0.11629,-0.47948,0.00509,0.02013,-0.32449,0.00208,-0.02257,0.97196,0.08981,0.10000,-0.00417,0.00586,0.00534,0.01949,-0.02423,0.02771,-0.01719,1.09641,0.14334,0.32511,-0.06373,0.43878,0.08028,0.00740,0.33072,-0.07209,-0.00030,0.97983,-0.05525,0.17798,-0.00521,-0.45576,0.09027,0.00302,0.30310,-0.04490,0.00171,0.97113,-0.05282,0.16680,0.05446,0.42891,0.16817,0.00597,-0.36919,-0.22756,-0.00895,0.92452,-0.01640,-0.00270,-0.01300,-0.47977,0.08603,0.00500,-0.33578,-0.07525,-0.00778,0.95120,-0.02723,0.08930,0.08206,0.00168,0.08017,0.00305,-0.02481,-0.02797,-0.00174,1.06578,-0.03272,0.27757,-0.01695
6.5000,650,3,6.4999,49.81,0.43209,0.00192,0.00446,0.32967,0.01331,-0.02861,1.00331,0.10659,0.15514,-0.00030,-0.46640,0.00456,0.00942,0.30907,-0.02354,-0.03274,0.99660,0.09419,0.23357,0.35350,0.39211,-0.00623,-0.00053,-0.31089,0.00398,0.00427,0.93972,0.03732,-0.05455,-0.07321,-0.47948,0.00509,0.02013,-0.32449,0.00208,-0.02257,0.97196,0.08981,0.10000,-0.00417,0.00586,0.00534,0.01949,-0.02423,0.02771,-0.01719,1.09641,0.14334,0.32511,-0.06373,0.44288,0.08382,0.00700,0.32712,-0.07180,-0.00086,0.97699,-0.05802,0.17771,-0.00556,-0.45121,0.09177,0.00310,0.30084,-0.04562,0.00120,0.96845,-0.05444,0.16935,0.04788,0.43739,0.17106,0.00578,-0.38045,-0.22292,-0.00999,0.92366,-0.01832,-0.00332,-0.01182,-0.47540,0.08844,0.00484,-0.33944,-0.07148,-0.00762,0.94976,-0.03036,0.09315,0.07209,0.00572,0.08165,0.00300,-0.02619,-0.02710,-0.00179,1.06411,-0.03418,0.27675,-0.01574
6.5500,655,3,6.5496,49.71,0.43222,-0.00014,-0.00183,0.33117,0.02882,-0.00796,1.01427,0.10972,0.15435,0.06453,-0.46672,0.00048,-0.02600,0.30823,0.01109,-0.02074,1.00631,0.09361,0.25405,-0.03111,0.39211,-0.00623,-0.00053,-0.31089,0.00398,0.00427,0.93972,0.03732,-0.05455,-0.07321,-0.47959,-0.00923,0.00444,-0.32347,0.01602,-0.00681,0.97908,0.06604,0.09809,-0.07501,0.00537,-0.01281,0.01261,-0.02161,0.02887,0.00008,1.10962,0.12854,0.31498,-0.15776,0.44716,0.08714,0.00653,0.32354,-0.07125,-0.00137,0.97403,-0.06038,0.17742,-0.00586,-0.44659,0.09331,0.00317,0.29855,-0.04606,0.00061,0.96569,-0.05587,0.17160,0.04213,0.44601,0.17385,0.00561,-0.39147,-0.21777,-0.01101,0.92269,-0.02013,-0.00389,-0.01077,-0.47092,0.09077,0.00464,-0.34293,-0.06778,-0.00744,0.94817,-0.03341,0.09653,0.06337,0.00984,0.08311,0.00291,-0.02752,-0.02621,-0.00186,1.06236,-0.03579,0.27599,-0.01467
6.6000,660,3,6.5998,50.16,0.43222,-0.00014,-0.00183,0.33117,0.02882,-0.00796,1.01427,0.10972,0.15435,0.06453,-0.46672,0.00048,-0.02600,0.30823,0.01109,-0.02074,1.00631,0.09361,0.25405,-0.03111,0.39198,0.00535,-0.02365,-0.31501,-0.03817,0.03717,0.94812,0.06602,-0.05013,0.07753,-0.47959,-0.00923,0.00444,-0.32347,0.01602,-0.00681,0.97908,0.06604,0.09809,-0.07501,0.00537,-0.01281,0.01261,-0.02161,0.02887,0.00008,1.10962,0.12854,0.31498,-0.15776,0.45159,0.09022,0.00601,0.32000,-0.07046,-0.00183,0.97096,-0.06237,0.17712,-0.00613,-0.44188,0.09488,0.00323,0.29624,-0.04621,-0.00002,0.96286,-0.05725,0.17358,0.03710,0.45477,0.17657,0.00546,-0.40222,-0.21212,-0.01202,0.92164,-0.02198,-0.00440,-0.00986,-0.46633,0.09299,0.00440,-0.34622,-0.06417,-0.00727,0.94642,-0.03635,0.09950,0.05574,0.01403,0.08450,0.00278,-0.02881,-0.02527,-0.00196,1.06053,-0.03752,0.27528,-0.01374
6.6500,665,3,6.6501,50.28,0.43160,0.00037,-0.00384,0.33259,0.01664,0.01596,1.02405,0.09488,0.16029,0.05789,-0.46559,0.02303,-0.02325,0.31038,0.02745,0.00135,1.01534,0.07972,0.24422,-0.15458,0.39198,0.00535,-0.02365,-0.31501,-0.03817,0.03717,0.94812,0.06602,-0.05013,0.07753,-0.48050,-0.01050,-0.00086,-0.32246,0.01451,0.00493,0.98433,0.04407,0.09176,-0.04967,0.00326,-0.02373,0.01243,-0.01893,0.02438,0.01121,1.11831,0.08445,0.29492,-0.19424,0.45618,0.09304,0.00548,0.31650,-0.06946,-0.00225,0.96780,-0.06407,0.17681,-0.00636,-0.43710,0.09648,0.00325,0.29393,-0.04604,-0.00066,0.95996,-0.05863,0.17532,0.03270,0.46367,0.17920,0.00526,-0.41268,-0.20598,-0.01299,0.92049,-0.02392,-0.00487,-0.00905,-0.46163,0.09508,0.00414,-0.34934,-0.06065,-0.00709,0.94453,-0.03917,0.10212,0.04907,0.01829,0.08583,0.00263,-0.03005,-0.02429,-0.00207,1.05861,-0.03933,0.27461,-0.01292
6.7000,670,3,6.6998,49.74,0.43160,0.00037,-0.00384,0.33259,0.01664,0.01596,1.02405,0.09488,0.16029,0.05789,-0.46559,0.02303,-0.02325,0.31038,0.02745,0.00135,1.01534,0.07972,0.24422,-0.15458,0.39396,0.03831,-0.04059,-0.32606,-0.10407,0.04955,0.95773,0.08315,-0.03944,0.15324,-0.48050,-0.01050,-0.00086,-0.32246,0.01451,0.00493,0.98433,0.04407,0.09176,-0.04967,0.00326,-0.02373,0.01243,-0.01893,0.02438,0.01121,1.11831,0.08445,0.29492,-0.19424,0.46089,0.09560,0.00497,0.31305,-0.06826,-0.00265,0.96456,-0.06556,0.17649,-0.00656,-0.43223,0.09807,0.00323,0.29164,-0.04557,-0.00128,0.95700,-0.06000,0.17686,0.02885,0.47269,0.18172,0.00501,-0.42281,-0.19938,-0.01392,0.91925,-0.02592,-0.00531,-0.00835,-0.45682,0.09705,0.00387,-0.35229,-0.05721,-0.00693,0.94251,-0.04187,0.10442,0.04322,0.02261,0.08708,0.00246,-0.03124,-0.02324,-0.00219,1.05659,-0.04119,0.27399,-0.01220
6.7500,675,3,6.7498,49.97,0.43138,0.00742,-0.00932,0.33288,-0.00374,0.02471,1.03299,0.07559,0.16491,0.07666,-0.46202,0.05172,-0.03909,0.31320,0.02707,0.01662,1.02123,0.03635,0.23476,-0.09848,0.39396,0.03831,-0.04059,-0.32606,-0.10407,0.04955,0.95773,0.08315,-0.03944,0.15324,-0.48089,-0.00080,-0.01454,-0.32245,0.00355,0.01614,0.98699,0.01805,0.09042,-0.02525,-0.00007,-0.03077,-0.00449,-0.01757,0.00752,0.02365,1.12419,0.03398,0.27881,-0.15486,0.46573,0.09791,0.00447,0.30967,-0.06687,-0.00302,0.96125,-0.06689,0.17615,-0.00673,-0.42729,0.09963,0.00315,0.28938,-0.04479,-0.00189,0.95396,-0.06134,0.17822,0.02548,0.48183,0.18410,0.00470,-0.43261,-0.19234,-0.01479,0.91790,-0.02795,-0.00571,-0.00773,-0.45192,0.09887,0.00358,-0.35507,-0.05385,-0.00677,0.94035,-0.04445,0.10645,0.03811,0.02700,0.08824,0.00227,-0.03237,-0.02213,-0.00232,1.05449,-0.04310,0.27339,-0.01157
6.8000,680,3,6.7997,49.91,0.43138,0.00742,-0.00932,0.33288,-0.00374,0.02471,1.03299,0.07559,0.16491,0.07666,-0.46202,0.05172,-0.03909,0.31320,0.02707,0.01662,1.02123,0.03635,0.23476,-0.09848,0.39758,0.06976,-0.04481,-0.33873,-0.15134,0.03496,0.96217,0.07243,-0.02843,0.10517,-0.48089,-0.00080,-0.01454,-0.32245,0.00355,0.01614,0.98699,0.01805,0.09042,-0.02525,-0.00007,-0.03077,-0.00449,-0.01757,0.00752,0.02365,1.12419,0.03398,0.27881,-0.15486,0.47068,0.09999,0.00399,0.30637,-0.06530,-0.00337,0.95787,-0.06811,0.17581,-0.00688,-0.42227,0.10115,0.00303,0.28717,-0.04372,-0.00247,0.95086,-0.06267,0.17941,0.02253,0.49110,0.18632,0.00434,-0.44204,-0.18488,-0.01561,0.91645,-0.02998,-0.00608,-0.00718,-0.44694,0.10056,0.00330,-0.35768,-0.05057,-0.00663,0.93806,-0.04691,0.10825,0.03364,0.03144,0.08931,0.00208,-0.03345,-0.02096,-0.00246,1.05228,-0.04502,0.27283,-0.01101
6.8500,685,3,6.8495,49.78,0.43157,0.01653,-0.01153,0.33074,-0.02714,0.02583,1.03843,0.04229,0.17228,0.07952,-0.45301,0.08668,0.00401,0.31658,0.01260,0.03269,1.01855,-0.01017,0.22171,-0.04400,0.39758,0.06976,-0.04481,-0.33873,-0.15134,0.03496,0.96217,0.07243,-0.02843,0.10517,-0.48008,0.01638,-0.01807,-0.32337,-0.01472,0.01899,0.98742,-0.00395,0.08790,-0.06160,-0.00352,-0.01711,-0.01316,-0.01930,-0.02131,0.02945,1.12380,-0.03166,0.26591,-0.10054,0.47573,0.10183,0.00354,0.30315,-0.06357,-0.00370,0.95444,-0.06925,0.17547,-0.00700,-0.41718,0.10260,0.00287,0.28501,-0.04237,-0.00301,0.94770,-0.06397,0.18047,0.01995,0.50046,0.18835,0.00392,-0.45109,-0.17703,-0.01637,0.91490,-0.03200,-0.00643,-0.00670,-0.44187,0.10211,0.00301,-0.36013,-0.04735,-0.00650,0.93566,-0.04927,0.10983,0.02972,0.03593,0.09028,0.00188,-0.03447,-0.01972,-0.00259,1.04999,-0.04695,0.27229,-0.01052
6.9000,690,3,6.8999,50.39,0.43157,0.01653,-0.01153,0.33074,-0.02714,0.02583,1.03843,0.04229,0.17228,0.07952,-0.45301,0.08668,0.00401,0.31658,0.01260,0.03269,1.01855,-0.01017,0.22171,-0.04400,0.40460,0.09924,-0.04033,-0.35602,-0.18440,0.03116,0.96114,0.00860,-0.01915,0.08473,-0.48008,0.01638,-0.01807,-0.32337,-0.01472,0.01899,0.98742,-0.00395,0.08790,-0.06160,-0.00352,-0.01711,-0.01316,-0.01930,-0.02131,0.02945,1.12380,-0.03166,0.26591,-0.10054,0.48086,0.10346,0.00310,0.30002,-0.06168,-0.00401,0.95095,-0.07034,0.17511,-0.00710,-0.41201,0.10396,0.00268,0.28293,-0.04077,-0.00351,0.94447,-0.06524,0.18141,0.01769,0.50993,0.19016,0.00346,-0.45974,-0.16882,-0.01708,0.91325,-0.03401,-0.00675,-0.00628,-0.43673,0.10351,0.00272,-0.36241,-0.04419,-0.00638,0.93314,-0.05154,0.11123,0.02629,0.04046,0.09115,0.00167,-0.03542,-0.01842,-0.00273,1.04759,-0.04888,0.27178,-0.01008
6.9500,695,3,6.9498,49.89,0.43393,0.03183,-0.01596,0.32701,-0.04684,0.02131,1.04130,0.00919,0.17775,0.02768,-0.44373,0.09109,-0.00485,0.31641,-0.01578,0.02141,1.01528,-0.04481,0.22305,0.08736,0.40460,0.09924,-0.04033,-0.35602,-0.18440,0.03116,0.96114,0.00860,-0.01915,0.08473,-0.47629,0.04351,-0.02259,-0.32769,-0.04373,0.01978,0.98679,-0.01644,0.08510,0.01042,-0.00585,-0.00619,-0.01617,-0.02352,-0.04048,0.01347,1.11900,-0.07077,0.26438,0.03640,0.48607,0.10488,0.00269,0.29698,-0.05964,-0.00430,0.94740,-0.07139,0.17476,-0.00719,-0.40678,0.10522,0.00244,0.28094,-0.03893,-0.00398,0.94117,-0.06648,0.18225,0.01571,0.51948,0.19174,0.00295,-0.46797,-0.16029,-0.01771,0.91150,-0.03598,-0.00706,-0.00591,-0.43152,0.10478,0.00243,-0.36455,-0.04109,-0.00627,0.93051,-0.05372,0.11246,0.02329,0.04504,0.09192,0.00145,-0.03631,-0.01705,-0.00286,1.04510,-0.05079,0.27128,-0.00970
7.0000,700,3,6.9999,50.14,0.43393,0.03183,-0.01596,0.32701,-0.04684,0.02131,1.04130,0.00919,0.17775,0.02768,-0.44373,0.09109,-0.00485,0.31641,-0.01578,0.02141,1.01528,-0.04481,0.22305,0.08736,0.41642,0.13764,-0.03806,-0.37579,-0.20781,0.01020,0.95990,-0.02506,-0.01028,0.06545,-0.47629,0.04351,-0.02259,-0.32769,-0.04373,0.01978,0.98679,-0.01644,0.08510,0.01042,-0.00585,-0.00619,-0.01617,-0.02352,-0.04048,0.01347,1.11900,-0.07077,0.26438,0.03640,0.49134,0.10610,0.00230,0.29405,-0.05746,-0.00458,0.94381,-0.07243,0.17439,-0.00726,-0.40149,0.10635,0.00218,0.27904,-0.03687,-0.00441,0.93782,-0.06770,0.18299,0.01398,0.52910,0.19305,0.00239,-0.47576,-0.15146,-0.01829,0.90966,-0.03791,-0.00735,-0.00558,-0.42625,0.10590,0.00215,-0.36652,-0.03804,-0.00616,0.92777,-0.05582,0.11356,0.02066,0.04965,0.09258,0.00124,-0.03712,-0.01561,-0.00300,1.04251,-0.05269,0.27081,-0.00936
7.0500,705,3,7.0504,50.54,0.43776,0.05554,-0.02806,0.32027,-0.06769,0.00800,1.03787,-0.03799,0.18078,-0.03339,-0.41691,0.13938,0.02035,0.31602,-0.03859,0.03404,1.01067,-0.07097,0.22993,0.18738,0.41642,0.13764,-0.03806,-0.37579,-0.20781,0.01020,0.95990,-0.02506,-0.01028,0.06545,-0.46990,0.06548,-0.00799,-0.33197,-0.05674,0.01138,0.98389,-0.03022,0.09104,0.04176,-0.00656,0.00954,-0.02770,-0.02821,-0.03838,-0.00434,1.11023,-0.09510,0.27044,0.06401,0.49668,0.10714,0.00193,0.29124,-0.05514,-0.00484,0.94016,-0.07345,0.17403,-0.00731,-0.39615,0.10735,0.00189,0.27726,-0.03461,-0.00479,0.93440,-0.06888,0.18365,0.01246,0.53878,0.19408,0.00180,-0.48311,-0.14236,-0.01880,0.90771,-0.03981,-0.00762,-0.00530,-0.42093,0.10689,0.00187,-0.36835,-0.03504,-0.00607,0.92493,-0.05786,0.11454,0.01836,0.05430,0.09313,0.00101,-0.03787,-0.01411,-0.00312,1.03983,-0.05456,0.27034,-0.00906
7.1000,710,3,7.0996,49.19,0.43776,0.05554,-0.02806,0.32027,-0.06769,0.00800,1.03787,-0.03799,0.18078,-0.03339,-0.41691,0.13938,0.02035,0.31602,-0.03859,0.03404,1.01067,-0.07097,0.22993,0.18738,0.43158,0.17407,-0.03585,-0.39756,-0.21706,-0.00791,0.94571,-0.10253,-0.00749,0.01257,-0.46990,0.06548,-0.00799,-0.33197,-0.05674,0.01138,0.98389,-0.03022,0.09104,0.04176,-0.00656,0.00954,-0.02770,-0.02821,-0.03838,-0.00434,1.11023,-0.09510,0.27044,0.06401,0.50205,0.10800,0.00158,0.28854,-0.05271,-0.00509,0.93646,-0.07447,0.17366,-0.00735,-0.39076,0.10820,0.00157,0.27558,-0.03218,-0.00514,0.93093,-0.07004,0.18424,0.01113,0.54850,0.19481,0.00117,-0.48999,-0.13303,-0.01924,0.90568,-0.04166,-0.00788,-0.00504,-0.41557,0.10774,0.00159,-0.37003,-0.03209,-0.00599,0.92198,-0.05984,0.11540,0.01634,0.05896,0.09357,0.00079,-0.03853,-0.01254,-0.00325,1.03706,-0.05641,0.26990,-0.00879
7.1500,715,3,7.1499,50.30,0.44369,0.07986,-0.02911,0.31333,-0.06617,-0.01610,1.03146,-0.07847,0.18320,0.07037,-0.40413,0.11575,0.03552,0.31262,-0.05306,-0.00193,1.00359,-0.06817,0.24290,0.03369,0.43158,0.17407,-0.03585,-0.39756,-0.21706,-0.00791,0.94571,-0.10253,-0.00749,0.01257,-0.46277,0.07592,-0.00939,-0.33815,-0.06403,0.00653,0.98088,-0.03673,0.09310,0.03366,-0.00462,0.03460,-0.03359,-0.03213,-0.02421,-0.00555,1.09993,-0.10024,0.28021,0.07986,0.50747,0.10869,0.00125,0.28597,-0.05015,-0.00532,0.93271,-0.07550,0.17330,-0.00738,-0.38533,0.10889,0.00123,0.27404,-0.02958,-0.00544,0.92740,-0.07117,0.18477,0.00996,0.55825,0.19522,0.00051,-0.49641,-0.12350,-0.01961,0.90355,-0.04348,-0.00812,-0.00482,-0.41016,0.10845,0.00132,-0.37156,-0.02917,-0.00591,0.91894,-0.06177,0.11617,0.01458,0.06365,0.09390,0.00056,-0.03912,-0.01092,-0.00336,1.03419,-0.05823,0.26947,-0.00855
7.2000,720,3,7.1998,49.92,0.44369,0.07986,-0.02911,0.31333,-0.06617,-0.01610,1.03146,-0.07847,0.18320,0.07037,-0.40413,0.11575,0.03552,0.31262,-0.05306,-0.00193,1.00359,-0.06817,0.24290,0.03369,0.45189,0.21009,-0.01775,-0.41946,-0.20593,-0.02250,0.93824,-0.07422,-0.00900,-0.05459,-0.46277,0.07592,-0.00939,-0.33815,-0.06403,0.00653,0.98088,-0.03673,0.09310,0.03366,-0.00462,0.03460,-0.03359,-0.03213,-0.02421,-0.00555,1.09993,-0.10024,0.28021,0.07986,0.51292,0.10923,0.00094,0.28353,-0.04749,-0.00555,0.92891,-0.07656,0.17293,-0.00740,-0.37987,0.10941,0.00087,0.27263,-0.02685,-0.00569,0.92382,-0.07226,0.18524,0.00893,0.56802,0.19530,-0.00018,-0.50234,-0.11380,-0.01991,0.90133,-0.04526,-0.00836,-0.00463,-0.40472,0.10903,0.00105,-0.37295,-0.02628,-0.00584,0.91581,-0.06366,0.11686,0.01303,0.06835,0.09412,0.00033,-0.03962,-0.00925,-0.00347,1.03123,-0.06003,0.26904,-0.00834
7.2500,725,3,7.2506,50.78,0.45274,0.09812,-0.00787,0.30772,-0.04662,-0.01326,1.02185,-0.11875,0.19410,0.13472,-0.39435,0.07609,0.04344,0.30727,-0.07184,0.01373,0.99683,-0.06773,0.25018,0.26146,0.45189,0.21009,-0.01775,-0.41946,-0.20593,-0.02250,0.93824,-0.07422,-0.00900,-0.05459,-0.45451,0.08533,-0.00588,-0.34520,-0.06966,0.00284,0.97750,-0.03904,0.09736,0.08270,-0.00021,0.06371,-0.03388,-0.03377,-0.01359,0.00653,1.09116,-0.09330,0.28427,0.04225,0.51839,0.10962,0.00064,0.28122,-0.04471,-0.00576,0.92506,-0.07764,0.17256,-0.00741,-0.37439,0.10975,0.00050,0.27136,-0.02400,-0.00591,0.92018,-0.07333,0.18566,0.00803,0.57778,0.19504,-0.00089,-0.50778,-0.10397,-0.02015,0.89902,-0.04701,-0.00858,-0.00445,-0.39926,0.10948,0.00078,-0.37419,-0.02343,-0.00578,0.91258,-0.06552,0.11748,0.01167,0.07306,0.09422,0.00010,-0.04004,-0.00752,-0.00358,1.02819,-0.06181,0.26863,-0.00814
7.3000,730,3,7.3003,49.65,0.45274,0.09812,-0.00787,0.30772,-0.04662,-0.01326,1.02185,-0.11875,0.19410,0.13472,-0.39435,0.07609,0.04344,0.30727,-0.07184,0.01373,0.99683,-0.06773,0.25018,0.26146,0.47245,0.21736,-0.00813,-0.43259,-0.15949,-0.01691,0.92608,-0.05268,-0.01113,-0.10436,-0.45451,0.08533,-0.00588,-0.34520,-0.06966,0.00284,0.97750,-0.03904,0.09736,0.08270,-0.00021,0.06371,-0.03388,-0.03377,-0.01359,0.00653,1.09116,-0.09330,0.28427,0.04225,0.52388,0.10986,0.00036,0.27906,-0.04184,-0.00595,0.92115,-0.07876,0.17219,-0.00741,-0.36890,0.10989,0.00010,0.27023,-0.02106,-0.00608,0.91648,-0.07437,0.18604,0.00724,0.58751,0.19442,-0.00162,-0.51274,-0.09405,-0.02031,0.89663,-0.04874,-0.00880,-0.00430,-0.39378,0.10980,0.00052,-0.37529,-0.02061,-0.00572,0.90926,-0.06735,0.11803,0.01048,0.07777,0.09421,-0.00013,-0.04038,-0.00574,-0.00367,1.02505,-0.06357,0.26823,-0.00797
7.3500,735,3,7.3500,49.70,0.46267,0.09844,-0.00085,0.30371,-0.03420,-0.01359,1.00923,-0.13102,0.21019,0.19526,-0.38768,0.04391,0.02258,0.30183,-0.06309,-0.01986,0.98965,-0.06188,0.27561,0.08352,0.47245,0.21736,-0.00813,-0.43259,-0.15949,-0.01691,0.92608,-0.05268,-0.01113,-0.10436,-0.44562,0.09283,-0.00502,-0.35221,-0.06923,-0.00319,0.97359,-0.03900,0.10394,0.04827,0.01011,0.10622,-0.03444,-0.03943,-0.02270,-0.00304,1.07769,-0.09112,0.28388,-0.05195,0.52938,0.10997,0.00010,0.27704,-0.03888,-0.00614,0.91718,-0.07993,0.17182,-0.00740,-0.36341,0.10985,-0.00030,0.26925,-0.01804,-0.00621,0.91274,-0.07539,0.18639,0.00655,0.59721,0.19344,-0.00237,-0.51719,-0.08406,-0.02041,0.89415,-0.05048,-0.00902,-0.00417,-0.38828,0.10999,0.00027,-0.37625,-0.01782,-0.00566,0.90584,-0.06915,0.11853,0.00944,0.08248,0.09409,-0.00037,-0.04062,-0.00392,-0.00375,1.02183,-0.06532,0.26783,-0.00782
7.4000,740,3,7.4005,50.49,0.46267,0.09844,-0.00085,0.30371,-0.03420,-0.01359,1.00923,-0.13102,0.21019,0.19526,-0.38768,0.04391,0.02258,0.30183,-0.06309,-0.01986,0.98965,-0.06188,0.27561,0.08352,0.50006,0.25009,0.00286,-0.45134,-0.17233,-0.01440,0.93307,0.03562,-0.02178,-0.03954,-0.44562,0.09283,-0.00502,-0.35221,-0.06923,-0.00319,0.97359,-0.03900,0.10394,0.04827,0.01011,0.10622,-0.03444,-0.03943,-0.02270,-0.00304,1.07769,-0.09112,0.28388,-0.05195,0.53488,0.10996,-0.00015,0.27517,-0.03582,-0.00632,0.91315,-0.08116,0.17145,-0.00739,-0.35792,0.10960,-0.00071,0.26843,-0.01497,-0.00631,0.90894,-0.07638,0.18670,0.00594,0.60685,0.19210,-0.00312,-0.52114,-0.07404,-0.02044,0.89158,-0.05224,-0.00922,-0.00405,-0.38278,0.11006,0.00002,-0.37707,-0.01506,-0.00561,0.90234,-0.07092,0.11898,0.00852,0.08718,0.09385,-0.00060,-0.04077,-0.00206,-0.00383,1.01852,-0.06706,0.26745,-0.00767
7.4500,745,3,7.4500,49.53,0.47249,0.09914,-0.00300,0.30100,-0.02004,-0.00967,0.99658,-0.12061,0.23312,0.26767,-0.38338,0.03515,0.00191,0.29709,-0.05462,-0.00165,0.98397,-0.04684,0.27264,-0.05089,0.50006,0.25009,0.00286,-0.45134,-0.17233,-0.01440,0.93307,0.03562,-0.02178,-0.03954,-0.43612,0.09714,-0.00467,-0.35902,-0.06730,-0.00327,0.96889,-0.05308,0.10548,0.01792,0.02146,0.12583,-0.01803,-0.03982,-0.00027,-0.00870,1.07029,-0.05999,0.27352,-0.07704,0.54037,0.10983,-0.00039,0.27346,-0.03268,-0.00648,0.90906,-0.08245,0.17108,-0.00737,-0.35245,0.10915,-0.00113,0.26776,-0.01186,-0.00636,0.90510,-0.07737,0.18698,0.00540,0.61641,0.19038,-0.00388,-0.52459,-0.06402,-0.02041,0.88892,-0.05407,-0.00942,-0.00395,-0.37728,0.11001,-0.00023,-0.37776,-0.01232,-0.00555,0.89875,-0.07267,0.11938,0.00772,0.09186,0.09350,-0.00082,-0.04082,-0.00016,-0.00390,1.01512,-0.06880,0.26707,-0.00755
7.5000,750,3,7.5008,50.75,0.47249,0.09914,-0.00300,0.30100,-0.02004,-0.00967,0.99658,-0.12061,0.23312,0.26767,-0.38338,0.03515,0.00191,0.29709,-0.05462,-0.00165,0.98397,-0.04684,0.27264,-0.05089,0.52534,0.24493,0.01590,-0.46625,-0.15358,-0.01772,0.93315,-0.01946,-0.02684,0.02163,-0.43612,0.09714,-0.00467,-0.35902,-0.06730,-0.00327,0.96889,-0.05308,0.10548,0.01792,0.02146,0.12583,-0.01803,-0.03982,-0.00027,-0.00870,1.07029,-0.05999,0.27352,-0.07704,0.54586,0.10958,-0.00061,0.27191,-0.02946,-0.00662,0.90491,-0.08380,0.17071,-0.00735,-0.34701,0.10849,-0.00156,0.26724,-0.00873,-0.00641,0.90121,-0.07839,0.18724,0.00492,0.62588,0.18829,-0.00464,-0.52754,-0.05402,-0.02036,0.88617,-0.05601,-0.00962,-0.00385,-0.37178,0.10984,-0.00046,-0.37831,-0.00961,-0.00550,0.89507,-0.07439,0.11975,0.00701,0.09653,0.09304,-0.00105,-0.04078,0.00177,-0.00396,1.01164,-0.07055,0.26669,-0.00743
7.5500,755,3,7.5500,49.26,0.48236,0.09725,0.00236,0.29936,-0.01462,-0.00708,0.98517,-0.10903,0.26096,0.31638,-0.37939,0.03272,0.00117,0.29333,-0.04360,0.00049,0.97930,-0.04161,0.27094,-0.11874,0.52534,0.24493,0.01590,-0.46625,-0.15358,-0.01772,0.93315,-0.01946,-0.02684,0.02163,-0.41641,0.11840,-0.00149,-0.35412,-0.03325,-0.00293,0.95282,-0.07654,0.10668,0.06067,0.03339,0.13902,-0.01386,-0.03945,0.00669,0.00068,1.06609,-0.03548,0.26477,-0.08649,0.55133,0.10923,-0.00081,0.27051,-0.02619,-0.00670,0.90068,-0.08517,0.17034,-0.00733,-0.34161,0.10762,-0.00199,0.26688,-0.00557,-0.00649,0.89726,-0.07949,0.18748,0.00451,0.63524,0.18583,-0.00540,-0.52999,-0.04404,-0.02034,0.88332,-0.05820,-0.00981,-0.00377,-0.36630,0.10955,-0.00070,-0.37872,-0.00693,-0.00545,0.89131,-0.07608,0.12009,0.00639,0.10116,0.09247,-0.00127,-0.04065,0.00372,-0.00400,1.00807,-0.07232,0.26632,-0.00732
7.6000,760,3,7.5997,49.70,0.48236,0.09725,0.00236,0.29936,-0.01462,-0.00708,0.98517,-0.10903,0.26096,0.31638,-0.37939,0.03272,0.00117,0.29333,-0.04360,0.00049,0.97930,-0.04161,0.27094,-0.11874,0.54835,0.22283,0.02364,-0.47540,-0.11449,-0.02304,0.93079,-0.02705,-0.02372,0.01695,-0.41641,0.11840,-0.00149,-0.35412,-0.03325,-0.00293,0.95282,-0.07654,0.10668,0.06067,0.03339,0.13902,-0.01386,-0.03945,0.00669,0.00068,1.06609,-0.03548,0.26477,-0.08649,0.55678,0.10879,-0.00100,0.26929,-0.02290,-0.00672,0.89639,-0.08651,0.16998,-0.00729,-0.33625,0.10653,-0.00243,0.26669,-0.00235,-0.00661,0.89325,-0.08082,0.18769,0.00414,0.64446,0.18300,-0.00617,-0.53195,-0.03406,-0.02035,0.88035,-0.06080,-0.00999,-0.00370,-0.36083,0.10916,-0.00093,-0.37900,-0.00427,-0.00540,0.88747,-0.07773,0.12039,0.00584,0.10577,0.09179,-0.00149,-0.04041,0.00569,-0.00404,1.00441,-0.07412,0.26596,-0.00722
7.6500,765,3,7.6499,50.18,0.49128,0.08416,0.01899,0.32636,0.04801,0.02094,0.97099,-0.09197,0.28808,0.23479,-0.37436,0.03772,0.00019,0.29166,-0.03258,-0.00215,0.97335,-0.06459,0.26171,-0.04437,0.54835,0.22283,0.02364,-0.47540,-0.11449,-0.02304,0.93079,-0.02705,-0.02372,0.01695,-0.40035,0.13660,0.00671,-0.36193,-0.06161,0.00056,0.94305,-0.09060,0.10754,0.00105,0.04979,0.14757,0.00382,-0.03288,0.02775,0.00358,1.06256,-0.02419,0.26209,-0.10913,0.56221,0.10825,-0.00117,0.26822,-0.01961,-0.00671,0.89203,-0.08772,0.16961,-0.00726,-0.33096,0.10523,-0.00288,0.26665,0.00092,-0.00673,0.88917,-0.08247,0.18789,0.00381,0.65353,0.17978,-0.00693,-0.53340,-0.02408,-0.02035,0.87723,-0.06398,-0.01018,-0.00363,-0.35538,0.10865,-0.00115,-0.37915,-0.00164,-0.00534,0.88354,-0.07934,0.12067,0.00536,0.11034,0.09101,-0.00171,-0.04008,0.00768,-0.00407,1.00066,-0.07595,0.26560,-0.00713
7.7000,770,3,7.6997,49.79,0.49128,0.08416,0.01899,0.32636,0.04801,0.02094,0.97099,-0.09197,0.28808,0.23479,-0.37436,0.03772,0.00019,0.29166,-0.03258,-0.00215,0.97335,-0.06459,0.26171,-0.04437,0.57064,0.20601,0.02323,-0.48857,-0.10105,-0.01344,0.93311,-0.01579,-0.02786,-0.00209,-0.40035,0.13660,0.00671,-0.36193,-0.06161,0.00056,0.94305,-0.09060,0.10754,0.00105,0.04979,0.14757,0.00382,-0.03288,0.02775,0.00358,1.06256,-0.02419,0.26209,-0.10913,0.56760,0.10764,-0.00133,0.26733,-0.01632,-0.00669,0.88762,-0.08885,0.16925,-0.00722,-0.32573,0.10370,-0.00333,0.26678,0.00424,-0.00681,0.88500,-0.08437,0.18807,0.00352,0.66243,0.17620,-0.00769,-0.53435,-0.01411,-0.02028,0.87394,-0.06760,-0.01036,-0.00358,-0.34997,0.10803,-0.00137,-0.37916,0.00097,-0.00529,0.87953,-0.08090,0.12093,0.00494,0.11487,0.09012,-0.00192,-0.03964,0.00968,-0.00409,0.99681,-0.07779,0.26525,-0.00705
7.7500,775,3,7.7519,52.20,0.50307,0.08515,0.02611,0.32877,-0.00566,0.05794,0.96096,-0.09833,0.30389,0.11309,-0.37051,0.03583,0.00658,0.28962,-0.02355,-0.00877,0.96595,-0.07714,0.25603,-0.03475,0.57064,0.20601,0.02323,-0.48857,-0.10105,-0.01344,0.93311,-0.01579,-0.02786,-0.00209,-0.38740,0.12192,0.02022,-0.36818,-0.05637,-0.01617,0.93442,-0.07767,0.10967,-0.01580,0.06557,0.15067,0.00720,-0.03145,0.01375,0.01075,1.05919,-0.03089,0.25942,-0.10153,0.57297,0.10695,-0.00148,0.26659,-0.01304,-0.00668,0.88315,-0.08996,0.16889,-0.00719,-0.32059,0.10196,-0.00376,0.26707,0.00759,-0.00684,0.88073,-0.08636,0.18824,0.00326,0.67115,0.17225,-0.00842,-0.53481,-0.00420,-0.02013,0.87046,-0.07144,-0.01053,-0.00352,-0.34458,0.10730,-0.00159,-0.37905,0.00355,-0.00523,0.87545,-0.08242,0.12117,0.00456,0.11935,0.08913,-0.00212,-0.03911,0.01169,-0.00409,0.99288,-0.07964,0.26490,-0.00697
7.8000,780,3,7.7999,47.99,0.50307,0.08515,0.02611,0.32877,-0.00566,0.05794,0.96096,-0.09833,0.30389,0.11309,-0.37051,0.03583,0.00658,0.28962,-0.02355,-0.00877,0.96595,-0.07714,0.25603,-0.03475,0.58967,0.18082,0.02291,-0.49259,-0.06882,-0.01182,0.92437,-0.06769,-0.02272,0.02782,-0.38740,0.12192,0.02022,-0.36818,-0.05637,-0.01617,0.93442,-0.07767,0.10967,-0.01580,0.06557,0.15067,0.00720,-0.03145,0.01375,0.01075,1.05919,-0.03089,0.25942,-0.10153,0.57830,0.10619,-0.00162,0.26602,-0.00977,-0.00666,0.87862,-0.09107,0.16853,-0.00715,-0.31554,0.10001,-0.00419,0.26754,0.01095,-0.00683,0.87637,-0.08837,0.18840,0.00303,0.67965,0.16794,-0.00911,-0.53478,0.00563,-0.01992,0.86679,-0.07532,-0.01071,-0.00348,-0.33924,0.10647,-0.00180,-0.37881,0.00610,-0.00517,0.87129,-0.08389,0.12139,0.00424,0.12378,0.08804,-0.00231,-0.03847,0.01369,-0.00409,0.98885,-0.08146,0.26455,-0.00689
7.8500,785,3,7.8498,49.93,0.50429,0.06989,0.01799,0.32220,-0.06610,0.03771,0.94421,-0.12580,0.31421,0.15648,-0.36729,0.03295,-0.00531,0.28736,-0.02264,0.00377,0.95601,-0.09379,0.24731,-0.05056,0.58967,0.18082,0.02291,-0.49259,-0.06882,-0.01182,0.92437,-0.06769,-0.02272,0.02782,-0.37672,0.09944,0.01584,-0.37246,-0.03559,-0.02012,0.92787,-0.06052,0.11031,0.00693,0.07870,0.14238,0.01096,-0.03477,-0.01413,0.00450,1.05262,-0.04713,0.24788,-0.09929,0.58359,0.10537,-0.00175,0.26561,-0.00651,-0.00665,0.87404,-0.09219,0.16817,-0.00710,-0.31059,0.09786,-0.00459,0.26817,0.01429,-0.00678,0.87190,-0.09031,0.18855,0.00283,0.68793,0.16331,-0.00977,-0.53425,0.01533,-0.01962,0.86293,-0.07912,-0.01088,-0.00344,-0.33394,0.10554,-0.00200,-0.37844,0.00862,-0.00511,0.86706,-0.08532,0.12159,0.00395,0.12816,0.08686,-0.00250,-0.03774,0.01570,-0.00407,0.98473,-0.08324,0.26421,-0.00683
7.9000,790,3,7.8997,49.92,0.50429,0.06989,0.01799,0.32220,-0.06610,0.03771,0.94421,-0.12580,0.31421,0.15648,-0.36729,0.03295,-0.00531,0.28736,-0.02264,0.00377,0.95601,-0.09379,0.24731,-0.05056,0.60691,0.16218,0.01223,-0.50133,-0.07371,-0.00042,0.91804,-0.07169,-0.01735,0.00276,-0.37672,0.09944,0.01584,-0.37246,-0.03559,-0.02012,0.92787,-0.06052,0.11031,0.00693,0.07870,0.14238,0.01096,-0.03477,-0.01413,0.00450,1.05262,-0.04713,0.24788,-0.09929,0.58883,0.10448,-0.00188,0.26537,-0.00325,-0.00663,0.86941,-0.09330,0.16782,-0.00706,-0.30576,0.09552,-0.00496,0.26897,0.01759,-0.00668,0.86734,-0.09215,0.18868,0.00265,0.69598,0.15837,-0.01037,-0.53325,0.02487,-0.01926,0.85889,-0.08275,-0.01105,-0.00340,-0.32869,0.10451,-0.00220,-0.37795,0.01111,-0.00504,0.86276,-0.08670,0.12178,0.00369,0.13247,0.08559,-0.00268,-0.03690,0.01769,-0.00405,0.98053,-0.08496,0.26387,-0.00676
7.9500,795,3,7.9501,50.34,0.51032,0.06713,-0.00732,0.31503,-0.10280,0.02853,0.93027,-0.13140,0.32283,-0.01099,-0.36555,0.02998,-0.00465,0.28408,-0.02794,0.00672,0.94272,-0.11214,0.24440,-0.06560,0.60691,0.16218,0.01223,-0.50133,-0.07371,-0.00042,0.91804,-0.07169,-0.01735,0.00276,-0.36346,0.08870,0.00918,-0.36794,0.01603,-0.02092,0.91763,-0.06666,0.10475,-0.00792,0.09136,0.12702,0.01450,-0.03696,-0.02438,0.00251,1.04678,-0.06075,0.23630,-0.05605,0.59403,0.10352,-0.00202,0.26529,-0.00000,-0.00662,0.86471,-0.09440,0.16747,-0.00701,-0.30104,0.09300,-0.00530,0.26993,0.02083,-0.00654,0.86269,-0.09386,0.18881,0.00249,0.70377,0.15315,-0.01091,-0.53177,0.03421,-0.01883,0.85466,-0.08611,-0.01122,-0.00337,-0.32349,0.10338,-0.00240,-0.37733,0.01356,-0.00497,0.85839,-0.08803,0.12196,0.00346,0.13671,0.08423,-0.00285,-0.03597,0.01966,-0.00401,0.97624,-0.08661,0.26353,-0.00670
8.0000,800,4,7.9998,49.76,0.51032,0.06713,-0.00732,0.31503,-0.10280,0.02853,0.93027,-0.13140,0.32283,-0.01099,-0.36555,0.02998,-0.00465,0.28408,-0.02794,0.00672,0.94272,-0.11214,0.24440,-0.06560,0.62460,0.16327,0.00485,-0.51021,-0.08390,-0.00393,0.91523,-0.04821,-0.01563,-0.03824,-0.36346,0.08870,0.00918,-0.36794,0.01603,-0.02092,0.91763,-0.06666,0.10475,-0.00792,0.09136,0.12702,0.01450,-0.03696,-0.02438,0.00251,1.04678,-0.06075,0.23630,-0.05605,0.51032,0.06713,-0.00732,0.31503,-0.10280,0.02853,0.93027,-0.13140,0.32283,-0.01099,-0.36555,0.02998,-0.00465,0.28408,-0.02794,0.00672,0.94272,-0.11214,0.24440,-0.06560,0.62460,0.16327,0.00485,-0.51021,-0.08390,-0.00393,0.91523,-0.04821,-0.01563,-0.03824,-0.36346,0.08870,0.00918,-0.36794,0.01603,-0.02092,0.91763,-0.06666,0.10475,-0.00792,0.09136,0.12702,0.01450,-0.03696,-0.02438,0.00251,1.04678,-0.06075,0.23630,-0.05605
8.0500,805,4,8.0505,50.67,0.51590,0.07352,-0.01037,0.30529,-0.10930,0.00461,0.91594,-0.12670,0.32214,0.02787,-0.36235,0.04253,-0.02148,0.28102,-0.03141,0.00582,0.93126,-0.10606,0.24307,0.04637,0.62460,0.16327,0.00485,-0.51021,-0.08390,-0.00393,0.91523,-0.04821,-0.01563,-0.03824,-0.35480,0.07949,0.01161,-0.36604,0.02264,0.00337,0.91099,-0.06073,0.10117,0.00119,0.10227,0.10725,0.02030,-0.03904,-0.02592,0.00216,1.04020,-0.07304,0.22980,-0.03514,0.51361,0.06504,-0.00162,0.30962,-0.11233,0.01146,0.92401,-0.12026,0.32222,-0.01356,-0.36408,0.02914,0.00075,0.28264,-0.02924,-0.00086,0.93681,-0.12330,0.24134,-0.05686,0.63281,0.16452,0.00047,-0.51430,-0.07870,-0.01635,0.91204,-0.07768,-0.01739,-0.03267,-0.35894,0.09190,0.00419,-0.36692,0.02392,-0.01189,0.91405,-0.07629,0.10441,-0.00548,0.09784,0.13145,0.00427,-0.03819,-0.02461,-0.00132,1.04341,-0.07370,0.23368,-0.04898
8.1000,810,4,8.1002,49.74,0.51590,0.07352,-0.01037,0.30529,-0.10930,0.00461,0.91594,-0.12670,0.32214,0.02787,-0.36235,0.04253,-0.02148,0.28102,-0.03141,0.00582,0.93126,-0.10606,0.24307,0.04637,0.64101,0.16154,0.01318,-0.51597,-0.06939,-0.01627,0.90436,-0.07941,-0.01705,-0.12971,-0.35480,0.07949,0.01161,-0.36604,0.02264,0.00337,0.91099,-0.06073,0.10117,0.00119,0.10227,0.10725,0.02030,-0.03904,-0.02592,0.00216,1.04020,-0.07304,0.22980,-0.03514,0.51686,0.06520,0.00200,0.30392,-0.11495,-0.00002,0.91814,-0.11533,0.32148,-0.01575,-0.36260,0.03035,0.00390,0.28121,-0.02754,-0.00566,0.93047,-0.12986,0.23869,-0.04924,0.64103,0.16391,-0.00281,-0.51800,-0.06862,-0.02411,0.90760,-0.09883,-0.01890,-0.02782,-0.35431,0.09308,0.00087,-0.36561,0.02820,-0.00601,0.91003,-0.08425,0.10419,-0.00337,0.10444,0.13178,-0.00244,-0.03939,-0.02330,-0.00387,1.03944,-0.08478,0.23139,-0.04278
8.1500,815,4,8.1503,50.04,0.52378,0.08668,-0.00819,0.29488,-0.10396,-0.02618,0.90479,-0.08410,0.34200,0.27971,-0.35814,0.05615,0.00419,0.27765,-0.02982,0.00110,0.92284,-0.06641,0.25947,0.21695,0.64101,0.16154,0.01318,-0.51597,-0.06939,-0.01627,0.90436,-0.07941,-0.01705,-0.12971,-0.34280,0.08939,0.02410,-0.36871,-0.01151,0.00753,0.90527,-0.03975,0.10019,-0.01013,0.11181,0.08492,0.03398,-0.04182,-0.02959,-0.00679,1.03210,-0.07940,0.22261,-0.05531,0.52016,0.06677,0.00419,0.29820,-0.11294,-0.00765,0.91242,-0.11407,0.32065,-0.01761,-0.36103,0.03272,0.00556,0.27992,-0.02399,-0.00858,0.92387,-0.13365,0.23640,-0.04260,0.64918,0.16190,-0.00526,-0.52112,-0.05557,-0.02867,0.90226,-0.11403,-0.02019,-0.02360,-0.34965,0.09294,-0.00130,-0.36414,0.03016,-0.00227,0.90565,-0.09103,0.10407,-0.00154,0.11098,0.12945,-0.00674,-0.04050,-0.02096,-0.00555,1.03496,-0.09414,0.22939,-0.03737
8.2000,820,4,8.2005,50.28,0.52378,0.08668,-0.00819,0.29488,-0.10396,-0.02618,0.90479,-0.08410,0.34200,0.27971,-0.35814,0.05615,0.00419,0.27765,-0.02982,0.00110,0.92284,-0.06641,0.25947,0.21695,0.65962,0.14058,0.06021,-0.52336,-0.05710,-0.02012,0.90765,0.02021,-0.03403,-0.12300,-0.34280,0.08939,0.02410,-0.36871,-0.01151,0.00753,0.90527,-0.03975,0.10019,-0.01013,0.11181,0.08492,0.03398,-0.04182,-0.02959,-0.00679,1.03210,-0.07940,0.22261,-0.05531,0.52355,0.06915,0.00537,0.29267,-0.10787,-0.01263,0.90670,-0.11490,0.31973,-0.01919,-0.35932,0.03565,0.00625,0.27883,-0.01934,-0.01021,0.91713,-0.13578,0.23442,-0.03681,0.65720,0.15885,-0.00709,-0.52353,-0.04085,-0.03106,0.89627,-0.12491,-0.02127,-0.01993,-0.34503,0.09194,-0.00269,-0.36262,0.03067,0.00001,0.90094,-0.09692,0.10404,0.00005,0.11736,0.12544,-0.00939,-0.04148,-0.01795,-0.00662,1.03005,-0.10197,0.22764,-0.03262
8.2500,825,4,8.2498,49.27,0.53093,0.06203,0.01563,0.28952,-0.04553,-0.04914,0.89962,0.00116,0.36980,0.19975,-0.35395,0.03236,0.01908,0.27459,-0.02934,-0.01314,0.92027,0.00358,0.28163,0.20883,0.65962,0.14058,0.06021,-0.52336,-0.05710,-0.02012,0.90765,0.02021,-0.03403,-0.12300,-0.33579,0.05248,0.03833,-0.37096,-0.01653,-0.00896,0.90332,0.00669,0.09801,0.00094,0.11687,0.04122,0.02353,-0.04165,-0.01056,-0.01191,1.02723,-0.03297,0.22272,0.04415,0.52708,0.07193,0.00587,0.28745,-0.10084,-0.01579,0.90091,-0.11685,0.31873,-0.02053,-0.35746,0.03876,0.00634,0.27799,-0.01411,-0.01099,0.91031,-0.13690,0.23271,-0.03176,0.66505,0.15502,-0.00843,-0.52519,-0.02534,-0.03199,0.88982,-0.13257,-0.02219,-0.01675,-0.34047,0.09039,-0.00355,-0.36109,0.03031,0.00130,0.89597,-0.10211,0.10407,0.00142,0.12351,0.12042,-0.01094,-0.04229,-0.01453,-0.00727,1.02478,-0.10846,0.22612,-0.02847
8.3000,830,4,8.3007,50.93,0.53093,0.06203,0.01563,0.28952,-0.04553,-0.04914,0.89962,0.00116,0.36980,0.19975,-0.35395,0.03236,0.01908,0.27459,-0.02934,-0.01314,0.92027,0.00358,0.28163,0.20883,0.67086,0.07913,0.06460,-0.52467,-0.02324,-0.02166,0.90332,-0.00669,-0.03993,-0.15158,-0.33579,0.05248,0.03833,-0.37096,-0.01653,-0.00896,0.90332,0.00669,0.09801,0.00094,0.11687,0.04122,0.02353,-0.04165,-0.01056,-0.01191,1.02723,-0.03297,0.22272,0.04415,0.53075,0.07483,0.00590,0.28261,-0.09259,-0.01769,0.89500,-0.11931,0.31768,-0.02165,-0.35545,0.04181,0.00605,0.27742,-0.00864,-0.01120,0.90345,-0.13740,0.23123,-0.02737,0.67269,0.15064,-0.00938,-0.52606,-0.00962,-0.03194,0.88305,-0.13779,-0.02296,-0.01399,-0.33599,0.08851,-0.00407,-0.35959,0.02950,0.00194,0.89074,-0.10672,0.10417,0.00261,0.12939,0.11484,-0.01173,-0.04293,-0.01087,-0.00763,1.01922,-0.11381,0.22479,-0.02484
8.3500,835,4,8.3510,50.24,0.53630,0.03672,0.00832,0.28737,-0.01419,-0.02921,0.90246,0.07140,0.38535,0.10993,-0.35115,0.01500,0.01458,0.27056,-0.02053,-0.02329,0.92064,0.04185,0.29374,-0.03044,0.67086,0.07913,0.06460,-0.52467,-0.02324,-0.02166,0.90332,-0.00669,-0.03993,-0.15158,-0.33322,0.01065,0.03196,-0.37048,-0.00690,-0.01207,0.90659,0.05041,0.10092,0.04477,0.11811,0.01357,0.02471,-0.04621,-0.02282,-0.00676,1.02511,0.01626,0.22621,0.01455,0.53456,0.07766,0.00559,0.27820,-0.08362,-0.01874,0.88897,-0.12191,0.31657,-0.02259,-0.35328,0.04467,0.00558,0.27713,-0.00318,-0.01104,0.89658,-0.13753,0.22996,-0.02354,0.68011,0.14587,-0.01002,-0.52615,0.00590,-0.03125,0.87607,-0.14116,-0.02359,-0.01159,-0.33162,0.08644,-0.00436,-0.35814,0.02848,0.00215,0.88530,-0.11082,0.10433,0.00363,0.13499,0.10899,-0.01202,-0.04338,-0.00708,-0.00778,1.01342,-0.11819,0.22363,-0.02167
8.4000,840,4,8.4003,49.35,0.53630,0.03672,0.00832,0.28737,-0.01419,-0.02921,0.90246,0.07140,0.38535,0.10993,-0.35115,0.01500,0.01458,0.27056,-0.02053,-0.02329,0.92064,0.04185,0.29374,-0.03044,0.67767,0.03448,0.04364,-0.52719,-0.02261,-0.00731,0.90762,0.06286,-0.05780,-0.13942,-0.33322,0.01065,0.03196,-0.37048,-0.00690,-0.01207,0.90659,0.05041,0.10092,0.04477,0.11811,0.01357,0.02471,-0.04621,-0.02282,-0.00676,1.02511,0.01626,0.22621,0.01455,0.53851,0.08028,0.00507,0.27425,-0.07430,-0.01918,0.88281,-0.12445,0.31542,-0.02336,-0.35098,0.04727,0.00502,0.27710,0.00215,-0.01065,0.88970,-0.13743,0.22887,-0.02021,0.68727,0.14086,-0.01039,-0.52548,0.02097,-0.03015,0.86896,-0.14312,-0.02412,-0.00951,-0.32735,0.08426,-0.00450,-0.35674,0.02744,0.00208,0.87967,-0.11445,0.10454,0.00451,0.14029,0.10309,-0.01199,-0.04363,-0.00325,-0.00780,1.00742,-0.12177,0.22261,-0.01889
8.4500,845,4,8.4506,50.22,0.54000,0.02367,0.00544,0.28798,0.00940,-0.01403,0.91079,0.10486,0.39353,0.04824,-0.35004,-0.00043,0.00829,0.26942,-0.00090,-0.02279,0.92500,0.04357,0.28575,-0.13725,0.67767,0.03448,0.04364,-0.52719,-0.02261,-0.00731,0.90762,0.06286,-0.05780,-0.13942,-0.33343,-0.01430,0.01505,-0.37226,-0.00163,-0.01297,0.91265,0.06515,0.10663,0.07835,0.11792,-0.00918,0.01058,-0.04975,-0.02444,-0.00973,1.02873,0.05748,0.22529,-0.04667,0.54258,0.08260,0.00438,0.27077,-0.06487,-0.01922,0.87653,-0.12678,0.31424,-0.02400,-0.34856,0.04959,0.00446,0.27734,0.00724,-0.01011,0.88284,-0.13721,0.22793,-0.01731,0.69419,0.13572,-0.01053,-0.52407,0.03543,-0.02879,0.86178,-0.14405,-0.02455,-0.00771,-0.32319,0.08204,-0.00454,-0.35540,0.02647,0.00183,0.87386,-0.11766,0.10478,0.00527,0.14530,0.09727,-0.01174,-0.04370,0.00056,-0.00771,1.00125,-0.12466,0.22173,-0.01646
8.5000,850,4,8.5004,49.80,0.54000,0.02367,0.00544,0.28798,0.00940,-0.01403,0.91079,0.10486,0.39353,0.04824,-0.35004,-0.00043,0.00829,0.26942,-0.00090,-0.02279,0.92500,0.04357,0.28575,-0.13725,0.68103,0.00575,0.02988,-0.53018,-0.01650,-0.01270,0.92074,0.12428,-0.07354,-0.10688,-0.33343,-0.01430,0.01505,-0.37226,-0.00163,-0.01297,0.91265,0.06515,0.10663,0.07835,0.11792,-0.00918,0.01058,-0.04975,-0.02444,-0.00973,1.02873,0.05748,0.22529,-0.04667,0.54676,0.08456,0.00360,0.26776,-0.05549,-0.01898,0.87014,-0.12880,0.31302,-0.02452,-0.34603,0.05164,0.00391,0.27782,0.01206,-0.00951,0.87598,-0.13700,0.22713,-0.01479,0.70085,0.13055,-0.01050,-0.52195,0.04919,-0.02730,0.85457,-0.14428,-0.02489,-0.00615,-0.31915,0.07981,-0.00453,-0.35409,0.02566,0.00149,0.86791,-0.12048,0.10506,0.00591,0.15002,0.09160,-0.01137,-0.04358,0.00430,-0.00756,0.99496,-0.12700,0.22096,-0.01433
8.5500,855,4,8.5525,52.15,0.54273,0.02437,0.00346,0.28925,0.00862,0.01821,0.92069,0.09921,0.39023,-0.08953,-0.34922,-0.01136,0.02120,0.26834,0.00533,-0.00777,0.92604,0.00521,0.26826,-0.26561,0.68103,0.00575,0.02988,-0.53018,-0.01650,-0.01270,0.92074,0.12428,-0.07354,-0.10688,-0.33512,-0.02621,0.00582,-0.37092,0.01466,-0.01389,0.91783,0.04471,0.11224,0.01281,0.11715,-0.00802,-0.01735,-0.05463,-0.01997,-0.00363,1.03524,0.08160,0.21736,-0.05500,0.55103,0.08614,0.00281,0.26522,-0.04628,-0.01854,0.86366,-0.13049,0.31179,-0.02493,-0.34340,0.05343,0.00335,0.27854,0.01657,-0.00889,0.86914,-0.13682,0.22645,-0.01260,0.70724,0.12542,-0.01041,-0.51916,0.06220,-0.02575,0.84736,-0.14404,-0.02517,-0.00480,-0.31521,0.07759,-0.00450,-0.35283,0.02502,0.00110,0.86182,-0.12292,0.10537,0.00647,0.15446,0.08613,-0.01092,-0.04327,0.00796,-0.00736,0.98856,-0.12887,0.22029,-0.01247
8.6000,860,4,8.6001,47.59,0.54273,0.02437,0.00346,0.28925,0.00862,0.01821,0.92069,0.09921,0.39023,-0.08953,-0.34922,-0.01136,0.02120,0.26834,0.00533,-0.00777,0.92604,0.00521,0.26826,-0.26561,0.67953,-0.01525,0.00374,-0.52958,0.00154,-0.00999,0.92601,0.02472,-0.08325,-0.04555,-0.33512,-0.02621,0.00582,-0.37092,0.01466,-0.01389,0.91783,0.04471,0.11224,0.01281,0.11715,-0.00802,-0.01735,-0.05463,-0.01997,-0.00363,1.03524,0.08160,0.21736,-0.05500,0.55537,0.08732,0.00202,0.26313,-0.03732,-0.01797,0.85710,-0.13187,0.31053,-0.02525,-0.34069,0.05493,0.00280,0.27947,0.02078,-0.00827,0.86230,-0.13666,0.22587,-0.01070,0.71339,0.12035,-0.01028,-0.51574,0.07445,-0.02419,0.84017,-0.14342,-0.02538,-0.00363,-0.31139,0.07540,-0.00444,-0.35159,0.02458,0.00069,0.85562,-0.12502,0.10571,0.00693,0.15863,0.08089,-0.01044,-0.04279,0.01151,-0.00712,0.98208,-0.13035,0.21971,-0.01084
8.6500,865,4,8.6518,51.72,0.54605,0.02917,0.00217,0.28993,-0.01240,0.02629,0.92681,0.04293,0.37611,-0.20628,-0.35131,-0.02837,0.01238,0.26845,0.01125,-0.01688,0.92396,-0.05308,0.24184,-0.23258,0.67953,-0.01525,0.00374,-0.52958,0.00154,-0.00999,0.92601,0.02472,-0.08325,-0.04555,-0.33700,-0.02114,-0.00872,-0.36738,0.03045,-0.00525,0.91909,-0.00890,0.11634,0.01252,0.11799,0.01761,-0.03481,-0.05505,-0.00828,-0.00614,1.04291,0.07411,0.21593,-0.02038,0.55976,0.08812,0.00126,0.26148,-0.02866,-0.01732,0.85048,-0.13295,0.30926,-0.02550,-0.33791,0.05617,0.00226,0.28061,0.02468,-0.00766,0.85547,-0.13649,0.22537,-0.00905,0.71928,0.11534,-0.01012,-0.51173,0.08593,-0.02265,0.83302,-0.14251,-0.02553,-0.00263,-0.30767,0.07324,-0.00439,-0.35037,0.02434,0.00029,0.84933,-0.12680,0.10606,0.00733,0.16255,0.07589,-0.00994,-0.04212,0.01494,-0.00686,0.97553,-0.13151,0.21921,-0.00941
8.7000,870,4,8.7002,48.39,0.54605,0.02917,0.00217,0.28993,-0.01240,0.02629,0.92681,0.04293,0.37611,-0.20628,-0.35131,-0.02837,0.01238,0.26845,0.01125,-0.01688,0.92396,-0.05308,0.24184,-0.23258,0.67815,-0.00908,-0.01576,-0.52897,0.01088,-0.01840,0.92315,-0.07103,-0.08463,-0.02580,-0.33700,-0.02114,-0.00872,-0.36738,0.03045,-0.00525,0.91909,-0.00890,0.11634,0.01252,0.11799,0.01761,-0.03481,-0.05505,-0.00828,-0.00614,1.04291,0.07411,0.21593,-0.02038,0.56418,0.08856,0.00053,0.26026,-0.02034,-0.01660,0.84381,-0.13377,0.30798,-0.02568,-0.33508,0.05716,0.00175,0.28194,0.02830,-0.00708,0.84865,-0.13630,0.22496,-0.00761,0.72492,0.11042,-0.00994,-0.50716,0.09667,-0.02115,0.82592,-0.14138,-0.02564,-0.00176,-0.30406,0.07110,-0.00433,-0.34915,0.02429,-0.00010,0.84295,-0.12828,0.10644,0.00766,0.16623,0.07113,-0.00945,-0.04129,0.01824,-0.00658,0.96893,-0.13239,0.21877,-0.00817
8.7500,875,4,8.7499,49.65,0.54939,0.03933,-0.00102,0.28838,-0.02754,0.02565,0.92763,-0.01354,0.35370,-0.18518,-0.35490,-0.04040,0.00512,0.26937,0.01358,0.00562,0.91637,-0.09468,0.21852,-0.24887,0.67815,-0.00908,-0.01576,-0.52897,0.01088,-0.01840,0.92315,-0.07103,-0.08463,-0.02580,-0.33758,-0.00311,-0.02383,-0.36379,0.03496,0.00034,0.91364,-0.06800,0.11935,0.02280,0.12314,0.05766,-0.03188,-0.05708,-0.00790,-0.00830,1.04748,0.02783,0.21838,0.05158,0.56861,0.08865,-0.00017,0.25944,-0.01238,-0.01585,0.83710,-0.13435,0.30670,-0.02579,-0.33220,0.05789,0.00126,0.28344,0.03164,-0.00654,0.84184,-0.13609,0.22461,-0.00637,0.73032,0.10559,-0.00976,-0.50207,0.10668,-0.01969,0.81888,-0.14007,-0.02571,-0.00102,-0.30056,0.06898,-0.00429,-0.34794,0.02443,-0.00046,0.83650,-0.12949,0.10683,0.00794,0.16967,0.06662,-0.00897,-0.04030,0.02140,-0.00630,0.96230,-0.13303,0.21839,-0.00707
8.8000,880,4,8.8017,51.84,0.54939,0.03933,-0.00102,0.28838,-0.02754,0.02565,0.92763,-0.01354,0.35370,-0.18518,-0.35490,-0.04040,0.00512,0.26937,0.01358,0.00562,0.91637,-0.09468,0.21852,-0.24887,0.68205,0.02284,-0.03031,-0.51565,0.05619,-0.00240,0.88818,-0.19144,-0.07807,-0.04700,-0.33758,-0.00311,-0.02383,-0.36379,0.03496,0.00034,0.91364,-0.06800,0.11935,0.02280,0.12314,0.05766,-0.03188,-0.05708,-0.00790,-0.00830,1.04748,0.02783,0.21838,0.05158,0.57304,0.08840,-0.00082,0.25902,-0.00479,-0.01509,0.83038,-0.13472,0.30540,-0.02586,-0.32929,0.05839,0.00079,0.28510,0.03472,-0.00603,0.83504,-0.13583,0.22432,-0.00529,0.73548,0.10085,-0.00958,-0.49650,0.11600,-0.01830,0.81192,-0.13865,-0.02575,-0.00038,-0.29716,0.06689,-0.00426,-0.34671,0.02474,-0.00079,0.83000,-0.13045,0.10723,0.00817,0.17289,0.06233,-0.00851,-0.03916,0.02442,-0.00601,0.95563,-0.13347,0.21806,-0.00612
8.8500,885,4,8.8611,59.44,0.55240,0.04116,-0.00102,0.28454,-0.05168,0.02565,0.92148,-0.07660,0.35370,-0.18518,-0.35986,-0.04183,0.00512,0.26914,0.00144,0.00562,0.90199,-0.13025,0.21852,-0.24887,0.68205,0.02284,-0.03031,-0.51565,0.05619,-0.00240,0.88818,-0.19144,-0.07807,-0.04700,-0.33602,0.02012,-0.02078,-0.35904,0.03789,0.00121,0.90289,-0.12325,0.11811,-0.05911,0.12314,0.05766,-0.03188,-0.05708,-0.00790,-0.00830,1.04748,0.02783,0.21838,0.05158,0.57744,0.08785,-0.00143,0.25896,0.00242,-0.01431,0.82363,-0.13490,0.30411,-0.02589,-0.32636,0.05868,0.00036,0.28691,0.03756,-0.00555,0.82826,-0.13554,0.22408,-0.00436,0.74041,0.09619,-0.00939,-0.49048,0.12464,-0.01696,0.80502,-0.13714,-0.02575,0.00016,-0.29387,0.06480,-0.00423,-0.34546,0.02520,-0.00108,0.82346,-0.13117,0.10764,0.00836,0.17591,0.05826,-0.00808,-0.03786,0.02729,-0.00571,0.94895,-0.13374,0.21777,-0.00529
8.9000,890,4,8.9023,41.15,0.55240,0.04116,0.00114,0.28454,-0.05168,0.01330,0.92148,-0.07660,0.33471,-0.20991,-0.35986,-0.04183,-0.01203,0.26914,0.00144,0.00238,0.90199,-0.13025,0.19300,-0.26921,0.68636,0.06297,-0.03168,-0.51476,0.02364,0.00602,0.87402,-0.13751,-0.07741,0.00812,-0.33602,0.02012,-0.02078,-0.35904,0.03789,0.00121,0.90289,-0.12325,0.11811,-0.05911,0.13138,0.09022,-0.02921,-0.05727,0.00508,-0.00944,1.04711,-0.03016,0.21993,-0.01812,0.58182,0.08701,-0.00200,0.25925,0.00925,-0.01353,0.81689,-0.13490,0.30282,-0.02588,-0.32343,0.05875,-0.00005,0.28885,0.04018,-0.00511,0.82149,-0.13520,0.22388,-0.00356,0.74511,0.09163,-0.00921,-0.48405,0.13265,-0.01569,0.79820,-0.13557,-0.02573,0.00063,-0.29068,0.06273,-0.00422,-0.34418,0.02579,-0.00133,0.81689,-0.13169,0.10807,0.00852,0.17872,0.05440,-0.00768,-0.03643,0.03002,-0.00541,0.94226,-0.13385,0.21753,-0.00456
8.9500,895,4,8.9523,49.99,0.55544,0.03858,-0.00614,0.28009,-0.05066,-0.00300,0.90995,-0.13283,0.31835,-0.12973,-0.36547,-0.02911,-0.03306,0.26690,-0.00430,0.01117,0.88950,-0.12728,0.17558,-0.19465,0.68636,0.06297,-0.03168,-0.51476,0.02364,0.00602,0.87402,-0.13751,-0.07741,0.00812,-0.33193,0.04893,-0.02357,-0.35951,0.00707,0.01495,0.88908,-0.13536,0.11555,0.06375,0.14206,0.10976,-0.00859,-0.05724,0.01698,-0.01230,1.04088,-0.08725,0.21484,-0.06523,0.58614,0.08589,-0.00253,0.25988,0.01569,-0.01276,0.81015,-0.13476,0.30152,-0.02584,-0.32049,0.05863,-0.00043,0.29092,0.04258,-0.00470,0.81474,-0.13481,0.22372,-0.00287,0.74958,0.08716,-0.00904,-0.47723,0.14004,-0.01447,0.79146,-0.13396,-0.02569,0.00102,-0.28760,0.06066,-0.00422,-0.34288,0.02650,-0.00155,0.81030,-0.13201,0.10850,0.00864,0.18135,0.05072,-0.00730,-0.03486,0.03260,-0.00511,0.93557,-0.13383,0.21732,-0.00392
9.0000,900,4,9.0016,49.35,0.55544,0.03858,-0.00614,0.28009,-0.05066,-0.00300,0.90995,-0.13283,0.31835,-0.12973,-0.36547,-0.02911,-0.03306,0.26690,-0.00430,0.01117,0.88950,-0.12728,0.17558,-0.19465,0.69013,0.08180,-0.01912,-0.52022,-0.01263,0.00024,0.86632,-0.05880,-0.07877,0.06787,-0.33193,0.04893,-0.02357,-0.35951,0.00707,0.01495,0.88908,-0.13536,0.11555,0.06375,0.14206,0.10976,-0.00859,-0.05724,0.01698,-0.01230,1.04088,-0.08725,0.21484,-0.06523,0.59040,0.08453,-0.00302,0.26081,0.02177,-0.01200,0.80342,-0.13448,0.30023,-0.02577,-0.31757,0.05834,-0.00078,0.29310,0.04479,-0.00432,0.80801,-0.13438,0.22359,-0.00227,0.75382,0.08277,-0.00887,-0.47006,0.14685,-0.01330,0.78481,-0.13235,-0.02563,0.00136,-0.28462,0.05859,-0.00423,-0.34153,0.02731,-0.00173,0.80369,-0.13217,0.10893,0.00873,0.18380,0.04723,-0.00696,-0.03317,0.03503,-0.00482,0.92888,-0.13370,0.21713,-0.00336
9.0500,905,4,9.0543,52.67,0.55904,0.04007,-0.00400,0.27274,-0.04928,-0.00731,0.89422,-0.15486,0.30887,-0.10238,-0.36607,0.01695,-0.04727,0.26524,-0.01730,0.00605,0.87529,-0.14081,0.16205,-0.14353,0.69013,0.08180,-0.01912,-0.52022,-0.01263,0.00024,0.86632,-0.05880,-0.07877,0.06787,-0.32631,0.06622,-0.01552,-0.35697,0.01372,0.00741,0.87554,-0.11593,0.12243,0.03875,0.15212,0.10450,0.00051,-0.05250,0.04426,-0.01119,1.02938,-0.14014,0.21059,-0.02230,0.59459,0.08294,-0.00347,0.26205,0.02747,-0.01124,0.79670,-0.13408,0.29895,-0.02567,-0.31466,0.05787,-0.00111,0.29540,0.04682,-0.00397,0.80130,-0.13389,0.22349,-0.00176,0.75785,0.07846,-0.00871,-0.46255,0.15310,-0.01220,0.77823,-0.13074,-0.02555,0.00164,-0.28174,0.05651,-0.00425,-0.34015,0.02819,-0.00188,0.79708,-0.13217,0.10937,0.00880,0.18607,0.04390,-0.00663,-0.03136,0.03732,-0.00452,0.92220,-0.13346,0.21698,-0.00287
9.1000,910,4,9.1004,46.11,0.55904,0.04007,-0.00400,0.27274,-0.04928,-0.00731,0.89422,-0.15486,0.30887,-0.10238,-0.36607,0.01695,-0.04727,0.26524,-0.01730,0.00605,0.87529,-0.14081,0.16205,-0.14353,0.69906,0.09774,-0.01084,-0.52225,-0.00737,-0.02502,0.86683,-0.02667,-0.07831,0.08635,-0.32631,0.06622,-0.01552,-0.35697,0.01372,0.00741,0.87554,-0.11593,0.12243,0.03875,0.15212,0.10450,0.00051,-0.05250,0.04426,-0.01119,1.02938,-0.14014,0.21059,-0.02230,0.59869,0.08114,-0.00389,0.26356,0.03280,-0.01051,0.79001,-0.13358,0.29767,-0.02556,-0.31178,0.05725,-0.00142,0.29778,0.04869,-0.00364,0.79462,-0.13335,0.22341,-0.00132,0.76167,0.07422,-0.00856,-0.45475,0.15882,-0.01114,0.77173,-0.12914,-0.02547,0.00187,-0.27897,0.05442,-0.00427,-0.33871,0.02915,-0.00199,0.79048,-0.13203,0.10981,0.00885,0.18819,0.04072,-0.00634,-0.02944,0.03947,-0.00423,0.91554,-0.13313,0.21685,-0.00245
9.1500,915,4,9.1536,53.19,0.56135,0.03586,-0.01300,0.27173,-0.01994,-0.01260,0.87794,-0.15841,0.30212,-0.03416,-0.36286,0.06372,-0.04768,0.26236,-0.01936,0.01044,0.86260,-0.13331,0.14453,-0.23557,0.69906,0.09774,-0.01084,-0.52225,-0.00737,-0.02502,0.86683,-0.02667,-0.07831,0.08635,-0.31921,0.07941,-0.01238,-0.35520,0.01185,0.00206,0.86392,-0.10278,0.12345,0.02990,0.16118,0.09510,0.00954,-0.04859,0.04474,-0.00200,1.01280,-0.17938,0.20864,0.01377,0.60270,0.07913,-0.00427,0.26532,0.03777,-0.00978,0.78334,-0.13299,0.29639,-0.02543,-0.30894,0.05649,-0.00170,0.30026,0.05040,-0.00333,0.78797,-0.13277,0.22336,-0.00095,0.76528,0.07006,-0.00841,-0.44668,0.16403,-0.01013,0.76532,-0.12757,-0.02537,0.00207,-0.27630,0.05232,-0.00430,-0.33723,0.03015,-0.00208,0.78388,-0.13176,0.11025,0.00888,0.19015,0.03767,-0.00607,-0.02742,0.04147,-0.00394,0.90889,-0.13271,0.21673,-0.00208
9.2000,920,4,9.2001,46.51,0.56135,0.03586,-0.01300,0.27173,-0.01994,-0.01260,0.87794,-0.15841,0.30212,-0.03416,-0.36286,0.06372,-0.04768,0.26236,-0.01936,0.01044,0.86260,-0.13331,0.14453,-0.23557,0.70758,0.09663,-0.00124,-0.51863,0.03329,-0.04092,0.85549,-0.11791,-0.07466,0.08714,-0.31921,0.07941,-0.01238,-0.35520,0.01185,0.00206,0.86392,-0.10278,0.12345,0.02990,0.16118,0.09510,0.00954,-0.04859,0.04474,-0.00200,1.01280,-0.17938,0.20864,0.01377,0.60660,0.07695,-0.00462,0.26733,0.04240,-0.00907,0.77671,-0.13232,0.29512,-0.02529,-0.30614,0.05559,-0.00196,0.30282,0.05196,-0.00305,0.78134,-0.13214,0.22332,-0.00063,0.76868,0.06596,-0.00828,-0.43836,0.16876,-0.00917,0.75898,-0.12603,-0.02526,0.00223,-0.27374,0.05020,-0.00434,-0.33570,0.03118,-0.00213,0.77730,-0.13139,0.11070,0.00890,0.19196,0.03475,-0.00583,-0.02530,0.04333,-0.00365,0.90227,-0.13222,0.21664,-0.00175
9.2500,925,4,9.2521,51.95,0.56373,0.03419,-0.00531,0.27008,-0.00500,-0.00390,0.85962,-0.16423,0.30143,-0.00028,-0.35526,0.09141,-0.01817,0.25926,-0.01451,-0.01246,0.84958,-0.14096,0.11990,-0.15418,0.70758,0.09663,-0.00124,-0.51863,0.03329,-0.04092,0.85549,-0.11791,-0.07466,0.08714,-0.31136,0.08361,-0.00338,-0.35107,0.02264,-0.00041,0.85425,-0.08314,0.13144,0.10426,0.16795,0.07254,0.02026,-0.04512,0.04076,-0.00653,0.99365,-0.19956,0.21392,0.06497,0.61039,0.07460,-0.00495,0.26956,0.04668,-0.00838,0.77011,-0.13159,0.29386,-0.02513,-0.30338,0.05456,-0.00221,0.30546,0.05339,-0.00278,0.77475,-0.13147,0.22329,-0.00036,0.77187,0.06193,-0.00816,-0.42981,0.17303,-0.00824,0.75271,-0.12454,-0.02514,0.00236,-0.27128,0.04806,-0.00438,-0.33411,0.03223,-0.00215,0.77074,-0.13091,0.11114,0.00890,0.19363,0.03195,-0.00561,-0.02309,0.04505,-0.00337,0.89567,-0.13166,0.21656,-0.00147
9.3000,930,4,9.3003,48.19,0.56373,0.03419,-0.00531,0.27008,-0.00500,-0.00390,0.85962,-0.16423,0.30143,-0.00028,-0.35526,0.09141,-0.01817,0.25926,-0.01451,-0.01246,0.84958,-0.14096,0.11990,-0.15418,0.71769,0.10158,0.00037,-0.51288,0.07662,-0.04358,0.84366,-0.12099,-0.06675,0.10319,-0.31136,0.08361,-0.00338,-0.35107,0.02264,-0.00041,0.85425,-0.08314,0.13144,0.10426,0.16795,0.07254,0.02026,-0.04512,0.04076,-0.00653,0.99365,-0.19956,0.21392,0.06497,0.61406,0.07211,-0.00524,0.27199,0.05062,-0.00770,0.76355,-0.13079,0.29261,-0.02496,-0.30068,0.05342,-0.00243,0.30816,0.05469,-0.00253,0.76820,-0.13076,0.22328,-0.00013,0.77487,0.05796,-0.00805,-0.42106,0.17686,-0.00736,0.74652,-0.12309,-0.02502,0.00247,-0.26893,0.04590,-0.00443,-0.33247,0.03329,-0.00215,0.76421,-0.13034,0.11159,0.00889,0.19516,0.02925,-0.00541,-0.02079,0.04664,-0.00309,0.88910,-0.13104,0.21649,-0.00122
9.3500,935,4,9.3556,55.31,0.56678,0.03684,-0.01098,0.26855,0.00404,-0.00903,0.84196,-0.16863,0.30307,-0.01053,-0.34324,0.11525,-0.01394,0.25764,-0.00051,-0.01762,0.83331,-0.12958,0.11142,0.00755,0.71769,0.10158,0.00037,-0.51288,0.07662,-0.04358,0.84366,-0.12099,-0.06675,0.10319,-0.30262,0.08942,0.00083,-0.35369,-0.01027,0.01033,0.84403,-0.09290,0.13369,-0.11674,0.17215,0.04217,0.01378,-0.04149,0.04488,-0.00552,0.97378,-0.19509,0.22150,0.04616,0.61760,0.06947,-0.00551,0.27461,0.05423,-0.00704,0.75704,-0.12995,0.29137,-0.02478,-0.29804,0.05218,-0.00264,0.31092,0.05588,-0.00230,0.76168,-0.13000,0.22328,0.00007,0.77767,0.05403,-0.00795,-0.41213,0.18026,-0.00652,0.74040,-0.12170,-0.02490,0.00255,-0.26669,0.04371,-0.00448,-0.33078,0.03433,-0.00212,0.75771,-0.12970,0.11203,0.00887,0.19655,0.02664,-0.00523,-0.01843,0.04809,-0.00281,0.88257,-0.13036,0.21644,-0.00100
9.4000,940,4,9.4011,45.54,0.56678,0.03684,-0.01098,0.26855,0.00404,-0.00903,0.84196,-0.16863,0.30307,-0.01053,-0.34324,0.11525,-0.01394,0.25764,-0.00051,-0.01762,0.83331,-0.12958,0.11142,0.00755,0.72530,0.08857,0.00497,-0.49947,0.13028,-0.03397,0.81728,-0.21521,-0.05508,0.15598,-0.30262,0.08942,0.00083,-0.35369,-0.01027,0.01033,0.84403,-0.09290,0.13369,-0.11674,0.17215,0.04217,0.01378,-0.04149,0.04488,-0.00552,0.97378,-0.19509,0.22150,0.04616,0.62100,0.06670,-0.00576,0.27741,0.05753,-0.00640,0.75056,-0.12906,0.29013,-0.02460,-0.29547,0.05083,-0.00284,0.31374,0.05695,-0.00208,0.75520,-0.12921,0.22329,0.00023,0.78027,0.05015,-0.00787,-0.40304,0.18326,-0.00570,0.73435,-0.12035,-0.02477,0.00261,-0.26456,0.04151,-0.00453,-0.32904,0.03537,-0.00208,0.75124,-0.12899,0.11247,0.00884,0.19782,0.02412,-0.00507,-0.01599,0.04940,-0.00254,0.87607,-0.12963,0.21639,-0.00081
9.4500,945,4,9.4507,49.59,0.57137,0.05324,-0.02159,0.26916,0.00661,0.00664,0.82562,-0.14988,0.30018,0.00428,-0.33112,0.12169,-0.00573,0.25761,0.01943,-0.03688,0.81877,-0.12869,0.12100,0.16363,0.72530,0.08857,0.00497,-0.49947,0.13028,-0.03397,0.81728,-0.21521,-0.05508,0.15598,-0.29469,0.07858,0.01289,-0.35159,0.00140,-0.01695,0.83320,-0.11072,0.12034,-0.11885,0.17370,0.02055,0.00875,-0.03905,0.03851,-0.00205,0.95394,-0.18991,0.22346,-0.00511,0.62427,0.06382,-0.00598,0.28036,0.06051,-0.00577,0.74413,-0.12814,0.28891,-0.02441,-0.29296,0.04939,-0.00303,0.31662,0.05792,-0.00187,0.74876,-0.12838,0.22330,0.00036,0.78269,0.04631,-0.00779,-0.39381,0.18586,-0.00492,0.72836,-0.11907,-0.02464,0.00266,-0.26254,0.03927,-0.00458,-0.32725,0.03637,-0.00201,0.74481,-0.12822,0.11292,0.00880,0.19897,0.02167,-0.00492,-0.01349,0.05058,-0.00227,0.86961,-0.12886,0.21635,-0.00065
9.5000,950,4,9.5006,49.86,0.57137,0.05324,-0.02159,0.26916,0.00661,0.00664,0.82562,-0.14988,0.30018,0.00428,-0.33112,0.12169,-0.00573,0.25761,0.01943,-0.03688,0.81877,-0.12869,0.12100,0.16363,0.73324,0.08302,-0.00129,-0.48429,0.15078,-0.01461,0.79760,-0.18681,-0.04011,0.14625,-0.28681,0.06735,0.01289,-0.35037,0.02121,-0.01695,0.82095,-0.12691,0.12034,-0.11885,0.17370,0.02055,0.00875,-0.03905,0.03851,-0.00205,0.95394,-0.18991,0.22346,-0.00511,0.62738,0.06084,-0.00619,0.28345,0.06319,-0.00516,0.73775,-0.12718,0.28769,-0.02421,-0.29053,0.04787,-0.00320,0.31953,0.05878,-0.00167,0.74236,-0.12752,0.22332,0.00047,0.78491,0.04250,-0.00773,-0.38446,0.18809,-0.00417,0.72244,-0.11783,-0.02450,0.00269,-0.26063,0.03701,-0.00463,-0.32541,0.03733,-0.00192,0.73842,-0.12739,0.11336,0.00876,0.19999,0.01928,-0.00480,-0.01093,0.05163,-0.00201,0.86318,-0.12803,0.21632,-0.00051
9.5500,955,4,9.5502,49.60,0.57492,0.06983,-0.01940,0.26657,-0.01040,0.00521,0.80754,-0.14628,0.30387,0.03236,-0.32014,0.12058,0.00323,0.26063,0.05592,-0.04765,0.80748,-0.11933,0.13814,0.06904,0.73324,0.08302,-0.00129,-0.48429,0.15078,-0.01461,0.79760,-0.18681,-0.04011,0.14625,-0.28681,0.06735,0.00737,-0.35037,0.02121,-0.02628,0.82095,-0.12691,0.11133,-0.02484,0.17460,0.01358,-0.00713,-0.03582,0.04042,-0.00126,0.93561,-0.17319,0.22405,0.01361,0.63035,0.05776,-0.00637,0.28667,0.06558,-0.00456,0.73141,-0.12620,0.28649,-0.02402,-0.28817,0.04626,-0.00336,0.32249,0.05955,-0.00147,0.73601,-0.12662,0.22335,0.00056,0.78694,0.03872,-0.00769,-0.37501,0.18995,-0.00344,0.71658,-0.11666,-0.02437,0.00271,-0.25884,0.03473,-0.00468,-0.32352,0.03825,-0.00181,0.73207,-0.12651,0.11379,0.00871,0.20090,0.01696,-0.00469,-0.00833,0.05255,-0.00175,0.85680,-0.12717,0.21630,-0.00038
9.6000,960,4,9.6001,49.99,0.57492,0.06983,-0.01940,0.26657,-0.01040,0.00521,0.80754,-0.14628,0.30387,0.03236,-0.32014,0.12058,0.00323,0.26063,0.05592,-0.04765,0.80748,-0.11933,0.13814,0.06904,0.74077,0.08835,-0.02004,-0.47051,0.14834,0.00221,0.78146,-0.20197,-0.02995,-0.04600,-0.28681,0.06735,0.00737,-0.35037,0.02121,-0.02628,0.82095,-0.12691,0.11133,-0.02484,0.17460,0.01358,-0.00713,-0.03582,0.04042,-0.00126,0.93561,-0.17319,0.22405,0.01361,0.63316,0.05459,-0.00653,0.29001,0.06767,-0.00398,0.72513,-0.12520,0.28529,-0.02381,-0.28590,0.04457,-0.00351,0.32549,0.06023,-0.00129,0.72970,-0.12569,0.22338,0.00063,0.78878,0.03496,-0.00765,-0.36547,0.19147,-0.00274,0.71078,-0.11554,-0.02423,0.00272,-0.25716,0.03243,-0.00473,-0.32158,0.03910,-0.00169,0.72577,-0.12559,0.11423,0.00866,0.20169,0.01468,-0.00459,-0.00568,0.05334,-0.00149,0.85047,-0.12627,0.21629,-0.00027
9.6500,965,4,9.6500,49.85,0.58223,0.08546,-0.02162,0.26445,-0.00383,-0.00742,0.79255,-0.13578,0.30724,0.01407,-0.30676,0.11029,0.01020,0.27018,0.10491,-0.02978,0.79363,-0.12326,0.14559,0.09505,0.74077,0.08835,-0.02004,-0.47051,0.14834,0.00221,0.78146,-0.20197,-0.02995,-0.04600,-0.27970,0.06224,0.00369,-0.34749,0.04305,-0.02179,0.80649,-0.15383,0.10924,-0.00555,0.17587,0.02079,-0.01000,-0.03691,0.02286,-0.00975,0.91744,-0.15768,0.22267,0.02136,0.63581,0.05135,-0.00667,0.29344,0.06949,-0.00342,0.71889,-0.12418,0.28410,-0.02361,-0.28372,0.04281,-0.00366,0.32851,0.06082,-0.00111,0.72344,-0.12474,0.22341,0.00068,0.79043,0.03121,-0.00763,-0.35587,0.19264,-0.00205,0.70503,-0.11447,-0.02410,0.00272,-0.25560,0.03010,-0.00477,-0.31961,0.03990,-0.00156,0.71952,-0.12463,0.11466,0.00860,0.20236,0.01245,-0.00451,-0.00299,0.05401,-0.00123,0.84418,-0.12533,0.21628,-0.00018
9.7000,970,4,9.7006,50.62,0.58223,0.08546,-0.02162,0.26445,-0.00383,-0.00742,0.79255,-0.13578,0.30724,0.01407,-0.30676,0.11029,0.01020,0.27018,0.10491,-0.02978,0.79363,-0.12326,0.14559,0.09505,0.75322,0.12436,-0.01336,-0.46104,0.11693,-0.00770,0.77811,-0.05143,-0.04740,-0.15893,-0.27970,0.06224,0.00369,-0.34749,0.04305,-0.02179,0.80649,-0.15383,0.10924,-0.00555,0.17587,0.02079,-0.01000,-0.03691,0.02286,-0.00975,0.91744,-0.15768,0.22267,0.02136,0.63829,0.04805,-0.00680,0.29695,0.07103,-0.00287,0.71271,-0.12313,0.28293,-0.02340,-0.28162,0.04098,-0.00380,0.33157,0.06132,-0.00093,0.71723,-0.12375,0.22345,0.00072,0.79190,0.02747,-0.00763,-0.34622,0.19349,-0.00139,0.69933,-0.11346,-0.02396,0.00271,-0.25415,0.02774,-0.00482,-0.31759,0.04063,-0.00141,0.71331,-0.12364,0.11509,0.00854,0.20293,0.01026,-0.00444,-0.00028,0.05455,-0.00098,0.83793,-0.12435,0.21627,-0.00009
9.7500,975,4,9.7502,49.58,0.59056,0.09538,-0.01907,0.26864,0.02878,-0.01680,0.77885,-0.13500,0.30883,0.00526,-0.29514,0.09154,0.01785,0.28113,0.12239,-0.01194,0.77651,-0.15219,0.15848,0.10474,0.75322,0.12436,-0.01336,-0.46104,0.11693,-0.00770,0.77811,-0.05143,-0.04740,-0.15893,-0.27254,0.05996,0.00954,-0.34402,0.05843,-0.02718,0.78955,-0.17191,0.11032,0.05081,0.17647,0.01671,-0.01147,-0.03137,0.04850,-0.01642,0.90363,-0.12493,0.22183,-0.02305,0.64061,0.04468,-0.00691,0.30054,0.07231,-0.00234,0.70658,-0.12208,0.28176,-0.02320,-0.27962,0.03908,-0.00394,0.33464,0.06173,-0.00076,0.71106,-0.12274,0.22348,0.00075,0.79318,0.02372,-0.00765,-0.33653,0.19401,-0.00074,0.69368,-0.11251,-0.02383,0.00269,-0.25282,0.02537,-0.00486,-0.31554,0.04128,-0.00125,0.70715,-0.12261,0.11551,0.00848,0.20339,0.00810,-0.00438,0.00246,0.05498,-0.00074,0.83174,-0.12335,0.21627,-0.00002
9.8000,980,4,9.8007,50.54,0.59056,0.09538,-0.01907,0.26864,0.02878,-0.01680,0.77885,-0.13500,0.30883,0.00526,-0.29514,0.09154,0.01785,0.28113,0.12239,-0.01194,0.77651,-0.15219,0.15848,0.10474,0.76283,0.12158,0.00482,-0.44817,0.13519,-0.02697,0.77388,-0.05127,-0.05180,0.13866,-0.27254,0.05996,0.00954,-0.34402,0.05843,-0.02718,0.78955,-0.17191,0.11032,0.05081,0.17647,0.01671,-0.01147,-0.03137,0.04850,-0.01642,0.90363,-0.12493,0.22183,-0.02305,0.64276,0.04127,-0.00700,0.30418,0.07333,-0.00182,0.70050,-0.12101,0.28061,-0.02299,-0.27772,0.03711,-0.00408,0.33774,0.06206,-0.00059,0.70495,-0.12170,0.22352,0.00077,0.79427,0.01997,-0.00768,-0.32682,0.19421,-0.00010,0.68808,-0.11160,-0.02369,0.00267,-0.25161,0.02298,-0.00490,-0.31347,0.04185,-0.00108,0.70105,-0.12156,0.11593,0.00841,0.20374,0.00597,-0.00433,0.00522,0.05528,-0.00049,0.82560,-0.12231,0.21627,0.00004
9.8500,985,4,9.8495,48.75,0.60008,0.10178,-0.00937,0.27225,0.05726,-0.01508,0.76483,-0.13246,0.30957,0.01042,-0.28560,0.08315,0.01692,0.29203,0.11952,-0.00688,0.75803,-0.16789,0.16784,0.02356,0.76283,0.12158,0.00482,-0.44817,0.13519,-0.02697,0.77388,-0.05127,-0.05180,0.13866,-0.26717,0.04686,0.00979,-0.33514,0.09129,-0.01946,0.77123,-0.18200,0.11906,0.13424,0.17833,0.02466,-0.01124,-0.02482,0.06650,-0.01403,0.89249,-0.09753,0.21789,-0.02955,0.64474,0.03782,-0.00708,0.30786,0.07410,-0.00132,0.69448,-0.11993,0.27946,-0.02278,-0.27591,0.03508,-0.00421,0.34085,0.06231,-0.00042,0.69889,-0.12064,0.22356,0.00078,0.79518,0.01619,-0.00772,-0.31711,0.19411,0.00052,0.68252,-0.11075,-0.02356,0.00265,-0.25052,0.02057,-0.00493,-0.31136,0.04234,-0.00090,0.69500,-0.12047,0.11635,0.00834,0.20399,0.00385,-0.00429,0.00798,0.05546,-0.00025,0.81951,-0.12125,0.21627,0.00009
9.9000,990,4,9.9000,50.48,0.60008,0.10178,-0.00937,0.27225,0.05726,-0.01508,0.76483,-0.13246,0.30957,0.01042,-0.28560,0.08315,0.01692,0.29203,0.11952,-0.00688,0.75803,-0.16789,0.16784,0.02356,0.77407,0.11007,0.02884,-0.42870,0.17674,-0.03007,0.76737,-0.07994,-0.03439,0.25239,-0.26717,0.04686,0.00979,-0.33514,0.09129,-0.01946,0.77123,-0.18200,0.11906,0.13424,0.17833,0.02466,-0.01124,-0.02482,0.06650,-0.01403,0.89249,-0.09753,0.21789,-0.02955,0.64654,0.03433,-0.00714,0.31158,0.07463,-0.00083,0.68851,-0.11883,0.27833,-0.02257,-0.27421,0.03298,-0.00434,0.34397,0.06248,-0.00025,0.69289,-0.11955,0.22360,0.00078,0.79589,0.01239,-0.00779,-0.30741,0.19370,0.00114,0.67700,-0.10994,-0.02343,0.00261,-0.24956,0.01814,-0.00496,-0.30923,0.04274,-0.00072,0.68900,-0.11936,0.11677,0.00827,0.20413,0.00176,-0.00425,0.01076,0.05553,-0.00002,0.81348,-0.12015,0.21627,0.00014
9.9500,995,4,9.9497,49.70,0.61031,0.10072,0.00265,0.27872,0.07125,-0.01096,0.75236,-0.11753,0.31092,0.01863,-0.27754,0.06338,0.03047,0.30243,0.09865,0.02708,0.74067,-0.16071,0.16653,-0.05404,0.77407,0.11007,0.02884,-0.42870,0.17674,-0.03007,0.76737,-0.07994,-0.03439,0.25239,-0.26360,0.03263,0.01203,-0.32232,0.11472,-0.00562,0.75369,-0.17474,0.13436,0.17633,0.18097,0.02869,-0.00794,-0.01686,0.08360,-0.00254,0.88342,-0.08666,0.21423,-0.03860,0.64817,0.03082,-0.00718,0.31532,0.07492,-0.00036,0.68260,-0.11772,0.27721,-0.02236,-0.27261,0.03082,-0.00448,0.34710,0.06256,-0.00008,0.68694,-0.11845,0.22364,0.00078,0.79642,0.00855,-0.00788,-0.29775,0.19299,0.00175,0.67152,-0.10918,-0.02330,0.00258,-0.24871,0.01571,-0.00498,-0.30709,0.04305,-0.00053,0.68306,-0.11822,0.11718,0.00820,0.20416,-0.00032,-0.00423,0.01353,0.05548,0.00022,0.80750,-0.11903,0.21628,0.00018
10.0000,1000,5,10.0002,50.57,0.61031,0.10072,0.00265,0.27872,0.07125,-0.01096,0.75236,-0.11753,0.31092,0.01863,-0.27754,0.06338,0.03047,0.30243,0.09865,0.02708,0.74067,-0.16071,0.16653,-0.05404,0.78320,0.08915,0.01042,-0.40945,0.19441,-0.01890,0.75290,-0.16834,0.00409,0.52838,-0.26360,0.03263,0.01203,-0.32232,0.11472,-0.00562,0.75369,-0.17474,0.13436,0.17633,0.18097,0.02869,-0.00794,-0.01686,0.08360,-0.00254,0.88342,-0.08666,0.21423,-0.03860,0.61031,0.10072,0.00265,0.27872,0.07125,-0.01096,0.75236,-0.11753,0.31092,0.01863,-0.27754,0.06338,0.03047,0.30243,0.09865,0.02708,0.74067,-0.16071,0.16653,-0.05404,0.78320,0.08915,0.01042,-0.40945,0.19441,-0.01890,0.75290,-0.16834,0.00409,0.52838,-0.26360,0.03263,0.01203,-0.32232,0.11472,-0.00562,0.75369,-0.17474,0.13436,0.17633,0.18097,0.02869,-0.00794,-0.01686,0.08360,-0.00254,0.88342,-0.08666,0.21423,-0.03860
10.0500,1005,5,10.0504,50.19,0.62053,0.09830,0.01217,0.28005,0.04372,-0.00034,0.73865,-0.13077,0.31532,0.00772,-0.27139,0.04548,0.02937,0.30972,0.06847,0.00903,0.72549,-0.12313,0.16414,-0.00815,0.78320,0.08915,0.01042,-0.40945,0.19441,-0.01890,0.75290,-0.16834,0.00409,0.52838,-0.25994,0.02118,0.03723,-0.31714,0.07390,0.00300,0.73454,-0.19780,0.15424,0.27354,0.18482,0.03985,-0.00326,-0.01268,0.07062,-0.00249,0.87241,-0.10122,0.20942,-0.00221,0.61536,0.10086,-0.00181,0.28240,0.07576,-0.00763,0.74618,-0.12885,0.31175,0.01471,-0.27407,0.07400,0.01392,0.30708,0.08833,0.01580,0.73295,-0.14873,0.16399,-0.04768,0.78773,0.09093,-0.00230,-0.39952,0.20265,-0.01481,0.74447,-0.16884,0.02876,0.46011,-0.26185,0.03713,0.00665,-0.31655,0.11586,0.00055,0.74515,-0.16734,0.14263,0.15496,0.18231,0.02524,-0.00623,-0.01266,0.08427,-0.00036,0.87871,-0.10116,0.21241,-0.03437
10.1000,1010,5,10.1000,49.57,0.62053,0.09830,0.01217,0.28005,0.04372,-0.00034,0.73865,-0.13077,0.31532,0.00772,-0.27139,0.04548,0.02937,0.30972,0.06847,0.00903,0.72549,-0.12313,0.16414,-0.00815,0.79111,0.07311,0.01752,-0.38973,0.20003,0.00241,0.73395,-0.20077,0.05388,0.40704,-0.25994,0.02118,0.03723,-0.31714,0.07390,0.00300,0.73454,-0.19780,0.15424,0.27354,0.18482,0.03985,-0.00326,-0.01268,0.07062,-0.00249,0.87241,-0.10122,0.20942,-0.00221,0.62036,0.09914,-0.00504,0.28627,0.07889,-0.00523,0.73954,-0.13614,0.31240,0.01124,-0.27025,0.07796,0.00298,0.31133,0.08250,0.00849,0.72573,-0.14078,0.16175,-0.04208,0.79221,0.08762,-0.01059,-0.38922,0.20905,-0.01138,0.73601,-0.16965,0.05024,0.40045,-0.25993,0.03941,0.00286,-0.31078,0.11453,0.00458,0.73693,-0.16164,0.14990,0.13626,0.18351,0.02247,-0.00518,-0.00845,0.08406,0.00112,0.87336,-0.11224,0.21078,-0.03066
10.1500,1015,5,10.1505,50.53,0.62798,0.06807,0.03023,0.29155,0.08534,-0.01603,0.72571,-0.11909,0.31780,0.01452,-0.26841,0.01306,0.03446,0.31589,0.05499,0.00639,0.71643,-0.05606,0.15131,-0.22698,0.79111,0.07311,0.01752,-0.38973,0.20003,0.00241,0.73395,-0.20077,0.05388,0.40704,-0.26266,-0.02412,0.01767,-0.30463,0.07574,0.04359,0.71594,-0.16971,0.18354,0.34379,0.18739,0.02629,0.01514,-0.00090,0.09382,0.01001,0.86260,-0.09567,0.21334,0.01248,0.62525,0.09607,-0.00737,0.29028,0.08100,-0.00348,0.73261,-0.14075,0.31288,0.00817,-0.26635,0.07755,-0.00413,0.31538,0.07955,0.00391,0.71883,-0.13544,0.15977,-0.03713,0.79644,0.08103,-0.01587,-0.37864,0.21389,-0.00844,0.72751,-0.17027,0.06893,0.34831,-0.25793,0.04012,0.00019,-0.30512,0.11161,0.00713,0.72896,-0.15715,0.15629,0.11990,0.18457,0.02009,-0.00457,-0.00427,0.08325,0.00213,0.86753,-0.12066,0.20933,-0.02741
10.2000,1020,5,10.2005,49.96,0.62798,0.06807,0.03023,0.29155,0.08534,-0.01603,0.72571,-0.11909,0.31780,0.01452,-0.26841,0.01306,0.03446,0.31589,0.05499,0.00639,0.71643,-0.05606,0.15131,-0.22698,0.79695,0.04047,0.04577,-0.37063,0.17174,0.04492,0.71647,-0.13617,0.09671,0.48939,-0.26266,-0.02412,0.01767,-0.30463,0.07574,0.04359,0.71594,-0.16971,0.18354,0.34379,0.18739,0.02629,0.01514,-0.00090,0.09382,0.01001,0.86260,-0.09567,0.21334,0.01248,0.62995,0.09201,-0.00907,0.29436,0.08237,-0.00216,0.72549,-0.14355,0.31322,0.00546,-0.26254,0.07432,-0.00865,0.31932,0.07837,0.00115,0.71216,-0.13182,0.15802,-0.03277,0.80028,0.07238,-0.01912,-0.36785,0.21739,-0.00587,0.71899,-0.17046,0.08518,0.30275,-0.25593,0.03972,-0.00171,-0.29963,0.10770,0.00869,0.72120,-0.15349,0.16192,0.10558,0.18552,0.01793,-0.00426,-0.00013,0.08202,0.00282,0.86133,-0.12701,0.20803,-0.02457
10.2500,1025,5,10.2504,49.88,0.63359,0.03621,0.03810,0.29813,0.06221,0.01852,0.71584,-0.07567,0.31857,-0.00826,-0.26901,-0.01532,0.02753,0.31820,0.04369,-0.00068,0.71984,0.03207,0.12904,-0.04949,0.79695,0.04047,0.04577,-0.37063,0.17174,0.04492,0.71647,-0.13617,0.09671,0.48939,-0.26566,-0.03233,0.01262,-0.29871,0.03937,0.02637,0.70472,-0.05098,0.21619,0.30166,0.18917,0.01250,0.00887,0.00665,0.06987,0.03285,0.85324,-0.07690,0.21396,0.03313,0.63444,0.08725,-0.01029,0.29850,0.08317,-0.00114,0.71827,-0.14510,0.31344,0.00307,-0.25894,0.06934,-0.01143,0.32323,0.07822,-0.00037,0.70563,-0.12930,0.15648,-0.02892,0.80366,0.06249,-0.02101,-0.35692,0.21970,-0.00358,0.71047,-0.17014,0.09930,0.26294,-0.25397,0.03853,-0.00307,-0.29436,0.10319,0.00959,0.71360,-0.15042,0.16688,0.09305,0.18636,0.01588,-0.00415,0.00393,0.08051,0.00330,0.85486,-0.13173,0.20687,-0.02207
10.3000,1030,5,10.3005,50.15,0.63359,0.03621,0.03810,0.29813,0.06221,0.01852,0.71584,-0.07567,0.31857,-0.00826,-0.26901,-0.01532,0.02753,0.31820,0.04369,-0.00068,0.71984,0.03207,0.12904,-0.04949,0.79916,0.00941,0.03712,-0.36007,0.09447,0.06392,0.71283,-0.04452,0.14951,0.51810,-0.26566,-0.03233,0.01262,-0.29871,0.03937,0.02637,0.70472,-0.05098,0.21619,0.30166,0.18917,0.01250,0.00887,0.00665,0.06987,0.03285,0.85324,-0.07690,0.21396,0.03313,0.63867,0.08198,-0.01115,0.30267,0.08352,-0.00032,0.71100,-0.14575,0.31353,0.00095,-0.25563,0.06330,-0.01305,0.32715,0.07860,-0.00107,0.69922,-0.12750,0.15512,-0.02553,0.80652,0.05192,-0.02200,-0.34590,0.22094,-0.00151,0.70198,-0.16931,0.11156,0.22815,-0.25209,0.03677,-0.00406,-0.28932,0.09837,0.01003,0.70615,-0.14776,0.17125,0.08209,0.18711,0.01384,-0.00416,0.00791,0.07881,0.00364,0.84818,-0.13516,0.20582,-0.01988
10.3500,1035,5,10.3503,49.80,0.63638,0.01697,0.02206,0.30151,0.02338,0.01529,0.71050,-0.02138,0.31860,-0.00939,-0.27186,-0.03203,-0.01385,0.32092,0.04423,-0.01122,0.72305,0.07589,0.12485,-0.08820,0.79916,0.00941,0.03712,-0.36007,0.09447,0.06392,0.71283,-0.04452,0.14951,0.51810,-0.26831,-0.02055,-0.01508,-0.29718,0.00285,0.03313,0.70586,0.06491,0.24283,0.18727,0.19002,0.01769,0.00286,0.00769,0.01906,0.03349,0.84504,-0.05095,0.21453,0.04432,0.64263,0.07636,-0.01173,0.30685,0.08350,0.00036,0.70371,-0.14574,0.31353,-0.00091,-0.25262,0.05666,-0.01390,0.33109,0.07919,-0.00123,0.69288,-0.12615,0.15392,-0.02253,0.80884,0.04101,-0.02242,-0.33484,0.22121,0.00038,0.69355,-0.16804,0.12219,0.19776,-0.25031,0.03458,-0.00479,-0.28452,0.09340,0.01017,0.69882,-0.14536,0.17511,0.07249,0.18775,0.01178,-0.00425,0.01181,0.07696,0.00388,0.84136,-0.13754,0.20488,-0.01796
10.4000,1040,5,10.4005,50.23,0.63638,0.01697,0.02206,0.30151,0.02338,0.01529,0.71050,-0.02138,0.31860,-0.00939,-0.27186,-0.03203,-0.01385,0.32092,0.04423,-0.01122,0.72305,0.07589,0.12485,-0.08820,0.80316,0.00555,0.01195,-0.35104,0.02713,0.04484,0.72093,0.05215,0.20178,0.40895,-0.26831,-0.02055,-0.01508,-0.29718,0.00285,0.03313,0.70586,0.06491,0.24283,0.18727,0.19002,0.01769,0.00286,0.00769,0.01906,0.03349,0.84504,-0.05095,0.21453,0.04432,0.64630,0.07051,-0.01209,0.31102,0.08318,0.00094,0.69643,-0.14523,0.31345,-0.00255,-0.24996,0.04974,-0.01427,0.33507,0.07975,-0.00103,0.68660,-0.12508,0.15286,-0.01990,0.81062,0.02999,-0.02247,-0.32380,0.22058,0.00213,0.68518,-0.16638,0.13140,0.17120,-0.24864,0.03210,-0.00533,-0.27998,0.08842,0.01013,0.69161,-0.14312,0.17852,0.06408,0.18828,0.00966,-0.00438,0.01561,0.07501,0.00406,0.83444,-0.13908,0.20402,-0.01628
10.4500,1045,5,10.4501,49.61,0.63764,0.00396,0.01776,0.30386,0.00312,0.02127,0.70990,0.00884,0.31690,-0.01148,-0.27498,-0.01638,-0.02588,0.32584,0.04984,0.00663,0.73047,0.07154,0.12151,-0.07469,0.80316,0.00555,0.01195,-0.35104,0.02713,0.04484,0.72093,0.05215,0.20178,0.40895,-0.27723,-0.02381,-0.01515,-0.30753,-0.05307,0.01321,0.70898,0.08665,0.26149,0.16686,0.19115,0.00819,0.01131,0.01017,0.01608,0.01314,0.84359,0.01173,0.21773,0.03825,0.64968,0.06452,-0.01227,0.31516,0.08259,0.00145,0.68919,-0.14431,0.31328,-0.00399,-0.24765,0.04271,-0.01435,0.33907,0.08016,-0.00061,0.68036,-0.12417,0.15193,-0.01757,0.81184,0.01899,-0.02232,-0.31280,0.21913,0.00377,0.67691,-0.16441,0.13937,0.14799,-0.24710,0.02938,-0.00573,-0.27568,0.08349,0.00996,0.68451,-0.14097,0.18154,0.05673,0.18871,0.00748,-0.00453,0.01931,0.07298,0.00421,0.82746,-0.13993,0.20324,-0.01480
10.5000,1050,5,10.5005,50.36,0.63764,0.00396,0.01776,0.30386,0.00312,0.02127,0.70990,0.00884,0.31690,-0.01148,-0.27498,-0.01638,-0.02588,0.32584,0.04984,0.00663,0.73047,0.07154,0.12151,-0.07469,0.80441,0.00341,0.01252,-0.34742,-0.00205,0.01438,0.72950,0.04592,0.22862,0.22475,-0.27723,-0.02381,-0.01515,-0.30753,-0.05307,0.01321,0.70898,0.08665,0.26149,0.16686,0.19115,0.00819,0.01131,0.01017,0.01608,0.01314,0.84359,0.01173,0.21773,0.03825,0.65275,0.05849,-0.01231,0.31927,0.08177,0.00190,0.68201,-0.14306,0.31305,-0.00525,-0.24569,0.03569,-0.01426,0.34308,0.08033,-0.00005,0.67418,-0.12336,0.15110,-0.01552,0.81252,0.00811,-0.02206,-0.30190,0.21690,0.00532,0.66875,-0.16221,0.14625,0.12772,-0.24570,0.02649,-0.00603,-0.27163,0.07866,0.00971,0.67751,-0.13885,0.18421,0.05029,0.18903,0.00522,-0.00468,0.02291,0.07089,0.00433,0.82046,-0.14021,0.20254,-0.01351
10.5500,1055,5,10.5502,49.66,0.63773,0.00003,0.00141,0.30303,-0.01766,0.01285,0.71108,0.01639,0.31598,-0.02516,-0.27591,0.00813,-0.03540,0.33054,0.05120,-0.00604,0.73497,0.02152,0.11704,-0.05255,0.80441,0.00341,0.01252,-0.34742,-0.00205,0.01438,0.72950,0.04592,0.22862,0.22475,-0.27900,-0.00238,-0.03840,-0.31434,-0.05269,-0.02191,0.71474,0.03661,0.26123,-0.16096,0.19276,0.00779,0.00651,0.01077,0.01186,0.00898,0.84665,0.04937,0.22096,-0.02804,0.65553,0.05246,-0.01223,0.32334,0.08074,0.00231,0.67489,-0.14151,0.31276,-0.00636,-0.24408,0.02874,-0.01408,0.34709,0.08019,0.00060,0.66803,-0.12259,0.15037,-0.01371,0.81265,-0.00264,-0.02175,-0.29112,0.21393,0.00678,0.66070,-0.15984,0.15218,0.11001,-0.24445,0.02347,-0.00627,-0.26781,0.07397,0.00943,0.67062,-0.13672,0.18658,0.04465,0.18923,0.00288,-0.00483,0.02640,0.06874,0.00444,0.81345,-0.14002,0.20189,-0.01237
10.6000,1060,5,10.6004,50.24,0.63773,0.00003,0.00141,0.30303,-0.01766,0.01285,0.71108,0.01639,0.31598,-0.02516,-0.27591,0.00813,-0.03540,0.33054,0.05120,-0.00604,0.73497,0.02152,0.11704,-0.05255,0.80518,0.00591,-0.00403,-0.34371,-0.00106,-0.01481,0.72836,-0.04788,0.24998,0.22013,-0.27900,-0.00238,-0.03840,-0.31434,-0.05269,-0.02191,0.71474,0.03661,0.26123,-0.16096,0.19276,0.00779,0.00651,0.01077,0.01186,0.00898,0.84665,0.04937,0.22096,-0.02804,0.65800,0.04651,-0.01205,0.32734,0.07951,0.00267,0.66786,-0.13968,0.31242,-0.00732,-0.24282,0.02188,-0.01386,0.35109,0.07973,0.00130,0.66192,-0.12186,0.14973,-0.01212,0.81226,-0.01322,-0.02142,-0.28051,0.21026,0.00818,0.65276,-0.15737,0.15729,0.09454,-0.24336,0.02035,-0.00644,-0.26423,0.06942,0.00912,0.66384,-0.13454,0.18869,0.03971,0.18932,0.00048,-0.00497,0.02978,0.06653,0.00455,0.80646,-0.13942,0.20130,-0.01137
10.6500,1065,5,10.6507,50.30,0.63795,0.00522,-0.00884,0.30086,-0.02341,0.00118,0.71237,0.00801,0.31403,-0.02367,-0.27389,0.03346,-0.01623,0.33576,0.05680,-0.00473,0.73406,-0.03911,0.10503,-0.20902,0.80518,0.00591,-0.00403,-0.34371,-0.00106,-0.01481,0.72836,-0.04788,0.24998,0.22013,-0.27906,0.01808,-0.03590,-0.31630,-0.00955,-0.02863,0.71449,-0.03750,0.24788,-0.07781,0.19319,-0.00115,0.01087,0.01160,0.00732,-0.00320,0.85199,0.05073,0.21811,-0.02614,0.66018,0.04065,-0.01183,0.33128,0.07812,0.00301,0.66093,-0.13759,0.31203,-0.00817,-0.24189,0.01515,-0.01358,0.35506,0.07892,0.00201,0.65584,-0.12111,0.14916,-0.01072,0.81134,-0.02364,-0.02102,-0.27011,0.20591,0.00952,0.64496,-0.15480,0.16167,0.08103,-0.24242,0.01716,-0.00658,-0.26087,0.06502,0.00881,0.65717,-0.13231,0.19056,0.03538,0.18928,-0.00199,-0.00509,0.03305,0.06428,0.00465,0.79951,-0.13847,0.20075,-0.01049
10.7000,1070,5,10.6997,48.96,0.63795,0.00522,-0.00884,0.30086,-0.02341,0.00118,0.71237,0.00801,0.31403,-0.02367,-0.27389,0.03346,-0.01623,0.33576,0.05680,-0.00473,0.73406,-0.03911,0.10503,-0.20902,0.80691,0.00581,-0.00531,-0.34093,0.02298,-0.03264,0.72095,-0.11622,0.26296,0.14221,-0.27906,0.01808,-0.03590,-0.31630,-0.00955,-0.02863,0.71449,-0.03750,0.24788,-0.07781,0.19319,-0.00115,0.01087,0.01160,0.00732,-0.00320,0.85199,0.05073,0.21811,-0.02614,0.66207,0.03491,-0.01158,0.33515,0.07657,0.00332,0.65410,-0.13529,0.31160,-0.00890,-0.24130,0.00857,-0.01324,0.35898,0.07775,0.00272,0.64981,-0.12027,0.14865,-0.00948,0.80990,-0.03383,-0.02054,-0.25993,0.20093,0.01079,0.63729,-0.15203,0.16542,0.06923,-0.24164,0.01391,-0.00668,-0.25773,0.06077,0.00851,0.65061,-0.13000,0.19223,0.03159,0.18912,-0.00451,-0.00519,0.03621,0.06197,0.00475,0.79262,-0.13721,0.20025,-0.00971
10.7500,1075,5,10.7499,50.23,0.64035,0.02068,-0.01601,0.30378,0.00103,-0.00741,0.70638,-0.05072,0.31045,-0.01371,-0.26394,0.06220,-0.02107,0.35213,0.09622,0.00624,0.72544,-0.07751,0.08208,-0.05420,0.80691,0.00581,-0.00531,-0.34093,0.02298,-0.03264,0.72095,-0.11622,0.26296,0.14221,-0.27606,0.04123,-0.03451,-0.31555,0.02503,-0.03208,0.70799,-0.09208,0.24102,-0.11430,0.19489,0.00226,0.00597,0.00687,-0.01906,-0.00703,0.85462,0.00738,0.21141,-0.03892,0.66367,0.02929,-0.01133,0.33894,0.07487,0.00361,0.64740,-0.13283,0.31114,-0.00954,-0.24103,0.00216,-0.01286,0.36283,0.07625,0.00341,0.64382,-0.11925,0.14821,-0.00839,0.80796,-0.04377,-0.01998,-0.25002,0.19534,0.01199,0.62976,-0.14898,0.16862,0.05893,-0.24103,0.01061,-0.00676,-0.25479,0.05667,0.00821,0.64417,-0.12761,0.19373,0.02826,0.18883,-0.00707,-0.00527,0.03925,0.05962,0.00485,0.78580,-0.13566,0.19978,-0.00903
10.8000,1080,5,10.8004,50.48,0.64035,0.02068,-0.01601,0.30378,0.00103,-0.00741,0.70638,-0.05072,0.31045,-0.01371,-0.26394,0.06220,-0.02107,0.35213,0.09622,0.00624,0.72544,-0.07751,0.08208,-0.05420,0.80700,-0.00014,-0.01306,-0.33015,0.09129,-0.04073,0.70165,-0.21756,0.27767,0.18527,-0.26874,0.06184,-0.03451,-0.30131,0.10107,-0.03208,0.69150,-0.14399,0.24102,-0.11430,0.19489,0.00226,0.00597,0.00687,-0.01906,-0.00703,0.85462,0.00738,0.21141,-0.03892,0.66500,0.02380,-0.01106,0.34264,0.07303,0.00388,0.64082,-0.13022,0.31065,-0.01009,-0.24108,-0.00404,-0.01244,0.36660,0.07441,0.00407,0.63789,-0.11801,0.14781,-0.00744,0.80553,-0.05342,-0.01936,-0.24041,0.18918,0.01312,0.62239,-0.14562,0.17133,0.04993,-0.24058,0.00728,-0.00681,-0.25206,0.05271,0.00793,0.63785,-0.12512,0.19507,0.02535,0.18841,-0.00967,-0.00533,0.04217,0.05721,0.00495,0.77906,-0.13385,0.19934,-0.00843
10.8500,1085,5,10.8495,49.08,0.64348,0.03284,-0.01451,0.30506,0.01928,-0.01508,0.70004,-0.07863,0.30775,-0.02239,-0.25531,0.08542,-0.00418,0.36147,0.08850,0.00085,0.71049,-0.15752,0.07740,0.01694,0.80700,-0.00014,-0.01306,-0.33015,0.09129,-0.04073,0.70165,-0.21756,0.27767,0.18527,-0.26874,0.06184,-0.01594,-0.30131,0.10107,-0.03337,0.69150,-0.14399,0.22662,-0.16288,0.19665,-0.00957,0.01092,0.01046,0.02610,-0.03738,0.85065,-0.05943,0.20960,0.01321,0.66605,0.01844,-0.01080,0.34624,0.07107,0.00413,0.63438,-0.12747,0.31013,-0.01057,-0.24143,-0.01003,-0.01198,0.37027,0.07226,0.00469,0.63202,-0.11653,0.14746,-0.00659,0.80262,-0.06275,-0.01867,-0.23111,0.18248,0.01418,0.61521,-0.14189,0.17363,0.04208,-0.24030,0.00393,-0.00685,-0.24952,0.04889,0.00766,0.63166,-0.12256,0.19627,0.02279,0.18786,-0.01229,-0.00536,0.04497,0.05476,0.00505,0.77242,-0.13180,0.19894,-0.00791
10.9000,1090,5,10.8999,50.43,0.64348,0.03284,-0.01451,0.30506,0.01928,-0.01508,0.70004,-0.07863,0.30775,-0.02239,-0.25531,0.08542,-0.00418,0.36147,0.08850,0.00085,0.71049,-0.15752,0.07740,0.01694,0.80782,-0.00021,0.00414,-0.31626,0.14500,-0.04475,0.67892,-0.23558,0.29859,0.20664,-0.26874,0.06184,-0.01594,-0.30131,0.10107,-0.03337,0.69150,-0.14399,0.22662,-0.16288,0.19665,-0.00957,0.01092,0.01046,0.02610,-0.03738,0.85065,-0.05943,0.20960,0.01321,0.66685,0.01320,-0.01055,0.34974,0.06899,0.00437,0.62808,-0.12460,0.30959,-0.01098,-0.24208,-0.01579,-0.01150,0.37382,0.06982,0.00527,0.62624,-0.11481,0.14715,-0.00585,0.79926,-0.07173,-0.01793,-0.22217,0.17528,0.01516,0.60821,-0.13780,0.17556,0.03522,-0.24019,0.00056,-0.00687,-0.24717,0.04519,0.00741,0.62560,-0.11990,0.19735,0.02055,0.18718,-0.01493,-0.00538,0.04764,0.05226,0.00514,0.76588,-0.12952,0.19855,-0.00744
10.9500,1095,5,10.9498,49.92,0.64685,0.04276,-0.01142,0.30790,0.03458,-0.01970,0.68814,-0.11476,0.30340,-0.07636,-0.24867,0.07214,0.03046,0.36634,0.07812,0.01397,0.68425,-0.23423,0.08108,-0.00135,0.80782,-0.00021,0.00414,-0.31626,0.14500,-0.04475,0.67892,-0.23558,0.29859,0.20664,-0.26139,0.06945,0.00322,-0.29180,0.10805,-0.00346,0.67579,-0.15984,0.20981,-0.14251,0.19505,-0.02158,-0.00262,0.01606,0.06129,-0.02208,0.84069,-0.13623,0.21393,-0.05839,0.66738,0.00809,-0.01029,0.35314,0.06679,0.00460,0.62192,-0.12162,0.30904,-0.01132,-0.24301,-0.02131,-0.01100,0.37724,0.06710,0.00580,0.62055,-0.11282,0.14688,-0.00519,0.79545,-0.08033,-0.01713,-0.21359,0.16762,0.01606,0.60143,-0.13333,0.17717,0.02924,-0.24024,-0.00281,-0.00687,-0.24500,0.04162,0.00717,0.61967,-0.11716,0.19833,0.01858,0.18637,-0.01756,-0.00537,0.05019,0.04972,0.00524,0.75947,-0.12703,0.19819,-0.00703
11.0000,1100,5,10.9999,50.09,0.64685,0.04276,-0.01142,0.30790,0.03458,-0.01970,0.68814,-0.11476,0.30340,-0.07636,-0.24867,0.07214,0.03046,0.36634,0.07812,0.01397,0.68425,-0.23423,0.08108,-0.00135,0.80646,-0.02673,0.02162,-0.29918,0.18265,-0.02555,0.65565,-0.23093,0.31886,0.15053,-0.26139,0.06945,0.00322,-0.29180,0.10805,-0.00346,0.67579,-0.15984,0.20981,-0.14251,0.19505,-0.02158,-0.00262,0.01606,0.06129,-0.02208,0.84069,-0.13623,0.21393,-0.05839,0.66766,0.00310,-0.01005,0.35642,0.06448,0.00482,0.61592,-0.11854,0.30846,-0.01162,-0.24421,-0.02657,-0.01047,0.38053,0.06413,0.00629,0.61496,-0.11058,0.14663,-0.00462,0.79123,-0.08852,-0.01628,-0.20541,0.15954,0.01688,0.59488,-0.12851,0.17849,0.02402,-0.24047,-0.00618,-0.00686,-0.24300,0.03815,0.00695,0.61389,-0.11434,0.19921,0.01685,0.18542,-0.02019,-0.00534,0.05261,0.04713,0.00532,0.75318,-0.12436,0.19785,-0.00667
11.0500,1105,5,11.0497,49.82,0.65112,0.04505,-0.01242,0.31326,0.06113,-0.02314,0.67582,-0.12742,0.29394,-0.09530,-0.24468,0.03017,0.05278,0.37570,0.07677,0.02881,0.66509,-0.22115,0.08823,0.30680,0.80646,-0.02673,0.02162,-0.29918,0.18265,-0.02555,0.65565,-0.23093,0.31886,0.15053,-0.25446,0.07058,0.00206,-0.28296,0.09842,0.00855,0.66061,-0.14345,0.20201,0.01544,0.19524,-0.00658,-0.00369,0.01986,0.05615,-0.01112,0.82275,-0.20186,0.20599,-0.08885,0.66769,-0.00177,-0.00981,0.35958,0.06206,0.00503,0.61007,-0.11537,0.30788,-0.01187,-0.24566,-0.03158,-0.00993,0.38365,0.06094,0.00672,0.60949,-0.10810,0.14641,-0.00411,0.78661,-0.09629,-0.01538,-0.19765,0.15108,0.01761,0.58859,-0.12334,0.17958,0.01946,-0.24086,-0.00954,-0.00684,-0.24118,0.03479,0.00675,0.60824,-0.11145,0.20002,0.01534,0.18435,-0.02280,-0.00530,0.05490,0.04450,0.00541,0.74704,-0.12152,0.19752,-0.00634
11.1000,1110,5,11.1001,50.42,0.65112,0.04505,-0.01242,0.31326,0.06113,-0.02314,0.67582,-0.12742,0.29394,-0.09530,-0.24468,0.03017,0.05278,0.37570,0.07677,0.02881,0.66509,-0.22115,0.08823,0.30680,0.80416,-0.03476,0.00510,-0.28348,0.17319,-0.02353,0.64071,-0.16136,0.33156,0.08946,-0.25446,0.07058,0.00206,-0.28296,0.09842,0.00855,0.66061,-0.14345,0.20201,0.01544,0.19524,-0.00658,-0.00369,0.01986,0.05615,-0.01112,0.82275,-0.20186,0.20599,-0.08885,0.66748,-0.00652,-0.00957,0.36262,0.05955,0.00523,0.60438,-0.11213,0.30728,-0.01207,-0.24736,-0.03631,-0.00937,0.38662,0.05755,0.00709,0.60415,-0.10538,0.14622,-0.00366,0.78161,-0.10361,-0.01445,-0.19031,0.14228,0.01826,0.58256,-0.11788,0.18045,0.01549,-0.24142,-0.01289,-0.00681,-0.23952,0.03153,0.00656,0.60274,-0.10850,0.20075,0.01400,0.18314,-0.02539,-0.00524,0.05706,0.04183,0.00549,0.74103,-0.11852,0.19721,-0.00606
11.1500,1115,5,11.1500,49.87,0.65513,0.04637,-0.00380,0.32051,0.07913,-0.01729,0.66194,-0.13200,0.28749,-0.05998,-0.24514,-0.02719,0.03899,0.37915,0.04014,0.01891,0.64151,-0.19814,0.12900,0.47113,0.80416,-0.03476,0.00510,-0.28348,0.17319,-0.02353,0.64071,-0.16136,0.33156,0.08946,-0.24672,0.07277,0.00732,-0.27496,0.07829,0.01812,0.64903,-0.10157,0.20510,0.03883,0.19560,-0.00303,0.00023,0.02628,0.06760,-0.00728,0.80115,-0.22104,0.19785,-0.05362,0.66704,-0.01116,-0.00935,0.36554,0.05693,0.00542,0.59886,-0.10883,0.30667,-0.01224,-0.24929,-0.04077,-0.00881,0.38941,0.05399,0.00741,0.59896,-0.10246,0.14605,-0.00327,0.77626,-0.11046,-0.01348,-0.18342,0.13318,0.01881,0.57680,-0.11215,0.18114,0.01203,-0.24215,-0.01622,-0.00677,-0.23802,0.02836,0.00638,0.59739,-0.10548,0.20142,0.01283,0.18181,-0.02794,-0.00516,0.05909,0.03912,0.00556,0.73519,-0.11540,0.19692,-0.00581
11.2000,1120,5,11.1999,49.90,0.65513,0.04637,-0.00380,0.32051,0.07913,-0.01729,0.66194,-0.13200,0.28749,-0.05998,-0.24514,-0.02719,0.03899,0.37915,0.04014,0.01891,0.64151,-0.19814,0.12900,0.47113,0.79649,-0.06758,0.00695,-0.25923,0.22084,-0.00076,0.62186,-0.15266,0.33254,-0.10081,-0.24672,0.07277,0.00732,-0.27496,0.07829,0.01812,0.64903,-0.10157,0.20510,0.03883,0.19560,-0.00303,0.00023,0.02628,0.06760,-0.00728,0.80115,-0.22104,0.19785,-0.05362,0.66637,-0.01569,-0.00913,0.36832,0.05423,0.00562,0.59350,-0.10550,0.30605,-0.01238,-0.25143,-0.04495,-0.00823,0.39201,0.05029,0.00767,0.59391,-0.09935,0.14589,-0.00293,0.77057,-0.11683,-0.01249,-0.17700,0.12384,0.01927,0.57134,-0.10622,0.18166,0.00902,-0.24304,-0.01952,-0.00671,-0.23668,0.02527,0.00622,0.59219,-0.10242,0.20203,0.01180,0.18035,-0.03045,-0.00507,0.06097,0.03637,0.00562,0.72950,-0.11217,0.19663,-0.00558
11.2500,1125,5,11.2502,50.26,0.65898,0.03933,0.00412,0.32938,0.09157,-0.00684,0.64880,-0.12442,0.28294,-0.03201,-0.25157,-0.06228,0.00209,0.38144,0.00391,0.04673,0.62493,-0.14259,0.17140,0.37134,0.79649,-0.06758,0.00695,-0.25923,0.22084,-0.00076,0.62186,-0.15266,0.33254,-0.10081,-0.23935,0.06866,0.01525,-0.26910,0.05124,0.01938,0.64149,-0.06896,0.20748,0.04604,0.19529,-0.00419,0.00129,0.03140,0.06733,-0.00756,0.77963,-0.20853,0.18530,-0.09026,0.66547,-0.02011,-0.00891,0.37096,0.05143,0.00580,0.58831,-0.10215,0.30543,-0.01249,-0.25378,-0.04884,-0.00765,0.39443,0.04648,0.00788,0.58902,-0.09609,0.14575,-0.00262,0.76458,-0.12271,-0.01148,-0.17104,0.11430,0.01964,0.56618,-0.10017,0.18204,0.00639,-0.24410,-0.02280,-0.00665,-0.23550,0.02225,0.00606,0.58715,-0.09931,0.20260,0.01089,0.17877,-0.03291,-0.00497,0.06272,0.03360,0.00568,0.72397,-0.10887,0.19636,-0.00538
11.3000,1130,5,11.3005,50.34,0.65898,0.03933,0.00412,0.32938,0.09157,-0.00684,0.64880,-0.12442,0.28294,-0.03201,-0.25157,-0.06228,0.00209,0.38144,0.00391,0.04673,0.62493,-0.14259,0.17140,0.37134,0.78998,-0.06532,0.00622,-0.24223,0.18703,0.02830,0.61050,-0.12502,0.31551,-0.24658,-0.23935,0.06866,0.01525,-0.26910,0.05124,0.01938,0.64149,-0.06896,0.20748,0.04604,0.19529,-0.00419,0.00129,0.03140,0.06733,-0.00756,0.77963,-0.20853,0.18530,-0.09026,0.66436,-0.02443,-0.00870,0.37346,0.04853,0.00599,0.58328,-0.09879,0.30480,-0.01257,-0.25631,-0.05246,-0.00707,0.39666,0.04257,0.00802,0.58430,-0.09273,0.14563,-0.00235,0.75831,-0.12809,-0.01046,-0.16557,0.10459,0.01991,0.56133,-0.09410,0.18231,0.00410,-0.24532,-0.02605,-0.00658,-0.23446,0.01932,0.00592,0.58226,-0.09616,0.20312,0.01008,0.17706,-0.03532,-0.00485,0.06433,0.03081,0.00572,0.71861,-0.10551,0.19609,-0.00520
11.3500,1135,5,11.3499,49.41,0.66124,0.02829,0.00490,0.33702,0.09382,-0.00878,0.63431,-0.12495,0.28077,-0.03318,-0.25781,-0.04105,-0.04049,0.37935,-0.03486,0.03282,0.61131,-0.09997,0.21804,0.70856,0.78998,-0.06532,0.00622,-0.24223,0.18703,0.02830,0.61050,-0.12502,0.31551,-0.24658,-0.24106,0.04437,0.00779,-0.27293,0.00504,0.00373,0.62982,-0.07508,0.21227,-0.03392,0.19290,-0.02014,0.01370,0.04094,0.08664,-0.00158,0.76117,-0.18066,0.17950,-0.01947,0.66303,-0.02865,-0.00849,0.37581,0.04555,0.00617,0.57843,-0.09543,0.30417,-0.01264,-0.25902,-0.05578,-0.00649,0.39869,0.03861,0.00812,0.57975,-0.08933,0.14552,-0.00212,0.75178,-0.13297,-0.00943,-0.16058,0.09478,0.02009,0.55677,-0.08813,0.18246,0.00212,-0.24671,-0.02926,-0.00650,-0.23356,0.01645,0.00578,0.57753,-0.09299,0.20361,0.00938,0.17523,-0.03767,-0.00472,0.06580,0.02799,0.00576,0.71342,-0.10213,0.19584,-0.00504
11.4000,1140,5,11.4003,50.41,0.66124,0.02829,0.00490,0.33702,0.09382,-0.00878,0.63431,-0.12495,0.28077,-0.03318,-0.25781,-0.04105,-0.04049,0.37935,-0.03486,0.03282,0.61131,-0.09997,0.21804,0.70856,0.78475,-0.05969,0.00357,-0.22567,0.15900,0.01913,0.60010,-0.12651,0.27991,-0.34286,-0.24106,0.04437,0.00779,-0.27293,0.00504,0.00373,0.62982,-0.07508,0.21227,-0.03392,0.19290,-0.02014,0.01370,0.04094,0.08664,-0.00158,0.76117,-0.18066,0.17950,-0.01947,0.66149,-0.03276,-0.00828,0.37801,0.04248,0.00635,0.57374,-0.09206,0.30354,-0.01268,-0.26188,-0.05883,-0.00593,0.40052,0.03462,0.00816,0.57537,-0.08599,0.14542,-0.00191,0.74502,-0.13734,-0.00841,-0.15609,0.08490,0.02018,0.55251,-0.08242,0.18252,0.00039,-0.24825,-0.03243,-0.00641,-0.23281,0.01364,0.00565,0.57296,-0.08979,0.20406,0.00875,0.17329,-0.03995,-0.00459,0.06713,0.02516,0.00579,0.70840,-0.09876,0.19559,-0.00490
11.4500,1145,5,11.4503,49.99,0.66314,0.01971,0.00830,0.34443,0.08666,0.00156,0.62091,-0.12705,0.27726,-0.05831,-0.25959,-0.00264,-0.02893,0.37497,-0.02237,-0.06646,0.60155,-0.05682,0.29016,0.53200,0.78475,-0.05969,0.00357,-0.22567,0.15900,0.01913,0.60010,-0.12651,0.27991,-0.34286,-0.23897,0.02700,0.02015,-0.27346,0.00639,-0.02954,0.62073,-0.09378,0.21001,-0.00778,0.19016,-0.03658,0.01323,0.04730,0.09457,-0.00744,0.74367,-0.15530,0.18322,0.08486,0.65976,-0.03677,-0.00807,0.38006,0.03933,0.00652,0.56922,-0.08861,0.30291,-0.01270,-0.26490,-0.06160,-0.00537,0.40215,0.03062,0.00815,0.57115,-0.08285,0.14532,-0.00173,0.73805,-0.14122,-0.00740,-0.15209,0.07500,0.02019,0.54852,-0.07718,0.18250,-0.00112,-0.24995,-0.03555,-0.00632,-0.23220,0.01090,0.00553,0.56856,-0.08657,0.20449,0.00820,0.17124,-0.04217,-0.00444,0.06832,0.02231,0.00581,0.70354,-0.09541,0.19535,-0.00477
11.5000,1150,5,11.5003,49.99,0.66314,0.01971,0.00830,0.34443,0.08666,0.00156,0.62091,-0.12705,0.27726,-0.05831,-0.25959,-0.00264,-0.02893,0.37497,-0.02237,-0.06646,0.60155,-0.05682,0.29016,0.53200,0.77037,-0.10130,0.01502,-0.20063,0.18743,0.01749,0.58090,-0.17314,0.25297,-0.22930,-0.23897,0.02700,0.02015,-0.27346,0.00639,-0.02954,0.62073,-0.09378,0.21001,-0.00778,0.19016,-0.03658,0.01323,0.04730,0.09457,-0.00744,0.74367,-0.15530,0.18322,0.08486,0.65782,-0.04068,-0.00786,0.38194,0.03609,0.00666,0.56488,-0.08505,0.30227,-0.01271,-0.26804,-0.06410,-0.00483,0.40358,0.02663,0.00814,0.56708,-0.08002,0.14524,-0.00157,0.73091,-0.14460,-0.00641,-0.14859,0.06510,0.02018,0.54478,-0.07258,0.18241,-0.00242,-0.25180,-0.03862,-0.00622,-0.23172,0.00822,0.00541,0.56431,-0.08334,0.20488,0.00771,0.16908,-0.04431,-0.00429,0.06936,0.01946,0.00582,0.69885,-0.09211,0.19511,-0.00465
11.5500,1155,5,11.5504,50.12,0.66369,0.00801,0.00549,0.35479,0.09386,0.00409,0.60731,-0.12761,0.26949,-0.09841,-0.26071,-0.01554,-0.00427,0.38048,0.07887,-0.05165,0.59665,-0.01425,0.32593,0.10727,0.77037,-0.10130,0.01502,-0.20063,0.18743,0.01749,0.58090,-0.17314,0.25297,-0.22930,-0.23942,-0.00861,0.01130,-0.26539,0.06294,-0.01875,0.60989,-0.11891,0.21262,0.13472,0.18693,-0.04586,0.01029,0.05313,0.08425,0.00774,0.72972,-0.11709,0.18674,-0.01535,0.65569,-0.04448,-0.00764,0.38366,0.03280,0.00674,0.56072,-0.08145,0.30164,-0.01271,-0.27130,-0.06634,-0.00432,0.40481,0.02263,0.00816,0.56314,-0.07739,0.14517,-0.00143,0.72360,-0.14751,-0.00545,-0.14558,0.05520,0.02019,0.54126,-0.06848,0.18226,-0.00355,-0.25381,-0.04165,-0.00611,-0.23138,0.00559,0.00530,0.56022,-0.08010,0.20526,0.00727,0.16681,-0.04638,-0.00414,0.07027,0.01661,0.00582,0.69433,-0.08886,0.19488,-0.00455
11.6000,1160,5,11.6002,49.77,0.66369,0.00801,0.00549,0.35479,0.09386,0.00409,0.60731,-0.12761,0.26949,-0.09841,-0.26071,-0.01554,-0.00427,0.38048,0.07887,-0.05165,0.59665,-0.01425,0.32593,0.10727,0.75444,-0.12798,0.01115,-0.19137,0.11749,0.02681,0.56141,-0.16037,0.23467,-0.19733,-0.24170,-0.02140,0.01130,-0.26262,0.04927,-0.01875,0.59450,-0.14851,0.21262,0.13472,0.18693,-0.04586,0.01029,0.05313,0.08425,0.00774,0.72972,-0.11709,0.18674,-0.01535,0.65337,-0.04817,-0.00741,0.38522,0.02949,0.00676,0.55674,-0.07788,0.30100,-0.01269,-0.27467,-0.06834,-0.00382,0.40585,0.01861,0.00822,0.55934,-0.07487,0.14510,-0.00131,0.71616,-0.14996,-0.00453,-0.14307,0.04529,0.02023,0.53793,-0.06470,0.18206,-0.00453,-0.25597,-0.04462,-0.00599,-0.23116,0.00302,0.00519,0.55630,-0.07688,0.20561,0.00689,0.16444,-0.04837,-0.00398,0.07102,0.01376,0.00580,0.68997,-0.08565,0.19466,-0.00445
11.6500,1165,5,11.6509,50.65,0.66361,0.00175,-0.00017,0.36328,0.09764,-0.00325,0.59342,-0.12187,0.26172,-0.06564,-0.26528,-0.03114,-0.01296,0.39131,0.12199,-0.01409,0.59261,-0.03351,0.32345,-0.13119,0.75444,-0.12798,0.01115,-0.19137,0.11749,0.02681,0.56141,-0.16037,0.23467,-0.19733,-0.24170,-0.02140,0.00521,-0.26262,0.04927,-0.01207,0.59450,-0.14851,0.22560,0.08690,0.18213,-0.04969,0.00376,0.06144,0.07651,0.00762,0.71907,-0.09272,0.18178,-0.13106,0.65088,-0.05175,-0.00719,0.38661,0.02618,0.00676,0.55293,-0.07438,0.30037,-0.01267,-0.27813,-0.07010,-0.00334,0.40668,0.01457,0.00827,0.55566,-0.07235,0.14504,-0.00120,0.70861,-0.15195,-0.00362,-0.14106,0.03536,0.02024,0.53478,-0.06111,0.18181,-0.00537,-0.25827,-0.04752,-0.00587,-0.23107,0.00050,0.00508,0.55253,-0.07368,0.20595,0.00654,0.16197,-0.05028,-0.00382,0.07164,0.01092,0.00578,0.68576,-0.08249,0.19444,-0.00437
11.7000,1170,5,11.6999,49.02,0.66361,0.00175,-0.00017,0.36328,0.09764,-0.00325,0.59342,-0.12187,0.26172,-0.06564,-0.26528,-0.03114,-0.01296,0.39131,0.12199,-0.01409,0.59261,-0.03351,0.32345,-0.13119,0.74083,-0.12648,-0.00934,-0.18279,0.09317,0.00995,0.54706,-0.13102,0.21405,-0.26745,-0.24170,-0.02140,0.00521,-0.26262,0.04927,-0.01207,0.59450,-0.14851,0.22560,0.08690,0.18213,-0.04969,0.00376,0.06144,0.07651,0.00762,0.71907,-0.09272,0.18178,-0.13106,0.64820,-0.05523,-0.00698,0.38784,0.02286,0.00674,0.54930,-0.07098,0.29973,-0.01263,-0.28168,-0.07162,-0.00288,0.40730,0.01051,0.00828,0.55210,-0.06982,0.14498,-0.00111,0.70098,-0.15352,-0.00275,-0.13954,0.02544,0.02019,0.53181,-0.05763,0.18153,-0.00610,-0.26072,-0.05037,-0.00574,-0.23111,-0.00197,0.00498,0.54893,-0.07052,0.20627,0.00624,0.15941,-0.05211,-0.00365,0.07212,0.00809,0.00575,0.68172,-0.07936,0.19422,-0.00429
11.7500,1175,5,11.7503,50.40,0.66377,-0.00011,0.01221,0.36890,0.08021,0.01096,0.58033,-0.11492,0.25680,-0.03804,-0.26951,-0.02435,-0.01975,0.40362,0.12953,0.01390,0.58739,-0.06089,0.29609,-0.34082,0.74083,-0.12648,-0.00934,-0.18279,0.09317,0.00995,0.54706,-0.13102,0.21405,-0.26745,-0.24398,-0.01581,-0.01032,-0.25859,0.04716,0.00375,0.57963,-0.14503,0.22798,-0.02278,0.17734,-0.04602,-0.01180,0.06604,0.05299,0.03413,0.71065,-0.08072,0.16681,-0.11636,0.64535,-0.05859,-0.00676,0.38890,0.01956,0.00672,0.54583,-0.06766,0.29910,-0.01259,-0.28529,-0.07292,-0.00243,0.40773,0.00645,0.00826,0.54868,-0.06728,0.14492,-0.00102,0.69327,-0.15466,-0.00191,-0.13851,0.01557,0.02007,0.52902,-0.05425,0.18120,-0.00673,-0.26331,-0.05316,-0.00561,-0.23127,-0.00438,0.00487,0.54548,-0.06740,0.20657,0.00596,0.15677,-0.05386,-0.00349,0.07245,0.00528,0.00571,0.67783,-0.07627,0.19401,-0.00421
11.8000,1180,5,11.8002,49.89,0.66377,-0.00011,0.01221,0.36890,0.08021,0.01096,0.58033,-0.11492,0.25680,-0.03804,-0.26951,-0.02435,-0.01975,0.40362,0.12953,0.01390,0.58739,-0.06089,0.29609,-0.34082,0.72939,-0.10798,-0.01548,-0.17370,0.08647,0.00554,0.53682,-0.06793,0.19258,-0.16398,-0.24636,-0.01560,-0.01032,-0.24993,0.05399,0.00375,0.56772,-0.11304,0.22798,-0.02278,0.17734,-0.04602,-0.01180,0.06604,0.05299,0.03413,0.71065,-0.08072,0.16681,-0.11636,0.64234,-0.06186,-0.00654,0.38980,0.01627,0.00669,0.54253,-0.06442,0.29848,-0.01254,-0.28896,-0.07401,-0.00201,0.40795,0.00241,0.00821,0.54538,-0.06470,0.14488,-0.00095,0.68552,-0.15540,-0.00111,-0.13798,0.00577,0.01988,0.52639,-0.05092,0.18085,-0.00727,-0.26603,-0.05587,-0.00547,-0.23155,-0.00675,0.00477,0.54219,-0.06433,0.20686,0.00572,0.15403,-0.05553,-0.00333,0.07264,0.00249,0.00565,0.67409,-0.07321,0.19380,-0.00415
11.8500,1185,5,11.8498,49.62,0.66214,-0.01728,0.01904,0.37919,0.07624,0.02049,0.57073,-0.08983,0.25088,-0.05967,-0.27226,-0.00662,-0.01129,0.41430,0.10072,0.04775,0.58033,-0.05667,0.25715,-0.39270,0.72939,-0.10798,-0.01548,-0.17370,0.08647,0.00554,0.53682,-0.06793,0.19258,-0.16398,-0.24636,-0.01560,-0.01407,-0.24993,0.05399,-0.01540,0.56772,-0.11304,0.22891,-0.06452,0.17397,-0.01921,-0.02857,0.06819,0.00682,0.05070,0.70141,-0.09800,0.16416,-0.00713,0.63917,-0.06501,-0.00633,0.39053,0.01300,0.00665,0.53939,-0.06126,0.29785,-0.01248,-0.29269,-0.07490,-0.00161,0.40797,-0.00159,0.00812,0.54221,-0.06210,0.14483,-0.00088,0.67774,-0.15575,-0.00035,-0.13793,-0.00393,0.01964,0.52393,-0.04764,0.18048,-0.00774,-0.26889,-0.05852,-0.00532,-0.23194,-0.00906,0.00466,0.53905,-0.06131,0.20714,0.00550,0.15121,-0.05713,-0.00316,0.07270,-0.00027,0.00559,0.67051,-0.07018,0.19359,-0.00409
11.9000,1190,5,11.9006,50.78,0.66214,-0.01728,0.01904,0.37919,0.07624,0.02049,0.57073,-0.08983,0.25088,-0.05967,-0.27226,-0.00662,-0.01129,0.41430,0.10072,0.04775,0.58033,-0.05667,0.25715,-0.39270,0.72039,-0.08298,-0.02288,-0.16574,0.07896,0.01721,0.53085,-0.05483,0.18547,-0.08939,-0.24636,-0.01560,-0.01407,-0.24993,0.05399,-0.01540,0.56772,-0.11304,0.22891,-0.06452,0.17397,-0.01921,-0.02857,0.06819,0.00682,0.05070,0.70141,-0.09800,0.16416,-0.00713,0.63584,-0.06806,-0.00611,0.39110,0.00974,0.00661,0.53640,-0.05818,0.29723,-0.01242,-0.29645,-0.07559,-0.00123,0.40779,-0.00555,0.00799,0.53917,-0.05948,0.14479,-0.00083,0.66995,-0.15574,0.00037,-0.13837,-0.01349,0.01932,0.52162,-0.04438,0.18008,-0.00813,-0.27188,-0.06109,-0.00517,-0.23245,-0.01132,0.00456,0.53606,-0.05836,0.20741,0.00530,0.14832,-0.05864,-0.00300,0.07262,-0.00299,0.00551,0.66707,-0.06718,0.19339,-0.00403
11.9500,1195,5,11.9506,50.06,0.65818,-0.03216,0.02051,0.37610,0.00548,0.03099,0.55676,-0.10360,0.24654,-0.05324,-0.27460,-0.00558,-0.00367,0.42252,0.07638,0.04891,0.57746,-0.02895,0.21320,-0.36948,0.72039,-0.08298,-0.02288,-0.16574,0.07896,0.01721,0.53085,-0.05483,0.18547,-0.08939,-0.24679,0.00325,-0.00891,-0.24422,0.05905,0.00942,0.55635,-0.10053,0.21322,-0.12134,0.17366,0.00862,-0.00419,0.06576,-0.02877,0.00492,0.69030,-0.11639,0.16907,0.11755,0.63237,-0.07101,-0.00589,0.39150,0.00651,0.00656,0.53357,-0.05518,0.29661,-0.01235,-0.30024,-0.07611,-0.00088,0.40741,-0.00943,0.00784,0.53626,-0.05684,0.14475,-0.00078,0.66217,-0.15540,0.00103,-0.13928,-0.02288,0.01895,0.51949,-0.04116,0.17967,-0.00847,-0.27500,-0.06359,-0.00502,-0.23307,-0.01353,0.00445,0.53321,-0.05547,0.20768,0.00512,0.14535,-0.06007,-0.00285,0.07240,-0.00567,0.00543,0.66379,-0.06420,0.19319,-0.00397
12.0000,1200,6,12.0009,50.22,0.65818,-0.03216,0.02051,0.37610,0.00548,0.03099,0.55676,-0.10360,0.24654,-0.05324,-0.27460,-0.00558,-0.00367,0.42252,0.07638,0.04891,0.57746,-0.02895,0.21320,-0.36948,0.71352,-0.05882,-0.01219,-0.15952,0.05373,0.02664,0.52557,-0.06177,0.17127,-0.13868,-0.24679,0.00325,-0.00891,-0.24422,0.05905,0.00942,0.55635,-0.10053,0.21322,-0.12134,0.17366,0.00862,-0.00419,0.06576,-0.02877,0.00492,0.69030,-0.11639,0.16907,0.11755,0.65818,-0.03216,0.02051,0.37610,0.00548,0.03099,0.55676,-0.10360,0.24654,-0.05324,-0.27460,-0.00558,-0.00367,0.42252,0.07638,0.04891,0.57746,-0.02895,0.21320,-0.36948,0.71352,-0.05882,-0.01219,-0.15952,0.05373,0.02664,0.52557,-0.06177,0.17127,-0.13868,-0.24679,0.00325,-0.00891,-0.24422,0.05905,0.00942,0.55635,-0.10053,0.21322,-0.12134,0.17366,0.00862,-0.00419,0.06576,-0.02877,0.00492,0.69030,-0.11639,0.16907,0.11755
12.0500,1205,6,12.0501,49.22,0.65297,-0.05106,0.01468,0.38205,0.01000,0.00889,0.54587,-0.09511,0.24392,-0.01087,-0.27481,0.01193,0.00195,0.42378,-0.00221,0.05504,0.56943,-0.08171,0.19225,-0.09068,0.71352,-0.05882,-0.01219,-0.15952,0.05373,0.02664,0.52557,-0.06177,0.17127,-0.13868,-0.24567,0.00367,0.02722,-0.24139,0.02781,0.02557,0.54818,-0.05419,0.20153,-0.02779,0.17456,0.00307,0.00982,0.05792,-0.04217,-0.01194,0.67679,-0.12968,0.18010,0.14554,0.65678,-0.02449,0.01131,0.37605,-0.00618,0.01754,0.55192,-0.09080,0.24400,-0.04837,-0.27494,-0.00821,-0.00672,0.42577,0.05432,0.04134,0.57557,-0.04511,0.19595,-0.32162,0.71042,-0.06560,-0.01511,-0.15718,0.03993,0.02930,0.52249,-0.06112,0.16478,-0.12157,-0.24674,-0.00119,-0.00915,-0.24139,0.05391,0.01138,0.55150,-0.09357,0.20755,-0.10585,0.17404,0.00608,-0.00603,0.06427,-0.03067,0.00297,0.68485,-0.10223,0.17454,0.10152
12.1000,1210,6,12.1004,50.34,0.65297,-0.05106,0.01468,0.38205,0.01000,0.00889,0.54587,-0.09511,0.24392,-0.01087,-0.27481,0.01193,0.00195,0.42378,-0.00221,0.05504,0.56943,-0.08171,0.19225,-0.09068,0.70361,-0.06377,-0.00180,-0.15983,0.01705,0.00587,0.51795,-0.06526,0.15886,-0.09893,-0.24806,-0.03710,0.02722,-0.23406,0.02829,0.02557,0.54597,0.00192,0.20153,-0.02779,0.17456,0.00307,0.00982,0.05792,-0.04217,-0.01194,0.67679,-0.12968,0.18010,0.14554,0.65567,-0.02063,0.00480,0.37557,-0.01254,0.00906,0.54762,-0.08156,0.24169,-0.04404,-0.27544,-0.01194,-0.00832,0.42801,0.03558,0.03530,0.57305,-0.05506,0.18094,-0.27984,0.70695,-0.07337,-0.01632,-0.15554,0.02526,0.03030,0.51951,-0.05789,0.15908,-0.10665,-0.24691,-0.00570,-0.00924,-0.23884,0.04804,0.01242,0.54699,-0.08689,0.20260,-0.09230,0.17426,0.00281,-0.00719,0.06270,-0.03182,0.00181,0.68002,-0.09112,0.17926,0.08753
12.1500,1215,6,12.1503,49.93,0.64695,-0.06890,0.01256,0.38132,0.00807,0.01204,0.53584,-0.07822,0.23641,-0.18564,-0.27325,0.01165,0.00911,0.41823,-0.05807,0.05780,0.55904,-0.10117,0.21960,0.57348,0.70361,-0.06377,-0.00180,-0.15983,0.01705,0.00587,0.51795,-0.06526,0.15886,-0.09893,-0.24806,-0.03710,0.03248,-0.23406,0.02829,0.00963,0.54597,0.00192,0.22151,0.33641,0.17359,0.00034,-0.00575,0.05710,-0.02468,0.00959,0.66509,-0.11017,0.19453,0.10066,0.65467,-0.01947,0.00019,0.37485,-0.01561,0.00392,0.54372,-0.07449,0.23959,-0.04020,-0.27614,-0.01622,-0.00898,0.42938,0.01951,0.03039,0.57014,-0.06085,0.16788,-0.24337,0.70308,-0.08143,-0.01643,-0.15465,0.01038,0.03020,0.51672,-0.05330,0.15408,-0.09364,-0.24731,-0.01024,-0.00923,-0.23659,0.04182,0.01286,0.54281,-0.08061,0.19829,-0.08046,0.17431,-0.00090,-0.00789,0.06109,-0.03253,0.00115,0.67570,-0.08224,0.18332,0.07533
12.2000,1220,6,12.2003,49.95,0.64695,-0.06890,0.01256,0.38132,0.00807,0.01204,0.53584,-0.07822,0.23641,-0.18564,-0.27325,0.01165,0.00911,0.41823,-0.05807,0.05780,0.55904,-0.10117,0.21960,0.57348,0.69729,-0.04799,-0.03588,-0.15781,0.01247,0.00956,0.51466,-0.03378,0.15278,-0.01116,-0.25205,-0.04875,0.03248,-0.23761,-0.02054,0.00963,0.54419,-0.01106,0.22151,0.33641,0.17359,0.00034,-0.00575,0.05710,-0.02468,0.00959,0.66509,-0.11017,0.19453,0.10066,0.65369,-0.02022,-0.00307,0.37404,-0.01674,0.00098,0.54015,-0.06876,0.23767,-0.03677,-0.27707,-0.02066,-0.00905,0.43000,0.00563,0.02633,0.56701,-0.06382,0.15652,-0.21154,0.69880,-0.08937,-0.01586,-0.15450,-0.00426,0.02941,0.51419,-0.04809,0.14969,-0.08230,-0.24793,-0.01475,-0.00916,-0.23466,0.03549,0.01289,0.53892,-0.07474,0.19453,-0.07010,0.17417,-0.00488,-0.00826,0.05945,-0.03300,0.00082,0.67177,-0.07499,0.18682,0.06469
12.2500,1225,6,12.2504,50.15,0.64011,-0.06214,-0.02000,0.38030,-0.00686,0.01726,0.52913,-0.04107,0.21563,-0.19146,-0.27301,0.00318,0.01214,0.41221,-0.06669,-0.03487,0.55132,-0.06484,0.30827,1.15872,0.69729,-0.04799,-0.03588,-0.15781,0.01247,0.00956,0.51466,-0.03378,0.15278,-0.01116,-0.25205,-0.04875,0.01140,-0.23761,-0.02054,0.02420,0.54419,-0.01106,0.25246,0.08332,0.17348,-0.01673,0.03784,0.05419,-0.01651,-0.05074,0.65503,-0.08826,0.20192,-0.10492,0.65263,-0.02232,-0.00534,0.37320,-0.01681,-0.00050,0.53683,-0.06387,0.23591,-0.03373,-0.27821,-0.02504,-0.00877,0.42997,-0.00642,0.02290,0.56379,-0.06487,0.14666,-0.18375,0.69415,-0.09693,-0.01490,-0.15507,-0.01839,0.02817,0.51192,-0.04269,0.14582,-0.07241,-0.24878,-0.01921,-0.00904,-0.23304,0.02921,0.01266,0.53532,-0.06929,0.19125,-0.06105,0.17382,-0.00897,-0.00841,0.05779,-0.03337,0.00070,0.66818,-0.06894,0.18981,0.05542
12.3000,1230,6,12.3000,49.60,0.64011,-0.06214,-0.02000,0.38030,-0.00686,0.01726,0.52913,-0.04107,0.21563,-0.19146,-0.27301,0.00318,0.01214,0.41221,-0.06669,-0.03487,0.55132,-0.06484,0.30827,1.15872,0.69349,-0.01468,-0.03172,-0.15549,0.01013,0.02014,0.51408,0.00313,0.15164,-0.08499,-0.25985,-0.06784,0.01140,-0.23672,-0.01399,0.02420,0.54086,-0.04178,0.25246,0.08332,0.17348,-0.01673,0.03784,0.05419,-0.01651,-0.05074,0.65503,-0.08826,0.20192,-0.10492,0.65144,-0.02535,-0.00691,0.37237,-0.01640,-0.00106,0.53375,-0.05954,0.23429,-0.03102,-0.27957,-0.02923,-0.00830,0.42938,-0.01692,0.01998,0.56055,-0.06462,0.13809,-0.15949,0.68912,-0.10395,-0.01374,-0.15633,-0.03185,0.02668,0.50992,-0.03738,0.14242,-0.06379,-0.24985,-0.02361,-0.00889,-0.23174,0.02310,0.01226,0.53199,-0.06423,0.18840,-0.05313,0.17327,-0.01311,-0.00841,0.05612,-0.03370,0.00070,0.66486,-0.06381,0.19238,0.04733
12.3500,1235,6,12.3498,49.80,0.63578,-0.02665,-0.03364,0.37573,-0.03713,0.02169,0.52342,-0.03916,0.20060,-0.15354,-0.27296,-0.01080,-0.02020,0.40854,-0.02149,-0.04814,0.54729,-0.02186,0.41955,1.00110,0.69349,-0.01468,-0.03172,-0.15549,0.01013,0.02014,0.51408,0.00313,0.15164,-0.08499,-0.25985,-0.06784,-0.00788,-0.23672,-0.01399,-0.01447,0.54086,-0.04178,0.24166,-0.19741,0.17127,-0.04208,0.00001,0.05184,0.01257,-0.03922,0.64694,-0.04763,0.18356,-0.15564,0.65008,-0.02901,-0.00794,0.37156,-0.01587,-0.00104,0.53087,-0.05560,0.23280,-0.02860,-0.28113,-0.03316,-0.00774,0.42830,-0.02609,0.01744,0.55734,-0.06349,0.13066,-0.13832,0.68376,-0.11039,-0.01251,-0.15824,-0.04454,0.02504,0.50817,-0.03235,0.13943,-0.05627,-0.25114,-0.02793,-0.00872,-0.23073,0.01720,0.01177,0.52890,-0.05953,0.18593,-0.04621,0.17251,-0.01721,-0.00831,0.05442,-0.03406,0.00077,0.66179,-0.05937,0.19456,0.04028
12.4000,1240,6,12.4012,51.39,0.63578,-0.02665,-0.03364,0.37573,-0.03713,0.02169,0.52342,-0.03916,0.20060,-0.15354,-0.27296,-0.01080,-0.02020,0.40854,-0.02149,-0.04814,0.54729,-0.02186,0.41955,1.00110,0.69813,0.03687,-0.02555,-0.15416,-0.00628,0.01716,0.51671,-0.00841,0.14074,-0.09335,-0.26551,-0.03564,-0.00788,-0.23638,0.00886,-0.01447,0.53489,-0.07010,0.24166,-0.19741,0.17127,-0.04208,0.00001,0.05184,0.01257,-0.03922,0.64694,-0.04763,0.18356,-0.15564,0.64853,-0.03308,-0.00859,0.37078,-0.01544,-0.00067,0.52819,-0.05194,0.23142,-0.02646,-0.28288,-0.03682,-0.00718,0.42679,-0.03409,0.01523,0.55421,-0.06179,0.12421,-0.11984,0.67809,-0.11623,-0.01131,-0.16077,-0.05641,0.02334,0.50667,-0.02769,0.13678,-0.04971,-0.25264,-0.03216,-0.00853,-0.23001,0.01156,0.01122,0.52603,-0.05516,0.18377,-0.04016,0.17155,-0.02124,-0.00813,0.05271,-0.03447,0.00088,0.65892,-0.05545,0.19642,0.03414
12.4500,1245,6,12.4501,48.86,0.63489,0.01549,-0.04579,0.37198,-0.04047,0.00419,0.51909,-0.03891,0.18623,-0.06773,-0.27276,-0.01925,0.01072,0.40920,0.04717,-0.06519,0.54429,-0.01147,0.48701,0.33895,0.69813,0.03687,-0.02555,-0.15416,-0.00628,0.01716,0.51671,-0.00841,0.14074,-0.09335,-0.26551,-0.03564,-0.06851,-0.23638,0.00886,-0.00256,0.53489,-0.07010,0.21204,-0.33013,0.16618,-0.06401,0.02814,0.05731,0.07819,-0.06116,0.64431,-0.01334,0.17885,0.08970,0.64677,-0.03739,-0.00894,0.37001,-0.01524,-0.00013,0.52568,-0.04849,0.23015,-0.02454,-0.28481,-0.04021,-0.00665,0.42491,-0.04107,0.01327,0.55117,-0.05975,0.11863,-0.10372,0.67215,-0.12149,-0.01018,-0.16387,-0.06744,0.02163,0.50540,-0.02350,0.13444,-0.04399,-0.25435,-0.03629,-0.00833,-0.22957,0.00620,0.01064,0.52337,-0.05108,0.18190,-0.03487,0.17039,-0.02517,-0.00790,0.05097,-0.03492,0.00099,0.65623,-0.05196,0.19799,0.02878
12.5000,1250,6,12.5006,50.56,0.63489,0.01549,-0.04579,0.37198,-0.04047,0.00419,0.51909,-0.03891,0.18623,-0.06773,-0.27276,-0.01925,0.01072,0.40920,0.04717,-0.06519,0.54429,-0.01147,0.48701,0.33895,0.70294,0.05016,0.00492,-0.15674,-0.02156,0.01133,0.51268,-0.03578,0.12467,-0.13565,-0.26551,-0.03564,-0.06851,-0.23638,0.00886,-0.00256,0.53489,-0.07010,0.21204,-0.33013,0.16618,-0.06401,0.02814,0.05731,0.07819,-0.06116,0.64431,-0.01334,0.17885,0.08970,0.64479,-0.04181,-0.00907,0.36925,-0.01533,0.00050,0.52333,-0.04520,0.22897,-0.02284,-0.28690,-0.04336,-0.00618,0.42270,-0.04714,0.01154,0.54823,-0.05756,0.11381,-0.08965,0.66595,-0.12623,-0.00914,-0.16750,-0.07763,0.01996,0.50431,-0.01988,0.13237,-0.03900,-0.25627,-0.04032,-0.00811,-0.22939,0.00112,0.01006,0.52092,-0.04728,0.18027,-0.03025,0.16903,-0.02899,-0.00765,0.04922,-0.03544,0.00110,0.65372,-0.04880,0.19931,0.02412
12.5500,1255,6,12.5498,49.13,0.63862,0.04666,-0.01239,0.36567,-0.03303,-0.01218,0.51402,-0.04101,0.18405,-0.03749,-0.27585,-0.04488,-0.00176,0.41654,0.10486,-0.05004,0.54254,0.00722,0.49503,-0.38022,0.70294,0.05016,0.00492,-0.15674,-0.02156,0.01133,0.51268,-0.03578,0.12467,-0.13565,-0.26470,0.02482,-0.03825,-0.23301,0.03479,-0.01440,0.52761,-0.06369,0.16382,-0.64432,0.15713,-0.09280,-0.01309,0.06868,0.12097,0.00883,0.64410,0.01155,0.19277,0.23148,0.64259,-0.04626,-0.00905,0.36847,-0.01572,0.00112,0.52115,-0.04203,0.22786,-0.02132,-0.28914,-0.04628,-0.00574,0.42021,-0.05242,0.01002,0.54541,-0.05531,0.10964,-0.07737,0.65953,-0.13047,-0.00817,-0.17162,-0.08703,0.01836,0.50340,-0.01682,0.13053,-0.03465,-0.25838,-0.04425,-0.00789,-0.22945,-0.00367,0.00948,0.51864,-0.04372,0.17886,-0.02621,0.16749,-0.03267,-0.00737,0.04743,-0.03600,0.00120,0.65135,-0.04590,0.20041,0.02006
12.6000,1260,6,12.6002,50.45,0.63862,0.04666,-0.01239,0.36567,-0.03303,-0.01218,0.51402,-0.04101,0.18405,-0.03749,-0.27585,-0.04488,-0.00176,0.41654,0.10486,-0.05004,0.54254,0.00722,0.49503,-0.38022,0.70705,0.03280,0.02445,-0.15787,-0.02119,-0.00505,0.50808,-0.05196,0.11163,-0.10553,-0.25845,0.06266,-0.03825,-0.22570,0.05982,-0.01440,0.52166,-0.03743,0.16382,-0.64432,0.15713,-0.09280,-0.01309,0.06868,0.12097,0.00883,0.64410,0.01155,0.19277,0.23148,0.64017,-0.05068,-0.00894,0.36767,-0.01642,0.00170,0.51913,-0.03902,0.22683,-0.01996,-0.29152,-0.04899,-0.00532,0.41747,-0.05700,0.00867,0.54270,-0.05303,0.10604,-0.06666,0.65291,-0.13425,-0.00725,-0.17619,-0.09566,0.01685,0.50262,-0.01424,0.12890,-0.03085,-0.26069,-0.04807,-0.00767,-0.22975,-0.00818,0.00891,0.51654,-0.04038,0.17764,-0.02268,0.16577,-0.03622,-0.00709,0.04561,-0.03661,0.00128,0.64912,-0.04322,0.20132,0.01652
12.6500,1265,6,12.6498,49.55,0.64214,0.04845,-0.02216,0.36791,0.01617,-0.02981,0.51155,-0.02167,0.17760,-0.12205,-0.28228,-0.07276,0.01298,0.42679,0.10859,0.06200,0.54485,0.00975,0.42441,-0.77153,0.70705,0.03280,0.02445,-0.15787,-0.02119,-0.00505,0.50808,-0.05196,0.11163,-0.10553,-0.25845,0.06266,0.00135,-0.22570,0.05982,0.00190,0.52166,-0.03743,0.09642,-0.61957,0.14796,-0.06818,-0.00589,0.07638,0.08546,0.04691,0.64368,0.01072,0.21555,0.22576,0.63752,-0.05502,-0.00875,0.36683,-0.01738,0.00222,0.51725,-0.03617,0.22586,-0.01875,-0.29403,-0.05150,-0.00493,0.41452,-0.06096,0.00749,0.54011,-0.05072,0.10295,-0.05732,0.64611,-0.13760,-0.00640,-0.18117,-0.10357,0.01543,0.50197,-0.01205,0.12744,-0.02754,-0.26319,-0.05177,-0.00743,-0.23027,-0.01241,0.00835,0.51460,-0.03726,0.17659,-0.01960,0.16387,-0.03963,-0.00680,0.04377,-0.03725,0.00134,0.64702,-0.04071,0.20207,0.01344
12.7000,1270,6,12.7001,50.35,0.64214,0.04845,-0.02216,0.36791,0.01617,-0.02981,0.51155,-0.02167,0.17760,-0.12205,-0.28228,-0.07276,0.01298,0.42679,0.10859,0.06200,0.54485,0.00975,0.42441,-0.77153,0.70750,-0.01280,0.05167,-0.15007,0.03170,-0.01021,0.49176,-0.12815,0.10461,0.00261,-0.25083,0.05479,0.00135,-0.22171,0.05797,0.00190,0.51700,-0.03093,0.09642,-0.61957,0.14796,-0.06818,-0.00589,0.07638,0.08546,0.04691,0.64368,0.01072,0.21555,0.22576,0.63467,-0.05925,-0.00850,0.36593,-0.01858,0.00266,0.51551,-0.03348,0.22495,-0.01766,-0.29667,-0.05383,-0.00457,0.41138,-0.06437,0.00645,0.53763,-0.04840,0.10029,-0.04918,0.63916,-0.14054,-0.00561,-0.18654,-0.11081,0.01410,0.50141,-0.01019,0.12614,-0.02465,-0.26587,-0.05536,-0.00720,-0.23099,-0.01638,0.00782,0.51281,-0.03432,0.17568,-0.01690,0.16181,-0.04289,-0.00651,0.04189,-0.03792,0.00138,0.64505,-0.03834,0.20268,0.01077
12.7500,1275,6,12.7506,50.52,0.64750,0.04933,0.02236,0.36963,0.04059,-0.01043,0.50897,-0.01931,0.16880,-0.06650,-0.28919,-0.04180,-0.01995,0.43105,0.03948,0.07091,0.54517,-0.01597,0.35597,-0.65497,0.70750,-0.01280,0.05167,-0.15007,0.03170,-0.01021,0.49176,-0.12815,0.10461,0.00261,-0.25083,0.05479,0.03065,-0.22171,0.05797,0.00968,0.51700,-0.03093,0.04709,-0.23308,0.14044,-0.06091,-0.01701,0.08401,0.04988,0.05193,0.64341,0.00331,0.22472,-0.01510,0.63160,-0.06335,-0.00822,0.36497,-0.01998,0.00301,0.51390,-0.03095,0.22410,-0.01669,-0.29941,-0.05599,-0.00424,0.40809,-0.06730,0.00553,0.53527,-0.04608,0.09802,-0.04207,0.63207,-0.14311,-0.00488,-0.19224,-0.11742,0.01286,0.50094,-0.00863,0.12497,-0.02213,-0.26872,-0.05883,-0.00695,-0.23190,-0.02009,0.00730,0.51117,-0.03156,0.17489,-0.01455,0.15958,-0.04601,-0.00622,0.03998,-0.03860,0.00139,0.64319,-0.03609,0.20315,0.00844
12.8000,1280,6,12.8003,49.66,0.64750,0.04933,0.02236,0.36963,0.04059,-0.01043,0.50897,-0.01931,0.16880,-0.06650,-0.28919,-0.04180,-0.01995,0.43105,0.03948,0.07091,0.54517,-0.01597,0.35597,-0.65497,0.70727,-0.04612,0.04860,-0.14788,0.01194,0.02673,0.48251,-0.07727,0.10950,0.05797,-0.24657,0.02311,0.03065,-0.21588,0.03920,0.00968,0.51319,-0.02094,0.04709,-0.23308,0.14044,-0.06091,-0.01701,0.08401,0.04988,0.05193,0.64341,0.00331,0.22472,-0.01510,0.62833,-0.06731,-0.00791,0.36393,-0.02153,0.00329,0.51241,-0.02857,0.22328,-0.01582,-0.30226,-0.05800,-0.00394,0.40466,-0.06981,0.00471,0.53302,-0.04376,0.09607,-0.03588,0.62485,-0.14534,-0.00420,-0.19827,-0.12343,0.01169,0.50055,-0.00730,0.12392,-0.01992,-0.27175,-0.06218,-0.00671,-0.23299,-0.02355,0.00680,0.50965,-0.02897,0.17422,-0.01249,0.15721,-0.04899,-0.00593,0.03803,-0.03929,0.00139,0.64144,-0.03393,0.20352,0.00641
12.8500,1285,6,12.8501,49.78,0.64986,0.01489,0.03527,0.37150,0.02759,0.01315,0.50569,-0.03160,0.16291,-0.05475,-0.29298,-0.01323,-0.01489,0.42954,-0.02616,0.07075,0.54198,-0.04166,0.30236,-0.46599,0.70727,-0.04612,0.04860,-0.14788,0.01194,0.02673,0.48251,-0.07727,0.10950,0.05797,-0.24657,0.02311,0.04104,-0.21588,0.03920,0.02211,0.51319,-0.02094,0.04701,0.19792,0.13633,-0.01914,-0.04363,0.08549,-0.02005,0.09348,0.64202,-0.02078,0.21383,-0.23785,0.62487,-0.07111,-0.00758,0.36281,-0.02319,0.00349,0.51104,-0.02632,0.22251,-0.01505,-0.30521,-0.05987,-0.00367,0.40111,-0.07194,0.00399,0.53089,-0.04146,0.09441,-0.03048,0.61754,-0.14724,-0.00359,-0.20458,-0.12890,0.01060,0.50021,-0.00619,0.12297,-0.01800,-0.27494,-0.06541,-0.00646,-0.23425,-0.02676,0.00632,0.50827,-0.02653,0.17364,-0.01070,0.15469,-0.05183,-0.00565,0.03605,-0.03996,0.00137,0.63979,-0.03184,0.20380,0.00466
12.9000,1290,6,12.9004,50.35,0.64986,0.01489,0.03527,0.37150,0.02759,0.01315,0.50569,-0.03160,0.16291,-0.05475,-0.29298,-0.01323,-0.01489,0.42954,-0.02616,0.07075,0.54198,-0.04166,0.30236,-0.46599,0.70332,-0.06981,0.02860,-0.15001,-0.03479,0.04713,0.47420,-0.08373,0.11703,0.04352,-0.24657,0.02311,0.04104,-0.21588,0.03920,0.02211,0.51319,-0.02094,0.04701,0.19792,0.13633,-0.01914,-0.04363,0.08549,-0.02005,0.09348,0.64202,-0.02078,0.21383,-0.23785,0.62123,-0.07474,-0.00724,0.36161,-0.02494,0.00362,0.50978,-0.02421,0.22178,-0.01434,-0.30825,-0.06161,-0.00342,0.39747,-0.07373,0.00335,0.52888,-0.03917,0.09301,-0.02578,0.61013,-0.14886,-0.00302,-0.21115,-0.13385,0.00958,0.49993,-0.00526,0.12211,-0.01633,-0.27829,-0.06851,-0.00620,-0.23566,-0.02975,0.00586,0.50700,-0.02422,0.17314,-0.00913,0.15203,-0.05454,-0.00538,0.03403,-0.04062,0.00133,0.63825,-0.02981,0.20399,0.00313
12.9500,1295,6,12.9502,49.75,0.64896,-0.02270,0.04403,0.36934,-0.00083,0.01227,0.50096,-0.04562,0.15801,-0.03784,-0.29505,0.00267,-0.00790,0.42137,-0.08115,0.04188,0.53557,-0.03595,0.26553,-0.21243,0.70332,-0.06981,0.02860,-0.15001,-0.03479,0.04713,0.47420,-0.08373,0.11703,0.04352,-0.24628,-0.00558,0.00956,-0.21963,-0.01980,0.01756,0.50619,-0.05101,0.05748,0.00821,0.13794,0.04552,-0.03719,0.07995,-0.07956,0.06373,0.63832,-0.04735,0.18845,-0.12830,0.61740,-0.07821,-0.00689,0.36032,-0.02673,0.00368,0.50862,-0.02221,0.22108,-0.01371,-0.31137,-0.06323,-0.00319,0.39374,-0.07523,0.00278,0.52698,-0.03691,0.09183,-0.02168,0.60266,-0.15021,-0.00250,-0.21796,-0.13831,0.00862,0.49968,-0.00449,0.12133,-0.01486,-0.28179,-0.07149,-0.00595,-0.23722,-0.03252,0.00541,0.50584,-0.02204,0.17272,-0.00777,0.14924,-0.05711,-0.00511,0.03199,-0.04126,0.00127,0.63681,-0.02784,0.20412,0.00181
13.0000,1300,6,13.0026,52.41,0.64896,-0.02270,0.04403,0.36934,-0.00083,0.01227,0.50096,-0.04562,0.15801,-0.03784,-0.29505,0.00267,-0.00790,0.42137,-0.08115,0.04188,0.53557,-0.03595,0.26553,-0.21243,0.70040,-0.06997,0.02883,-0.16056,-0.10235,0.03541,0.47468,0.00013,0.11466,-0.06536,-0.24840,-0.02705,0.00956,-0.22028,-0.01593,0.01756,0.49893,-0.05968,0.05748,0.00821,0.13794,0.04552,-0.03719,0.07995,-0.07956,0.06373,0.63832,-0.04735,0.18845,-0.12830,0.61341,-0.08150,-0.00653,0.35893,-0.02854,0.00368,0.50755,-0.02031,0.22040,-0.01315,-0.31457,-0.06474,-0.00299,0.38995,-0.07647,0.00228,0.52519,-0.03467,0.09083,-0.01811,0.59512,-0.15132,-0.00203,-0.22497,-0.14231,0.00772,0.49947,-0.00385,0.12062,-0.01358,-0.28544,-0.07435,-0.00569,-0.23891,-0.03506,0.00498,0.50479,-0.01997,0.17236,-0.00657,0.14632,-0.05956,-0.00485,0.02991,-0.04187,0.00120,0.63547,-0.02591,0.20418,0.00066
13.0500,1305,6,13.0498,47.27,0.64448,-0.06056,0.03278,0.36710,-0.02635,0.01143,0.49349,-0.06731,0.15369,-0.06007,-0.29421,0.01596,-0.01638,0.40997,-0.09907,-0.00476,0.52815,-0.05927,0.25020,-0.06538,0.70040,-0.06997,0.02883,-0.16056,-0.10235,0.03541,0.47468,0.00013,0.11466,-0.06536,-0.24840,-0.02705,0.02749,-0.22028,-0.01593,-0.00401,0.49893,-0.05968,0.05582,-0.04437,0.12918,0.03238,-0.01000,0.06330,-0.12800,0.00039,0.64391,-0.02275,0.16903,-0.21066,0.60925,-0.08462,-0.00618,0.35746,-0.03033,0.00363,0.50658,-0.01851,0.21976,-0.01263,-0.31784,-0.06616,-0.00280,0.38610,-0.07748,0.00183,0.52351,-0.03246,0.09001,-0.01500,0.58753,-0.15221,-0.00160,-0.23218,-0.14589,0.00686,0.49930,-0.00333,0.11997,-0.01246,-0.28922,-0.07708,-0.00543,-0.24072,-0.03740,0.00457,0.50384,-0.01801,0.17206,-0.00553,0.14328,-0.06187,-0.00460,0.02780,-0.04244,0.00111,0.63422,-0.02402,0.20419,-0.00033
13.1000,1310,6,13.1011,51.23,0.64448,-0.06056,0.03278,0.36710,-0.02635,0.01143,0.49349,-0.06731,0.15369,-0.06007,-0.29421,0.01596,-0.01638,0.40997,-0.09907,-0.00476,0.52815,-0.05927,0.25020,-0.06538,0.69421,-0.08907,0.03520,-0.16479,-0.10464,0.01385,0.47589,0.04349,0.10210,-0.17449,-0.25355,-0.06240,0.02749,-0.21838,-0.00402,-0.00401,0.49299,-0.04577,0.05582,-0.04437,0.12918,0.03238,-0.01000,0.06330,-0.12800,0.00039,0.64391,-0.02275,0.16903,-0.21066,0.60495,-0.08756,-0.00582,0.35590,-0.03209,0.00352,0.50570,-0.01679,0.21914,-0.01217,-0.32118,-0.06749,-0.00262,0.38221,-0.07827,0.00143,0.52194,-0.03028,0.08933,-0.01230,0.57990,-0.15290,-0.00121,-0.23955,-0.14905,0.00605,0.49914,-0.00291,0.11938,-0.01148,-0.29314,-0.07967,-0.00517,-0.24265,-0.03955,0.00416,0.50299,-0.01613,0.17181,-0.00463,0.14013,-0.06407,-0.00435,0.02566,-0.04296,0.00102,0.63307,-0.02215,0.20415,-0.00119
13.1500,1315,6,13.1501,49.04,0.63730,-0.08239,0.02103,0.36251,-0.03864,-0.00692,0.48586,-0.07155,0.14991,-0.06046,-0.29285,0.00894,0.03463,0.40108,-0.07069,-0.04605,0.52041,-0.05344,0.25196,0.04736,0.69421,-0.08907,0.03520,-0.16479,-0.10464,0.01385,0.47589,0.04349,0.10210,-0.17449,-0.25355,-0.06240,0.02022,-0.21838,-0.00402,-0.00684,0.49299,-0.04577,0.04917,-0.09114,0.13250,0.04193,-0.02659,0.05009,-0.12903,0.01991,0.64283,0.00523,0.15076,-0.00526,0.60050,-0.09033,-0.00547,0.35425,-0.03379,0.00338,0.50490,-0.01515,0.21854,-0.01175,-0.32459,-0.06873,-0.00246,0.37828,-0.07888,0.00107,0.52048,-0.02812,0.08877,-0.00995,0.57224,-0.15340,-0.00086,-0.24708,-0.15183,0.00528,0.49900,-0.00258,0.11882,-0.01063,-0.29719,-0.08214,-0.00490,-0.24468,-0.04149,0.00377,0.50223,-0.01434,0.17160,-0.00384,0.13688,-0.06614,-0.00411,0.02350,-0.04343,0.00091,0.63200,-0.02031,0.20407,-0.00193
13.2000,1320,6,13.2002,50.13,0.63730,-0.08239,0.02103,0.36251,-0.03864,-0.00692,0.48586,-0.07155,0.14991,-0.06046,-0.29285,0.00894,0.03463,0.40108,-0.07069,-0.04605,0.52041,-0.05344,0.25196,0.04736,0.68744,-0.11277,0.05180,-0.17308,-0.10253,-0.00279,0.47543,0.01984,0.09049,-0.10315,-0.26037,-0.07827,0.02022,-0.22123,-0.01297,-0.00684,0.48566,-0.05484,0.04917,-0.09114,0.13250,0.04193,-0.02659,0.05009,-0.12903,0.01991,0.64283,0.00523,0.15076,-0.00526,0.59592,-0.09293,-0.00512,0.35252,-0.03540,0.00320,0.50419,-0.01357,0.21796,-0.01137,-0.32806,-0.06990,-0.00231,0.37432,-0.07933,0.00075,0.51913,-0.02599,0.08833,-0.00790,0.56456,-0.15374,-0.00054,-0.25473,-0.15423,0.00454,0.49888,-0.00232,0.11831,-0.00988,-0.30135,-0.08448,-0.00464,-0.24680,-0.04325,0.00340,0.50156,-0.01261,0.17142,-0.00315,0.13352,-0.06810,-0.00388,0.02132,-0.04385,0.00079,0.63103,-0.01848,0.20396,-0.00257
13.2500,1325,6,13.2499,49.66,0.62563,-0.11231,-0.00289,0.36249,-0.00248,-0.01249,0.48209,-0.03954,0.14843,-0.02490,-0.29491,-0.04155,0.00699,0.39585,-0.02653,-0.03595,0.51604,-0.04516,0.25470,-0.01731,0.67667,-0.14716,0.05180,-0.18374,-0.11648,-0.00279,0.47435,0.00729,0.09049,-0.10315,-0.26037,-0.07827,0.00582,-0.22123,-0.01297,0.00171,0.48566,-0.05484,0.04428,0.00150,0.13615,0.05539,-0.00671,0.03745,-0.13377,-0.01389,0.64270,-0.01028,0.15918,0.09211,0.59121,-0.09535,-0.00477,0.35072,-0.03692,0.00299,0.50355,-0.01204,0.21741,-0.01102,-0.33158,-0.07101,-0.00218,0.37035,-0.07962,0.00046,0.51788,-0.02389,0.08798,-0.00613,0.55687,-0.15394,-0.00025,-0.26250,-0.15628,0.00382,0.49877,-0.00213,0.11783,-0.00922,-0.30563,-0.08669,-0.00437,-0.24900,-0.04482,0.00303,0.50097,-0.01094,0.17128,-0.00255,0.13007,-0.06995,-0.00365,0.01912,-0.04420,0.00066,0.63016,-0.01668,0.20381,-0.00312
13.3000,1330,6,13.3012,51.29,0.62563,-0.11231,-0.00289,0.36249,-0.00248,-0.01249,0.48209,-0.03954,0.14843,-0.02490,-0.29491,-0.04155,0.00699,0.39585,-0.02653,-0.03595,0.51604,-0.04516,0.25470,-0.01731,0.67667,-0.14716,0.04281,-0.18374,-0.11648,0.01456,0.47435,0.00729,0.08574,0.00877,-0.26037,-0.07827,0.00582,-0.22123,-0.01297,0.00171,0.48566,-0.05484,0.04428,0.00150,0.13615,0.05539,-0.00671,0.03745,-0.13377,-0.01389,0.64270,-0.01028,0.15918,0.09211,0.58639,-0.09761,-0.00443,0.34883,-0.03833,0.00275,0.50298,-0.01056,0.21686,-0.01070,-0.33516,-0.07204,-0.00205,0.36636,-0.07978,0.00019,0.51674,-0.02181,0.08771,-0.00458,0.54917,-0.15399,0.00001,-0.27035,-0.15799,0.00314,0.49867,-0.00199,0.11739,-0.00865,-0.31002,-0.08877,-0.00411,-0.25127,-0.04622,0.00268,0.50046,-0.00931,0.17116,-0.00203,0.12653,-0.07169,-0.00344,0.01690,-0.04450,0.00053,0.62937,-0.01488,0.20364,-0.00359
13.3500,1335,6,13.3503,49.10,0.61666,-0.10162,-0.01521,0.36434,0.01889,-0.01246,0.48063,-0.01382,0.14898,0.00279,-0.29832,-0.02873,-0.01354,0.39467,0.00249,-0.03164,0.51066,-0.06759,0.25752,-0.05785,0.66556,-0.15909,0.04281,-0.19493,-0.14643,0.01456,0.47265,-0.04333,0.08574,0.00877,-0.26698,-0.07591,0.00072,-0.22126,-0.01179,0.00029,0.47892,-0.05901,0.04322,-0.06073,0.14028,0.05395,-0.00408,0.02530,-0.11918,-0.00510,0.63978,-0.04496,0.16790,-0.00261,0.58145,-0.09970,-0.00410,0.34689,-0.03961,0.00248,0.50249,-0.00911,0.21633,-0.01041,-0.33878,-0.07302,-0.00193,0.36237,-0.07981,-0.00005,0.51570,-0.01975,0.08752,-0.00325,0.54147,-0.15393,0.00024,-0.27829,-0.15936,0.00247,0.49857,-0.00190,0.11697,-0.00814,-0.31451,-0.09072,-0.00384,-0.25362,-0.04745,0.00233,0.50004,-0.00772,0.17108,-0.00158,0.12290,-0.07332,-0.00322,0.01467,-0.04472,0.00038,0.62867,-0.01309,0.20345,-0.00399
13.4000,1340,6,13.4011,50.82,0.61666,-0.10162,-0.01521,0.36434,0.01889,-0.01246,0.48063,-0.01382,0.14898,0.00279,-0.29832,-0.02873,-0.01354,0.39467,0.00249,-0.03164,0.51066,-0.06759,0.25752,-0.05785,0.66556,-0.15909,0.04182,-0.19493,-0.14643,0.01494,0.47265,-0.04333,0.07874,-0.11865,-0.26698,-0.07591,0.00072,-0.22126,-0.01179,0.00029,0.47892,-0.05901,0.04322,-0.06073,0.14028,0.05395,-0.00408,0.02530,-0.11918,-0.00510,0.63978,-0.04496,0.16790,-0.00261,0.57642,-0.10163,-0.00377,0.34488,-0.04076,0.00220,0.50207,-0.00769,0.21582,-0.01015,-0.34246,-0.07394,-0.00183,0.35838,-0.07974,-0.00027,0.51476,-0.01772,0.08738,-0.00209,0.53378,-0.15376,0.00044,-0.28628,-0.16042,0.00182,0.49848,-0.00184,0.11657,-0.00770,-0.31909,-0.09254,-0.00358,-0.25602,-0.04852,0.00200,0.49969,-0.00616,0.17101,-0.00118,0.11920,-0.07485,-0.00302,0.01243,-0.04487,0.00023,0.62806,-0.01130,0.20325,-0.00434
13.4500,1345,6,13.4502,49.11,0.60935,-0.07976,-0.01451,0.36255,0.01655,0.00965,0.47951,-0.00017,0.14887,0.01248,-0.29858,-0.03059,0.02659,0.40331,0.04253,0.01869,0.50259,-0.05363,0.24843,-0.08882,0.66556,-0.15909,0.04182,-0.19493,-0.14643,0.01494,0.47265,-0.04333,0.07874,-0.11865,-0.27223,-0.05639,-0.01056,-0.22097,-0.02384,0.02005,0.47355,-0.03138,0.04053,0.00840,0.14498,0.04584,0.02135,0.01372,-0.10695,-0.04861,0.63350,-0.06558,0.16337,-0.04686,0.57129,-0.10341,-0.00345,0.34281,-0.04176,0.00190,0.50172,-0.00629,0.21532,-0.00990,-0.34618,-0.07481,-0.00172,0.35440,-0.07955,-0.00048,0.51393,-0.01569,0.08730,-0.00108,0.52610,-0.15350,0.00063,-0.29433,-0.16116,0.00119,0.49838,-0.00181,0.11620,-0.00731,-0.32376,-0.09423,-0.00331,-0.25847,-0.04942,0.00168,0.49942,-0.00461,0.17096,-0.00084,0.11542,-0.07628,-0.00282,0.01019,-0.04494,0.00008,0.62754,-0.00952,0.20302,-0.00463
13.5000,1350,6,13.5022,52.00,0.60935,-0.07976,-0.01451,0.36255,0.01655,0.00965,0.47951,-0.00017,0.14887,0.01248,-0.29858,-0.03059,0.02659,0.40331,0.04253,0.01869,0.50259,-0.05363,0.24843,-0.08882,0.64905,-0.19344,0.04527,-0.20870,-0.15538,0.00385,0.46709,-0.06748,0.07394,0.07943,-0.27492,-0.04610,-0.01056,-0.22084,-0.02490,0.02005,0.47061,-0.00491,0.04053,0.00840,0.14498,0.04584,0.02135,0.01372,-0.10695,-0.04861,0.63350,-0.06558,0.16337,-0.04686,0.56608,-0.10502,-0.00313,0.34070,-0.04262,0.00158,0.50144,-0.00489,0.21483,-0.00967,-0.34994,-0.07563,-0.00163,0.35043,-0.07927,-0.00067,0.51319,-0.01369,0.08727,-0.00022,0.51843,-0.15315,0.00078,-0.30240,-0.16159,0.00056,0.49830,-0.00179,0.11584,-0.00697,-0.32851,-0.09579,-0.00305,-0.26096,-0.05016,0.00137,0.49923,-0.00307,0.17092,-0.00054,0.11157,-0.07762,-0.00263,0.00794,-0.04494,-0.00009,0.62711,-0.00773,0.20278,-0.00487
13.5500,1355,6,13.5504,48.25,0.60344,-0.05866,-0.01457,0.36135,0.01105,0.00851,0.47853,0.00822,0.15058,0.03128,-0.30396,-0.07110,0.02585,0.40688,0.02265,0.03221,0.50112,-0.00836,0.23413,-0.26937,0.62831,-0.22636,0.04527,-0.22067,-0.15026,0.00385,0.46694,-0.00706,0.07394,0.07943,-0.27492,-0.04610,0.00771,-0.22084,-0.02490,0.00702,0.47061,-0.00491,0.04765,0.07957,0.14672,-0.00332,0.03751,0.00844,-0.02895,-0.09241,0.62848,-0.03185,0.15412,-0.22098,0.56079,-0.10648,-0.00282,0.33855,-0.04331,0.00126,0.50123,-0.00349,0.21435,-0.00946,-0.35374,-0.07641,-0.00154,0.34647,-0.07890,-0.00085,0.51256,-0.01169,0.08728,0.00053,0.51078,-0.15273,0.00092,-0.31048,-0.16171,-0.00005,0.49821,-0.00179,0.11550,-0.00667,-0.33334,-0.09722,-0.00279,-0.26348,-0.05076,0.00106,0.49911,-0.00153,0.17090,-0.00029,0.10766,-0.07886,-0.00244,0.00569,-0.04486,-0.00025,0.62676,-0.00594,0.20254,-0.00508
13.6000,1360,6,13.6025,52.09,0.60344,-0.05866,-0.01457,0.36135,0.01105,0.00851,0.47853,0.00822,0.15058,0.03128,-0.30396,-0.07110,0.02585,0.40688,0.02265,0.03221,0.50112,-0.00836,0.23413,-0.26937,0.62831,-0.22636,0.01747,-0.22067,-0.15026,0.00202,0.46694,-0.00706,0.08348,0.03294,-0.27664,-0.03822,0.00771,-0.22139,-0.02705,0.00702,0.46842,-0.00123,0.04765,0.07957,0.14672,-0.00332,0.03751,0.00844,-0.02895,-0.09241,0.62848,-0.03185,0.15412,-0.22098,0.55544,-0.10779,-0.00252,0.33637,-0.04385,0.00093,0.50109,-0.00209,0.21388,-0.00927,-0.35758,-0.07715,-0.00146,0.34254,-0.07843,-0.00103,0.51202,-0.00971,0.08732,0.00118,0.50316,-0.15225,0.00104,-0.31856,-0.16154,-0.00066,0.49812,-0.00179,0.11517,-0.00640,-0.33823,-0.09852,-0.00253,-0.26603,-0.05121,0.00077,0.49907,0.00003,0.17089,-0.00007,0.10369,-0.08002,-0.00226,0.00345,-0.04470,-0.00042,0.62651,-0.00414,0.20228,-0.00526
13.6500,1365,6,13.6506,48.05,0.59901,-0.04186,-0.00174,0.35791,-0.02086,0.01523,0.47803,0.00873,0.15849,0.08811,-0.30444,-0.03872,0.02019,0.40427,-0.03181,0.04886,0.49819,-0.02266,0.20785,-0.29326,0.60911,-0.21631,0.01747,-0.23629,-0.16146,0.00202,0.47336,0.05956,0.08348,0.03294,-0.27664,-0.03822,0.00650,-0.22139,-0.02705,0.00531,0.46842,-0.00123,0.05956,0.09709,0.14448,-0.05149,0.02971,0.01060,0.06347,-0.04750,0.62840,0.02419,0.12731,-0.17105,0.55002,-0.10895,-0.00222,0.33417,-0.04423,0.00060,0.50102,-0.00066,0.21343,-0.00908,-0.36145,-0.07785,-0.00139,0.33863,-0.07788,-0.00121,0.51159,-0.00773,0.08740,0.00173,0.49556,-0.15171,0.00114,-0.32663,-0.16106,-0.00127,0.49803,-0.00178,0.11486,-0.00617,-0.34319,-0.09970,-0.00227,-0.26860,-0.05152,0.00049,0.49912,0.00161,0.17089,0.00012,0.09966,-0.08108,-0.00208,0.00123,-0.04445,-0.00059,0.62635,-0.00232,0.20201,-0.00540
13.7000,1370,6,13.7028,52.26,0.59901,-0.04186,-0.00174,0.35791,-0.02086,0.01523,0.47803,0.00873,0.15849,0.08811,-0.30444,-0.03872,0.02019,0.40427,-0.03181,0.04886,0.49819,-0.02266,0.20785,-0.29326,0.60911,-0.21631,-0.00333,-0.23629,-0.16146,0.02127,0.47336,0.05956,0.08316,-0.00045,-0.27905,-0.04063,0.00650,-0.22291,-0.02383,0.00531,0.46684,0.00423,0.05956,0.09709,0.14448,-0.05149,0.02971,0.01060,0.06347,-0.04750,0.62840,0.02419,0.12731,-0.17105,0.54454,-0.10997,-0.00193,0.33195,-0.04444,0.00027,0.50103,0.00080,0.21298,-0.00891,-0.36536,-0.07851,-0.00132,0.33475,-0.07725,-0.00138,0.51125,-0.00575,0.08750,0.00221,0.48799,-0.15113,0.00122,-0.33466,-0.16029,-0.00189,0.49794,-0.00175,0.11456,-0.00596,-0.34820,-0.10075,-0.00201,-0.27118,-0.05169,0.00022,0.49924,0.00322,0.17090,0.00029,0.09558,-0.08206,-0.00191,-0.00099,-0.04411,-0.00077,0.62628,-0.00048,0.20174,-0.00552
13.7500,1375,6,13.7505,47.70,0.59460,-0.04786,0.01062,0.35681,-0.01318,-0.00412,0.47861,0.02144,0.17000,0.12224,-0.30782,-0.04926,0.02178,0.39643,-0.09311,0.04982,0.49235,-0.03426,0.17649,-0.37402,0.58789,-0.20991,-0.00333,-0.24656,-0.14786,0.02127,0.47711,0.05689,0.08316,-0.00045,-0.27905,-0.04063,0.01394,-0.22291,-0.02383,0.00575,0.46684,0.00423,0.07022,0.20971,0.13812,-0.06994,0.01084,0.01894,0.08988,-0.00254,0.63166,0.03588,0.11155,-0.21315,0.53902,-0.11084,-0.00164,0.32973,-0.04449,-0.00007,0.50110,0.00229,0.21253,-0.00875,-0.36930,-0.07915,-0.00126,0.33091,-0.07653,-0.00156,0.51101,-0.00377,0.08762,0.00261,0.48045,-0.15052,0.00129,-0.34265,-0.15921,-0.00250,0.49785,-0.00171,0.11426,-0.00578,-0.35326,-0.10167,-0.00176,-0.27377,-0.05174,-0.00004,0.49944,0.00488,0.17092,0.00043,0.09145,-0.08296,-0.00175,-0.00318,-0.04369,-0.00095,0.62630,0.00137,0.20146,-0.00561
13.8000,1380,6,13.8014,50.83,0.59460,-0.04786,0.01062,0.35681,-0.01318,-0.00412,0.47861,0.02144,0.17000,0.12224,-0.30782,-0.04926,0.02178,0.39643,-0.09311,0.04982,0.49235,-0.03426,0.17649,-0.37402,0.58789,-0.20991,-0.00108,-0.24656,-0.14786,0.01505,0.47711,0.05689,0.08424,-0.01342,-0.28263,-0.05097,0.01394,-0.22651,-0.04420,0.00575,0.46531,0.00594,0.07022,0.20971,0.13812,-0.06994,0.01084,0.01894,0.08988,-0.00254,0.63166,0.03588,0.11155,-0.21315,0.53346,-0.11157,-0.00135,0.32751,-0.04437,-0.00040,0.50126,0.00384,0.21210,-0.00860,-0.37328,-0.07975,-0.00121,0.32710,-0.07572,-0.00174,0.51087,-0.00179,0.08776,0.00296,0.47294,-0.14987,0.00134,-0.35058,-0.15783,-0.00312,0.49777,-0.00162,0.11398,-0.00561,-0.35836,-0.10247,-0.00150,-0.27635,-0.05165,-0.00030,0.49973,0.00658,0.17095,0.00055,0.08728,-0.08378,-0.00158,-0.00536,-0.04318,-0.00113,0.62642,0.00326,0.20118,-0.00569
13.8500,1385,6,13.8497,48.36,0.58932,-0.06276,0.01525,0.35441,-0.00806,0.00706,0.47989,0.02113,0.17998,0.04525,-0.31323,-0.07156,0.02680,0.38226,-0.14537,0.03536,0.48731,-0.03083,0.14181,-0.30256,0.56850,-0.19574,-0.00108,-0.26447,-0.17962,0.01505,0.47973,-0.00367,0.08424,-0.01342,-0.28263,-0.05097,0.02889,-0.22651,-0.04420,0.02258,0.46531,0.00594,0.10171,0.39692,0.13104,-0.08140,0.00090,0.02643,0.07095,0.02209,0.63440,0.02232,0.09309,-0.13074,0.52787,-0.11217,-0.00107,0.32529,-0.04410,-0.00072,0.50149,0.00544,0.21167,-0.00845,-0.37728,-0.08033,-0.00116,0.32334,-0.07482,-0.00192,0.51083,0.00019,0.08791,0.00326,0.46546,-0.14920,0.00138,-0.35843,-0.15615,-0.00375,0.49769,-0.00149,0.11370,-0.00547,-0.36350,-0.10315,-0.00125,-0.27893,-0.05145,-0.00054,0.50010,0.00835,0.17098,0.00065,0.08308,-0.08452,-0.00142,-0.00750,-0.04258,-0.00132,0.62663,0.00517,0.20089,-0.00574
13.9000,1390,6,13.9034,53.67,0.58932,-0.06276,0.01525,0.35441,-0.00806,0.00706,0.47989,0.02113,0.17998,0.04525,-0.31323,-0.07156,0.02680,0.38226,-0.14537,0.03536,0.48731,-0.03083,0.14181,-0.30256,0.56850,-0.19574,-0.01177,-0.26447,-0.17962,0.01913,0.47973,-0.00367,0.07665,-0.20043,-0.28955,-0.08595,0.02889,-0.22902,-0.05440,0.02258,0.46574,0.02019,0.10171,0.39692,0.13104,-0.08140,0.00090,0.02643,0.07095,0.02209,0.63440,0.02232,0.09309,-0.13074,0.52225,-0.11263,-0.00079,0.32310,-0.04367,-0.00104,0.50180,0.00712,0.21125,-0.00832,-0.38131,-0.08089,-0.00112,0.31962,-0.07383,-0.00212,0.51089,0.00219,0.08808,0.00351,0.45802,-0.14852,0.00140,-0.36619,-0.15415,-0.00439,0.49762,-0.00130,0.11343,-0.00534,-0.36868,-0.10370,-0.00101,-0.28149,-0.05113,-0.00077,0.50056,0.01019,0.17101,0.00074,0.07883,-0.08518,-0.00127,-0.00961,-0.04189,-0.00150,0.62694,0.00712,0.20060,-0.00579
13.9500,1395,6,13.9505,47.05,0.58313,-0.06637,-0.00173,0.34943,-0.03662,0.01657,0.48018,0.00898,0.17832,-0.07028,-0.32155,-0.08880,0.01700,0.36605,-0.17361,0.02033,0.48721,0.01093,0.11309,-0.28293,0.55124,-0.18177,-0.01177,-0.28329,-0.19621,0.01913,0.48297,0.01227,0.07665,-0.20043,-0.28955,-0.08595,0.03693,-0.22902,-0.05440,0.01856,0.46574,0.02019,0.14218,0.37401,0.12401,-0.06402,0.00301,0.03053,0.02985,0.04117,0.63436,-0.00508,0.08003,-0.04130,0.51661,-0.11295,-0.00051,0.32093,-0.04308,-0.00134,0.50220,0.00889,0.21084,-0.00819,-0.38537,-0.08143,-0.00108,0.31596,-0.07275,-0.00232,0.51105,0.00419,0.08826,0.00372,0.45061,-0.14783,0.00141,-0.37384,-0.15183,-0.00505,0.49756,-0.00103,0.11317,-0.00522,-0.37387,-0.10414,-0.00076,-0.28404,-0.05069,-0.00099,0.50112,0.01210,0.17105,0.00082,0.07456,-0.08576,-0.00112,-0.01169,-0.04111,-0.00169,0.62734,0.00912,0.20031,-0.00582
14.0000,1400,7,14.0040,53.50,0.58313,-0.06637,-0.00173,0.34943,-0.03662,0.01657,0.48018,0.00898,0.17832,-0.07028,-0.32155,-0.08880,0.01700,0.36605,-0.17361,0.02033,0.48721,0.01093,0.11309,-0.28293,0.55124,-0.18177,0.00425,-0.28329,-0.19621,0.00327,0.48297,0.01227,0.05392,-0.18770,-0.28955,-0.08595,0.03693,-0.22902,-0.05440,0.01856,0.46574,0.02019,0.14218,0.37401,0.12401,-0.06402,0.00301,0.03053,0.02985,0.04117,0.63436,-0.00508,0.08003,-0.04130,0.58313,-0.06637,-0.00173,0.34943,-0.03662,0.01657,0.48018,0.00898,0.17832,-0.07028,-0.32155,-0.08880,0.01700,0.36605,-0.17361,0.02033,0.48721,0.01093,0.11309,-0.28293,0.55124,-0.18177,0.00425,-0.28329,-0.19621,0.00327,0.48297,0.01227,0.05392,-0.18770,-0.28955,-0.08595,0.03693,-0.22902,-0.05440,0.01856,0.46574,0.02019,0.14218,0.37401,0.12401,-0.06402,0.00301,0.03053,0.02985,0.04117,0.63436,-0.00508,0.08003,-0.04130
14.0500,1405,7,14.0504,46.41,0.57711,-0.06095,0.01291,0.34304,-0.06252,0.01709,0.48013,0.01537,0.17375,-0.03230,-0.33008,-0.09653,0.00394,0.34529,-0.19772,0.00460,0.48892,0.03833,0.09368,-0.11770,0.53492,-0.17321,0.00425,-0.30000,-0.18522,0.00327,0.48660,0.03348,0.05392,-0.18770,-0.29987,-0.11817,0.03153,-0.23580,-0.07859,0.01727,0.46810,0.03139,0.17380,0.25454,0.11387,-0.09280,0.00546,0.03438,0.02353,0.02004,0.63516,-0.01521,0.08465,0.18636,0.57978,-0.06758,-0.00313,0.34742,-0.04342,0.01141,0.48075,0.01338,0.17500,-0.06242,-0.32581,-0.08220,0.01033,0.35718,-0.17967,0.00542,0.48784,0.01404,0.09990,-0.24554,0.54220,-0.18032,0.00183,-0.29312,-0.19645,-0.00197,0.48358,0.01220,0.04518,-0.16255,-0.29346,-0.07173,0.02203,-0.23194,-0.06190,0.01239,0.46685,0.02450,0.15965,0.32595,0.12084,-0.06308,0.00094,0.03156,0.01216,0.03148,0.63415,-0.00304,0.07809,-0.03652
14.1000,1410,7,14.1006,50.19,0.57711,-0.06095,0.01291,0.34304,-0.06252,0.01709,0.48013,0.01537,0.17375,-0.03230,-0.33008,-0.09653,0.00394,0.34529,-0.19772,0.00460,0.48892,0.03833,0.09368,-0.11770,0.53492,-0.17321,0.00255,-0.30000,-0.18522,-0.02482,0.48660,0.03348,0.03494,-0.29424,-0.29987,-0.11817,0.03153,-0.23580,-0.07859,0.01727,0.46810,0.03139,0.17380,0.25454,0.11387,-0.09280,0.00546,0.03438,0.02353,0.02004,0.63516,-0.01521,0.08465,0.18636,0.57636,-0.06935,-0.00398,0.34513,-0.04803,0.00762,0.48152,0.01748,0.17206,-0.05552,-0.32982,-0.07831,0.00582,0.34818,-0.17977,-0.00431,0.48861,0.01697,0.08846,-0.21290,0.53320,-0.17982,0.00034,-0.30290,-0.19453,-0.00565,0.48420,0.01238,0.03761,-0.14061,-0.29682,-0.06356,0.01195,-0.23516,-0.06685,0.00805,0.46818,0.02860,0.17487,0.28394,0.11769,-0.06298,-0.00042,0.03182,-0.00145,0.02438,0.63406,-0.00064,0.07637,-0.03231
14.1500,1415,7,14.1501,49.52,0.57037,-0.07426,0.00097,0.33576,-0.08119,0.00177,0.48155,0.01158,0.16575,-0.17053,-0.33955,-0.09321,-0.02445,0.32622,-0.18125,-0.04366,0.49496,0.06291,0.07480,-0.20673,0.52014,-0.15012,0.00255,-0.31825,-0.15461,-0.02482,0.49193,0.03160,0.03494,-0.29424,-0.31297,-0.14014,-0.00903,-0.24470,-0.09700,0.00012,0.47168,0.03421,0.18939,0.05526,0.10406,-0.08825,-0.02847,0.03643,-0.00020,0.02078,0.63264,-0.04877,0.08261,-0.33255,0.57284,-0.07143,-0.00444,0.34264,-0.05105,0.00480,0.48249,0.02138,0.16944,-0.04946,-0.33368,-0.07626,0.00277,0.33927,-0.17601,-0.01053,0.48953,0.01977,0.07854,-0.18441,0.52420,-0.17989,-0.00055,-0.31255,-0.19108,-0.00829,0.48483,0.01281,0.03107,-0.12148,-0.29988,-0.05946,0.00519,-0.23859,-0.07000,0.00498,0.46971,0.03253,0.18813,0.24721,0.11453,-0.06341,-0.00129,0.03147,-0.01205,0.01907,0.63409,0.00207,0.07485,-0.02861
14.2000,1420,7,14.2000,49.91,0.57037,-0.07426,0.00097,0.33576,-0.08119,0.00177,0.48155,0.01158,0.16575,-0.17053,-0.33955,-0.09321,-0.02445,0.32622,-0.18125,-0.04366,0.49496,0.06291,0.07480,-0.20673,0.52014,-0.15012,-0.05866,-0.31825,-0.15461,-0.06648,0.49193,0.03160,-0.01557,-0.44509,-0.32873,-0.12881,-0.00903,-0.23919,-0.02263,0.00012,0.47135,0.00098,0.18939,0.05526,0.10406,-0.08825,-0.02847,0.03643,-0.00020,0.02078,0.63264,-0.04877,0.08261,-0.33255,0.56922,-0.07366,-0.00463,0.34004,-0.05286,0.00268,0.48365,0.02514,0.16710,-0.04413,-0.33746,-0.07543,0.00074,0.33062,-0.16982,-0.01439,0.49059,0.02247,0.06996,-0.15955,0.51520,-0.18029,-0.00102,-0.32199,-0.18652,-0.01023,0.48548,0.01349,0.02542,-0.10480,-0.30281,-0.05809,0.00072,-0.24214,-0.07188,0.00278,0.47143,0.03632,0.19967,0.21511,0.11134,-0.06419,-0.00183,0.03065,-0.02037,0.01504,0.63427,0.00503,0.07350,-0.02535
14.2500,1425,7,14.2505,50.49,0.56453,-0.06276,-0.03046,0.33977,-0.02033,-0.01588,0.48043,-0.01028,0.14610,-0.16203,-0.34520,-0.05683,-0.02811,0.30688,-0.14031,-0.04575,0.49559,0.02857,0.05260,-0.22731,0.51085,-0.07921,-0.05866,-0.32518,-0.06587,-0.06648,0.49137,-0.02241,-0.01557,-0.44509,-0.32873,-0.12881,-0.04644,-0.23919,-0.02263,-0.02467,0.47135,0.00098,0.19450,0.06874,0.10070,-0.03266,-0.04513,0.03170,-0.03801,0.03419,0.62557,-0.07420,0.05163,-0.35912,0.56548,-0.07594,-0.00463,0.33737,-0.05376,0.00108,0.48500,0.02885,0.16501,-0.03945,-0.34123,-0.07542,-0.00062,0.32231,-0.16215,-0.01667,0.49178,0.02512,0.06253,-0.13786,0.50617,-0.18085,-0.00122,-0.33118,-0.18112,-0.01172,0.48618,0.01445,0.02055,-0.09025,-0.30572,-0.05850,-0.00216,-0.24576,-0.07283,0.00119,0.47334,0.03997,0.20971,0.18704,0.10811,-0.06517,-0.00214,0.02946,-0.02695,0.01190,0.63460,0.00821,0.07231,-0.02249
14.3000,1430,7,14.3004,49.93,0.56453,-0.06276,-0.03046,0.33977,-0.02033,-0.01588,0.48043,-0.01028,0.14610,-0.16203,-0.34520,-0.05683,-0.02811,0.30688,-0.14031,-0.04575,0.49559,0.02857,0.05260,-0.22731,0.51085,-0.07921,-0.05503,-0.32518,-0.06587,-0.07580,0.49137,-0.02241,-0.05114,-0.17949,-0.32873,-0.12881,-0.04644,-0.23919,-0.02263,-0.02467,0.47135,0.00098,0.19450,0.06874,0.10070,-0.03266,-0.04513,0.03170,-0.03801,0.03419,0.62557,-0.07420,0.05163,-0.35912,0.56162,-0.07818,-0.00448,0.33468,-0.05397,-0.00015,0.48654,0.03254,0.16315,-0.03534,-0.34501,-0.07596,-0.00151,0.31442,-0.15363,-0.01793,0.49310,0.02775,0.05612,-0.11894,0.49712,-0.18146,-0.00126,-0.34009,-0.17506,-0.01293,0.48693,0.01574,0.01636,-0.07756,-0.30868,-0.06004,-0.00397,-0.24942,-0.07311,0.00002,0.47543,0.04353,0.21843,0.16252,0.10482,-0.06626,-0.00228,0.02798,-0.03215,0.00940,0.63510,0.01157,0.07125,-0.01997
14.3500,1435,7,14.3505,50.09,0.56254,-0.01589,-0.02921,0.33188,-0.04886,0.01681,0.47572,-0.03985,0.12944,-0.22416,-0.34685,-0.01431,-0.03476,0.29081,-0.11433,-0.03388,0.49534,-0.00226,0.03697,-0.07138,0.50786,-0.01870,-0.05503,-0.32191,0.02120,-0.07580,0.48426,-0.05540,-0.05114,-0.17949,-0.33898,-0.08245,-0.06074,-0.23903,0.00785,0.00149,0.46898,-0.02458,0.20213,0.10507,0.10044,0.01911,-0.03976,0.02689,-0.04514,-0.02486,0.61884,-0.05481,0.00704,-0.47990,0.55766,-0.08032,-0.00423,0.33198,-0.05366,-0.00109,0.48826,0.03626,0.16147,-0.03172,-0.34883,-0.07685,-0.00209,0.30696,-0.14467,-0.01853,0.49455,0.03042,0.05060,-0.10243,0.48803,-0.18207,-0.00119,-0.34868,-0.16846,-0.01397,0.48776,0.01742,0.01277,-0.06650,-0.31174,-0.06227,-0.00502,-0.25307,-0.07289,-0.00086,0.47769,0.04700,0.22601,0.14108,0.10148,-0.06739,-0.00232,0.02626,-0.03625,0.00737,0.63576,0.01511,0.07030,-0.01775
14.4000,1440,7,14.4007,50.18,0.56254,-0.01589,-0.02921,0.33188,-0.04886,0.01681,0.47572,-0.03985,0.12944,-0.22416,-0.34685,-0.01431,-0.03476,0.29081,-0.11433,-0.03388,0.49534,-0.00226,0.03697,-0.07138,0.50786,-0.01870,-0.03811,-0.32191,0.02120,-0.04069,0.48426,-0.05540,-0.06437,-0.13454,-0.33938,-0.00294,-0.06074,-0.23847,-0.00075,0.00149,0.46602,-0.03852,0.20213,0.10507,0.10044,0.01911,-0.03976,0.02689,-0.04514,-0.02486,0.61884,-0.05481,0.00704,-0.47990,0.55359,-0.08232,-0.00390,0.32932,-0.05294,-0.00180,0.49016,0.04001,0.15997,-0.02854,-0.35270,-0.07798,-0.00247,0.29995,-0.13552,-0.01872,0.49614,0.03317,0.04584,-0.08803,0.47891,-0.18262,-0.00107,-0.35693,-0.16137,-0.01492,0.48868,0.01960,0.00969,-0.05686,-0.31491,-0.06488,-0.00557,-0.25670,-0.07230,-0.00153,0.48013,0.05039,0.23259,0.12234,0.09808,-0.06852,-0.00227,0.02437,-0.03943,0.00568,0.63661,0.01882,0.06947,-0.01580
14.4500,1445,7,14.4506,49.95,0.56168,0.00728,-0.03175,0.32770,-0.03608,-0.03048,0.47243,-0.02972,0.10024,-0.27740,-0.34634,0.01520,-0.02534,0.28156,-0.06060,-0.07667,0.49409,-0.01852,0.02552,-0.17573,0.51160,0.02841,-0.03811,-0.32032,0.03149,-0.04069,0.48385,-0.03028,-0.06437,-0.13454,-0.33938,-0.00294,-0.05396,-0.23847,-0.00075,0.01357,0.46602,-0.03852,0.21203,0.06083,0.10340,0.03327,0.01371,0.02413,-0.00192,-0.04609,0.61488,-0.02508,-0.03400,-0.38502,0.54943,-0.08414,-0.00352,0.32669,-0.05192,-0.00233,0.49226,0.04379,0.15861,-0.02575,-0.35663,-0.07925,-0.00271,0.29341,-0.12634,-0.01869,0.49787,0.03611,0.04176,-0.07548,0.46977,-0.18311,-0.00091,-0.36481,-0.15383,-0.01583,0.48973,0.02242,0.00706,-0.04847,-0.31823,-0.06768,-0.00578,-0.26029,-0.07142,-0.00205,0.48273,0.05371,0.23828,0.10597,0.09463,-0.06962,-0.00218,0.02233,-0.04186,0.00425,0.63765,0.02269,0.06872,-0.01408
14.5000,1450,7,14.5009,50.25,0.56168,0.00728,-0.03175,0.32770,-0.03608,-0.03048,0.47243,-0.02972,0.10024,-0.27740,-0.34634,0.01520,-0.02534,0.28156,-0.06060,-0.07667,0.49409,-0.01852,0.02552,-0.17573,0.51160,0.02841,-0.00562,-0.32032,0.03149,-0.00221,0.48385,-0.03028,-0.07879,-0.14206,-0.33770,0.04076,-0.05396,-0.23692,-0.00275,0.01357,0.46344,-0.02054,0.21203,0.06083,0.10340,0.03327,0.01371,0.02413,-0.00192,-0.04609,0.61488,-0.02508,-0.03400,-0.38502,0.54518,-0.08576,-0.00309,0.32413,-0.05068,-0.00271,0.49454,0.04756,0.15739,-0.02328,-0.36063,-0.08062,-0.00287,0.28732,-0.11720,-0.01854,0.49976,0.03936,0.03827,-0.06453,0.46060,-0.18352,-0.00074,-0.37230,-0.14584,-0.01674,0.49094,0.02606,0.00483,-0.04115,-0.32168,-0.07051,-0.00574,-0.26384,-0.07031,-0.00246,0.48550,0.05696,0.24322,0.09166,0.09112,-0.07065,-0.00204,0.02019,-0.04364,0.00302,0.63888,0.02671,0.06806,-0.01257
14.5500,1455,7,14.5505,49.62,0.56226,0.02084,0.00070,0.32911,-0.00216,0.00915,0.47067,-0.01094,0.07792,-0.14750,-0.34304,0.03993,-0.01218,0.27466,-0.01830,-0.05283,0.49007,-0.05396,0.00213,-0.25771,0.51462,0.01769,-0.00562,-0.31970,0.02083,-0.00221,0.48238,0.00724,-0.07879,-0.14206,-0.33770,0.04076,-0.02522,-0.23692,-0.00275,0.02195,0.46344,-0.02054,0.21662,0.06273,0.10538,0.01753,-0.00172,0.02602,0.04349,-0.00512,0.61478,0.03180,-0.06037,-0.13446,0.54086,-0.08716,-0.00263,0.32163,-0.04928,-0.00296,0.49701,0.05118,0.15628,-0.02111,-0.36470,-0.08205,-0.00296,0.28168,-0.10816,-0.01834,0.50182,0.04313,0.03529,-0.05499,0.45142,-0.18383,-0.00055,-0.37939,-0.13740,-0.01766,0.49236,0.03080,0.00293,-0.03478,-0.32528,-0.07329,-0.00556,-0.26732,-0.06902,-0.00280,0.48843,0.06014,0.24748,0.07916,0.08757,-0.07161,-0.00188,0.01798,-0.04485,0.00195,0.64032,0.03089,0.06746,-0.01123
14.6000,1460,7,14.6005,50.03,0.56226,0.02084,0.00070,0.32911,-0.00216,0.00915,0.47067,-0.01094,0.07792,-0.14750,-0.34304,0.03993,-0.01218,0.27466,-0.01830,-0.05283,0.49007,-0.05396,0.00213,-0.25771,0.51462,0.01769,0.04179,-0.31970,0.02083,0.02241,0.48238,0.00724,-0.09124,-0.03381,-0.33275,0.06272,-0.02522,-0.24227,-0.04158,0.02195,0.46063,-0.00557,0.21662,0.06273,0.10538,0.01753,-0.00172,0.02602,0.04349,-0.00512,0.61478,0.03180,-0.06037,-0.13446,0.53647,-0.08834,-0.00219,0.31920,-0.04779,-0.00311,0.49966,0.05455,0.15527,-0.01920,-0.36884,-0.08351,-0.00296,0.27650,-0.09921,-0.01813,0.50408,0.04759,0.03275,-0.04667,0.44222,-0.18404,-0.00027,-0.38604,-0.12852,-0.01856,0.49404,0.03685,0.00133,-0.02923,-0.32901,-0.07595,-0.00527,-0.27074,-0.06757,-0.00308,0.49151,0.06324,0.25116,0.06824,0.08396,-0.07249,-0.00170,0.01572,-0.04557,0.00100,0.64197,0.03521,0.06693,-0.01006
14.6500,1465,7,14.6503,49.77,0.56463,0.02263,0.00334,0.32393,-0.03693,0.00315,0.46943,0.00264,0.06898,-0.02856,-0.33692,0.04775,0.02509,0.27197,0.01383,-0.03877,0.48171,-0.07171,-0.01945,-0.17205,0.51403,-0.02940,0.04179,-0.31882,-0.00389,0.02241,0.48273,0.00483,-0.09124,-0.03381,-0.33275,0.06272,-0.00150,-0.24227,-0.04158,0.02824,0.46063,-0.00557,0.22194,0.04539,0.10692,0.01717,0.00824,0.02759,0.01902,0.02997,0.61995,0.08221,-0.06826,-0.00637,0.53203,-0.08932,-0.00180,0.31685,-0.04624,-0.00320,0.50247,0.05776,0.15435,-0.01752,-0.37305,-0.08493,-0.00282,0.27176,-0.09038,-0.01789,0.50659,0.05251,0.03060,-0.03942,0.43301,-0.18407,0.00016,-0.39223,-0.11920,-0.01940,0.49606,0.04383,-0.00000,-0.02441,-0.33287,-0.07845,-0.00492,-0.27408,-0.06601,-0.00331,0.49475,0.06629,0.25433,0.05870,0.08032,-0.07328,-0.00150,0.01343,-0.04585,0.00016,0.64384,0.03961,0.06645,-0.00903
14.7000,1470,7,14.7005,50.24,0.56463,0.02263,0.00334,0.32393,-0.03693,0.00315,0.46943,0.00264,0.06898,-0.02856,-0.33692,0.04775,0.02509,0.27197,0.01383,-0.03877,0.48171,-0.07171,-0.01945,-0.17205,0.51403,-0.02940,0.05012,-0.31882,-0.00389,0.03743,0.48273,0.00483,-0.09240,0.03104,-0.32833,0.05523,-0.00150,-0.24366,-0.06212,0.02824,0.46244,0.03450,0.22194,0.04539,0.10692,0.01717,0.00824,0.02759,0.01902,0.02997,0.61995,0.08221,-0.06826,-0.00637,0.52754,-0.09012,-0.00148,0.31458,-0.04465,-0.00327,0.50543,0.06092,0.15352,-0.01603,-0.37733,-0.08625,-0.00256,0.26746,-0.08167,-0.01761,0.50934,0.05761,0.02879,-0.03311,0.42382,-0.18386,0.00072,-0.39795,-0.10950,-0.02014,0.49843,0.05127,-0.00112,-0.02021,-0.33685,-0.08076,-0.00453,-0.27733,-0.06433,-0.00352,0.49814,0.06928,0.25705,0.05037,0.07664,-0.07397,-0.00130,0.01114,-0.04574,-0.00058,0.64593,0.04405,0.06602,-0.00811
14.7500,1475,7,14.7500,49.46,0.56395,-0.00472,0.04049,0.32625,-0.01009,0.00041,0.47239,0.03911,0.07399,0.17010,-0.32900,0.01417,0.07559,0.27299,0.03808,-0.01864,0.47211,-0.06724,-0.02810,-0.00248,0.50783,-0.08687,0.05012,-0.32060,-0.03841,0.03743,0.47998,-0.03092,-0.09240,0.03104,-0.32833,0.05523,0.02050,-0.24366,-0.06212,0.01789,0.46244,0.03450,0.22471,0.08408,0.10710,-0.01263,0.03913,0.02373,-0.02643,0.04267,0.62877,0.11877,-0.06492,0.12852,0.52302,-0.09077,-0.00120,0.31239,-0.04304,-0.00332,0.50856,0.06408,0.15275,-0.01472,-0.38167,-0.08742,-0.00220,0.26359,-0.07311,-0.01729,0.51235,0.06267,0.02728,-0.02762,0.41463,-0.18335,0.00141,-0.40318,-0.09946,-0.02077,0.50118,0.05877,-0.00203,-0.01655,-0.34094,-0.08288,-0.00411,-0.28051,-0.06256,-0.00369,0.50168,0.07222,0.25938,0.04309,0.07292,-0.07455,-0.00108,0.00886,-0.04529,-0.00125,0.64825,0.04847,0.06564,-0.00731
14.8000,1480,7,14.8001,50.13,0.56395,-0.00472,0.04049,0.32625,-0.01009,0.00041,0.47239,0.03911,0.07399,0.17010,-0.32900,0.01417,0.07559,0.27299,0.03808,-0.01864,0.47211,-0.06724,-0.02810,-0.00248,0.50783,-0.08687,0.05120,-0.32060,-0.03841,0.04874,0.47998,-0.03092,-0.09472,0.03483,-0.32542,0.02448,0.02050,-0.25116,-0.07710,0.01789,0.46737,0.06036,0.22471,0.08408,0.10710,-0.01263,0.03913,0.02373,-0.02643,0.04267,0.62877,0.11877,-0.06492,0.12852,0.51847,-0.09130,-0.00096,0.31028,-0.04140,-0.00337,0.51184,0.06727,0.15204,-0.01355,-0.38607,-0.08840,-0.00176,0.26015,-0.06472,-0.01693,0.51560,0.06754,0.02602,-0.02284,0.40549,-0.18247,0.00218,-0.40789,-0.08915,-0.02125,0.50431,0.06602,-0.00278,-0.01338,-0.34514,-0.08480,-0.00369,-0.28359,-0.06071,-0.00385,0.50536,0.07511,0.26137,0.03674,0.06918,-0.07503,-0.00087,0.00662,-0.04453,-0.00184,0.65078,0.05282,0.06529,-0.00660
14.8500,1485,7,14.8498,49.66,0.56159,-0.04443,0.03460,0.32138,-0.03211,0.00875,0.47436,0.03690,0.08952,0.15115,-0.33183,-0.05972,0.06530,0.27825,0.05756,0.00288,0.46858,-0.01783,-0.02388,0.18419,0.49562,-0.14072,0.03141,-0.31867,-0.03227,0.03081,0.47088,-0.05404,-0.07989,0.08322,-0.32542,0.02448,0.02721,-0.25116,-0.07710,0.00862,0.46737,0.06036,0.23371,0.07217,0.10188,-0.05263,0.01424,0.01978,-0.06051,0.04137,0.64107,0.10900,-0.04778,0.27619,0.51389,-0.09172,-0.00076,0.30825,-0.03973,-0.00343,0.51528,0.07047,0.15139,-0.01253,-0.39051,-0.08914,-0.00127,0.25712,-0.05651,-0.01650,0.51909,0.07210,0.02498,-0.01868,0.39639,-0.18119,0.00303,-0.41209,-0.07864,-0.02157,0.50778,0.07277,-0.00338,-0.01063,-0.34942,-0.08650,-0.00326,-0.28658,-0.05878,-0.00399,0.50919,0.07796,0.26307,0.03119,0.06542,-0.07540,-0.00064,0.00441,-0.04350,-0.00236,0.65353,0.05705,0.06498,-0.00598
14.9000,1490,7,14.9004,50.58,0.56159,-0.04443,0.03460,0.32138,-0.03211,0.00875,0.47436,0.03690,0.08952,0.15115,-0.33183,-0.05972,0.06530,0.27825,0.05756,0.00288,0.46858,-0.01783,-0.02388,0.18419,0.49562,-0.14072,0.03141,-0.31867,-0.03227,0.03081,0.47088,-0.05404,-0.07989,0.08322,-0.32486,-0.00181,0.02721,-0.26035,-0.09592,0.00862,0.47379,0.07233,0.23371,0.07217,0.10188,-0.05263,0.01424,0.01978,-0.06051,0.04137,0.64107,0.10900,-0.04778,0.27619,0.50930,-0.09205,-0.00058,0.30630,-0.03802,-0.00352,0.51889,0.07367,0.15079,-0.01162,-0.39498,-0.08964,-0.00075,0.25449,-0.04854,-0.01601,0.52280,0.07627,0.02414,-0.01506,0.38737,-0.17949,0.00391,-0.41575,-0.06802,-0.02172,0.51157,0.07883,-0.00385,-0.00823,-0.35378,-0.08800,-0.00284,-0.28947,-0.05680,-0.00411,0.51315,0.08077,0.26451,0.02635,0.06165,-0.07566,-0.00042,0.00227,-0.04222,-0.00282,0.65648,0.06112,0.06469,-0.00542
14.9500,1495,7,14.9504,50.03,0.55546,-0.07076,0.01863,0.31615,-0.04456,-0.00456,0.47801,0.05307,0.10626,0.16820,-0.34217,-0.12383,0.02788,0.28387,0.05103,0.02304,0.46958,0.02610,0.00260,0.29409,0.48191,-0.15036,0.01931,-0.32806,-0.10052,0.04002,0.46644,-0.01573,-0.05670,0.13988,-0.32486,-0.00181,0.02711,-0.26035,-0.09592,0.00281,0.47379,0.07233,0.24284,0.12702,0.09402,-0.07199,0.01560,0.01073,-0.10203,0.02443,0.64924,0.04669,-0.00789,0.49565,0.50469,-0.09229,-0.00040,0.30445,-0.03627,-0.00364,0.52265,0.07687,0.15023,-0.01081,-0.39947,-0.08987,-0.00021,0.25226,-0.04082,-0.01544,0.52671,0.07998,0.02347,-0.01192,0.37845,-0.17735,0.00480,-0.41889,-0.05736,-0.02169,0.51565,0.08406,-0.00421,-0.00616,-0.35822,-0.08929,-0.00243,-0.29226,-0.05476,-0.00422,0.51726,0.08354,0.26572,0.02212,0.05786,-0.07581,-0.00020,0.00019,-0.04074,-0.00323,0.65964,0.06499,0.06443,-0.00494
15.0000,1500,7,15.0004,50.03,0.55546,-0.07076,0.01863,0.31615,-0.04456,-0.00456,0.47801,0.05307,0.10626,0.16820,-0.34217,-0.12383,0.02788,0.28387,0.05103,0.02304,0.46958,0.02610,0.00260,0.29409,0.48191,-0.15036,0.01931,-0.32806,-0.10052,0.04002,0.46644,-0.01573,-0.05670,0.13988,-0.32764,-0.03547,0.02711,-0.26640,-0.07822,0.00281,0.48084,0.07155,0.24284,0.12702,0.09402,-0.07199,0.01560,0.01073,-0.10203,0.02443,0.64924,0.04669,-0.00789,0.49565,0.50007,-0.09244,-0.00022,0.30268,-0.03445,-0.00379,0.52657,0.08004,0.14970,-0.01009,-0.40396,-0.08985,0.00031,0.25040,-0.03340,-0.01480,0.53079,0.08322,0.02294,-0.00919,0.36965,-0.17478,0.00567,-0.42149,-0.04677,-0.02146,0.51996,0.08840,-0.00447,-0.00436,-0.36271,-0.09038,-0.00202,-0.29494,-0.05266,-0.00431,0.52151,0.08625,0.26673,0.01844,0.05407,-0.07585,0.00003,-0.00180,-0.03906,-0.00358,0.66298,0.06865,0.06420,-0.00450
15.0500,1505,7,15.0505,50.07,0.54819,-0.08418,0.01053,0.30743,-0.04113,-0.01375,0.48191,0.05798,0.11870,0.10721,-0.35591,-0.14337,0.01204,0.28674,0.03633,0.02324,0.47311,0.08450,0.02037,-0.03790,0.46749,-0.15735,0.01495,-0.34776,-0.16654,0.02303,0.46701,0.01918,-0.05333,-0.05152,-0.32764,-0.03547,0.02050,-0.26640,-0.07822,-0.01227,0.48084,0.07155,0.25300,0.09253,0.08336,-0.10200,0.02469,-0.00202,-0.11431,-0.00238,0.65159,0.00469,0.04574,0.48190,0.49544,-0.09251,-0.00003,0.30100,-0.03254,-0.00398,0.53066,0.08319,0.14922,-0.00946,-0.40845,-0.08958,0.00079,0.24891,-0.02631,-0.01407,0.53503,0.08596,0.02254,-0.00683,0.36098,-0.17180,0.00648,-0.42357,-0.03634,-0.02105,0.52447,0.09184,-0.00465,-0.00281,-0.36725,-0.09128,-0.00163,-0.29752,-0.05053,-0.00440,0.52589,0.08889,0.26757,0.01523,0.05027,-0.07579,0.00025,-0.00371,-0.03723,-0.00388,0.66650,0.07209,0.06398,-0.00412
15.1000,1510,7,15.1005,49.98,0.54819,-0.08418,0.01053,0.30743,-0.04113,-0.01375,0.48191,0.05798,0.11870,0.10721,-0.35591,-0.14337,0.01204,0.28674,0.03633,0.02324,0.47311,0.08450,0.02037,-0.03790,0.46749,-0.15735,0.01495,-0.34776,-0.16654,0.02303,0.46701,0.01918,-0.05333,-0.05152,-0.33186,-0.05252,0.02050,-0.27767,-0.08017,-0.01227,0.48683,0.06082,0.25300,0.09253,0.08336,-0.10200,0.02469,-0.00202,-0.11431,-0.00238,0.65159,0.00469,0.04574,0.48190,0.49082,-0.09247,0.00019,0.29943,-0.03053,-0.00420,0.53489,0.08628,0.14876,-0.00889,-0.41291,-0.08908,0.00122,0.24777,-0.01960,-0.01327,0.53938,0.08827,0.02226,-0.00478,0.35247,-0.16844,0.00721,-0.42513,-0.02615,-0.02046,0.52913,0.09443,-0.00475,-0.00146,-0.37183,-0.09198,-0.00125,-0.29999,-0.04835,-0.00447,0.53040,0.09147,0.26826,0.01243,0.04649,-0.07561,0.00047,-0.00552,-0.03526,-0.00413,0.67018,0.07531,0.06379,-0.00378
15.1500,1515,7,15.1502,49.70,0.53868,-0.09955,0.02049,0.30511,-0.02763,-0.00640,0.48694,0.05923,0.12980,0.14581,-0.37157,-0.15621,0.00275,0.28618,-0.00676,0.03747,0.48146,0.12312,0.01347,-0.19007,0.45195,-0.17354,0.02970,-0.36413,-0.17512,-0.00959,0.47225,0.07147,-0.04637,0.31004,-0.33186,-0.05252,0.01110,-0.27767,-0.08017,-0.01452,0.48683,0.06082,0.25857,0.07012,0.07244,-0.10405,-0.03390,-0.01347,-0.12347,0.02103,0.65056,-0.02900,0.09396,0.42803,0.48620,-0.09232,0.00044,0.29795,-0.02841,-0.00446,0.53928,0.08929,0.14833,-0.00838,-0.41735,-0.08840,0.00157,0.24695,-0.01330,-0.01241,0.54385,0.09020,0.02206,-0.00301,0.34414,-0.16474,0.00784,-0.42619,-0.01629,-0.01971,0.53390,0.09633,-0.00480,-0.00030,-0.37645,-0.09250,-0.00088,-0.30236,-0.04615,-0.00453,0.53503,0.09397,0.26882,0.00999,0.04272,-0.07533,0.00068,-0.00723,-0.03318,-0.00435,0.67402,0.07833,0.06360,-0.00348
15.2000,1520,7,15.2001,49.89,0.53868,-0.09955,0.02049,0.30511,-0.02763,-0.00640,0.48694,0.05923,0.12980,0.14581,-0.37157,-0.15621,0.00275,0.28618,-0.00676,0.03747,0.48146,0.12312,0.01347,-0.19007,0.45195,-0.17354,0.02970,-0.36413,-0.17512,-0.00959,0.47225,0.07147,-0.04637,0.31004,-0.33831,-0.06840,0.01110,-0.28341,-0.06737,-0.01452,0.49350,0.06821,0.25857,0.07012,0.07244,-0.10405,-0.03390,-0.01347,-0.12347,0.02103,0.65056,-0.02900,0.09396,0.42803,0.48159,-0.09203,0.00074,0.29659,-0.02616,-0.00473,0.54382,0.09215,0.14792,-0.00793,-0.42175,-0.08755,0.00185,0.24643,-0.00744,-0.01149,0.54840,0.09192,0.02195,-0.00147,0.33600,-0.16077,0.00835,-0.42677,-0.00684,-0.01882,0.53876,0.09780,-0.00479,0.00069,-0.38108,-0.09284,-0.00052,-0.30461,-0.04391,-0.00458,0.53979,0.09638,0.26926,0.00786,0.03896,-0.07494,0.00089,-0.00884,-0.03101,-0.00452,0.67801,0.08117,0.06344,-0.00322
15.2500,1525,7,15.2500,49.92,0.52888,-0.10837,0.00996,0.29516,-0.07053,0.00490,0.49124,0.05096,0.14617,0.17657,-0.38830,-0.15377,-0.02152,0.28342,-0.04847,0.03910,0.49512,0.14550,-0.00369,-0.05490,0.43269,-0.19963,0.02970,-0.37621,-0.13864,-0.00959,0.48061,0.07685,-0.04637,0.31004,-0.33831,-0.06840,0.00585,-0.28341,-0.06737,-0.01548,0.49350,0.06821,0.26180,0.01104,0.06515,-0.06650,-0.02441,-0.02880,-0.12695,-0.03724,0.64612,-0.04916,0.12956,0.14977,0.47700,-0.09159,0.00104,0.29534,-0.02378,-0.00497,0.54849,0.09481,0.14753,-0.00752,-0.42610,-0.08658,0.00210,0.24619,-0.00203,-0.01061,0.55304,0.09358,0.02191,-0.00015,0.32807,-0.15655,0.00882,-0.42688,0.00217,-0.01792,0.54368,0.09908,-0.00473,0.00155,-0.38573,-0.09301,-0.00017,-0.30675,-0.04166,-0.00461,0.54467,0.09868,0.26961,0.00602,0.03522,-0.07446,0.00109,-0.01033,-0.02876,-0.00465,0.68214,0.08384,0.06328,-0.00298
15.3000,1530,7,15.3001,50.14,0.52888,-0.10837,0.00996,0.29516,-0.07053,0.00490,0.49124,0.05096,0.14617,0.17657,-0.38830,-0.15377,-0.02152,0.28342,-0.04847,0.03910,0.49512,0.14550,-0.00369,-0.05490,0.43269,-0.19963,0.01014,-0.37621,-0.13864,-0.01162,0.48061,0.07685,-0.00611,0.51065,-0.34570,-0.07747,0.00585,-0.28932,-0.05150,-0.01548,0.50110,0.07920,0.26180,0.01104,0.06515,-0.06650,-0.02441,-0.02880,-0.12695,-0.03724,0.64612,-0.04916,0.12956,0.14977,0.47243,-0.09101,0.00132,0.29421,-0.02129,-0.00515,0.55330,0.09728,0.14716,-0.00716,-0.43041,-0.08549,0.00236,0.24622,0.00298,-0.00980,0.55776,0.09521,0.02193,0.00099,0.32035,-0.15211,0.00929,-0.42655,0.01075,-0.01706,0.54866,0.10028,-0.00463,0.00229,-0.39038,-0.09302,0.00016,-0.30877,-0.03939,-0.00464,0.54966,0.10088,0.26987,0.00441,0.03151,-0.07388,0.00129,-0.01171,-0.02645,-0.00475,0.68639,0.08638,0.06314,-0.00277
15.3500,1535,7,15.3504,50.24,0.51539,-0.12552,-0.00039,0.29405,-0.04550,-0.01726,0.49890,0.07172,0.16093,0.13536,-0.40365,-0.13334,-0.03253,0.27727,-0.07380,0.02618,0.51301,0.16389,-0.01224,-0.08314,0.41780,-0.18943,0.01505,-0.38367,-0.10606,-0.01650,0.48243,0.05122,0.04307,0.40642,-0.34570,-0.07747,0.00066,-0.28932,-0.05150,-0.01527,0.50110,0.07920,0.26057,-0.02117,0.06282,-0.02554,-0.04611,-0.04162,-0.10190,-0.02915,0.64160,-0.03719,0.13000,-0.04452,0.46790,-0.09030,0.00158,0.29321,-0.01873,-0.00527,0.55822,0.09959,0.14682,-0.00683,-0.43465,-0.08427,0.00263,0.24649,0.00760,-0.00906,0.56256,0.09682,0.02201,0.00197,0.31286,-0.14744,0.00976,-0.42581,0.01892,-0.01624,0.55371,0.10144,-0.00450,0.00292,-0.39503,-0.09286,0.00048,-0.31069,-0.03711,-0.00466,0.55475,0.10297,0.27005,0.00301,0.02784,-0.07319,0.00148,-0.01298,-0.02410,-0.00482,0.69077,0.08880,0.06300,-0.00259
15.4000,1540,7,15.4004,50.03,0.51539,-0.12552,-0.00039,0.29405,-0.04550,-0.01726,0.49890,0.07172,0.16093,0.13536,-0.40365,-0.13334,-0.03253,0.27727,-0.07380,0.02618,0.51301,0.16389,-0.01224,-0.08314,0.41780,-0.18943,0.01505,-0.38367,-0.10606,-0.01650,0.48243,0.05122,0.04307,0.40642,-0.35340,-0.08213,0.00066,-0.29498,-0.04131,-0.01527,0.50927,0.08746,0.26057,-0.02117,0.06282,-0.02554,-0.04611,-0.04162,-0.10190,-0.02915,0.64160,-0.03719,0.13000,-0.04452,0.46341,-0.08947,0.00181,0.29234,-0.01613,-0.00534,0.56325,0.10174,0.14648,-0.00654,-0.43883,-0.08291,0.00291,0.24697,0.01188,-0.00840,0.56744,0.09842,0.02213,0.00281,0.30561,-0.14254,0.01024,-0.42467,0.02669,-0.01547,0.55881,0.10263,-0.00434,0.00346,-0.39966,-0.09255,0.00079,-0.31248,-0.03482,-0.00466,0.55995,0.10494,0.27017,0.00180,0.02420,-0.07242,0.00167,-0.01412,-0.02172,-0.00486,0.69527,0.09111,0.06288,-0.00242
15.4500,1545,7,15.4500,49.56,0.50471,-0.11124,-0.00659,0.28545,-0.06505,0.00079,0.50637,0.08350,0.17629,0.13181,-0.41782,-0.10550,-0.03326,0.26388,-0.10926,0.01763,0.52205,0.10998,-0.01909,-0.03873,0.39904,-0.19971,0.01295,-0.39220,-0.09453,0.00204,0.49049,0.10714,0.07939,0.28740,-0.35340,-0.08213,0.00194,-0.29498,-0.04131,-0.01211,0.50927,0.08746,0.26057,0.00748,0.06329,0.00529,0.00496,-0.04662,-0.04419,-0.04580,0.63986,0.00721,0.12235,-0.20795,0.45896,-0.08853,0.00201,0.29160,-0.01350,-0.00536,0.56839,0.10376,0.14616,-0.00627,-0.44294,-0.08141,0.00321,0.24767,0.01584,-0.00780,0.57240,0.10004,0.02229,0.00353,0.29861,-0.13739,0.01073,-0.42315,0.03410,-0.01474,0.56397,0.10392,-0.00416,0.00392,-0.40428,-0.09209,0.00108,-0.31417,-0.03254,-0.00465,0.56525,0.10680,0.27023,0.00075,0.02060,-0.07156,0.00185,-0.01515,-0.01933,-0.00488,0.69988,0.09333,0.06276,-0.00227
15.5000,1550,7,15.5000,50.04,0.50471,-0.11124,-0.00659,0.28545,-0.06505,0.00079,0.50637,0.08350,0.17629,0.13181,-0.41782,-0.10550,-0.03326,0.26388,-0.10926,0.01763,0.52205,0.10998,-0.01909,-0.03873,0.39904,-0.19971,0.01295,-0.39220,-0.09453,0.00204,0.49049,0.10714,0.07939,0.28740,-0.36192,-0.08849,0.00194,-0.29925,-0.03428,-0.01211,0.51771,0.08884,0.26057,0.00748,0.06329,0.00529,0.00496,-0.04662,-0.04419,-0.04580,0.63986,0.00721,0.12235,-0.20795,0.45455,-0.08749,0.00219,0.29099,-0.01087,-0.00533,0.57363,0.10560,0.14585,-0.00603,-0.44697,-0.07976,0.00352,0.24855,0.01954,-0.00726,0.57745,0.10174,0.02248,0.00415,0.29188,-0.13201,0.01123,-0.42127,0.04116,-0.01405,0.56920,0.10539,-0.00395,0.00430,-0.40887,-0.09149,0.00136,-0.31574,-0.03026,-0.00464,0.57063,0.10855,0.27025,-0.00016,0.01704,-0.07061,0.00202,-0.01606,-0.01694,-0.00487,0.70460,0.09546,0.06265,-0.00214
15.5500,1555,7,15.5497,49.65,0.49200,-0.12042,-0.00057,0.28224,-0.03374,-0.01818,0.51771,0.11837,0.19111,0.11076,-0.42762,-0.08969,-0.03356,0.25430,-0.11405,0.00141,0.53178,0.10187,-0.01469,0.18072,0.38146,-0.19193,-0.01072,-0.40218,-0.10147,0.01327,0.50529,0.13908,0.09574,0.02013,-0.36192,-0.08849,0.00316,-0.29925,-0.03428,-0.01091,0.51771,0.08884,0.26121,0.01651,0.06669,0.01045,0.01620,-0.05396,-0.02972,-0.03426,0.64398,0.07261,0.09545,-0.31027,0.45021,-0.08638,0.00236,0.29051,-0.00827,-0.00527,0.57895,0.10727,0.14556,-0.00581,-0.45091,-0.07795,0.00383,0.24962,0.02298,-0.00677,0.58258,0.10354,0.02270,0.00467,0.28541,-0.12638,0.01170,-0.41904,0.04788,-0.01338,0.57452,0.10710,-0.00373,0.00463,-0.41343,-0.09075,0.00163,-0.31719,-0.02799,-0.00461,0.57610,0.11019,0.27022,-0.00095,0.01354,-0.06958,0.00218,-0.01684,-0.01456,-0.00484,0.70943,0.09751,0.06255,-0.00202
15.6000,1560,7,15.5999,50.19,0.49200,-0.12042,-0.00057,0.28224,-0.03374,-0.01818,0.51771,0.11837,0.19111,0.11076,-0.42762,-0.08969,-0.03356,0.25430,-0.11405,0.00141,0.53178,0.10187,-0.01469,0.18072,0.38146,-0.19193,-0.01072,-0.40218,-0.10147,0.01327,0.50529,0.13908,0.09574,0.02013,-0.37126,-0.09607,0.00316,-0.30250,-0.02481,-0.01091,0.52678,0.09435,0.26121,0.01651,0.06669,0.01045,0.01620,-0.05396,-0.02972,-0.03426,0.64398,0.07261,0.09545,-0.31027,0.44592,-0.08518,0.00253,0.29016,-0.00570,-0.00519,0.58435,0.10879,0.14527,-0.00560,-0.45476,-0.07601,0.00409,0.25085,0.02618,-0.00629,0.58780,0.10539,0.02295,0.00511,0.27924,-0.12054,0.01211,-0.41648,0.05428,-0.01270,0.57992,0.10897,-0.00349,0.00490,-0.41794,-0.08989,0.00189,-0.31854,-0.02574,-0.00457,0.58165,0.11173,0.27015,-0.00163,0.01008,-0.06847,0.00234,-0.01751,-0.01219,-0.00479,0.71435,0.09948,0.06245,-0.00191
15.6500,1565,7,15.6497,49.84,0.48017,-0.11669,-0.01973,0.27917,-0.01532,-0.01093,0.53139,0.15118,0.19811,0.02296,-0.43531,-0.05305,-0.04820,0.24121,-0.10490,-0.01665,0.53907,0.07132,-0.00464,-0.12091,0.36670,-0.15886,-0.01072,-0.41212,-0.11030,0.01327,0.51610,0.10016,0.09574,0.02013,-0.37126,-0.09607,0.00207,-0.30250,-0.02481,-0.01072,0.52678,0.09435,0.26133,-0.00177,0.06826,-0.00882,0.02865,-0.05135,0.03164,-0.03892,0.65420,0.13945,0.05384,-0.50614,0.44169,-0.08390,0.00271,0.28994,-0.00318,-0.00510,0.58982,0.11021,0.14500,-0.00542,-0.45851,-0.07395,0.00431,0.25223,0.02915,-0.00583,0.59312,0.10719,0.02321,0.00548,0.27336,-0.11451,0.01245,-0.41362,0.06035,-0.01202,0.58541,0.11085,-0.00324,0.00512,-0.42241,-0.08890,0.00214,-0.31977,-0.02351,-0.00452,0.58727,0.11316,0.27006,-0.00221,0.00669,-0.06729,0.00249,-0.01806,-0.00986,-0.00472,0.71938,0.10135,0.06236,-0.00182
15.7000,1570,7,15.6999,50.26,0.48017,-0.11669,-0.01973,0.27917,-0.01532,-0.01093,0.53139,0.15118,0.19811,0.02296,-0.43531,-0.05305,-0.04820,0.24121,-0.10490,-0.01665,0.53907,0.07132,-0.00464,-0.12091,0.36670,-0.15886,-0.01833,-0.41212,-0.11030,0.00550,0.51610,0.10016,0.08392,-0.26542,-0.38053,-0.09831,0.00207,-0.30363,-0.01215,-0.01072,0.53533,0.09440,0.26133,-0.00177,0.06826,-0.00882,0.02865,-0.05135,0.03164,-0.03892,0.65420,0.13945,0.05384,-0.50614,0.43753,-0.08252,0.00290,0.28984,-0.00070,-0.00499,0.59537,0.11155,0.14473,-0.00525,-0.46216,-0.07179,0.00448,0.25376,0.03190,-0.00539,0.59852,0.10889,0.02349,0.00579,0.26779,-0.10834,0.01271,-0.41045,0.06607,-0.01132,0.59100,0.11266,-0.00298,0.00531,-0.42683,-0.08779,0.00238,-0.32089,-0.02131,-0.00446,0.59296,0.11450,0.26993,-0.00272,0.00336,-0.06603,0.00263,-0.01850,-0.00756,-0.00464,0.72449,0.10311,0.06227,-0.00173
15.7500,1575,7,15.7498,49.87,0.46856,-0.10490,-0.00355,0.27881,0.00050,-0.00445,0.54584,0.14358,0.20261,0.02589,-0.44009,-0.03680,-0.00156,0.23098,-0.08212,-0.02701,0.54405,0.05714,-0.02799,-0.14267,0.35244,-0.13799,-0.01471,-0.42279,-0.12748,-0.01545,0.52277,0.06956,0.05324,-0.35347,-0.38053,-0.09831,0.00166,-0.30363,-0.01215,-0.00655,0.53533,0.09440,0.26223,0.02144,0.06982,-0.02555,0.03507,-0.05079,0.03520,-0.01511,0.67141,0.19331,0.00151,-0.38670,0.43344,-0.08105,0.00311,0.28987,0.00172,-0.00487,0.60098,0.11283,0.14447,-0.00509,-0.46569,-0.06956,0.00460,0.25542,0.03444,-0.00497,0.60400,0.11044,0.02379,0.00604,0.26253,-0.10206,0.01289,-0.40701,0.07145,-0.01063,0.59668,0.11432,-0.00271,0.00545,-0.43119,-0.08657,0.00260,-0.32190,-0.01914,-0.00439,0.59872,0.11575,0.26979,-0.00315,0.00009,-0.06471,0.00276,-0.01882,-0.00531,-0.00454,0.72968,0.10476,0.06218,-0.00165
15.8000,1580,7,15.8002,50.35,0.46856,-0.10490,-0.00355,0.27881,0.00050,-0.00445,0.54584,0.14358,0.20261,0.02589,-0.44009,-0.03680,-0.00156,0.23098,-0.08212,-0.02701,0.54405,0.05714,-0.02799,-0.14267,0.35244,-0.13799,-0.01471,-0.42279,-0.12748,-0.01545,0.52277,0.06956,0.05324,-0.35347,-0.38985,-0.10081,0.00166,-0.30334,0.00141,-0.00655,0.54399,0.10285,0.26223,0.02144,0.06982,-0.02555,0.03507,-0.05079,0.03520,-0.01511,0.67141,0.19331,0.00151,-0.38670,0.42943,-0.07947,0.00333,0.29001,0.00407,-0.00474,0.60665,0.11405,0.14422,-0.00495,-0.46911,-0.06728,0.00467,0.25720,0.03678,-0.00455,0.60956,0.11183,0.02410,0.00625,0.25759,-0.09571,0.01298,-0.40331,0.07649,-0.00992,0.60243,0.11580,-0.00244,0.00557,-0.43548,-0.08524,0.00281,-0.32280,-0.01701,-0.00431,0.60454,0.11692,0.26962,-0.00352,-0.00311,-0.06333,0.00288,-0.01903,-0.00311,-0.00442,0.73496,0.10629,0.06210,-0.00158
15.8500,1585,7,15.8495,49.37,0.45741,-0.11025,-0.00981,0.27955,0.00906,-0.01130,0.55832,0.12777,0.19639,-0.15467,-0.44466,-0.03594,0.00803,0.22338,-0.05658,-0.02291,0.55316,0.09208,-0.03143,0.09286,0.33963,-0.12770,0.00459,-0.43307,-0.08517,-0.06051,0.52901,0.07871,0.01615,-0.34275,-0.38985,-0.10081,0.00213,-0.30334,0.00141,-0.00343,0.54399,0.10285,0.26312,-0.01467,0.06581,-0.05626,0.05632,-0.04657,0.04637,0.00047,0.69210,0.22368,-0.01840,0.01385,0.42550,-0.07778,0.00357,0.29027,0.00636,-0.00460,0.61238,0.11520,0.14398,-0.00481,-0.47242,-0.06498,0.00469,0.25909,0.03891,-0.00416,0.61518,0.11304,0.02441,0.00642,0.25296,-0.08934,0.01299,-0.39937,0.08119,-0.00922,0.60825,0.11708,-0.00215,0.00566,-0.43971,-0.08381,0.00302,-0.32360,-0.01491,-0.00423,0.61041,0.11800,0.26944,-0.00383,-0.00624,-0.06189,0.00299,-0.01913,-0.00097,-0.00430,0.74031,0.10769,0.06202,-0.00152
15.9000,1590,7,15.8998,50.24,0.45741,-0.11025,-0.00981,0.27955,0.00906,-0.01130,0.55832,0.12777,0.19639,-0.15467,-0.44466,-0.03594,0.00803,0.22338,-0.05658,-0.02291,0.55316,0.09208,-0.03143,0.09286,0.33963,-0.12770,0.00459,-0.43307,-0.08517,-0.06051,0.52901,0.07871,0.01615,-0.34275,-0.40034,-0.10442,0.00213,-0.30332,-0.00121,-0.00343,0.55508,0.11954,0.26312,-0.01467,0.06581,-0.05626,0.05632,-0.04657,0.04637,0.00047,0.69210,0.22368,-0.01840,0.01385,0.42165,-0.07596,0.00382,0.29065,0.00858,-0.00444,0.61817,0.11628,0.14374,-0.00469,-0.47561,-0.06269,0.00465,0.26109,0.04086,-0.00378,0.62086,0.11408,0.02474,0.00655,0.24865,-0.08298,0.01292,-0.39520,0.08554,-0.00852,0.61413,0.11815,-0.00187,0.00573,-0.44386,-0.08228,0.00321,-0.32430,-0.01286,-0.00413,0.61634,0.11899,0.26924,-0.00409,-0.00930,-0.06040,0.00309,-0.01913,0.00110,-0.00416,0.74573,0.10896,0.06195,-0.00146
15.9500,1595,7,15.9501,50.37,0.44678,-0.08801,-0.04612,0.28086,0.02801,-0.00434,0.56910,0.11593,0.17037,-0.28054,-0.44801,-0.04417,0.00465,0.21505,-0.03626,-0.05971,0.56049,0.09939,-0.01401,0.21811,0.32826,-0.12053,0.00747,-0.43823,-0.02356,-0.06985,0.54209,0.14677,-0.01217,-0.16775,-0.40034,-0.10442,0.00024,-0.30332,-0.00121,0.01139,0.55508,0.11954,0.26066,-0.01160,0.05719,-0.11699,0.03453,-0.04286,0.04716,0.01401,0.71390,0.20799,-0.01848,0.01372,0.41790,-0.07403,0.00409,0.29113,0.01072,-0.00427,0.62401,0.11729,0.14351,-0.00457,-0.47869,-0.06043,0.00456,0.26318,0.04262,-0.00341,0.62659,0.11494,0.02507,0.00665,0.24466,-0.07668,0.01276,-0.39082,0.08955,-0.00783,0.62006,0.11902,-0.00158,0.00578,-0.44794,-0.08067,0.00339,-0.32489,-0.01086,-0.00403,0.62231,0.11991,0.26903,-0.00432,-0.01228,-0.05886,0.00319,-0.01902,0.00310,-0.00401,0.75121,0.11011,0.06188,-0.00140
16.0000,1600,8,16.0002,50.05,0.44678,-0.08801,-0.04612,0.28086,0.02801,-0.00434,0.56910,0.11593,0.17037,-0.28054,-0.44801,-0.04417,0.00465,0.21505,-0.03626,-0.05971,0.56049,0.09939,-0.01401,0.21811,0.32826,-0.12053,0.00747,-0.43823,-0.02356,-0.06985,0.54209,0.14677,-0.01217,-0.16775,-0.41111,-0.10132,0.00024,-0.30420,-0.01513,0.01139,0.56744,0.12530,0.26066,-0.01160,0.05719,-0.11699,0.03453,-0.04286,0.04716,0.01401,0.71390,0.20799,-0.01848,0.01372,0.44678,-0.08801,-0.04612,0.28086,0.02801,-0.00434,0.56910,0.11593,0.17037,-0.28054,-0.44801,-0.04417,0.00465,0.21505,-0.03626,-0.05971,0.56049,0.09939,-0.01401,0.21811,0.32826,-0.12053,0.00747,-0.43823,-0.02356,-0.06985,0.54209,0.14677,-0.01217,-0.16775,-0.41111,-0.10132,0.00024,-0.30420,-0.01513,0.01139,0.56744,0.12530,0.26066,-0.01160,0.05719,-0.11699,0.03453,-0.04286,0.04716,0.01401,0.71390,0.20799,-0.01848,0.01372
16.0500,1605,8,16.0506,50.41,0.43990,-0.05193,-0.02739,0.28367,0.04845,-0.01481,0.57809,0.09299,0.14374,-0.22579,-0.45282,-0.04593,-0.00121,0.21343,0.02162,-0.04320,0.57184,0.13647,-0.00483,-0.03296,0.31654,-0.13474,0.01753,-0.43479,0.05448,-0.06465,0.55621,0.15271,-0.02259,-0.02018,-0.41111,-0.10132,-0.00293,-0.30420,-0.01513,0.02205,0.56744,0.12530,0.26237,0.02388,0.04278,-0.14397,0.02636,-0.04154,0.01969,0.00542,0.73353,0.17480,-0.01585,-0.02245,0.44191,-0.10504,-0.02476,0.28230,0.02919,-0.00080,0.57498,0.11997,0.15726,-0.24476,-0.45017,-0.04269,0.00164,0.21391,-0.01036,-0.04653,0.56609,0.12307,-0.00381,0.19062,0.32232,-0.11688,0.00748,-0.43861,0.00701,-0.05550,0.54974,0.15818,-0.02001,-0.14623,-0.41617,-0.10099,0.00106,-0.30507,-0.01940,0.00633,0.57378,0.12843,0.26008,-0.01132,0.05172,-0.10262,0.02467,-0.04066,0.04141,0.00969,0.72381,0.18953,-0.01782,0.01257
16.1000,1610,8,16.1000,49.35,0.43990,-0.05193,-0.02739,0.28367,0.04845,-0.01481,0.57809,0.09299,0.14374,-0.22579,-0.45282,-0.04593,-0.00121,0.21343,0.02162,-0.04320,0.57184,0.13647,-0.00483,-0.03296,0.31654,-0.13474,0.01753,-0.43479,0.05448,-0.06465,0.55621,0.15271,-0.02259,-0.02018,-0.42145,-0.09417,-0.00293,-0.30692,-0.03316,0.02205,0.58031,0.11585,0.26237,0.02388,0.04278,-0.14397,0.02636,-0.04154,0.01969,0.00542,0.73353,0.17480,-0.01585,-0.02245,0.43641,-0.11345,-0.01049,0.28376,0.02906,0.00114,0.58111,0.12528,0.14582,-0.21351,-0.45229,-0.04235,-0.00010,0.21392,0.00993,-0.03665,0.57267,0.13885,0.00511,0.16661,0.31657,-0.11315,0.00776,-0.43763,0.03147,-0.04471,0.55784,0.16533,-0.02684,-0.12737,-0.42121,-0.10030,0.00176,-0.30611,-0.02160,0.00289,0.58028,0.13163,0.25952,-0.01104,0.04686,-0.09228,0.01788,-0.03869,0.03745,0.00663,0.73293,0.17566,-0.01722,0.01153
16.1500,1615,8,16.1503,50.34,0.43617,-0.02488,-0.03336,0.28943,0.05958,0.02065,0.58581,0.07739,0.12839,-0.07583,-0.45684,-0.03320,-0.03609,0.21525,0.04989,-0.04511,0.58480,0.13340,-0.01069,-0.00259,0.30288,-0.13471,-0.01181,-0.42499,0.10885,-0.01700,0.57167,0.13258,-0.02667,0.09810,-0.42145,-0.09417,-0.01807,-0.30692,-0.03316,0.01361,0.58031,0.11585,0.26609,0.04034,0.02748,-0.15679,-0.03979,-0.04212,0.01495,0.01281,0.74789,0.10783,-0.04122,-0.34071,0.43066,-0.11613,-0.00109,0.28519,0.02824,0.00206,0.58752,0.13080,0.13584,-0.18623,-0.45442,-0.04265,-0.00100,0.21483,0.02598,-0.02914,0.57989,0.14924,0.01290,0.14564,0.31101,-0.10924,0.00822,-0.43554,0.05128,-0.03645,0.56622,0.16973,-0.03278,-0.11085,-0.42620,-0.09928,0.00238,-0.30721,-0.02242,0.00058,0.58694,0.13481,0.25898,-0.01077,0.04244,-0.08472,0.01322,-0.03689,0.03476,0.00445,0.74143,0.16516,-0.01667,0.01061
16.2000,1620,8,16.1999,49.64,0.43617,-0.02488,-0.03336,0.28943,0.05958,0.02065,0.58581,0.07739,0.12839,-0.07583,-0.45684,-0.03320,-0.03609,0.21525,0.04989,-0.04511,0.58480,0.13340,-0.01069,-0.00259,0.30288,-0.13471,-0.01181,-0.42499,0.10885,-0.01700,0.57167,0.13258,-0.02667,0.09810,-0.42614,-0.06555,-0.01807,-0.30668,-0.02074,0.01361,0.58481,0.06175,0.26609,0.04034,0.02748,-0.15679,-0.03979,-0.04212,0.01495,0.01281,0.74789,0.10783,-0.04122,-0.34071,0.42486,-0.11506,0.00498,0.28658,0.02714,0.00234,0.59419,0.13598,0.12714,-0.16241,-0.45656,-0.04324,-0.00134,0.21646,0.03879,-0.02334,0.58753,0.15592,0.01971,0.12732,0.30565,-0.10508,0.00877,-0.43256,0.06752,-0.03001,0.57478,0.17233,-0.03796,-0.09639,-0.43113,-0.09798,0.00292,-0.30833,-0.02230,-0.00096,0.59376,0.13789,0.25845,-0.01051,0.03835,-0.07907,0.01003,-0.03520,0.03298,0.00289,0.74948,0.15715,-0.01616,0.00979
16.2500,1625,8,16.2504,50.43,0.43547,0.00696,-0.00443,0.29027,0.02154,0.02880,0.59039,0.04535,0.12315,-0.02066,-0.45888,-0.00270,-0.02123,0.22161,0.08087,-0.01293,0.59603,0.09209,-0.02405,-0.37603,0.29249,-0.11333,-0.02914,-0.41244,0.11108,0.02975,0.57625,0.03305,-0.01701,0.12681,-0.42614,-0.06555,-0.01901,-0.30668,-0.02074,-0.00235,0.58481,0.06175,0.26910,0.00684,0.01452,-0.10042,-0.06228,-0.04285,-0.01401,-0.00028,0.75434,0.01918,-0.07045,-0.28810,0.41919,-0.11161,0.00878,0.28791,0.02600,0.00225,0.60110,0.14056,0.11955,-0.14161,-0.45874,-0.04390,-0.00132,0.21867,0.04908,-0.01878,0.59544,0.16004,0.02567,0.11133,0.30050,-0.10063,0.00937,-0.42884,0.08094,-0.02488,0.58344,0.17376,-0.04245,-0.08373,-0.43599,-0.09643,0.00340,-0.30943,-0.02156,-0.00197,0.60073,0.14080,0.25793,-0.01025,0.03451,-0.07472,0.00786,-0.03358,0.03185,0.00179,0.75718,0.15098,-0.01569,0.00906
16.3000,1630,8,16.3002,49.81,0.43547,0.00696,-0.00443,0.29027,0.02154,0.02880,0.59039,0.04535,0.12315,-0.02066,-0.45888,-0.00270,-0.02123,0.22161,0.08087,-0.01293,0.59603,0.09209,-0.02405,-0.37603,0.29249,-0.11333,-0.02914,-0.41244,0.11108,0.02975,0.57625,0.03305,-0.01701,0.12681,-0.43226,-0.04876,-0.01901,-0.30852,-0.01185,-0.00235,0.58930,0.03349,0.26910,0.00684,0.01452,-0.10042,-0.06228,-0.04285,-0.01401,-0.00028,0.75434,0.01918,-0.07045,-0.28810,0.41373,-0.10669,0.01105,0.28918,0.02497,0.00194,0.60823,0.14445,0.11294,-0.12345,-0.46095,-0.04449,-0.00107,0.22134,0.05737,-0.01515,0.60350,0.16236,0.03088,0.09736,0.29559,-0.09588,0.00998,-0.42450,0.09209,-0.02072,0.59214,0.17442,-0.04636,-0.07264,-0.44077,-0.09466,0.00382,-0.31048,-0.02043,-0.00262,0.60784,0.14346,0.25742,-0.01000,0.03087,-0.07125,0.00638,-0.03201,0.03117,0.00101,0.76460,0.14618,-0.01525,0.00840
16.3500,1635,8,16.3497,49.48,0.43576,0.00452,0.01420,0.28483,-0.02341,0.01532,0.59181,0.01669,0.11478,-0.15096,-0.46001,0.00245,-0.01274,0.22884,0.07235,0.03942,0.60573,0.06621,-0.06976,-0.45418,0.28291,-0.07877,-0.04752,-0.40165,0.07440,0.06093,0.57240,-0.05168,0.00334,0.09600,-0.43226,-0.04876,-0.02986,-0.30852,-0.01185,-0.00477,0.58930,0.03349,0.26732,-0.06642,0.00679,-0.05067,-0.05958,-0.04297,0.00154,-0.01666,0.75260,-0.05624,-0.09984,-0.21852,0.40853,-0.10094,0.01228,0.29041,0.02411,0.00155,0.61554,0.14764,0.10717,-0.10760,-0.46319,-0.04493,-0.00069,0.22438,0.06406,-0.01221,0.61165,0.16341,0.03543,0.08515,0.29092,-0.09084,0.01057,-0.41966,0.10138,-0.01727,0.60087,0.17455,-0.04974,-0.06294,-0.44545,-0.09269,0.00419,-0.31147,-0.01904,-0.00302,0.61507,0.14584,0.25693,-0.00976,0.02738,-0.06838,0.00540,-0.03046,0.03082,0.00047,0.77181,0.14239,-0.01485,0.00781
16.4000,1640,8,16.3995,49.85,0.43576,0.00452,0.01420,0.28483,-0.02341,0.01532,0.59181,0.01669,0.11478,-0.15096,-0.46001,0.00245,-0.01274,0.22884,0.07235,0.03942,0.60573,0.06621,-0.06976,-0.45418,0.28291,-0.07877,-0.04752,-0.40165,0.07440,0.06093,0.57240,-0.05168,0.00334,0.09600,-0.43663,-0.02798,-0.02986,-0.30908,0.00184,-0.00477,0.59196,0.02121,0.26732,-0.06642,0.00679,-0.05067,-0.05958,-0.04297,0.00154,-0.01666,0.75260,-0.05624,-0.09984,-0.21852,0.40364,-0.09476,0.01283,0.29159,0.02346,0.00112,0.62298,0.15019,0.10214,-0.09376,-0.46544,-0.04516,-0.00022,0.22772,0.06944,-0.00979,0.61983,0.16356,0.03942,0.07450,0.28651,-0.08552,0.01114,-0.41439,0.10912,-0.01435,0.60959,0.17434,-0.05267,-0.05444,-0.45004,-0.09055,0.00452,-0.31238,-0.01750,-0.00325,0.62241,0.14790,0.25645,-0.00953,0.02402,-0.06590,0.00475,-0.02892,0.03069,0.00009,0.77886,0.13936,-0.01447,0.00729
16.4500,1645,8,16.4504,50.93,0.43529,-0.00885,0.01488,0.28253,-0.02554,-0.01144,0.59226,0.01151,0.09682,-0.24507,-0.45992,-0.00354,0.02670,0.23413,0.03466,0.03036,0.61130,0.03507,-0.11212,-0.29449,0.27981,-0.01646,-0.03697,-0.40192,-0.02515,0.06581,0.57156,0.00034,0.00865,0.05764,-0.43663,-0.02798,-0.02346,-0.30908,0.00184,-0.00513,0.59196,0.02121,0.25560,-0.08276,0.00376,0.00118,-0.03709,-0.04127,0.01256,-0.03372,0.74565,-0.09109,-0.10533,-0.00265,0.39906,-0.08842,0.01293,0.29275,0.02301,0.00071,0.63054,0.15214,0.09776,-0.08167,-0.46770,-0.04514,0.00028,0.23131,0.07373,-0.00777,0.62800,0.16306,0.04291,0.06519,0.28237,-0.07992,0.01168,-0.40877,0.11552,-0.01184,0.61830,0.17390,-0.05520,-0.04701,-0.45451,-0.08827,0.00480,-0.31322,-0.01587,-0.00336,0.62985,0.14962,0.25597,-0.00930,0.02078,-0.06368,0.00433,-0.02739,0.03071,-0.00016,0.78576,0.13687,-0.01412,0.00681
16.5000,1650,8,16.5006,50.18,0.43529,-0.00885,0.01488,0.28253,-0.02554,-0.01144,0.59226,0.01151,0.09682,-0.24507,-0.45992,-0.00354,0.02670,0.23413,0.03466,0.03036,0.61130,0.03507,-0.11212,-0.29449,0.27981,-0.01646,-0.03697,-0.40192,-0.02515,0.06581,0.57156,0.00034,0.00865,0.05764,-0.43969,-0.01802,-0.02346,-0.30823,0.01583,-0.00513,0.59456,0.02518,0.25560,-0.08276,0.00376,0.00118,-0.03709,-0.04127,0.01256,-0.03372,0.74565,-0.09109,-0.10533,-0.00265,0.39480,-0.08212,0.01273,0.29390,0.02276,0.00033,0.63819,0.15358,0.09395,-0.07112,-0.46995,-0.04488,0.00080,0.23508,0.07711,-0.00606,0.63613,0.16210,0.04596,0.05706,0.27852,-0.07406,0.01219,-0.40286,0.12078,-0.00964,0.62698,0.17331,-0.05739,-0.04050,-0.45886,-0.08585,0.00505,-0.31397,-0.01421,-0.00340,0.63737,0.15100,0.25552,-0.00909,0.01765,-0.06163,0.00406,-0.02585,0.03082,-0.00031,0.79255,0.13479,-0.01379,0.00639
16.5500,1655,8,16.5511,50.46,0.43138,-0.04047,0.02006,0.28418,0.01236,-0.02599,0.59535,0.03300,0.07333,-0.17995,-0.46136,-0.01882,-0.00777,0.23643,0.01089,0.03926,0.61377,0.01686,-0.13711,-0.23504,0.27920,0.01981,-0.03517,-0.40806,-0.08552,0.04128,0.57583,0.06362,0.01360,0.01789,-0.43969,-0.01802,-0.00850,-0.30823,0.01583,-0.00492,0.59456,0.02518,0.24627,-0.11564,0.00603,0.03437,-0.02459,-0.03864,0.05000,-0.03210,0.73708,-0.07248,-0.09339,0.12953,0.39085,-0.07596,0.01235,0.29503,0.02268,0.00000,0.64589,0.15455,0.09063,-0.06192,-0.47218,-0.04436,0.00131,0.23900,0.07971,-0.00460,0.64420,0.16078,0.04863,0.04996,0.27497,-0.06796,0.01267,-0.39671,0.12502,-0.00768,0.63563,0.17263,-0.05927,-0.03481,-0.46309,-0.08332,0.00525,-0.31464,-0.01254,-0.00338,0.64495,0.15204,0.25507,-0.00888,0.01462,-0.05968,0.00391,-0.02431,0.03100,-0.00039,0.79924,0.13301,-0.01348,0.00601
16.6000,1660,8,16.6006,49.53,0.43138,-0.04047,0.02006,0.28418,0.01236,-0.02599,0.59535,0.03300,0.07333,-0.17995,-0.46136,-0.01882,-0.00777,0.23643,0.01089,0.03926,0.61377,0.01686,-0.13711,-0.23504,0.27920,0.01981,-0.03517,-0.40806,-0.08552,0.04128,0.57583,0.06362,0.01360,0.01789,-0.44177,-0.01248,-0.00850,-0.30653,0.01847,-0.00492,0.59788,0.03726,0.24627,-0.11564,0.00603,0.03437,-0.02459,-0.03864,0.05000,-0.03210,0.73708,-0.07248,-0.09339,0.12953,0.38720,-0.07002,0.01186,0.29617,0.02275,-0.00027,0.65364,0.15512,0.08774,-0.05388,-0.47438,-0.04359,0.00183,0.24304,0.08165,-0.00333,0.65220,0.15922,0.05097,0.04375,0.27173,-0.06163,0.01312,-0.39037,0.12835,-0.00592,0.64424,0.17192,-0.06088,-0.02984,-0.46719,-0.08070,0.00543,-0.31522,-0.01090,-0.00332,0.65257,0.15273,0.25463,-0.00868,0.01168,-0.05779,0.00382,-0.02275,0.03120,-0.00041,0.80585,0.13142,-0.01318,0.00567
16.6500,1665,8,16.6519,51.29,0.42690,-0.05148,0.00664,0.28557,0.02887,-0.01072,0.59945,0.05624,0.05750,-0.08596,-0.45987,-0.01079,-0.00202,0.23059,-0.04183,0.01607,0.60733,-0.02041,-0.14150,0.11857,0.28008,0.02994,-0.00746,-0.41239,-0.08107,0.00575,0.58000,0.07246,0.01291,-0.04705,-0.44177,-0.01248,-0.01059,-0.30653,0.01847,0.00497,0.59788,0.03726,0.23994,0.01268,0.00931,0.05935,-0.01725,-0.03566,0.05227,-0.01080,0.72884,-0.04812,-0.07616,0.12700,0.38384,-0.06434,0.01130,0.29731,0.02294,-0.00049,0.66140,0.15533,0.08522,-0.04686,-0.47654,-0.04257,0.00233,0.24716,0.08300,-0.00221,0.66012,0.15747,0.05302,0.03833,0.26881,-0.05509,0.01355,-0.38389,0.13085,-0.00431,0.65282,0.17120,-0.06226,-0.02549,-0.47116,-0.07800,0.00557,-0.31573,-0.00929,-0.00324,0.66022,0.15309,0.25420,-0.00849,0.00884,-0.05592,0.00379,-0.02119,0.03140,-0.00040,0.81239,0.12997,-0.01291,0.00536
16.7000,1670,8,16.7007,48.77,0.42690,-0.05148,0.00664,0.28557,0.02887,-0.01072,0.59945,0.05624,0.05750,-0.08596,-0.45987,-0.01079,-0.00202,0.23059,-0.04183,0.01607,0.60733,-0.02041,-0.14150,0.11857,0.28008,0.02994,-0.00746,-0.41239,-0.08107,0.00575,0.58000,0.07246,0.01291,-0.04705,-0.44377,-0.00534,-0.00382,-0.30514,0.01450,0.00660,0.60297,0.06041,0.24504,0.10149,0.00931,0.05935,-0.01725,-0.03566,0.05227,-0.01080,0.72884,-0.04812,-0.07616,0.12700,0.38076,-0.05894,0.01071,0.29846,0.02322,-0.00067,0.66917,0.15522,0.08304,-0.04073,-0.47864,-0.04131,0.00282,0.25133,0.08384,-0.00123,0.66795,0.15560,0.05481,0.03360,0.26623,-0.04834,0.01396,-0.37730,0.13259,-0.00282,0.66136,0.17053,-0.06344,-0.02169,-0.47499,-0.07524,0.00569,-0.31615,-0.00773,-0.00314,0.66787,0.15313,0.25378,-0.00831,0.00609,-0.05407,0.00378,-0.01961,0.03158,-0.00035,0.81885,0.12860,-0.01265,0.00508
16.7500,1675,8,16.7510,50.34,0.42243,-0.05462,0.01517,0.28184,0.00594,-0.01624,0.60193,0.05319,0.05216,-0.02767,-0.45857,-0.00403,0.01516,0.22457,-0.06366,0.00180,0.60439,-0.01016,-0.13282,0.20836,0.28245,0.02876,-0.00030,-0.41904,-0.07127,-0.02190,0.58737,0.09346,0.00626,-0.14035,-0.44377,-0.00534,-0.00382,-0.30514,0.01450,0.00660,0.60297,0.06041,0.24504,0.10149,0.01416,0.06419,-0.00792,-0.02899,0.06458,0.00108,0.72723,0.01901,-0.06832,0.01351,0.37794,-0.05383,0.01009,0.29963,0.02358,-0.00080,0.67692,0.15481,0.08114,-0.03539,-0.48066,-0.03980,0.00331,0.25554,0.08422,-0.00034,0.67568,0.15365,0.05639,0.02946,0.26398,-0.04140,0.01434,-0.37064,0.13363,-0.00144,0.66988,0.16996,-0.06444,-0.01836,-0.47868,-0.07243,0.00578,-0.31650,-0.00621,-0.00302,0.67552,0.15284,0.25337,-0.00813,0.00343,-0.05221,0.00379,-0.01803,0.03174,-0.00028,0.82525,0.12728,-0.01240,0.00483
16.8000,1680,8,16.8000,49.01,0.42243,-0.05462,0.01517,0.28184,0.00594,-0.01624,0.60193,0.05319,0.05216,-0.02767,-0.45857,-0.00403,0.01516,0.22457,-0.06366,0.00180,0.60439,-0.01016,-0.13282,0.20836,0.28245,0.02876,-0.00030,-0.41904,-0.07127,-0.02190,0.58737,0.09346,0.00626,-0.14035,-0.44421,-0.00625,-0.00382,-0.30397,0.00814,0.00660,0.61074,0.09732,0.24504,0.10149,0.01416,0.06419,-0.00792,-0.02899,0.06458,0.00108,0.72723,0.01901,-0.06832,0.01351,0.37537,-0.04903,0.00947,0.30082,0.02400,-0.00089,0.68464,0.15409,0.07949,-0.03072,-0.48261,-0.03806,0.00378,0.25975,0.08419,0.00046,0.68331,0.15168,0.05777,0.02584,0.26209,-0.03427,0.01471,-0.36395,0.13401,-0.00013,0.67836,0.16953,-0.06528,-0.01546,-0.48223,-0.06958,0.00584,-0.31678,-0.00476,-0.00290,0.68315,0.15225,0.25296,-0.00796,0.00087,-0.05034,0.00382,-0.01644,0.03185,-0.00018,0.83158,0.12596,-0.01216,0.00461
16.8500,1685,8,16.8507,50.66,0.41602,-0.06993,0.01222,0.28282,0.02443,-0.02409,0.60772,0.07375,0.05506,0.04620,-0.46385,-0.02505,0.01635,0.21427,-0.06717,-0.03847,0.59893,0.00167,-0.10782,0.36998,0.28650,0.03132,0.01739,-0.43086,-0.07179,-0.04908,0.60403,0.17264,-0.01208,-0.19284,-0.44421,-0.00625,0.01116,-0.30397,0.00814,0.01145,0.61074,0.09732,0.25721,0.08612,0.01909,0.05166,0.03795,-0.01893,0.06636,-0.00368,0.73594,0.12260,-0.07477,-0.18267,0.37303,-0.04454,0.00886,0.30203,0.02445,-0.00095,0.69232,0.15306,0.07806,-0.02665,-0.48447,-0.03609,0.00424,0.26395,0.08378,0.00120,0.69085,0.14976,0.05898,0.02268,0.26056,-0.02697,0.01506,-0.35725,0.13377,0.00109,0.68683,0.16931,-0.06599,-0.01293,-0.48564,-0.06670,0.00589,-0.31698,-0.00337,-0.00277,0.69074,0.15135,0.25257,-0.00780,-0.00160,-0.04847,0.00384,-0.01484,0.03191,-0.00007,0.83784,0.12463,-0.01194,0.00440
16.9000,1690,8,16.8999,49.17,0.41602,-0.06993,0.01222,0.28282,0.02443,-0.02409,0.60772,0.07375,0.05506,0.04620,-0.46385,-0.02505,0.01635,0.21427,-0.06717,-0.03847,0.59893,0.00167,-0.10782,0.36998,0.28650,0.03132,0.01739,-0.43086,-0.07179,-0.04908,0.60403,0.17264,-0.01208,-0.19284,-0.44130,-0.01735,0.01116,-0.29568,0.01673,0.01145,0.61669,0.13610,0.25721,0.08612,0.01909,0.05166,0.03795,-0.01893,0.06636,-0.00368,0.73594,0.12260,-0.07477,-0.18267,0.37091,-0.04034,0.00829,0.30327,0.02492,-0.00097,0.69994,0.15172,0.07681,-0.02309,-0.48622,-0.03392,0.00463,0.26812,0.08303,0.00186,0.69829,0.14787,0.06004,0.01992,0.25939,-0.01952,0.01531,-0.35058,0.13295,0.00224,0.69530,0.16927,-0.06658,-0.01072,-0.48890,-0.06381,0.00591,-0.31711,-0.00204,-0.00264,0.69828,0.15016,0.25218,-0.00764,-0.00398,-0.04658,0.00386,-0.01325,0.03192,0.00005,0.84404,0.12324,-0.01172,0.00421
16.9500,1695,8,16.9497,49.85,0.40786,-0.09094,0.00874,0.29289,0.08322,-0.02081,0.61795,0.11833,0.06111,0.11336,-0.46625,-0.03272,0.00372,0.21155,-0.00392,-0.06456,0.60214,0.08318,-0.06085,0.48865,0.28739,0.00163,0.02779,-0.43234,0.00512,-0.07731,0.62276,0.21510,-0.03312,-0.17954,-0.44130,-0.01735,0.02369,-0.29568,0.01673,0.01625,0.61669,0.13610,0.26332,0.03065,0.01914,-0.01153,0.04136,-0.01395,0.07099,-0.00267,0.74757,0.17631,-0.10065,-0.16967,0.36899,-0.03640,0.00776,0.30453,0.02540,-0.00097,0.70749,0.15013,0.07574,-0.01999,-0.48786,-0.03156,0.00496,0.27225,0.08197,0.00245,0.70563,0.14591,0.06098,0.01751,0.25861,-0.01196,0.01548,-0.34397,0.13159,0.00332,0.70376,0.16924,-0.06707,-0.00879,-0.49202,-0.06090,0.00592,-0.31719,-0.00078,-0.00250,0.70576,0.14868,0.25181,-0.00749,-0.00626,-0.04468,0.00388,-0.01165,0.03186,0.00018,0.85017,0.12177,-0.01152,0.00404
17.0000,1700,8,17.0003,50.59,0.40786,-0.09094,0.00874,0.29289,0.08322,-0.02081,0.61795,0.11833,0.06111,0.11336,-0.46625,-0.03272,0.00372,0.21155,-0.00392,-0.06456,0.60214,0.08318,-0.06085,0.48865,0.28739,0.00163,0.02779,-0.43234,0.00512,-0.07731,0.62276,0.21510,-0.03312,-0.17954,-0.44383,-0.03056,0.02369,-0.29996,-0.03381,0.01625,0.62982,0.16279,0.26332,0.03065,0.01914,-0.01153,0.04136,-0.01395,0.07099,-0.00267,0.74757,0.17631,-0.10065,-0.16967,0.36727,-0.03272,0.00727,0.30581,0.02587,-0.00093,0.71495,0.14832,0.07481,-0.01729,-0.48937,-0.02907,0.00521,0.27631,0.08063,0.00298,0.71288,0.14384,0.06180,0.01540,0.25820,-0.00435,0.01554,-0.33743,0.12971,0.00431,0.71222,0.16911,-0.06746,-0.00712,-0.49499,-0.05800,0.00591,-0.31719,0.00041,-0.00236,0.71315,0.14693,0.25143,-0.00734,-0.00844,-0.04277,0.00389,-0.01006,0.03174,0.00031,0.85622,0.12019,-0.01132,0.00389
17.0500,1705,8,17.0517,51.36,0.39831,-0.09980,0.01207,0.30201,0.09404,0.01047,0.63172,0.15117,0.07577,0.15289,-0.46942,-0.03042,-0.00741,0.21629,0.07312,-0.05881,0.61570,0.16489,-0.01471,0.32350,0.28229,-0.05144,0.03534,-0.42386,0.11103,-0.07121,0.63868,0.20648,-0.05362,-0.20999,-0.44383,-0.03056,0.02777,-0.29996,-0.03381,0.02472,0.62982,0.16279,0.26681,-0.04922,0.01551,-0.04980,0.03758,-0.00583,0.08070,-0.00346,0.76797,0.22656,-0.11998,-0.17687,0.36572,-0.02926,0.00683,0.30711,0.02631,-0.00087,0.72232,0.14629,0.07400,-0.01493,-0.49076,-0.02646,0.00541,0.28031,0.07905,0.00346,0.72001,0.14158,0.06252,0.01356,0.25817,0.00327,0.01551,-0.33100,0.12737,0.00524,0.72067,0.16879,-0.06778,-0.00566,-0.49782,-0.05511,0.00588,-0.31715,0.00153,-0.00221,0.72044,0.14489,0.25107,-0.00720,-0.01053,-0.04086,0.00390,-0.00848,0.03155,0.00045,0.86218,0.11847,-0.01113,0.00375
17.1000,1710,8,17.1008,49.12,0.39831,-0.09980,0.01207,0.30201,0.09404,0.01047,0.63172,0.15117,0.07577,0.15289,-0.46942,-0.03042,-0.00741,0.21629,0.07312,-0.05881,0.61570,0.16489,-0.01471,0.32350,0.28229,-0.05144,0.03534,-0.42386,0.11103,-0.07121,0.63868,0.20648,-0.05362,-0.20999,-0.44807,-0.05451,0.02777,-0.30585,-0.06321,0.02472,0.64658,0.18453,0.26681,-0.04922,0.01551,-0.04980,0.03758,-0.00583,0.08070,-0.00346,0.76797,0.22656,-0.11998,-0.17687,0.36434,-0.02601,0.00643,0.30844,0.02671,-0.00078,0.72958,0.14406,0.07331,-0.01287,-0.49202,-0.02377,0.00554,0.28421,0.07725,0.00388,0.72703,0.13913,0.06316,0.01195,0.25853,0.01085,0.01539,-0.32470,0.12459,0.00609,0.72909,0.16819,-0.06803,-0.00439,-0.50050,-0.05223,0.00585,-0.31704,0.00258,-0.00207,0.72763,0.14259,0.25072,-0.00706,-0.01253,-0.03895,0.00389,-0.00691,0.03130,0.00059,0.86806,0.11658,-0.01094,0.00361
17.1500,1715,8,17.1520,51.23,0.38887,-0.10780,0.00524,0.30742,0.06972,0.01461,0.64615,0.17688,0.08694,0.10071,-0.47102,-0.01622,-0.00798,0.22484,0.12070,-0.04029,0.63138,0.19114,0.00846,0.12985,0.27473,-0.07709,0.01500,-0.41254,0.16156,-0.04712,0.65080,0.12643,-0.07682,-0.21860,-0.44807,-0.05451,0.03160,-0.30585,-0.06321,0.00454,0.64658,0.18453,0.26376,-0.04398,0.00877,-0.08088,0.00183,0.00258,0.08584,0.00220,0.79177,0.24068,-0.13317,-0.08852,0.36311,-0.02295,0.00607,0.30978,0.02707,-0.00068,0.73672,0.14161,0.07271,-0.01108,-0.49314,-0.02103,0.00562,0.28803,0.07525,0.00425,0.73392,0.13645,0.06372,0.01054,0.25926,0.01835,0.01518,-0.31855,0.12141,0.00687,0.73748,0.16728,-0.06822,-0.00328,-0.50304,-0.04938,0.00580,-0.31689,0.00356,-0.00193,0.73470,0.14002,0.25037,-0.00692,-0.01443,-0.03705,0.00387,-0.00535,0.03097,0.00073,0.87384,0.11452,-0.01077,0.00349
17.2000,1720,8,17.2002,48.17,0.38887,-0.10780,0.00524,0.30742,0.06972,0.01461,0.64615,0.17688,0.08694,0.10071,-0.47102,-0.01622,-0.00798,0.22484,0.12070,-0.04029,0.63138,0.19114,0.00846,0.12985,0.27473,-0.07709,0.01500,-0.41254,0.16156,-0.04712,0.65080,0.12643,-0.07682,-0.21860,-0.45606,-0.08860,0.03160,-0.31304,-0.07297,0.00454,0.66464,0.18487,0.26376,-0.04398,0.00877,-0.08088,0.00183,0.00258,0.08584,0.00220,0.79177,0.24068,-0.13317,-0.08852,0.36204,-0.02005,0.00574,0.31114,0.02738,-0.00055,0.74373,0.13893,0.07220,-0.00952,-0.49412,-0.01827,0.00563,0.29174,0.07308,0.00457,0.74067,0.13353,0.06422,0.00930,0.26036,0.02573,0.01489,-0.31257,0.11786,0.00758,0.74582,0.16602,-0.06836,-0.00233,-0.50544,-0.04655,0.00574,-0.31669,0.00447,-0.00178,0.74163,0.13718,0.25002,-0.00679,-0.01623,-0.03516,0.00384,-0.00381,0.03058,0.00087,0.87951,0.11226,-0.01059,0.00338
17.2500,1725,8,17.2504,50.24,0.37878,-0.10060,-0.00661,0.31297,0.05131,0.02921,0.66340,0.18817,0.09313,0.05541,-0.47293,-0.01694,0.01457,0.23784,0.14900,-0.01214,0.65187,0.21784,0.01321,-0.03012,0.26559,-0.08599,0.00095,-0.39626,0.19670,-0.02923,0.66513,0.14399,-0.09951,-0.23816,-0.45606,-0.08860,0.01985,-0.31304,-0.07297,-0.00227,0.66464,0.18487,0.25971,-0.01215,-0.00431,-0.09112,-0.01494,0.01585,0.09390,0.02650,0.81948,0.22103,-0.12803,0.02172,0.36111,-0.01731,0.00544,0.31252,0.02761,-0.00041,0.75061,0.13602,0.07176,-0.00815,-0.49496,-0.01551,0.00560,0.29533,0.07077,0.00484,0.74727,0.13037,0.06465,0.00822,0.26183,0.03295,0.01453,-0.30677,0.11399,0.00821,0.75408,0.16437,-0.06846,-0.00150,-0.50770,-0.04375,0.00567,-0.31644,0.00531,-0.00163,0.74841,0.13406,0.24969,-0.00667,-0.01794,-0.03328,0.00380,-0.00229,0.03012,0.00101,0.88506,0.10979,-0.01043,0.00328
17.3000,1730,8,17.3000,49.56,0.37878,-0.10060,-0.00661,0.31297,0.05131,0.02921,0.66340,0.18817,0.09313,0.05541,-0.47293,-0.01694,0.01457,0.23784,0.14900,-0.01214,0.65187,0.21784,0.01321,-0.03012,0.26559,-0.08599,0.00095,-0.39626,0.19670,-0.02923,0.66513,0.14399,-0.09951,-0.23816,-0.46622,-0.10995,0.01985,-0.32014,-0.06537,-0.00227,0.68376,0.19147,0.25971,-0.01215,-0.00431,-0.09112,-0.01494,0.01585,0.09390,0.02650,0.81948,0.22103,-0.12803,0.02172,0.36031,-0.01471,0.00517,0.31390,0.02778,-0.00026,0.75733,0.13287,0.07138,-0.00697,-0.49567,-0.01278,0.00552,0.29881,0.06834,0.00507,0.75371,0.12697,0.06504,0.00728,0.26365,0.03997,0.01409,-0.30117,0.10982,0.00878,0.76225,0.16234,-0.06851,-0.00078,-0.50982,-0.04099,0.00560,-0.31616,0.00607,-0.00149,0.75503,0.13067,0.24936,-0.00654,-0.01956,-0.03143,0.00375,-0.00080,0.02959,0.00114,0.89048,0.10710,-0.01027,0.00318
17.3500,1735,8,17.3522,52.19,0.36905,-0.08076,-0.01625,0.31395,0.00056,0.03284,0.67754,0.16632,0.09721,0.05231,-0.47625,-0.03734,0.01448,0.25168,0.14980,-0.00031,0.67500,0.24248,0.01183,-0.01865,0.25490,-0.09191,-0.01132,-0.37513,0.22150,-0.01060,0.68391,0.20892,-0.12027,-0.19245,-0.46622,-0.10995,0.01247,-0.32014,-0.06537,-0.02133,0.68376,0.19147,0.25625,0.00084,-0.00781,-0.06173,-0.02992,0.02497,0.06437,0.03979,0.84406,0.18762,-0.12394,0.14016,0.35963,-0.01223,0.00493,0.31530,0.02786,-0.00009,0.76389,0.12948,0.07106,-0.00593,-0.49624,-0.01010,0.00540,0.30217,0.06581,0.00524,0.75997,0.12331,0.06538,0.00645,0.26582,0.04676,0.01358,-0.29579,0.10539,0.00927,0.77030,0.15991,-0.06854,-0.00016,-0.51180,-0.03826,0.00551,-0.31584,0.00676,-0.00134,0.76147,0.12700,0.24903,-0.00642,-0.02109,-0.02961,0.00368,0.00066,0.02899,0.00127,0.89577,0.10419,-0.01011,0.00309
17.4000,1740,8,17.4004,48.27,0.36905,-0.08076,-0.01625,0.31395,0.00056,0.03284,0.67754,0.16632,0.09721,0.05231,-0.47625,-0.03734,0.01448,0.25168,0.14980,-0.00031,0.67500,0.24248,0.01183,-0.01865,0.25490,-0.09191,-0.01132,-0.37513,0.22150,-0.01060,0.68391,0.20892,-0.12027,-0.19245,-0.47905,-0.12779,0.01247,-0.32370,-0.03188,-0.02133,0.70434,0.20575,0.25625,0.00084,-0.00781,-0.06173,-0.02992,0.02497,0.06437,0.03979,0.84406,0.18762,-0.12394,0.14016,0.35908,-0.00987,0.00470,0.31669,0.02786,0.00010,0.77028,0.12583,0.07079,-0.00503,-0.49668,-0.00749,0.00524,0.30539,0.06320,0.00538,0.76603,0.11942,0.06569,0.00573,0.26832,0.05328,0.01300,-0.29064,0.10074,0.00969,0.77823,0.15709,-0.06853,0.00037,-0.51364,-0.03558,0.00542,-0.31548,0.00739,-0.00120,0.76773,0.12304,0.24871,-0.00630,-0.02252,-0.02782,0.00361,0.00210,0.02834,0.00140,0.90090,0.10105,-0.00996,0.00301
17.4500,1745,8,17.4533,52.86,0.36154,-0.06415,-0.01862,0.31417,-0.01011,0.01205,0.69410,0.17137,0.10309,0.07469,-0.48087,-0.04825,0.00642,0.26509,0.13960,0.01657,0.70131,0.25100,0.01100,0.01771,0.24733,-0.06579,-0.02747,-0.36188,0.17546,0.00325,0.70811,0.24638,-0.13751,-0.10408,-0.47905,-0.12779,-0.00529,-0.32370,-0.03188,-0.02219,0.70434,0.20575,0.26141,0.08705,-0.01132,-0.02987,-0.02776,0.02631,0.01566,0.04024,0.85786,0.12886,-0.10628,0.19528,0.35865,-0.00761,0.00450,0.31808,0.02776,0.00030,0.77647,0.12191,0.07055,-0.00425,-0.49699,-0.00497,0.00504,0.30848,0.06054,0.00547,0.77190,0.11530,0.06596,0.00510,0.27114,0.05950,0.01237,-0.28572,0.09590,0.01004,0.78601,0.15389,-0.06850,0.00083,-0.51536,-0.03294,0.00533,-0.31510,0.00794,-0.00105,0.77377,0.11879,0.24840,-0.00618,-0.02387,-0.02607,0.00352,0.00350,0.02763,0.00151,0.90587,0.09769,-0.00981,0.00293
17.5000,1750,8,17.5006,47.28,0.36154,-0.06415,-0.01862,0.31417,-0.01011,0.01205,0.69410,0.17137,0.10309,0.07469,-0.48087,-0.04825,0.00642,0.26509,0.13960,0.01657,0.70131,0.25100,0.01100,0.01771,0.24733,-0.06579,-0.02747,-0.36188,0.17546,0.00325,0.70811,0.24638,-0.13751,-0.10408,-0.49153,-0.11962,-0.00529,-0.32602,-0.01575,-0.02219,0.72419,0.19150,0.26141,0.08705,-0.01132,-0.02987,-0.02776,0.02631,0.01566,0.04024,0.85786,0.12886,-0.10628,0.19528,0.35832,-0.00545,0.00432,0.31946,0.02757,0.00051,0.78246,0.11771,0.07036,-0.00357,-0.49718,-0.00256,0.00480,0.31144,0.05785,0.00551,0.77756,0.11098,0.06620,0.00454,0.27427,0.06541,0.01169,-0.28105,0.09090,0.01031,0.79361,0.15035,-0.06845,0.00122,-0.51694,-0.03035,0.00523,-0.31469,0.00842,-0.00091,0.77960,0.11424,0.24810,-0.00606,-0.02513,-0.02436,0.00343,0.00486,0.02685,0.00163,0.91066,0.09410,-0.00966,0.00285
17.5500,1755,8,17.5516,50.99,0.35514,-0.05478,-0.01157,0.31411,-0.01018,0.00482,0.71293,0.18465,0.11310,0.11541,-0.48628,-0.05324,-0.00538,0.27579,0.11462,0.01748,0.72493,0.22469,0.01071,-0.05191,0.24209,-0.04222,-0.03387,-0.34932,0.15262,-0.00070,0.72464,0.19228,-0.14674,-0.01467,-0.49153,-0.11962,-0.02592,-0.32602,-0.01575,-0.00326,0.72419,0.19150,0.27367,0.08046,-0.01351,-0.01538,-0.01729,0.02859,-0.00900,0.02977,0.86866,0.09310,-0.08761,0.19776,0.35810,-0.00338,0.00415,0.32084,0.02727,0.00073,0.78824,0.11321,0.07020,-0.00297,-0.49725,-0.00026,0.00454,0.31427,0.05515,0.00551,0.78300,0.10648,0.06641,0.00405,0.27768,0.07097,0.01096,-0.27663,0.08579,0.01052,0.80104,0.14652,-0.06838,0.00155,-0.51839,-0.02781,0.00512,-0.31426,0.00883,-0.00077,0.78519,0.10937,0.24780,-0.00595,-0.02631,-0.02270,0.00333,0.00618,0.02603,0.00173,0.91527,0.09029,-0.00952,0.00278
17.6000,1760,8,17.6007,49.12,0.35514,-0.05478,-0.01157,0.31411,-0.01018,0.00482,0.71293,0.18465,0.11310,0.11541,-0.48628,-0.05324,-0.00538,0.27579,0.11462,0.01748,0.72493,0.22469,0.01071,-0.05191,0.24209,-0.04222,-0.03387,-0.34932,0.15262,-0.00070,0.72464,0.19228,-0.14674,-0.01467,-0.50224,-0.09020,-0.02592,-0.33549,-0.04094,-0.00326,0.73967,0.15827,0.27367,0.08046,-0.01351,-0.01538,-0.01729,0.02859,-0.00900,0.02977,0.86866,0.09310,-0.08761,0.19776,0.35798,-0.00138,0.00399,0.32219,0.02685,0.00096,0.79378,0.10838,0.07006,-0.00246,-0.49721,0.00189,0.00425,0.31696,0.05245,0.00547,0.78821,0.10187,0.06660,0.00363,0.28136,0.07615,0.01019,-0.27247,0.08059,0.01066,0.80826,0.14246,-0.06830,0.00184,-0.51972,-0.02533,0.00501,-0.31381,0.00918,-0.00064,0.79053,0.10419,0.24750,-0.00584,-0.02740,-0.02110,0.00321,0.00746,0.02516,0.00183,0.91969,0.08626,-0.00939,0.00271
17.6500,1765,8,17.6506,49.88,0.34986,-0.04477,-0.01660,0.31395,-0.00502,-0.00256,0.73233,0.19184,0.12325,0.03706,-0.49153,-0.04545,-0.00457,0.28503,0.09093,0.02679,0.74603,0.19095,-0.00021,-0.13815,0.23961,-0.00658,-0.04455,-0.33430,0.14775,-0.00548,0.74591,0.21814,-0.14411,0.09351,-0.50224,-0.09020,-0.02648,-0.33549,-0.04094,0.00239,0.73967,0.15827,0.28111,0.01568,-0.01386,0.00211,-0.01222,0.02449,-0.04228,0.01884,0.87399,0.05119,-0.06641,0.32067,0.35796,0.00054,0.00385,0.32352,0.02633,0.00120,0.79907,0.10315,0.06995,-0.00201,-0.49706,0.00390,0.00394,0.31951,0.04978,0.00540,0.79319,0.09723,0.06678,0.00325,0.28529,0.08096,0.00938,-0.26857,0.07535,0.01073,0.81528,0.13827,-0.06820,0.00208,-0.52093,-0.02290,0.00490,-0.31334,0.00946,-0.00050,0.79561,0.09868,0.24721,-0.00573,-0.02842,-0.01955,0.00309,0.00869,0.02423,0.00193,0.92390,0.08201,-0.00925,0.00265
17.7000,1770,8,17.6999,49.30,0.34986,-0.04477,-0.01660,0.31395,-0.00502,-0.00256,0.73233,0.19184,0.12325,0.03706,-0.49153,-0.04545,-0.00457,0.28503,0.09093,0.02679,0.74603,0.19095,-0.00021,-0.13815,0.23961,-0.00658,-0.04455,-0.33430,0.14775,-0.00548,0.74591,0.21814,-0.14411,0.09351,-0.51048,-0.06707,-0.02648,-0.33819,-0.02648,0.00239,0.75463,0.14915,0.28111,0.01568,-0.01386,0.00211,-0.01222,0.02449,-0.04228,0.01884,0.87399,0.05119,-0.06641,0.32067,0.35803,0.00239,0.00370,0.32482,0.02568,0.00142,0.80409,0.09745,0.06986,-0.00162,-0.49682,0.00575,0.00362,0.32194,0.04716,0.00531,0.79793,0.09265,0.06693,0.00292,0.28945,0.08536,0.00857,-0.26494,0.07007,0.01078,0.82209,0.13405,-0.06809,0.00228,-0.52201,-0.02052,0.00478,-0.31286,0.00967,-0.00037,0.80039,0.09284,0.24693,-0.00562,-0.02936,-0.01807,0.00296,0.00988,0.02327,0.00201,0.92789,0.07752,-0.00912,0.00258
17.7500,1775,8,17.7499,50.07,0.34653,-0.01862,-0.03513,0.31236,-0.01101,0.01764,0.75143,0.19515,0.12350,-0.02238,-0.49662,-0.04660,-0.00441,0.29057,0.06157,0.01193,0.76154,0.14265,-0.01239,-0.06505,0.23380,0.01000,-0.04969,-0.31127,0.19258,-0.00432,0.76193,0.14808,-0.12878,0.05686,-0.51048,-0.06707,-0.03424,-0.33819,-0.02648,-0.01023,0.75463,0.14915,0.27878,-0.02551,-0.01386,0.00211,-0.01222,0.02449,-0.04228,0.01884,0.87399,0.05119,-0.06641,0.32067,0.35820,0.00417,0.00355,0.32609,0.02493,0.00162,0.80881,0.09129,0.06979,-0.00129,-0.49649,0.00745,0.00331,0.32423,0.04456,0.00526,0.80245,0.08806,0.06707,0.00263,0.29382,0.08936,0.00776,-0.26157,0.06476,0.01086,0.82868,0.12967,-0.06797,0.00244,-0.52298,-0.01820,0.00467,-0.31238,0.00982,-0.00025,0.80488,0.08667,0.24665,-0.00551,-0.03023,-0.01665,0.00283,0.01102,0.02226,0.00209,0.93165,0.07280,-0.00899,0.00252
17.8000,1780,8,17.7998,49.88,0.34653,-0.01862,-0.03513,0.31236,-0.01101,0.01764,0.75143,0.19515,0.12350,-0.02238,-0.49662,-0.04660,-0.00441,0.29057,0.06157,0.01193,0.76154,0.14265,-0.01239,-0.06505,0.23380,0.01000,-0.04969,-0.31127,0.19258,-0.00432,0.76193,0.14808,-0.12878,0.05686,-0.51585,-0.03973,-0.03044,-0.33851,-0.00169,-0.01168,0.76827,0.12878,0.28028,-0.00988,-0.01441,-0.00248,0.00674,0.02086,-0.04333,0.00171,0.87922,0.04598,-0.03357,0.29843,0.35845,0.00587,0.00339,0.32731,0.02410,0.00178,0.81321,0.08468,0.06973,-0.00100,-0.49608,0.00900,0.00301,0.32640,0.04199,0.00523,0.80674,0.08339,0.06719,0.00238,0.29838,0.09298,0.00697,-0.25846,0.05941,0.01095,0.83505,0.12497,-0.06785,0.00258,-0.52383,-0.01594,0.00455,-0.31188,0.00991,-0.00012,0.80906,0.08019,0.24638,-0.00540,-0.03102,-0.01529,0.00269,0.01211,0.02121,0.00217,0.93516,0.06780,-0.00887,0.00246
17.8500,1785,8,17.8495,49.73,0.34499,0.00889,-0.03387,0.31489,0.00113,0.00488,0.77287,0.20979,0.11975,-0.03791,-0.50146,-0.04356,-0.01417,0.29523,0.04788,0.00387,0.77521,0.12056,-0.01659,-0.02447,0.23596,0.06467,-0.04400,-0.29927,0.13569,0.02685,0.77839,0.18327,-0.12084,-0.02969,-0.51585,-0.03973,-0.03044,-0.33851,-0.00169,-0.01168,0.76827,0.12878,0.28028,-0.00988,-0.01531,-0.00634,0.00081,0.01718,-0.03796,0.00554,0.88437,0.05489,-0.01010,0.14001,0.35878,0.00749,0.00322,0.32849,0.02319,0.00191,0.81727,0.07762,0.06969,-0.00075,-0.49559,0.01040,0.00271,0.32843,0.03943,0.00523,0.81079,0.07856,0.06731,0.00216,0.30311,0.09620,0.00618,-0.25563,0.05401,0.01108,0.84117,0.11974,-0.06771,0.00269,-0.52457,-0.01374,0.00442,-0.31139,0.00994,-0.00001,0.81290,0.07339,0.24611,-0.00530,-0.03176,-0.01401,0.00254,0.01314,0.02014,0.00223,0.93842,0.06251,-0.00875,0.00241
17.9000,1790,8,17.9001,50.56,0.34499,0.00889,-0.03387,0.31489,0.00113,0.00488,0.77287,0.20979,0.11975,-0.03791,-0.50146,-0.04356,-0.01417,0.29523,0.04788,0.00387,0.77521,0.12056,-0.01659,-0.02447,0.23596,0.06467,-0.04400,-0.29927,0.13569,0.02685,0.77839,0.18327,-0.12084,-0.02969,-0.51711,-0.01047,-0.03044,-0.34066,-0.00008,-0.01168,0.77866,0.11284,0.28028,-0.00988,-0.01531,-0.00634,0.00081,0.01718,-0.03796,0.00554,0.88437,0.05489,-0.01010,0.14001,0.35920,0.00903,0.00305,0.32963,0.02223,0.00199,0.82096,0.07011,0.06965,-0.00053,-0.49504,0.01166,0.00242,0.33034,0.03686,0.00527,0.81459,0.07349,0.06741,0.00196,0.30799,0.09904,0.00540,-0.25306,0.04854,0.01123,0.84701,0.11379,-0.06758,0.00277,-0.52521,-0.01160,0.00430,-0.31089,0.00992,0.00011,0.81639,0.06630,0.24585,-0.00519,-0.03243,-0.01280,0.00239,0.01412,0.01903,0.00229,0.94141,0.05689,-0.00863,0.00235
17.9500,1795,8,17.9498,49.65,0.34754,0.04187,-0.02976,0.31425,0.00074,0.00621,0.79247,0.19545,0.11689,-0.01029,-0.50489,-0.02141,-0.01956,0.29759,0.03876,-0.00068,0.78405,0.09065,-0.02381,-0.13505,0.24377,0.09438,-0.02887,-0.28731,0.10600,0.01093,0.79848,0.21131,-0.12238,-0.00178,-0.51711,-0.01047,-0.01952,-0.34066,-0.00008,-0.01447,0.77866,0.11284,0.27691,-0.06356,-0.01676,-0.01868,0.00590,0.01215,-0.02994,-0.01428,0.88965,0.08170,-0.00085,0.03121,0.35968,0.01048,0.00288,0.33072,0.02124,0.00205,0.82427,0.06217,0.06963,-0.00034,-0.49443,0.01278,0.00213,0.33212,0.03426,0.00533,0.81813,0.06804,0.06750,0.00178,0.31300,0.10149,0.00462,-0.25077,0.04299,0.01142,0.85253,0.10685,-0.06744,0.00284,-0.52574,-0.00952,0.00418,-0.31039,0.00984,0.00021,0.81952,0.05895,0.24559,-0.00509,-0.03304,-0.01166,0.00224,0.01504,0.01789,0.00235,0.94410,0.05091,-0.00851,0.00230
18.0000,1800,9,18.0000,50.19,0.34754,0.04187,-0.02976,0.31425,0.00074,0.00621,0.79247,0.19545,0.11689,-0.01029,-0.50489,-0.02141,-0.01956,0.29759,0.03876,-0.00068,0.78405,0.09065,-0.02381,-0.13505,0.24377,0.09438,-0.02887,-0.28731,0.10600,0.01093,0.79848,0.21131,-0.12238,-0.00178,-0.51812,-0.00129,-0.01952,-0.33914,0.02187,-0.01447,0.79199,0.13029,0.27691,-0.06356,-0.01676,-0.01868,0.00590,0.01215,-0.02994,-0.01428,0.88965,0.08170,-0.00085,0.03121,0.34754,0.04187,-0.02976,0.31425,0.00074,0.00621,0.79247,0.19545,0.11689,-0.01029,-0.50489,-0.02141,-0.01956,0.29759,0.03876,-0.00068,0.78405,0.09065,-0.02381,-0.13505,0.24377,0.09438,-0.02887,-0.28731,0.10600,0.01093,0.79848,0.21131,-0.12238,-0.00178,-0.51812,-0.00129,-0.01952,-0.33914,0.02187,-0.01447,0.79199,0.13029,0.27691,-0.06356,-0.01676,-0.01868,0.00590,0.01215,-0.02994,-0.01428,0.88965,0.08170,-0.00085,0.03121
18.0500,1805,9,18.0516,51.66,0.35199,0.05827,-0.01122,0.31466,-0.00061,-0.00066,0.81000,0.17240,0.11813,0.01757,-0.50645,-0.01233,-0.00517,0.30144,0.04297,-0.00626,0.79189,0.07555,-0.03324,-0.07074,0.25517,0.12314,-0.01566,-0.27722,0.08926,0.01384,0.81721,0.17843,-0.12360,-0.10020,-0.51812,-0.00129,-0.01480,-0.33914,0.02187,-0.01800,0.79199,0.13029,0.27588,0.00418,-0.01857,-0.01938,0.00338,0.00992,-0.01588,-0.00980,0.89976,0.12141,0.00032,-0.03651,0.34930,0.02921,-0.02220,0.31423,-0.00114,0.00182,0.80135,0.16082,0.11638,-0.01016,-0.50614,-0.02766,-0.00688,0.29952,0.03809,0.00315,0.78850,0.08700,-0.03009,-0.11644,0.24821,0.08450,-0.01263,-0.28216,0.09972,0.01440,0.80864,0.19438,-0.12242,0.00003,-0.51839,-0.00908,-0.01268,-0.33789,0.02738,-0.00839,0.79825,0.11990,0.27392,-0.05603,-0.01764,-0.01655,0.00301,0.01081,-0.02416,-0.00956,0.89362,0.07694,0.00060,0.02699
18.1000,1810,9,18.0997,48.06,0.35199,0.05827,-0.01122,0.31466,-0.00061,-0.00066,0.81000,0.17240,0.11813,0.01757,-0.50645,-0.01233,-0.00517,0.30144,0.04297,-0.00626,0.79189,0.07555,-0.03324,-0.07074,0.25517,0.12314,-0.01566,-0.27722,0.08926,0.01384,0.81721,0.17843,-0.12360,-0.10020,-0.51732,0.00891,-0.01480,-0.33716,0.03080,-0.01800,0.80493,0.12527,0.27588,0.00418,-0.01857,-0.01938,0.00338,0.00992,-0.01588,-0.00980,0.89976,0.12141,0.00032,-0.03651,0.35051,0.01978,-0.01654,0.31417,-0.00131,-0.00089,0.80866,0.13253,0.11587,-0.01000,-0.50758,-0.02894,0.00098,0.30138,0.03589,0.00561,0.79270,0.08019,-0.03550,-0.10023,0.25233,0.08100,-0.00244,-0.27736,0.09208,0.01660,0.81786,0.17402,-0.12238,0.00156,-0.51898,-0.01407,-0.00796,-0.33644,0.03043,-0.00430,0.80395,0.10795,0.27129,-0.04944,-0.01843,-0.01556,0.00116,0.00970,-0.02033,-0.00627,0.89733,0.07119,0.00186,0.02332
18.1500,1815,9,18.1501,50.45,0.35747,0.05518,0.00451,0.31511,0.02168,-0.00163,0.82523,0.15041,0.12940,0.14766,-0.50813,-0.00665,-0.01352,0.30595,0.05196,-0.00523,0.80080,0.08363,-0.05239,-0.24022,0.26656,0.11283,0.03471,-0.26277,0.09959,0.03825,0.83225,0.13608,-0.13768,-0.12275,-0.51732,0.00891,-0.00353,-0.33716,0.03080,-0.00161,0.80493,0.12527,0.28062,0.09672,-0.01998,-0.02199,0.00192,0.00771,-0.01219,-0.01090,0.91279,0.14297,0.00257,0.04992,0.35132,0.01277,-0.01220,0.31412,-0.00046,-0.00244,0.81468,0.10871,0.11538,-0.00981,-0.50899,-0.02723,0.00554,0.30310,0.03274,0.00711,0.79649,0.07110,-0.04015,-0.08611,0.25637,0.08142,0.00356,-0.27296,0.08359,0.01787,0.82600,0.15112,-0.12227,0.00285,-0.51976,-0.01713,-0.00470,-0.33488,0.03182,-0.00156,0.80903,0.09509,0.26897,-0.04366,-0.01920,-0.01530,-0.00000,0.00875,-0.01785,-0.00398,0.90072,0.06450,0.00294,0.02012
18.2000,1820,9,18.2002,50.07,0.35747,0.05518,0.00451,0.31511,0.02168,-0.00163,0.82523,0.15041,0.12940,0.14766,-0.50813,-0.00665,-0.01352,0.30595,0.05196,-0.00523,0.80080,0.08363,-0.05239,-0.24022,0.26656,0.11283,0.03471,-0.26277,0.09959,0.03825,0.83225,0.13608,-0.13768,-0.12275,-0.51470,0.01815,0.00966,-0.33729,0.00926,-0.00229,0.81335,0.08030,0.28975,0.05830,-0.01998,-0.02199,0.00192,0.00771,-0.01219,-0.01090,0.91279,0.14297,0.00257,0.04992,0.35182,0.00765,-0.00882,0.31413,0.00095,-0.00320,0.81958,0.08799,0.11489,-0.00961,-0.51027,-0.02387,0.00786,0.30464,0.02903,0.00794,0.79978,0.06058,-0.04414,-0.07381,0.26050,0.08404,0.00672,-0.26901,0.07465,0.01849,0.83295,0.12664,-0.12210,0.00392,-0.52067,-0.01885,-0.00245,-0.33328,0.03211,0.00025,0.81346,0.08175,0.26691,-0.03860,-0.01997,-0.01549,-0.00070,0.00790,-0.01632,-0.00238,0.90376,0.05700,0.00388,0.01734
18.2500,1825,9,18.2498,49.61,0.36197,0.04154,0.01714,0.31740,0.02448,-0.00216,0.83743,0.09934,0.14296,0.10897,-0.50854,0.00144,-0.00758,0.31046,0.04987,0.00442,0.80741,0.06403,-0.07442,-0.21293,0.27617,0.07135,0.04352,-0.25405,0.06677,0.04611,0.84255,0.07042,-0.14856,-0.04266,-0.51470,0.01815,0.00966,-0.33729,0.00926,-0.00229,0.81335,0.08030,0.28975,0.05830,-0.02100,-0.01457,-0.00450,0.00629,-0.00304,-0.00911,0.92484,0.11299,0.00180,0.00932,0.35211,0.00400,-0.00615,0.31422,0.00260,-0.00345,0.82351,0.06945,0.11442,-0.00939,-0.51136,-0.01976,0.00870,0.30599,0.02503,0.00831,0.80253,0.04920,-0.04756,-0.06311,0.26480,0.08770,0.00797,-0.26550,0.06552,0.01865,0.83865,0.10131,-0.12188,0.00482,-0.52163,-0.01965,-0.00090,-0.33168,0.03168,0.00143,0.81721,0.06822,0.26510,-0.03417,-0.02076,-0.01594,-0.00109,0.00711,-0.01544,-0.00125,0.90641,0.04883,0.00468,0.01492
18.3000,1830,9,18.2997,49.88,0.36197,0.04154,0.01714,0.31740,0.02448,-0.00216,0.83743,0.09934,0.14296,0.10897,-0.50854,0.00144,-0.00758,0.31046,0.04987,0.00442,0.80741,0.06403,-0.07442,-0.21293,0.27617,0.07135,0.04352,-0.25405,0.06677,0.04611,0.84255,0.07042,-0.14856,-0.04266,-0.51387,0.00446,0.00966,-0.33689,0.00381,-0.00229,0.81947,0.05472,0.28975,0.05830,-0.02100,-0.01457,-0.00450,0.00629,-0.00304,-0.00911,0.92484,0.11299,0.00180,0.00932,0.35224,0.00153,-0.00401,0.31439,0.00428,-0.00336,0.82655,0.05252,0.11395,-0.00917,-0.51225,-0.01549,0.00858,0.30714,0.02093,0.00836,0.80470,0.03735,-0.05047,-0.05379,0.26928,0.09165,0.00797,-0.26245,0.05641,0.01847,0.84307,0.07572,-0.12162,0.00555,-0.52262,-0.01981,0.00017,-0.33012,0.03078,0.00217,0.82028,0.05470,0.26349,-0.03028,-0.02157,-0.01652,-0.00128,0.00635,-0.01503,-0.00047,0.90864,0.04015,0.00537,0.01282
18.3500,1835,9,18.3510,51.32,0.36495,0.02194,0.02051,0.31925,0.02423,0.00021,0.84448,0.05851,0.15217,0.04904,-0.50872,0.00438,-0.00481,0.31572,0.04794,0.01161,0.81434,0.05777,-0.09339,-0.14484,0.28022,0.01795,0.03092,-0.24892,0.03349,0.05038,0.84714,0.02883,-0.15422,-0.04447,-0.51387,0.00446,0.00813,-0.33689,0.00381,-0.00038,0.81947,0.05472,0.29156,0.04048,-0.02199,-0.01140,-0.00496,0.00607,0.00500,-0.00764,0.93325,0.05824,-0.00215,-0.01224,0.35228,-0.00000,-0.00228,0.31464,0.00586,-0.00305,0.82878,0.03682,0.11350,-0.00893,-0.51292,-0.01144,0.00787,0.30809,0.01687,0.00819,0.80626,0.02532,-0.05295,-0.04570,0.27396,0.09539,0.00717,-0.25986,0.04744,0.01805,0.84622,0.05032,-0.12133,0.00615,-0.52361,-0.01954,0.00092,-0.32861,0.02959,0.00263,0.82268,0.04135,0.26206,-0.02687,-0.02241,-0.01717,-0.00134,0.00560,-0.01494,0.00008,0.91042,0.03110,0.00597,0.01099
18.4000,1840,9,18.4006,49.61,0.36495,0.02194,0.02051,0.31925,0.02423,0.00021,0.84448,0.05851,0.15217,0.04904,-0.50872,0.00438,-0.00481,0.31572,0.04794,0.01161,0.81434,0.05777,-0.09339,-0.14484,0.28022,0.01795,0.03092,-0.24892,0.03349,0.05038,0.84714,0.02883,-0.15422,-0.04447,-0.51404,-0.00602,0.00813,-0.33749,0.00409,-0.00038,0.82396,0.04716,0.29156,0.04048,-0.02199,-0.01140,-0.00496,0.00607,0.00500,-0.00764,0.93325,0.05824,-0.00215,-0.01224,0.35225,-0.00077,-0.00088,0.31497,0.00725,-0.00261,0.83025,0.02210,0.11306,-0.00869,-0.51340,-0.00783,0.00680,0.30883,0.01292,0.00787,0.80723,0.01332,-0.05506,-0.03866,0.27881,0.09861,0.00591,-0.25771,0.03873,0.01747,0.84811,0.02551,-0.12101,0.00663,-0.52457,-0.01895,0.00143,-0.32716,0.02823,0.00289,0.82442,0.02827,0.26079,-0.02387,-0.02329,-0.01783,-0.00133,0.00485,-0.01508,0.00047,0.91174,0.02183,0.00648,0.00940
18.4500,1845,9,18.4503,49.67,0.36553,-0.00087,0.01995,0.32009,0.01792,0.00225,0.84555,0.01354,0.15730,0.02257,-0.50894,-0.00035,0.00379,0.31806,0.02614,0.02150,0.81615,0.02701,-0.10518,-0.06624,0.27995,-0.01283,0.02189,-0.24094,0.02066,0.02854,0.84330,-0.04854,-0.14996,0.04485,-0.51404,-0.00602,0.01196,-0.33749,0.00409,-0.00298,0.82396,0.04716,0.29278,0.01781,-0.02282,-0.00904,-0.00005,0.00703,0.01476,-0.00057,0.93580,0.00578,-0.00143,0.06462,0.35221,-0.00091,0.00025,0.31537,0.00841,-0.00210,0.83101,0.00822,0.11263,-0.00845,-0.51371,-0.00479,0.00557,0.30938,0.00916,0.00746,0.80760,0.00155,-0.05684,-0.03256,0.28381,0.10114,0.00440,-0.25598,0.03033,0.01676,0.84879,0.00164,-0.12067,0.00701,-0.52550,-0.01816,0.00179,-0.32578,0.02677,0.00303,0.82551,0.01552,0.25967,-0.02124,-0.02419,-0.01847,-0.00127,0.00409,-0.01538,0.00074,0.91260,0.01247,0.00691,0.00802
18.5000,1850,9,18.5007,50.45,0.36553,-0.00087,0.01995,0.32009,0.01792,0.00225,0.84555,0.01354,0.15730,0.02257,-0.50894,-0.00035,0.00379,0.31806,0.02614,0.02150,0.81615,0.02701,-0.10518,-0.06624,0.27995,-0.01283,0.02189,-0.24094,0.02066,0.02854,0.84330,-0.04854,-0.14996,0.04485,-0.51589,-0.01800,0.01196,-0.33720,0.00735,-0.00298,0.82877,0.04913,0.29278,0.01781,-0.02282,-0.00904,-0.00005,0.00703,0.01476,-0.00057,0.93580,0.00578,-0.00143,0.06462,0.35217,-0.00056,0.00115,0.31581,0.00930,-0.00155,0.83109,-0.00491,0.11221,-0.00821,-0.51389,-0.00237,0.00430,0.30975,0.00561,0.00698,0.80739,-0.00984,-0.05833,-0.02726,0.28891,0.10291,0.00281,-0.25467,0.02230,0.01597,0.84830,-0.02099,-0.12031,0.00730,-0.52639,-0.01722,0.00203,-0.32448,0.02528,0.00307,0.82598,0.00317,0.25866,-0.01893,-0.02513,-0.01907,-0.00118,0.00331,-0.01579,0.00092,0.91299,0.00314,0.00728,0.00682
18.5500,1855,9,18.5502,49.46,0.36370,-0.02201,0.01837,0.32134,0.01627,0.00552,0.84509,-0.00449,0.15811,-0.00242,-0.50908,-0.00697,0.01090,0.32173,0.01612,0.01827,0.81696,0.00768,-0.11075,-0.05138,0.27746,-0.03932,0.00466,-0.23931,0.01513,0.01275,0.84177,-0.01447,-0.14374,0.16488,-0.51589,-0.01800,0.00343,-0.33720,0.00735,-0.00309,0.82877,0.04913,0.29296,-0.04299,-0.02420,-0.00975,-0.00797,0.00686,0.00453,0.01967,0.93361,-0.04019,0.00804,0.18020,0.35216,0.00018,0.00185,0.31629,0.00993,-0.00101,0.83053,-0.01736,0.11181,-0.00796,-0.51396,-0.00056,0.00307,0.30995,0.00231,0.00647,0.80662,-0.02071,-0.05957,-0.02267,0.29409,0.10391,0.00127,-0.25374,0.01468,0.01512,0.84671,-0.04210,-0.11994,0.00751,-0.52722,-0.01618,0.00219,-0.32326,0.02377,0.00306,0.82583,-0.00875,0.25777,-0.01690,-0.02610,-0.01962,-0.00108,0.00251,-0.01628,0.00104,0.91292,-0.00604,0.00760,0.00578
18.6000,1860,9,18.5997,49.53,0.36370,-0.02201,0.01837,0.32134,0.01627,0.00552,0.84509,-0.00449,0.15811,-0.00242,-0.50908,-0.00697,0.01090,0.32173,0.01612,0.01827,0.81696,0.00768,-0.11075,-0.05138,0.27746,-0.03932,0.00466,-0.23931,0.01513,0.01275,0.84177,-0.01447,-0.14374,0.16488,-0.51749,-0.01759,0.00343,-0.33770,0.00198,-0.00309,0.83309,0.04690,0.29296,-0.04299,-0.02420,-0.00975,-0.00797,0.00686,0.00453,0.01967,0.93361,-0.04019,0.00804,0.18020,0.35219,0.00122,0.00237,0.31680,0.01029,-0.00048,0.82936,-0.02918,0.11142,-0.00772,-0.51395,0.00066,0.00195,0.30999,-0.00074,0.00595,0.80533,-0.03096,-0.06061,-0.01870,0.29929,0.10418,-0.00016,-0.25319,0.00747,0.01425,0.84412,-0.06147,-0.11956,0.00766,-0.52800,-0.01508,0.00230,-0.32211,0.02228,0.00302,0.82511,-0.02021,0.25697,-0.01511,-0.02709,-0.02012,-0.00098,0.00168,-0.01681,0.00112,0.91239,-0.01500,0.00786,0.00488
18.6500,1865,9,18.6500,50.27,0.35991,-0.03877,0.00686,0.31977,0.00039,0.00565,0.84343,-0.00593,0.15727,-0.03488,-0.51004,-0.01729,0.00122,0.32297,0.00157,0.02519,0.81783,0.02199,-0.10967,0.05175,0.27715,-0.02060,-0.01638,-0.23694,-0.00839,0.03394,0.84593,0.05018,-0.11601,0.32531,-0.51749,-0.01759,-0.00304,-0.33770,0.00198,-0.00512,0.83309,0.04690,0.28878,-0.01099,-0.02599,-0.01756,0.02320,0.00673,-0.00419,-0.00353,0.92935,-0.05630,0.03488,0.25329,0.35229,0.00248,0.00272,0.31732,0.01040,0.00003,0.82762,-0.04037,0.11104,-0.00747,-0.51390,0.00137,0.00096,0.30988,-0.00353,0.00544,0.80354,-0.04047,-0.06145,-0.01528,0.30449,0.10378,-0.00141,-0.25299,0.00069,0.01338,0.84060,-0.07894,-0.11918,0.00774,-0.52873,-0.01393,0.00237,-0.32103,0.02081,0.00295,0.82382,-0.03118,0.25625,-0.01354,-0.02811,-0.02058,-0.00087,0.00083,-0.01737,0.00116,0.91142,-0.02365,0.00809,0.00411
18.7000,1870,9,18.6997,49.66,0.35991,-0.03877,0.00686,0.31977,0.00039,0.00565,0.84343,-0.00593,0.15727,-0.03488,-0.51004,-0.01729,0.00122,0.32297,0.00157,0.02519,0.81783,0.02199,-0.10967,0.05175,0.27715,-0.02060,-0.01638,-0.23694,-0.00839,0.03394,0.84593,0.05018,-0.11601,0.32531,-0.51990,-0.01999,-0.00412,-0.33579,0.01505,-0.00121,0.83874,0.05168,0.28603,-0.03559,-0.02599,-0.01756,0.02320,0.00673,-0.00419,-0.00353,0.92935,-0.05630,0.03488,0.25329,0.35244,0.00387,0.00293,0.31783,0.01028,0.00048,0.82533,-0.05099,0.11067,-0.00723,-0.51382,0.00163,0.00015,0.30964,-0.00608,0.00495,0.80129,-0.04920,-0.06214,-0.01232,0.30966,0.10283,-0.00244,-0.25312,-0.00566,0.01253,0.83626,-0.09439,-0.11879,0.00778,-0.52940,-0.01276,0.00240,-0.32002,0.01938,0.00287,0.82200,-0.04165,0.25561,-0.01215,-0.02915,-0.02098,-0.00077,-0.00006,-0.01795,0.00119,0.91003,-0.03194,0.00828,0.00343
18.7500,1875,9,18.7499,50.23,0.35564,-0.04153,-0.00602,0.32075,0.01488,-0.00226,0.84328,0.00915,0.15296,-0.05225,-0.51158,-0.01718,-0.00483,0.32270,-0.01335,0.00513,0.81919,0.01804,-0.09195,0.25209,0.27790,0.00115,-0.02450,-0.23677,-0.02488,0.01329,0.85071,0.07919,-0.09079,0.17812,-0.51990,-0.01999,-0.00412,-0.33579,0.01505,-0.00121,0.83874,0.05168,0.28603,-0.03559,-0.02884,-0.02636,-0.01817,0.00389,-0.02349,0.02761,0.92185,-0.07366,0.06156,0.17664,0.35267,0.00533,0.00299,0.31834,0.00994,0.00089,0.82253,-0.06103,0.11032,-0.00699,-0.51374,0.00154,-0.00048,0.30927,-0.00839,0.00449,0.79863,-0.05709,-0.06269,-0.00978,0.31477,0.10143,-0.00323,-0.25355,-0.01161,0.01171,0.83119,-0.10776,-0.11840,0.00777,-0.53000,-0.01158,0.00241,-0.31909,0.01800,0.00278,0.81967,-0.05160,0.25504,-0.01093,-0.03021,-0.02134,-0.00068,-0.00097,-0.01853,0.00119,0.90824,-0.03983,0.00843,0.00285
18.8000,1880,9,18.8001,50.24,0.35564,-0.04153,-0.00602,0.32075,0.01488,-0.00226,0.84328,0.00915,0.15296,-0.05225,-0.51158,-0.01718,-0.00483,0.32270,-0.01335,0.00513,0.81919,0.01804,-0.09195,0.25209,0.27790,0.00115,-0.02450,-0.23677,-0.02488,0.01329,0.85071,0.07919,-0.09079,0.17812,-0.52106,-0.01370,-0.00412,-0.33604,0.00913,-0.00121,0.84287,0.03588,0.28603,-0.03559,-0.02884,-0.02636,-0.01817,0.00389,-0.02349,0.02761,0.92185,-0.07366,0.06156,0.17664,0.35298,0.00678,0.00292,0.31883,0.00941,0.00124,0.81924,-0.07052,0.10997,-0.00675,-0.51367,0.00119,-0.00092,0.30880,-0.01049,0.00408,0.79560,-0.06413,-0.06313,-0.00760,0.31980,0.09970,-0.00377,-0.25427,-0.01716,0.01095,0.82551,-0.11911,-0.11801,0.00772,-0.53055,-0.01040,0.00241,-0.31822,0.01666,0.00268,0.81685,-0.06103,0.25452,-0.00984,-0.03128,-0.02165,-0.00059,-0.00191,-0.01911,0.00118,0.90606,-0.04731,0.00856,0.00235
18.8500,1885,9,18.8495,49.37,0.35288,-0.02614,-0.01372,0.31930,-0.00494,0.00559,0.84394,0.01570,0.14916,-0.04905,-0.51343,-0.01040,-0.01805,0.32216,-0.00722,-0.00645,0.81953,0.00823,-0.06102,0.32209,0.28154,0.04245,-0.03440,-0.24050,-0.04683,0.00380,0.85529,0.03081,-0.08729,-0.00513,-0.52106,-0.01370,-0.00261,-0.33604,0.00913,-0.00555,0.84287,0.03588,0.28362,-0.01551,-0.03063,-0.00640,-0.01269,-0.00151,-0.04868,0.00186,0.91409,-0.06458,0.06689,-0.02055,0.35335,0.00817,0.00275,0.31928,0.00873,0.00154,0.81549,-0.07945,0.10964,-0.00651,-0.51363,0.00067,-0.00120,0.30823,-0.01240,0.00372,0.79223,-0.07040,-0.06346,-0.00573,0.32473,0.09776,-0.00411,-0.25526,-0.02236,0.01025,0.81932,-0.12855,-0.11763,0.00763,-0.53104,-0.00922,0.00239,-0.31742,0.01537,0.00259,0.81357,-0.06993,0.25405,-0.00889,-0.03237,-0.02191,-0.00050,-0.00288,-0.01968,0.00115,0.90351,-0.05435,0.00867,0.00192
18.9000,1890,9,18.8998,50.29,0.35288,-0.02614,-0.01372,0.31930,-0.00494,0.00559,0.84394,0.01570,0.14916,-0.04905,-0.51343,-0.01040,-0.01805,0.32216,-0.00722,-0.00645,0.81953,0.00823,-0.06102,0.32209,0.28154,0.04245,-0.03440,-0.24050,-0.04683,0.00380,0.85529,0.03081,-0.08729,-0.00513,-0.52052,-0.00307,-0.00064,-0.33831,-0.00286,-0.00350,0.84468,0.01701,0.28329,-0.02009,-0.03063,-0.00640,-0.01269,-0.00151,-0.04868,0.00186,0.91409,-0.06458,0.06689,-0.02055,0.35379,0.00947,0.00255,0.31970,0.00791,0.00178,0.81130,-0.08779,0.10932,-0.00626,-0.51361,0.00002,-0.00143,0.30757,-0.01414,0.00340,0.78857,-0.07603,-0.06370,-0.00415,0.32957,0.09568,-0.00437,-0.25650,-0.02723,0.00960,0.81269,-0.13638,-0.11725,0.00751,-0.53148,-0.00805,0.00236,-0.31669,0.01412,0.00249,0.80986,-0.07829,0.25363,-0.00803,-0.03347,-0.02214,-0.00042,-0.00388,-0.02024,0.00112,0.90063,-0.06099,0.00875,0.00155
18.9500,1895,9,18.9502,50.37,0.35078,-0.01170,-0.01375,0.31763,-0.01264,0.00233,0.84401,0.00909,0.14693,-0.06655,-0.51398,0.00615,-0.01615,0.32494,0.01721,-0.01137,0.82159,0.02686,-0.03232,0.18286,0.28840,0.07450,-0.02217,-0.24041,-0.03100,-0.00409,0.85637,0.02147,-0.09519,-0.02176,-0.52052,-0.00307,-0.00064,-0.33831,-0.00286,-0.00350,0.84468,0.01701,0.28329,-0.02009,-0.03201,-0.00158,-0.01709,-0.00457,-0.03035,-0.00607,0.91096,-0.02348,0.05735,-0.16732,0.35430,0.01067,0.00235,0.32007,0.00699,0.00198,0.80672,-0.09549,0.10901,-0.00602,-0.51363,-0.00073,-0.00163,0.30682,-0.01574,0.00312,0.78464,-0.08119,-0.06388,-0.00280,0.33430,0.09348,-0.00460,-0.25798,-0.03178,0.00899,0.80570,-0.14293,-0.11688,0.00737,-0.53185,-0.00691,0.00232,-0.31601,0.01293,0.00239,0.80575,-0.08611,0.25324,-0.00728,-0.03458,-0.02233,-0.00035,-0.00490,-0.02078,0.00109,0.89742,-0.06723,0.00882,0.00123
19.0000,1900,9,18.9997,49.50,0.35078,-0.01170,-0.01375,0.31763,-0.01264,0.00233,0.84401,0.00909,0.14693,-0.06655,-0.51398,0.00615,-0.01615,0.32494,0.01721,-0.01137,0.82159,0.02686,-0.03232,0.18286,0.28840,0.07450,-0.02217,-0.24041,-0.03100,-0.00409,0.85637,0.02147,-0.09519,-0.02176,-0.52008,-0.00057,-0.00064,-0.33950,-0.00636,-0.00350,0.84516,-0.00137,0.28329,-0.02009,-0.03201,-0.00158,-0.01709,-0.00457,-0.03035,-0.00607,0.91096,-0.02348,0.05735,-0.16732,0.35486,0.01177,0.00215,0.32039,0.00597,0.00214,0.80177,-0.10255,0.10872,-0.00578,-0.51368,-0.00158,-0.00181,0.30599,-0.01721,0.00287,0.78046,-0.08599,-0.06399,-0.00167,0.33892,0.09118,-0.00479,-0.25967,-0.03605,0.00842,0.79841,-0.14844,-0.11651,0.00720,-0.53217,-0.00578,0.00228,-0.31539,0.01178,0.00229,0.80126,-0.09340,0.25290,-0.00660,-0.03571,-0.02248,-0.00027,-0.00595,-0.02131,0.00105,0.89391,-0.07311,0.00888,0.00096
19.0500,1905,9,19.0499,50.28,0.35002,-0.00434,-0.01290,0.32211,0.01476,-0.00397,0.84686,0.01999,0.14001,-0.05504,-0.51409,0.00974,-0.00961,0.32798,0.03355,-0.00169,0.82292,0.01161,-0.01974,0.01719,0.29724,0.09358,-0.01038,-0.24105,-0.02577,0.00297,0.85297,-0.03909,-0.09145,0.01639,-0.52008,-0.00057,0.00391,-0.33950,-0.00636,-0.00774,0.84516,-0.00137,0.28069,-0.02568,-0.03041,0.02309,-0.01078,-0.00917,-0.03649,-0.01135,0.90826,-0.01804,0.04337,-0.03991,0.35547,0.01278,0.00196,0.32066,0.00489,0.00227,0.79648,-0.10899,0.10844,-0.00554,-0.51378,-0.00251,-0.00198,0.30510,-0.01856,0.00265,0.77604,-0.09050,-0.06405,-0.00073,0.34342,0.08879,-0.00496,-0.26158,-0.04004,0.00788,0.79087,-0.15311,-0.11616,0.00701,-0.53243,-0.00467,0.00223,-0.31483,0.01068,0.00219,0.79642,-0.10016,0.25258,-0.00600,-0.03683,-0.02260,-0.00021,-0.00703,-0.02181,0.00100,0.89011,-0.07866,0.00892,0.00073
19.1000,1910,9,19.1002,50.23,0.35002,-0.00434,-0.01290,0.32211,0.01476,-0.00397,0.84686,0.01999,0.14001,-0.05504,-0.51409,0.00974,-0.00961,0.32798,0.03355,-0.00169,0.82292,0.01161,-0.01974,0.01719,0.29724,0.09358,-0.01038,-0.24105,-0.02577,0.00297,0.85297,-0.03909,-0.09145,0.01639,-0.51963,-0.00444,0.00427,-0.34082,-0.00330,-0.02009,0.84351,-0.02636,0.28041,-0.00388,-0.03041,0.02309,-0.01078,-0.00917,-0.03649,-0.01135,0.90826,-0.01804,0.04337,-0.03991,0.35613,0.01370,0.00178,0.32088,0.00375,0.00236,0.79088,-0.11484,0.10817,-0.00530,-0.51393,-0.00352,-0.00213,0.30414,-0.01982,0.00246,0.77141,-0.09476,-0.06406,0.00005,0.34780,0.08632,-0.00510,-0.26367,-0.04378,0.00738,0.78311,-0.15707,-0.11581,0.00679,-0.53263,-0.00359,0.00217,-0.31432,0.00963,0.00209,0.79125,-0.10640,0.25230,-0.00546,-0.03796,-0.02269,-0.00014,-0.00813,-0.02229,0.00095,0.88605,-0.08389,0.00895,0.00054
19.1500,1915,9,19.1507,50.53,0.35061,0.00998,-0.01172,0.32268,0.02159,0.00607,0.84660,-0.00011,0.13372,-0.06704,-0.51435,0.00963,-0.00274,0.33092,0.02891,0.01429,0.82033,-0.02621,-0.02852,-0.14278,0.30717,0.09788,0.00002,-0.24144,-0.02357,0.00216,0.84777,-0.03176,-0.09186,-0.06046,-0.51963,-0.00444,0.00427,-0.34082,-0.00330,-0.02009,0.84351,-0.02636,0.28041,-0.00388,-0.02757,0.02658,-0.00233,-0.01037,-0.01927,-0.01014,0.90650,-0.01697,0.04141,-0.02381,0.35684,0.01453,0.00162,0.32104,0.00258,0.00242,0.78500,-0.12016,0.10791,-0.00505,-0.51414,-0.00460,-0.00228,0.30312,-0.02098,0.00229,0.76657,-0.09880,-0.06404,0.00068,0.35205,0.08379,-0.00523,-0.26595,-0.04728,0.00690,0.77517,-0.16047,-0.11548,0.00656,-0.53279,-0.00255,0.00211,-0.31387,0.00864,0.00199,0.78579,-0.11214,0.25204,-0.00497,-0.03910,-0.02274,-0.00008,-0.00926,-0.02274,0.00090,0.88173,-0.08885,0.00897,0.00038
19.2000,1920,9,19.2002,49.44,0.35061,0.00998,-0.01172,0.32268,0.02159,0.00607,0.84660,-0.00011,0.13372,-0.06704,-0.51435,0.00963,-0.00274,0.33092,0.02891,0.01429,0.82033,-0.02621,-0.02852,-0.14278,0.30717,0.09788,0.00002,-0.24144,-0.02357,0.00216,0.84777,-0.03176,-0.09186,-0.06046,-0.52033,-0.01231,0.00427,-0.34052,0.01496,-0.02009,0.83993,-0.04792,0.28041,-0.00388,-0.02757,0.02658,-0.00233,-0.01037,-0.01927,-0.01014,0.90650,-0.01697,0.04141,-0.02381,0.35759,0.01529,0.00147,0.32114,0.00139,0.00245,0.77887,-0.12497,0.10766,-0.00480,-0.51440,-0.00575,-0.00242,0.30204,-0.02207,0.00214,0.76153,-0.10263,-0.06400,0.00118,0.35617,0.08119,-0.00534,-0.26840,-0.05056,0.00645,0.76707,-0.16339,-0.11516,0.00630,-0.53289,-0.00153,0.00204,-0.31346,0.00769,0.00188,0.78005,-0.11739,0.25180,-0.00453,-0.04024,-0.02276,-0.00002,-0.01041,-0.02317,0.00084,0.87717,-0.09355,0.00899,0.00024
19.2500,1925,9,19.2503,50.20,0.35266,0.02326,-0.00760,0.32071,0.00495,0.00522,0.84215,-0.04053,0.12932,-0.03841,-0.51468,0.00098,0.00421,0.33215,0.00693,0.02571,0.81331,-0.07055,-0.03903,-0.11158,0.31603,0.08924,0.00810,-0.24239,-0.01208,0.00587,0.83961,-0.09896,-0.09816,-0.11158,-0.52033,-0.01231,0.00080,-0.34052,0.01496,-0.02209,0.83993,-0.04792,0.27504,-0.06756,-0.02534,0.02182,0.00936,-0.01037,-0.00474,-0.01983,0.90482,-0.01793,0.03976,-0.11584,0.35837,0.01598,0.00134,0.32118,0.00018,0.00245,0.77251,-0.12932,0.10743,-0.00455,-0.51471,-0.00697,-0.00254,0.30091,-0.02308,0.00200,0.75631,-0.10628,-0.06393,0.00156,0.36017,0.07855,-0.00543,-0.27100,-0.05362,0.00602,0.75884,-0.16593,-0.11485,0.00603,-0.53294,-0.00054,0.00197,-0.31310,0.00679,0.00178,0.77406,-0.12218,0.25158,-0.00413,-0.04138,-0.02276,0.00004,-0.01158,-0.02357,0.00079,0.87238,-0.09802,0.00900,0.00014
19.3000,1930,9,19.3001,49.75,0.35266,0.02326,-0.00760,0.32071,0.00495,0.00522,0.84215,-0.04053,0.12932,-0.03841,-0.51468,0.00098,0.00421,0.33215,0.00693,0.02571,0.81331,-0.07055,-0.03903,-0.11158,0.31603,0.08924,0.00810,-0.24239,-0.01208,0.00587,0.83961,-0.09896,-0.09816,-0.11158,-0.53022,-0.03228,-0.01228,-0.34564,0.01088,-0.02457,0.82857,-0.09007,0.27341,0.02845,-0.02534,0.02182,0.00936,-0.01037,-0.00474,-0.01983,0.90482,-0.01793,0.03976,-0.11584,0.35918,0.01661,0.00123,0.32116,-0.00101,0.00243,0.76595,-0.13323,0.10721,-0.00428,-0.51509,-0.00825,-0.00266,0.29973,-0.02403,0.00188,0.75091,-0.10976,-0.06384,0.00184,0.36403,0.07587,-0.00548,-0.27376,-0.05647,0.00560,0.75048,-0.16817,-0.11455,0.00573,-0.53294,0.00040,0.00189,-0.31278,0.00594,0.00167,0.76784,-0.12652,0.25138,-0.00376,-0.04251,-0.02273,0.00009,-0.01276,-0.02394,0.00073,0.86737,-0.10228,0.00900,0.00005
19.3500,1935,9,19.3503,50.17,0.35566,0.03002,-0.00271,0.32208,0.01361,-0.00150,0.83621,-0.06448,0.12581,-0.03093,-0.51506,-0.00238,-0.00295,0.33131,-0.02305,0.02802,0.80542,-0.08465,-0.04550,-0.07542,0.32292,0.07217,0.01130,-0.24643,-0.03802,0.00607,0.82877,-0.11765,-0.11628,-0.19435,-0.53022,-0.03228,-0.01228,-0.34564,0.01088,-0.02457,0.82857,-0.09007,0.27341,0.02845,-0.02325,0.01289,0.01282,-0.01191,0.00897,-0.01764,0.90198,-0.01348,0.02387,-0.19934,0.36003,0.01719,0.00113,0.32108,-0.00219,0.00237,0.75919,-0.13673,0.10700,-0.00402,-0.51554,-0.00957,-0.00274,0.29851,-0.02492,0.00176,0.74534,-0.11308,-0.06375,0.00203,0.36775,0.07318,-0.00549,-0.27665,-0.05911,0.00519,0.74202,-0.17019,-0.11428,0.00542,-0.53290,0.00131,0.00180,-0.31250,0.00515,0.00156,0.76141,-0.13043,0.25121,-0.00342,-0.04365,-0.02267,0.00014,-0.01397,-0.02428,0.00067,0.86215,-0.10635,0.00900,-0.00002
19.4000,1940,9,19.4002,49.92,0.35566,0.03002,-0.00271,0.32208,0.01361,-0.00150,0.83621,-0.06448,0.12581,-0.03093,-0.51506,-0.00238,-0.00295,0.33131,-0.02305,0.02802,0.80542,-0.08465,-0.04550,-0.07542,0.32292,0.07217,0.01130,-0.24643,-0.03802,0.00607,0.82877,-0.11765,-0.11628,-0.19435,-0.53461,-0.02866,-0.02424,-0.34451,0.03584,-0.02425,0.81682,-0.13084,0.27705,0.09235,-0.02325,0.01289,0.01282,-0.01191,0.00897,-0.01764,0.90198,-0.01348,0.02387,-0.19934,0.36090,0.01772,0.00103,0.32094,-0.00333,0.00229,0.75228,-0.13983,0.10680,-0.00374,-0.51605,-0.01093,-0.00279,0.29724,-0.02576,0.00164,0.73960,-0.11628,-0.06364,0.00212,0.37135,0.07050,-0.00543,-0.27966,-0.06155,0.00477,0.73347,-0.17207,-0.11401,0.00508,-0.53281,0.00217,0.00170,-0.31226,0.00441,0.00144,0.75480,-0.13394,0.25104,-0.00311,-0.04478,-0.02259,0.00018,-0.01519,-0.02459,0.00060,0.85674,-0.11026,0.00900,-0.00007
19.4500,1945,9,19.4506,50.41,0.35851,0.02570,0.00877,0.32443,0.01707,0.00751,0.82925,-0.07726,0.12313,0.01524,-0.51560,-0.00453,-0.00271,0.32966,-0.03701,0.02359,0.79969,-0.06613,-0.06248,-0.12851,0.32834,0.05541,0.00769,-0.25013,-0.03789,0.00434,0.81815,-0.10881,-0.13433,-0.19628,-0.53461,-0.02866,-0.02424,-0.34451,0.03584,-0.02425,0.81682,-0.13084,0.27705,0.09235,-0.02374,-0.00789,0.00946,-0.00675,0.04587,-0.01018,0.90211,0.00432,0.00646,-0.11535,0.36180,0.01820,0.00093,0.32074,-0.00443,0.00216,0.74522,-0.14252,0.10662,-0.00345,-0.51663,-0.01230,-0.00278,0.29594,-0.02653,0.00152,0.73371,-0.11938,-0.06354,0.00214,0.37480,0.06787,-0.00528,-0.28280,-0.06378,0.00432,0.72482,-0.17389,-0.11377,0.00472,-0.53269,0.00297,0.00158,-0.31206,0.00374,0.00131,0.74803,-0.13705,0.25089,-0.00282,-0.04591,-0.02250,0.00021,-0.01643,-0.02487,0.00054,0.85113,-0.11403,0.00900,-0.00010
19.5000,1950,9,19.5006,49.99,0.35851,0.02570,0.00877,0.32443,0.01707,0.00751,0.82925,-0.07726,0.12313,0.01524,-0.51560,-0.00453,-0.00271,0.32966,-0.03701,0.02359,0.79969,-0.06613,-0.06248,-0.12851,0.32834,0.05541,0.00769,-0.25013,-0.03789,0.00434,0.81815,-0.10881,-0.13433,-0.19628,-0.53837,-0.01455,-0.02424,-0.33925,0.05774,-0.02425,0.80280,-0.13410,0.27705,0.09235,-0.02374,-0.00789,0.00946,-0.00675,0.04587,-0.01018,0.90211,0.00432,0.00646,-0.11535,0.36272,0.01863,0.00082,0.32050,-0.00545,0.00200,0.73803,-0.14477,0.10646,-0.00315,-0.51728,-0.01364,-0.00267,0.29459,-0.02724,0.00137,0.72767,-0.12245,-0.06343,0.00209,0.37813,0.06535,-0.00498,-0.28604,-0.06579,0.00383,0.71608,-0.17576,-0.11354,0.00434,-0.53252,0.00371,0.00143,-0.31189,0.00313,0.00117,0.74110,-0.13980,0.25076,-0.00254,-0.04703,-0.02239,0.00023,-0.01768,-0.02512,0.00047,0.84534,-0.11768,0.00899,-0.00012
19.5500,1955,9,19.5504,49.77,0.36051,0.01805,0.00477,0.32234,0.00392,0.00622,0.81876,-0.10038,0.12160,-0.01050,-0.51559,0.00012,-0.00570,0.32422,-0.06368,0.02499,0.79167,-0.07660,-0.07421,0.00010,0.33379,0.05412,-0.00496,-0.25075,-0.03743,0.00042,0.80642,-0.13115,-0.15057,-0.10841,-0.53837,-0.01455,-0.03035,-0.33925,0.05774,-0.00661,0.80280,-0.13410,0.27774,-0.06262,-0.02509,-0.01477,0.00060,-0.00117,0.05160,0.00495,0.90255,-0.00316,0.00066,-0.10791,0.36366,0.01900,0.00068,0.32020,-0.00638,0.00177,0.73075,-0.14650,0.10631,-0.00284,-0.51799,-0.01489,-0.00241,0.29321,-0.02787,0.00118,0.72147,-0.12558,-0.06333,0.00197,0.38134,0.06302,-0.00446,-0.28937,-0.06753,0.00327,0.70724,-0.17781,-0.11333,0.00393,-0.53232,0.00437,0.00125,-0.31175,0.00260,0.00100,0.73405,-0.14220,0.25064,-0.00227,-0.04815,-0.02228,0.00022,-0.01894,-0.02533,0.00040,0.83936,-0.12122,0.00899,-0.00012
19.6000,1960,9,19.6001,49.73,0.36051,0.01805,0.00477,0.32234,0.00392,0.00622,0.81876,-0.10038,0.12160,-0.01050,-0.51559,0.00012,-0.00570,0.32422,-0.06368,0.02499,0.79167,-0.07660,-0.07421,0.00010,0.33379,0.05412,-0.00496,-0.25075,-0.03743,0.00042,0.80642,-0.13115,-0.15057,-0.10841,-0.53937,0.00284,-0.03035,-0.33327,0.07300,-0.00661,0.78984,-0.11367,0.27774,-0.06262,-0.02509,-0.01477,0.00060,-0.00117,0.05160,0.00495,0.90255,-0.00316,0.00066,-0.10791,0.36462,0.01929,0.00047,0.31986,-0.00718,0.00147,0.72339,-0.14757,0.10618,-0.00250,-0.51877,-0.01597,-0.00194,0.29181,-0.02839,0.00093,0.71511,-0.12890,-0.06323,0.00177,0.38444,0.06102,-0.00363,-0.29279,-0.06897,0.00258,0.69829,-0.18024,-0.11315,0.00349,-0.53208,0.00493,0.00101,-0.31163,0.00215,0.00081,0.72689,-0.14430,0.25053,-0.00202,-0.04926,-0.02218,0.00018,-0.02021,-0.02551,0.00032,0.83322,-0.12467,0.00898,-0.00012
