t,k,ping,wall,tick_ms,mx0,mxd0,mth0,my0,myd0,mph0,mz0,mzd0,mps0,mr0,mx1,mxd1,mth1,my1,myd1,mph1,mz1,mzd1,mps1,mr1,mx2,mxd2,mth2,my2,myd2,mph2,mz2,mzd2,mps2,mr2,mx3,mxd3,mth3,my3,myd3,mph3,mz3,mzd3,mps3,mr3,mx4,mxd4,mth4,my4,myd4,mph4,mz4,mzd4,mps4,mr4,px0,pxd0,pth0,py0,pyd0,pph0,pz0,pzd0,pps0,pr0,px1,pxd1,pth1,py1,pyd1,pph1,pz1,pzd1,pps1,pr1,px2,pxd2,pth2,py2,pyd2,pph2,pz2,pzd2,pps2,pr2,px3,pxd3,pth3,py3,pyd3,pph3,pz3,pzd3,pps3,pr3,px4,pxd4,pth4,py4,pyd4,pph4,pz4,pzd4,pps4,pr4
0.0000,0,0,0.0000,0.00,1.00711,0.00898,-0.00010,0.26772,0.01685,-0.00358,0.37723,0.02070,-0.13307,0.07278,-0.46090,0.00298,0.00106,-0.12605,-0.01793,-0.00577,0.37694,0.00866,0.00649,0.02826,0.27920,-0.01016,0.00144,-0.25413,0.00060,0.00766,0.36041,0.00229,-0.01310,0.08834,0.98779,-0.00204,-0.00705,-0.36624,0.00888,-0.01164,0.37626,-0.00442,-0.02799,-0.00683,-0.85567,-0.00563,0.02205,0.29610,0.00819,0.01957,0.36266,0.02363,0.06261,-0.02464,1.00711,0.00898,-0.00010,0.26772,0.01685,-0.00358,0.37723,0.02070,-0.13307,0.07278,-0.46090,0.00298,0.00106,-0.12605,-0.01793,-0.00577,0.37694,0.00866,0.00649,0.02826,0.27920,-0.01016,0.00144,-0.25413,0.00060,0.00766,0.36041,0.00229,-0.01310,0.08834,0.98779,-0.00204,-0.00705,-0.36624,0.00888,-0.01164,0.37626,-0.00442,-0.02799,-0.00683,-0.85567,-0.00563,0.02205,0.29610,0.00819,0.01957,0.36266,0.02363,0.06261,-0.02464
0.0500,5,0,0.0501,50.05,,,,,,,,,,,,,,,,,,,,,,,,,,,,,,,,,,,,,,,,,,,,,,,,,,,1.00752,0.00703,-0.00718,0.26860,0.01795,-0.00111,0.37842,0.02704,-0.12952,0.06938,-0.46075,0.00309,-0.00050,-0.12678,-0.00941,-0.02673,0.37780,0.02456,0.00786,0.02635,0.27882,-0.00310,0.02488,-0.25420,-0.00349,0.00888,0.36196,0.05704,-0.00881,0.08331,0.98745,-0.01439,-0.04003,-0.36568,0.01315,-0.00620,0.37638,0.00903,-0.02832,-0.00656,-0.85564,0.00760,0.03093,0.29626,-0.00175,0.02071,0.36431,0.04211,0.06141,-0.02349
0.1000,10,0,0.1004,50.35,,,,,,,,,,,,,,,,,,,,,,,,,,,,,,,,,,,,,,,,,,,,,,,,,,,1.00777,0.00244,-0.01117,0.26950,0.01812,0.00029,0.37995,0.03442,-0.12613,0.06615,-0.46061,0.00257,-0.00157,-0.12687,0.00657,-0.03711,0.37930,0.03442,0.00913,0.02454,0.27902,0.01236,0.03667,-0.25449,-0.00801,0.00946,0.36588,0.09762,-0.00476,0.07853,0.98616,-0.03879,-0.05752,-0.36496,0.01531,-0.00290,0.37714,0.02137,-0.02864,-0.00630,-0.85486,0.02398,0.03530,0.29592,-0.01193,0.02065,0.36683,0.05855,0.06026,-0.02239
0.1500,15,0,0.1500,49.57,,,,,,,,,,,,,,,,,,,,,,,,,,,,,,,,,,,,,,,,,,,,,,,,,,,1.00774,-0.00362,-0.01328,0.27040,0.01777,0.00104,0.38187,0.04236,-0.12290,0.06308,-0.46050,0.00161,-0.00230,-0.12607,0.02598,-0.04124,0.38118,0.04060,0.01031,0.02282,0.28012,0.03175,0.04149,-0.25501,-0.01269,0.00958,0.37155,0.12760,-0.00095,0.07399,0.98347,-0.06929,-0.06566,-0.36417,0.01620,-0.00091,0.37850,0.03276,-0.02895,-0.00605,-0.85322,0.04179,0.03695,0.29507,-0.02189,0.01989,0.37013,0.07311,0.05917,-0.02135
0.2000,20,0,0.1999,49.91,,,,,,,,,,,,,,,,,,,,,,,,,,,,,,,,,,,,,,,,,,,,,,,,,,,1.00740,-0.01041,-0.01425,0.27128,0.01716,0.00142,0.38419,0.05051,-0.11982,0.06015,-0.46045,0.00035,-0.00280,-0.12426,0.04644,-0.04173,0.38332,0.04467,0.01141,0.02120,0.28222,0.05240,0.04220,-0.25576,-0.01735,0.00938,0.37851,0.14964,0.00264,0.06968,0.97919,-0.10230,-0.06821,-0.36336,0.01633,0.00027,0.38040,0.04332,-0.02925,-0.00581,-0.85068,0.05997,0.03698,0.29374,-0.03138,0.01875,0.37412,0.08597,0.05812,-0.02035
0.2500,25,0,0.2497,49.85,,,,,,,,,,,,,,,,,,,,,,,,,,,,,,,,,,,,,,,,,,,,,,,,,,,1.00670,-0.01748,-0.01452,0.27212,0.01642,0.00157,0.38692,0.05865,-0.11688,0.05737,-0.46047,-0.00111,-0.00314,-0.12143,0.06659,-0.04019,0.38563,0.04763,0.01243,0.01965,0.28535,0.07277,0.04054,-0.25674,-0.02186,0.00894,0.38641,0.16572,0.00602,0.06559,0.97323,-0.13567,-0.06747,-0.36255,0.01602,0.00096,0.38282,0.05314,-0.02953,-0.00559,-0.84723,0.07791,0.03605,0.29194,-0.04025,0.01741,0.37870,0.09730,0.05713,-0.01941
0.3000,30,0,0.3002,50.46,,,,,,,,,,,,,,,,,,,,,,,,,,,,,,,,,,,,,,,,,,,,,,,,,,,1.00565,-0.02459,-0.01439,0.27292,0.01563,0.00161,0.39006,0.06662,-0.11408,0.05472,-0.46056,-0.00271,-0.00336,-0.11762,0.08569,-0.03756,0.38808,0.05008,0.01338,0.01819,0.28948,0.09196,0.03756,-0.25794,-0.02610,0.00833,0.39501,0.17738,0.00920,0.06170,0.96563,-0.16818,-0.06483,-0.36176,0.01544,0.00136,0.38571,0.06227,-0.02981,-0.00537,-0.84289,0.09524,0.03458,0.28972,-0.04845,0.01600,0.38382,0.10727,0.05618,-0.01851
0.3500,35,0,0.3498,49.66,,,,,,,,,,,,,,,,,,,,,,,,,,,,,,,,,,,,,,,,,,,,,,,,,,,1.00424,-0.03156,-0.01400,0.27368,0.01485,0.00158,0.39358,0.07432,-0.11141,0.05220,-0.46074,-0.00439,-0.00350,-0.11288,0.10336,-0.03444,0.39064,0.05242,0.01426,0.01681,0.29452,0.10951,0.03390,-0.25934,-0.03000,0.00757,0.40410,0.18579,0.01219,0.05801,0.95644,-0.19911,-0.06115,-0.36100,0.01472,0.00156,0.38903,0.07076,-0.03007,-0.00517,-0.83772,0.11178,0.03281,0.28711,-0.05595,0.01459,0.38941,0.11605,0.05528,-0.01765
0.4000,40,0,0.3999,50.07,,,,,,,,,,,,,,,,,,,,,,,,,,,,,,,,,,,,,,,,,,,,,,,,,,,1.00249,-0.03830,-0.01348,0.27440,0.01409,0.00151,0.39748,0.08168,-0.10886,0.04980,-0.46100,-0.00613,-0.00358,-0.10731,0.11945,-0.03115,0.39332,0.05491,0.01506,0.01550,0.30040,0.12517,0.02995,-0.26093,-0.03351,0.00670,0.41355,0.19191,0.01501,0.05451,0.94576,-0.22809,-0.05695,-0.36029,0.01392,0.00166,0.39277,0.07865,-0.03032,-0.00497,-0.83173,0.12740,0.03089,0.28414,-0.06276,0.01320,0.39541,0.12379,0.05442,-0.01684
0.4500,45,0,0.4501,50.16,,,,,,,,,,,,,,,,,,,,,,,,,,,,,,,,,,,,,,,,,,,,,,,,,,,1.00042,-0.04476,-0.01287,0.27509,0.01337,0.00144,0.40174,0.08863,-0.10642,0.04751,-0.46135,-0.00790,-0.00362,-0.10096,0.13393,-0.02792,0.39614,0.05773,0.01581,0.01426,0.30701,0.13887,0.02592,-0.26269,-0.03656,0.00574,0.42326,0.19654,0.01765,0.05118,0.93367,-0.25494,-0.05253,-0.35961,0.01310,0.00169,0.39689,0.08596,-0.03057,-0.00479,-0.82499,0.14208,0.02893,0.28084,-0.06891,0.01187,0.40178,0.13062,0.05359,-0.01607
0.5000,50,0,0.4997,49.66,,,,,,,,,,,,,,,,,,,,,,,,,,,,,,,,,,,,,,,,,,,,,,,,,,,0.99802,-0.05092,-0.01222,0.27574,0.01268,0.00138,0.40634,0.09514,-0.10410,0.04534,-0.46179,-0.00967,-0.00363,-0.09394,0.14686,-0.02484,0.39910,0.06105,0.01649,0.01308,0.31425,0.15061,0.02194,-0.26458,-0.03913,0.00471,0.43319,0.20039,0.02013,0.04802,0.92030,-0.27962,-0.04809,-0.35898,0.01227,0.00168,0.40136,0.09272,-0.03080,-0.00461,-0.81754,0.15578,0.02697,0.27726,-0.07442,0.01060,0.40846,0.13665,0.05281,-0.01533
0.5500,55,0,0.5500,50.24,,,,,,,,,,,,,,,,,,,,,,,,,,,,,,,,,,,,,,,,,,,,,,,,,,,0.99533,-0.05675,-0.01155,0.27636,0.01202,0.00132,0.41125,0.10117,-0.10189,0.04327,-0.46232,-0.01146,-0.00364,-0.08630,0.15834,-0.02198,0.40225,0.06507,0.01712,0.01197,0.32203,0.16042,0.01809,-0.26659,-0.04117,0.00362,0.44330,0.20413,0.02245,0.04502,0.90574,-0.30213,-0.04373,-0.35839,0.01145,0.00165,0.40615,0.09892,-0.03103,-0.00444,-0.80943,0.16854,0.02504,0.27341,-0.07932,0.00941,0.41543,0.14198,0.05206,-0.01463
0.6000,60,0,0.6000,50.06,,,,,,,,,,,,,,,,,,,,,,,,,,,,,,,,,,,,,,,,,,,,,,,,,,,0.99235,-0.06225,-0.01088,0.27694,0.01138,0.00126,0.41645,0.10669,-0.09977,0.04130,-0.46294,-0.01325,-0.00365,-0.07813,0.16846,-0.01930,0.40562,0.06992,0.01769,0.01092,0.33026,0.16838,0.01441,-0.26869,-0.04268,0.00256,0.45361,0.20824,0.02463,0.04218,0.89012,-0.32254,-0.03951,-0.35783,0.01065,0.00160,0.41124,0.10460,-0.03125,-0.00427,-0.80070,0.18036,0.02318,0.26934,-0.08366,0.00828,0.42265,0.14670,0.05134,-0.01397
0.6500,65,0,0.6498,49.79,,,,,,,,,,,,,,,,,,,,,,,,,,,,,,,,,,,,,,,,,,,,,,,,,,,0.98911,-0.06742,-0.01021,0.27749,0.01078,0.00121,0.42191,0.11172,-0.09776,0.03942,-0.46365,-0.01504,-0.00366,-0.06948,0.17730,-0.01677,0.40925,0.07530,0.01821,0.00992,0.33884,0.17459,0.01094,-0.27085,-0.04370,0.00161,0.46413,0.21257,0.02667,0.03947,0.87352,-0.34092,-0.03548,-0.35732,0.00988,0.00154,0.41660,0.10977,-0.03146,-0.00412,-0.79141,0.19129,0.02138,0.26506,-0.08746,0.00723,0.43009,0.15085,0.05066,-0.01333
0.7000,70,0,0.7005,50.64,,,,,,,,,,,,,,,,,,,,,,,,,,,,,,,,,,,,,,,,,,,,,,,,,,,0.98562,-0.07226,-0.00954,0.27802,0.01020,0.00116,0.42761,0.11628,-0.09583,0.03764,-0.46444,-0.01684,-0.00365,-0.06042,0.18494,-0.01439,0.41316,0.08093,0.01868,0.00898,0.34769,0.17915,0.00769,-0.27305,-0.04428,0.00075,0.47486,0.21690,0.02858,0.03691,0.85606,-0.35738,-0.03164,-0.35684,0.00914,0.00148,0.42221,0.11443,-0.03166,-0.00397,-0.78159,0.20134,0.01965,0.26060,-0.09077,0.00625,0.43773,0.15448,0.05001,-0.01273
0.7500,75,0,0.7496,49.14,,,,,,,,,,,,,,,,,,,,,,,,,,,,,,,,,,,,,,,,,,,,,,,,,,,0.98189,-0.07679,-0.00890,0.27852,0.00964,0.00111,0.43353,0.12039,-0.09399,0.03594,-0.46533,-0.01862,-0.00361,-0.05100,0.19144,-0.01217,0.41735,0.08659,0.01911,0.00809,0.35673,0.18217,0.00469,-0.27527,-0.04446,0.00000,0.48581,0.22105,0.03037,0.03448,0.83782,-0.37200,-0.02800,-0.35640,0.00843,0.00142,0.42804,0.11860,-0.03185,-0.00383,-0.77129,0.21057,0.01800,0.25599,-0.09361,0.00534,0.44553,0.15764,0.04939,-0.01216
0.8000,80,0,0.8002,50.56,,,,,,,,,,,,,,,,,,,,,,,,,,,,,,,,,,,,,,,,,,,,,,,,,,,0.97794,-0.08099,-0.00827,0.27898,0.00911,0.00106,0.43964,0.12405,-0.09224,0.03432,-0.46631,-0.02037,-0.00354,-0.04129,0.19690,-0.01008,0.42182,0.09211,0.01949,0.00724,0.36589,0.18379,0.00195,-0.27749,-0.04430,-0.00064,0.49696,0.22487,0.03203,0.03217,0.81889,-0.38488,-0.02457,-0.35600,0.00775,0.00136,0.43406,0.12229,-0.03204,-0.00370,-0.76054,0.21901,0.01642,0.25124,-0.09602,0.00450,0.45348,0.16034,0.04879,-0.01161
0.8500,85,0,0.8494,49.28,,,,,,,,,,,,,,,,,,,,,,,,,,,,,,,,,,,,,,,,,,,,,,,,,,,0.97380,-0.08490,-0.00766,0.27943,0.00860,0.00101,0.44593,0.12728,-0.09056,0.03278,-0.46737,-0.02209,-0.00344,-0.03133,0.20136,-0.00813,0.42655,0.09736,0.01983,0.00645,0.37509,0.18413,-0.00052,-0.27970,-0.04384,-0.00119,0.50829,0.22823,0.03358,0.02998,0.79936,-0.39613,-0.02134,-0.35563,0.00710,0.00130,0.44026,0.12551,-0.03222,-0.00357,-0.74940,0.22670,0.01492,0.24639,-0.09803,0.00371,0.46156,0.16261,0.04823,-0.01109
0.9000,90,0,0.8998,50.37,,,,,,,,,,,,,,,,,,,,,,,,,,,,,,,,,,,,,,,,,,,,,,,,,,,0.96946,-0.08851,-0.00707,0.27984,0.00812,0.00097,0.45236,0.13007,-0.08896,0.03132,-0.46851,-0.02374,-0.00328,-0.02117,0.20489,-0.00632,0.43155,0.10225,0.02014,0.00570,0.38428,0.18333,-0.00272,-0.28187,-0.04315,-0.00164,0.51978,0.23101,0.03503,0.02791,0.77930,-0.40585,-0.01830,-0.35529,0.00648,0.00124,0.44661,0.12827,-0.03240,-0.00344,-0.73789,0.23366,0.01350,0.24145,-0.09967,0.00299,0.46974,0.16446,0.04768,-0.01060
0.9500,95,0,0.9497,49.89,,,,,,,,,,,,,,,,,,,,,,,,,,,,,,,,,,,,,,,,,,,,,,,,,,,0.96495,-0.09183,-0.00650,0.28024,0.00765,0.00093,0.45893,0.13243,-0.08742,0.02992,-0.46974,-0.02529,-0.00306,-0.01086,0.20757,-0.00462,0.43677,0.10670,0.02040,0.00499,0.39341,0.18151,-0.00464,-0.28401,-0.04225,-0.00199,0.53138,0.23312,0.03638,0.02594,0.75880,-0.41412,-0.01545,-0.35498,0.00588,0.00118,0.45308,0.13058,-0.03257,-0.00333,-0.72604,0.23995,0.01215,0.23643,-0.10097,0.00232,0.47800,0.16590,0.04717,-0.01013
1.0000,100,0,0.9999,50.20,,,,,,,,,,,,,,,,,,,,,,,,,,,,,,,,,,,,,,,,,,,,,,,,,,,0.96028,-0.09489,-0.00595,0.28061,0.00721,0.00089,0.46560,0.13437,-0.08596,0.02859,-0.47104,-0.02673,-0.00277,-0.00043,0.20945,-0.00305,0.44221,0.11066,0.02063,0.00432,0.40242,0.17883,-0.00627,-0.28610,-0.04121,-0.00227,0.54308,0.23448,0.03763,0.02407,0.73791,-0.42103,-0.01278,-0.35470,0.00532,0.00112,0.45966,0.13245,-0.03273,-0.00321,-0.71390,0.24559,0.01086,0.23136,-0.10196,0.00171,0.48632,0.16695,0.04667,-0.00968
1.0500,105,0,1.0497,49.85,,,,,,,,,,,,,,,,,,,,,,,,,,,,,,,,,,,,,,,,,,,,,,,,,,,0.95547,-0.09768,-0.00544,0.28096,0.00678,0.00085,0.47236,0.13587,-0.08456,0.02733,-0.47241,-0.02800,-0.00241,0.01008,0.21058,-0.00159,0.44783,0.11409,0.02083,0.00368,0.41128,0.17541,-0.00761,-0.28813,-0.04004,-0.00247,0.55482,0.23503,0.03879,0.02230,0.71671,-0.42668,-0.01028,-0.35445,0.00478,0.00106,0.46632,0.13387,-0.03289,-0.00311,-0.70149,0.25062,0.00965,0.22624,-0.10266,0.00115,0.49468,0.16762,0.04620,-0.00925
1.1000,110,0,1.0998,50.01,,,,,,,,,,,,,,,,,,,,,,,,,,,,,,,,,,,,,,,,,,,,,,,,,,,0.95052,-0.10022,-0.00494,0.28129,0.00638,0.00081,0.47918,0.13696,-0.08323,0.02613,-0.47384,-0.02908,-0.00197,0.02062,0.21103,-0.00025,0.45361,0.11696,0.02100,0.00308,0.41995,0.17140,-0.00867,-0.29010,-0.03879,-0.00261,0.56656,0.23474,0.03986,0.02062,0.69526,-0.43114,-0.00795,-0.35422,0.00427,0.00101,0.47304,0.13487,-0.03304,-0.00300,-0.68885,0.25507,0.00851,0.22109,-0.10309,0.00063,0.50307,0.16791,0.04575,-0.00885
1.1500,115,0,1.1501,50.30,,,,,,,,,,,,,,,,,,,,,,,,,,,,,,,,,,,,,,,,,,,,,,,,,,,0.94545,-0.10253,-0.00448,0.28160,0.00598,0.00078,0.48605,0.13763,-0.08195,0.02498,-0.47531,-0.02991,-0.00143,0.03117,0.21084,0.00098,0.45952,0.11929,0.02114,0.00252,0.42841,0.16695,-0.00943,-0.29201,-0.03749,-0.00270,0.57828,0.23359,0.04085,0.01903,0.67362,-0.43450,-0.00577,-0.35402,0.00379,0.00096,0.47980,0.13545,-0.03319,-0.00291,-0.67600,0.25898,0.00743,0.21593,-0.10328,0.00016,0.51147,0.16785,0.04531,-0.00847
1.2000,120,0,1.1998,49.79,,,,,,,,,,,,,,,,,,,,,,,,,,,,,,,,,,,,,,,,,,,,,,,,,,,0.94027,-0.10462,-0.00404,0.28189,0.00561,0.00075,0.49294,0.13788,-0.08073,0.02389,-0.47682,-0.03046,-0.00079,0.04169,0.21009,0.00210,0.46553,0.12109,0.02126,0.00199,0.43664,0.16220,-0.00991,-0.29385,-0.03615,-0.00274,0.58991,0.23163,0.04176,0.01752,0.65183,-0.43683,-0.00374,-0.35384,0.00334,0.00090,0.48658,0.13561,-0.03333,-0.00281,-0.66296,0.26237,0.00641,0.21077,-0.10325,-0.00027,0.51985,0.16744,0.04490,-0.00810
1.2500,125,0,1.2500,50.18,,,,,,,,,,,,,,,,,,,,,,,,,,,,,,,,,,,,,,,,,,,,,,,,,,,0.93499,-0.10650,-0.00363,0.28216,0.00524,0.00073,0.49983,0.13771,-0.07956,0.02285,-0.47835,-0.03067,-0.00005,0.05217,0.20881,0.00310,0.47162,0.12240,0.02134,0.00149,0.44463,0.15728,-0.01009,-0.29562,-0.03480,-0.00276,0.60143,0.22890,0.04260,0.01609,0.62995,-0.43820,-0.00186,-0.35369,0.00291,0.00085,0.49335,0.13536,-0.03347,-0.00272,-0.64977,0.26527,0.00545,0.20561,-0.10302,-0.00067,0.52821,0.16670,0.04450,-0.00775
1.3000,130,0,1.2999,49.84,,,,,,,,,,,,,,,,,,,,,,,,,,,,,,,,,,,,,,,,,,,,,,,,,,,0.92962,-0.10818,-0.00324,0.28241,0.00489,0.00071,0.50670,0.13712,-0.07844,0.02186,-0.47988,-0.03051,0.00071,0.06257,0.20706,0.00399,0.47776,0.12331,0.02141,0.00102,0.45237,0.15232,-0.01010,-0.29733,-0.03345,-0.00276,0.61279,0.22552,0.04337,0.01474,0.60803,-0.43867,-0.00011,-0.35355,0.00250,0.00080,0.50010,0.13471,-0.03361,-0.00264,-0.63644,0.26772,0.00454,0.20047,-0.10261,-0.00102,0.53652,0.16564,0.04412,-0.00742
1.3500,135,0,1.3498,49.93,,,,,,,,,,,,,,,,,,,,,,,,,,,,,,,,,,,,,,,,,,,,,,,,,,,0.92417,-0.10967,-0.00285,0.28265,0.00455,0.00069,0.51353,0.13612,-0.07737,0.02091,-0.48140,-0.02998,0.00143,0.07287,0.20490,0.00478,0.48394,0.12389,0.02145,0.00058,0.45986,0.14738,-0.01004,-0.29897,-0.03209,-0.00275,0.62397,0.22158,0.04408,0.01346,0.58610,-0.43832,0.00152,-0.35344,0.00212,0.00075,0.50682,0.13366,-0.03374,-0.00255,-0.62300,0.26974,0.00369,0.19535,-0.10203,-0.00134,0.54477,0.16427,0.04376,-0.00710
1.4000,140,0,1.4002,50.45,,,,,,,,,,,,,,,,,,,,,,,,,,,,,,,,,,,,,,,,,,,,,,,,,,,0.91866,-0.11098,-0.00248,0.28287,0.00421,0.00068,0.52030,0.13470,-0.07635,0.02002,-0.48288,-0.02911,0.00210,0.08305,0.20238,0.00548,0.49015,0.12422,0.02146,0.00016,0.46711,0.14249,-0.00990,-0.30054,-0.03075,-0.00272,0.63494,0.21717,0.04472,0.01224,0.56421,-0.43721,0.00302,-0.35334,0.00176,0.00071,0.51346,0.13224,-0.03386,-0.00248,-0.60947,0.27135,0.00290,0.19027,-0.10130,-0.00163,0.55294,0.16261,0.04341,-0.00680
1.4500,145,0,1.4505,50.24,,,,,,,,,,,,,,,,,,,,,,,,,,,,,,,,,,,,,,,,,,,,,,,,,,,0.91308,-0.11211,-0.00212,0.28307,0.00388,0.00067,0.52699,0.13286,-0.07537,0.01916,-0.48430,-0.02792,0.00274,0.09310,0.19955,0.00609,0.49636,0.12433,0.02146,-0.00023,0.47411,0.13768,-0.00969,-0.30204,-0.02943,-0.00266,0.64568,0.21232,0.04530,0.01109,0.54239,-0.43538,0.00440,-0.35326,0.00142,0.00066,0.52003,0.13044,-0.03398,-0.00240,-0.59587,0.27258,0.00215,0.18523,-0.10043,-0.00189,0.56102,0.16067,0.04308,-0.00652
1.5000,150,0,1.4998,49.36,,,,,,,,,,,,,,,,,,,,,,,,,,,,,,,,,,,,,,,,,,,,,,,,,,,0.90745,-0.11307,-0.00177,0.28326,0.00355,0.00066,0.53358,0.13063,-0.07443,0.01835,-0.48566,-0.02643,0.00334,0.10300,0.19643,0.00662,0.50258,0.12424,0.02144,-0.00060,0.48088,0.13299,-0.00941,-0.30348,-0.02814,-0.00259,0.65616,0.20704,0.04583,0.01000,0.52068,-0.43290,0.00568,-0.35320,0.00111,0.00062,0.52650,0.12829,-0.03410,-0.00233,-0.58222,0.27346,0.00144,0.18023,-0.09945,-0.00212,0.56900,0.15845,0.04276,-0.00624
1.5500,155,0,1.5503,50.47,,,,,,,,,,,,,,,,,,,,,,,,,,,,,,,,,,,,,,,,,,,,,,,,,,,0.90177,-0.11385,-0.00144,0.28342,0.00323,0.00065,0.54005,0.12800,-0.07354,0.01757,-0.48694,-0.02465,0.00391,0.11274,0.19307,0.00708,0.50878,0.12396,0.02140,-0.00095,0.48741,0.12846,-0.00908,-0.30486,-0.02689,-0.00249,0.66638,0.20131,0.04630,0.00897,0.49911,-0.42983,0.00686,-0.35315,0.00082,0.00057,0.53286,0.12579,-0.03422,-0.00226,-0.56853,0.27401,0.00079,0.17528,-0.09836,-0.00232,0.57686,0.15596,0.04246,-0.00599
1.6000,160,0,1.5993,49.03,,,,,,,,,,,,,,,,,,,,,,,,,,,,,,,,,,,,,,,,,,,,,,,,,,,0.89607,-0.11448,-0.00111,0.28358,0.00291,0.00064,0.54638,0.12499,-0.07268,0.01683,-0.48812,-0.02260,0.00446,0.12230,0.18949,0.00748,0.51497,0.12349,0.02135,-0.00128,0.49373,0.12410,-0.00868,-0.30617,-0.02570,-0.00236,0.67629,0.19507,0.04673,0.00800,0.47771,-0.42619,0.00793,-0.35311,0.00055,0.00053,0.53908,0.12296,-0.03433,-0.00219,-0.55483,0.27424,0.00017,0.17039,-0.09717,-0.00250,0.58459,0.15322,0.04216,-0.00574
1.6500,165,0,1.6493,49.95,,,,,,,,,,,,,,,,,,,,,,,,,,,,,,,,,,,,,,,,,,,,,,,,,,,0.89033,-0.11495,-0.00080,0.28372,0.00260,0.00064,0.55254,0.12162,-0.07185,0.01613,-0.48920,-0.02028,0.00499,0.13169,0.18573,0.00783,0.52113,0.12280,0.02127,-0.00158,0.49983,0.11995,-0.00822,-0.30743,-0.02458,-0.00221,0.68587,0.18824,0.04710,0.00708,0.45650,-0.42206,0.00892,-0.35309,0.00030,0.00048,0.54515,0.11982,-0.03444,-0.00213,-0.54111,0.27418,-0.00040,0.16557,-0.09591,-0.00266,0.59218,0.15021,0.04188,-0.00550
1.7000,170,0,1.6993,49.99,,,,,,,,,,,,,,,,,,,,,,,,,,,,,,,,,,,,,,,,,,,,,,,,,,,0.88457,-0.11527,-0.00051,0.28384,0.00229,0.00063,0.55853,0.11791,-0.07106,0.01545,-0.49015,-0.01770,0.00550,0.14088,0.18182,0.00813,0.52724,0.12185,0.02119,-0.00187,0.50572,0.11605,-0.00770,-0.30863,-0.02354,-0.00203,0.69510,0.18070,0.04744,0.00620,0.43551,-0.41746,0.00982,-0.35308,0.00008,0.00044,0.55105,0.11639,-0.03454,-0.00207,-0.52741,0.27385,-0.00094,0.16080,-0.09457,-0.00279,0.59961,0.14695,0.04161,-0.00528
1.7500,175,0,1.7492,49.96,,,,,,,,,,,,,,,,,,,,,,,,,,,,,,,,,,,,,,,,,,,,,,,,,,,0.87880,-0.11545,-0.00023,0.28394,0.00198,0.00062,0.56433,0.11387,-0.07031,0.01482,-0.49096,-0.01488,0.00600,0.14987,0.17776,0.00839,0.53331,0.12055,0.02109,-0.00213,0.51143,0.11241,-0.00713,-0.30978,-0.02260,-0.00182,0.70393,0.17226,0.04773,0.00538,0.41476,-0.41244,0.01063,-0.35308,-0.00013,0.00040,0.55678,0.11269,-0.03464,-0.00201,-0.51373,0.27326,-0.00145,0.15611,-0.09317,-0.00291,0.60687,0.14343,0.04135,-0.00507
1.8000,180,0,1.7993,50.02,,,,,,,,,,,,,,,,,,,,,,,,,,,,,,,,,,,,,,,,,,,,,,,,,,,0.87303,-0.11549,0.00004,0.28404,0.00168,0.00061,0.56992,0.10955,-0.06958,0.01421,-0.49163,-0.01181,0.00650,0.15865,0.17359,0.00862,0.53929,0.11874,0.02098,-0.00238,0.51697,0.10906,-0.00650,-0.31089,-0.02176,-0.00158,0.71231,0.16269,0.04798,0.00460,0.39427,-0.40704,0.01137,-0.35310,-0.00031,0.00035,0.56232,0.10874,-0.03474,-0.00196,-0.50009,0.27244,-0.00191,0.15149,-0.09172,-0.00301,0.61395,0.13966,0.04110,-0.00487
1.8500,185,0,1.8493,50.02,,,,,,,,,,,,,,,,,,,,,,,,,,,,,,,,,,,,,,,,,,,,,,,,,,,0.86726,-0.11541,0.00029,0.28411,0.00138,0.00060,0.57528,0.10499,-0.06889,0.01363,-0.49214,-0.00850,0.00700,0.16722,0.16931,0.00882,0.54517,0.11623,0.02085,-0.00262,0.52235,0.10604,-0.00581,-0.31196,-0.02105,-0.00131,0.72017,0.15164,0.04819,0.00387,0.37406,-0.40130,0.01204,-0.35312,-0.00047,0.00031,0.56765,0.10457,-0.03484,-0.00190,-0.48649,0.27139,-0.00235,0.14694,-0.09022,-0.00309,0.62083,0.13564,0.04087,-0.00467
1.9000,190,0,1.8993,50.02,,,,,,,,,,,,,,,,,,,,,,,,,,,,,,,,,,,,,,,,,,,,,,,,,,,0.86149,-0.11521,0.00054,0.28417,0.00109,0.00058,0.58041,0.10024,-0.06822,0.01307,-0.49248,-0.00496,0.00741,0.17558,0.16493,0.00904,0.55090,0.11277,0.02071,-0.00284,0.52758,0.10335,-0.00518,-0.31300,-0.02049,-0.00094,0.72744,0.13882,0.04836,0.00317,0.35414,-0.39524,0.01264,-0.35314,-0.00061,0.00027,0.57277,0.10020,-0.03493,-0.00185,-0.47295,0.27014,-0.00276,0.14247,-0.08869,-0.00315,0.62751,0.13138,0.04064,-0.00449
1.9500,195,0,1.9493,50.01,,,,,,,,,,,,,,,,,,,,,,,,,,,,,,,,,,,,,,,,,,,,,,,,,,,0.85574,-0.11488,0.00079,0.28422,0.00082,0.00055,0.58530,0.09531,-0.06758,0.01255,-0.49263,-0.00125,0.00770,0.18371,0.16044,0.00931,0.55643,0.10846,0.02057,-0.00304,0.53269,0.10094,-0.00467,-0.31401,-0.02014,-0.00046,0.73403,0.12435,0.04850,0.00252,0.33454,-0.38891,0.01317,-0.35318,-0.00074,0.00022,0.57767,0.09566,-0.03502,-0.00180,-0.45948,0.26869,-0.00314,0.13807,-0.08713,-0.00321,0.63397,0.12690,0.04042,-0.00432
2.0000,200,0,1.9994,50.07,,,,,,,,,,,,,,,,,,,,,,,,,,,,,,,,,,,,,,,,,,,,,,,,,,,0.85000,-0.11444,0.00103,0.28426,0.00056,0.00051,0.58994,0.09023,-0.06696,0.01204,-0.49260,0.00257,0.00787,0.19162,0.15579,0.00963,0.56173,0.10347,0.02041,-0.00323,0.53768,0.09876,-0.00427,-0.31502,-0.02006,0.00013,0.73985,0.10848,0.04861,0.00190,0.31526,-0.38233,0.01364,-0.35322,-0.00083,0.00018,0.58234,0.09097,-0.03511,-0.00176,-0.44609,0.26706,-0.00349,0.13376,-0.08554,-0.00324,0.64020,0.12221,0.04021,-0.00415
2.0500,205,0,2.0494,50.03,,,,,,,,,,,,,,,,,,,,,,,,,,,,,,,,,,,,,,,,,,,,,,,,,,,0.84430,-0.11387,0.00128,0.28428,0.00032,0.00046,0.59432,0.08501,-0.06637,0.01156,-0.49238,0.00645,0.00792,0.19929,0.15099,0.00997,0.56677,0.09791,0.02024,-0.00341,0.54256,0.09673,-0.00400,-0.31603,-0.02028,0.00079,0.74486,0.09146,0.04869,0.00131,0.29631,-0.37553,0.01406,-0.35326,-0.00091,0.00014,0.58676,0.08616,-0.03520,-0.00171,-0.43278,0.26527,-0.00382,0.12952,-0.08395,-0.00327,0.64619,0.11736,0.04000,-0.00399
2.1000,210,0,2.0996,50.14,,,,,,,,,,,,,,,,,,,,,,,,,,,,,,,,,,,,,,,,,,,,,,,,,,,0.83862,-0.11318,0.00152,0.28429,0.00011,0.00040,0.59844,0.07968,-0.06581,0.01111,-0.49196,0.01033,0.00787,0.20672,0.14601,0.01032,0.57152,0.09192,0.02007,-0.00357,0.54735,0.09482,-0.00383,-0.31705,-0.02084,0.00151,0.74898,0.07355,0.04875,0.00076,0.27771,-0.36855,0.01442,-0.35331,-0.00097,0.00009,0.59095,0.08125,-0.03528,-0.00167,-0.41956,0.26332,-0.00413,0.12536,-0.08234,-0.00329,0.65193,0.11236,0.03981,-0.00384
2.1500,215,0,2.1494,49.88,,,,,,,,,,,,,,,,,,,,,,,,,,,,,,,,,,,,,,,,,,,,,,,,,,,0.83298,-0.11238,0.00176,0.28429,-0.00007,0.00034,0.60229,0.07426,-0.06526,0.01067,-0.49134,0.01415,0.00772,0.21389,0.14087,0.01067,0.57595,0.08560,0.01989,-0.00372,0.55205,0.09296,-0.00376,-0.31812,-0.02176,0.00225,0.75220,0.05502,0.04877,0.00024,0.25946,-0.36139,0.01474,-0.35336,-0.00101,0.00005,0.59489,0.07628,-0.03537,-0.00163,-0.40645,0.26123,-0.00441,0.12128,-0.08072,-0.00330,0.65742,0.10725,0.03962,-0.00370
2.2000,220,0,2.1994,49.97,,,,,,,,,,,,,,,,,,,,,,,,,,,,,,,,,,,,,,,,,,,,,,,,,,,0.82738,-0.11145,0.00200,0.28428,-0.00022,0.00028,0.60587,0.06878,-0.06474,0.01026,-0.49054,0.01788,0.00748,0.22080,0.13555,0.01101,0.58007,0.07906,0.01970,-0.00386,0.55665,0.09112,-0.00377,-0.31923,-0.02305,0.00301,0.75448,0.03612,0.04877,-0.00025,0.24157,-0.35410,0.01500,-0.35341,-0.00102,0.00001,0.59858,0.07126,-0.03545,-0.00158,-0.39344,0.25900,-0.00467,0.11729,-0.07910,-0.00330,0.66265,0.10208,0.03944,-0.00356
2.2500,225,0,2.2494,50.02,,,,,,,,,,,,,,,,,,,,,,,,,,,,,,,,,,,,,,,,,,,,,,,,,,,0.82184,-0.11041,0.00223,0.28427,-0.00034,0.00022,0.60917,0.06329,-0.06424,0.00986,-0.48956,0.02148,0.00718,0.22744,0.13007,0.01132,0.58386,0.07241,0.01950,-0.00399,0.56116,0.08925,-0.00385,-0.32043,-0.02471,0.00375,0.75581,0.01713,0.04875,-0.00071,0.22405,-0.34668,0.01523,-0.35346,-0.00101,-0.00004,0.60201,0.06622,-0.03552,-0.00155,-0.38055,0.25665,-0.00492,0.11337,-0.07749,-0.00329,0.66763,0.09688,0.03926,-0.00343
2.3000,230,0,2.2994,50.00,,,,,,,,,,,,,,,,,,,,,,,,,,,,,,,,,,,,,,,,,,,,,,,,,,,0.81634,-0.10926,0.00246,0.28425,-0.00044,0.00015,0.61219,0.05781,-0.06375,0.00948,-0.48840,0.02492,0.00682,0.23380,0.12445,0.01159,0.58731,0.06575,0.01930,-0.00411,0.56557,0.08733,-0.00400,-0.32171,-0.02672,0.00445,0.75620,-0.00169,0.04870,-0.00114,0.20690,-0.33916,0.01541,-0.35351,-0.00099,-0.00008,0.60520,0.06119,-0.03560,-0.00151,-0.36778,0.25418,-0.00514,0.10954,-0.07588,-0.00328,0.67234,0.09168,0.03909,-0.00331
2.3500,235,0,2.3496,50.15,,,,,,,,,,,,,,,,,,,,,,,,,,,,,,,,,,,,,,,,,,,,,,,,,,,0.81091,-0.10801,0.00267,0.28423,-0.00050,0.00009,0.61495,0.05238,-0.06329,0.00912,-0.48707,0.02817,0.00642,0.23988,0.11870,0.01182,0.59044,0.05916,0.01909,-0.00422,0.56989,0.08532,-0.00418,-0.32310,-0.02907,0.00510,0.75565,-0.02007,0.04863,-0.00155,0.19014,-0.33157,0.01555,-0.35356,-0.00094,-0.00012,0.60813,0.05620,-0.03568,-0.00147,-0.35514,0.25161,-0.00535,0.10579,-0.07427,-0.00326,0.67680,0.08653,0.03893,-0.00319
2.4000,240,0,2.3994,49.82,,,,,,,,,,,,,,,,,,,,,,,,,,,,,,,,,,,,,,,,,,,,,,,,,,,0.80555,-0.10664,0.00288,0.28420,-0.00053,0.00003,0.61743,0.04702,-0.06284,0.00878,-0.48558,0.03121,0.00599,0.24567,0.11287,0.01197,0.59323,0.05276,0.01888,-0.00432,0.57410,0.08323,-0.00438,-0.32462,-0.03171,0.00567,0.75420,-0.03775,0.04855,-0.00193,0.17375,-0.32391,0.01566,-0.35360,-0.00087,-0.00017,0.61082,0.05127,-0.03575,-0.00144,-0.34262,0.24894,-0.00553,0.10211,-0.07268,-0.00324,0.68100,0.08147,0.03877,-0.00308
2.4500,245,0,2.4494,50.01,,,,,,,,,,,,,,,,,,,,,,,,,,,,,,,,,,,,,,,,,,,,,,,,,,,0.80025,-0.10518,0.00308,0.28417,-0.00053,-0.00002,0.61965,0.04177,-0.06241,0.00845,-0.48395,0.03404,0.00555,0.25117,0.10697,0.01206,0.59572,0.04662,0.01866,-0.00442,0.57821,0.08103,-0.00459,-0.32628,-0.03461,0.00615,0.75189,-0.05449,0.04844,-0.00229,0.15775,-0.31621,0.01573,-0.35364,-0.00077,-0.00021,0.61326,0.04643,-0.03582,-0.00141,-0.33024,0.24618,-0.00571,0.09852,-0.07109,-0.00322,0.68495,0.07652,0.03862,-0.00297
2.5000,250,0,2.4994,49.96,,,,,,,,,,,,,,,,,,,,,,,,,,,,,,,,,,,,,,,,,,,,,,,,,,,0.79503,-0.10363,0.00326,0.28415,-0.00050,-0.00007,0.62161,0.03666,-0.06200,0.00814,-0.48218,0.03665,0.00511,0.25637,0.10105,0.01207,0.59790,0.04083,0.01844,-0.00450,0.58221,0.07873,-0.00478,-0.32809,-0.03772,0.00652,0.74877,-0.07006,0.04832,-0.00263,0.14213,-0.30848,0.01578,-0.35368,-0.00066,-0.00025,0.61546,0.04170,-0.03589,-0.00137,-0.31801,0.24334,-0.00586,0.09500,-0.06952,-0.00320,0.68865,0.07172,0.03848,-0.00287
2.5500,255,0,2.5494,50.05,,,,,,,,,,,,,,,,,,,,,,,,,,,,,,,,,,,,,,,,,,,,,,,,,,,0.78989,-0.10199,0.00343,0.28412,-0.00046,-0.00011,0.62332,0.03171,-0.06160,0.00784,-0.48029,0.03905,0.00469,0.26127,0.09515,0.01198,0.59981,0.03550,0.01821,-0.00458,0.58608,0.07635,-0.00493,-0.33005,-0.04099,0.00677,0.74491,-0.08426,0.04818,-0.00295,0.12690,-0.30074,0.01579,-0.35371,-0.00052,-0.00030,0.61743,0.03710,-0.03596,-0.00134,-0.30591,0.24043,-0.00601,0.09157,-0.06796,-0.00317,0.69212,0.06711,0.03834,-0.00277
2.6000,260,0,2.5995,50.10,,,,,,,,,,,,,,,,,,,,,,,,,,,,,,,,,,,,,,,,,,,,,,,,,,,0.78483,-0.10026,0.00359,0.28410,-0.00039,-0.00015,0.62479,0.02694,-0.06121,0.00756,-0.47828,0.04126,0.00431,0.26589,0.08931,0.01181,0.60146,0.03069,0.01798,-0.00465,0.58984,0.07390,-0.00503,-0.33219,-0.04434,0.00689,0.74037,-0.09688,0.04802,-0.00324,0.11205,-0.29300,0.01577,-0.35373,-0.00037,-0.00034,0.61918,0.03266,-0.03602,-0.00131,-0.29396,0.23745,-0.00613,0.08821,-0.06641,-0.00315,0.69537,0.06270,0.03820,-0.00268
2.6500,265,0,2.6498,50.31,,,,,,,,,,,,,,,,,,,,,,,,,,,,,,,,,,,,,,,,,,,,,,,,,,,0.77986,-0.09847,0.00373,0.28408,-0.00031,-0.00018,0.62602,0.02237,-0.06084,0.00728,-0.47617,0.04329,0.00398,0.27021,0.08358,0.01153,0.60289,0.02651,0.01774,-0.00471,0.59347,0.07142,-0.00506,-0.33449,-0.04773,0.00687,0.73525,-0.10776,0.04785,-0.00352,0.09760,-0.28527,0.01573,-0.35374,-0.00019,-0.00038,0.62070,0.02839,-0.03609,-0.00129,-0.28217,0.23441,-0.00625,0.08492,-0.06487,-0.00312,0.69840,0.05851,0.03807,-0.00259
2.7000,270,0,2.6999,50.05,,,,,,,,,,,,,,,,,,,,,,,,,,,,,,,,,,,,,,,,,,,,,,,,,,,0.77499,-0.09661,0.00385,0.28407,-0.00022,-0.00020,0.62703,0.01802,-0.06048,0.00703,-0.47396,0.04518,0.00371,0.27425,0.07801,0.01117,0.60412,0.02303,0.01751,-0.00476,0.59698,0.06895,-0.00500,-0.33696,-0.05106,0.00673,0.72963,-0.11676,0.04767,-0.00378,0.08353,-0.27757,0.01567,-0.35375,0.00001,-0.00043,0.62202,0.02432,-0.03615,-0.00126,-0.27052,0.23132,-0.00635,0.08172,-0.06334,-0.00310,0.70122,0.05457,0.03794,-0.00250
2.7500,275,0,2.7503,50.48,,,,,,,,,,,,,,,,,,,,,,,,,,,,,,,,,,,,,,,,,,,,,,,,,,,0.77020,-0.09469,0.00396,0.28406,-0.00011,-0.00023,0.62782,0.01390,-0.06014,0.00678,-0.47165,0.04693,0.00345,0.27801,0.07262,0.01083,0.60520,0.02021,0.01727,-0.00481,0.60037,0.06652,-0.00492,-0.33959,-0.05433,0.00661,0.72360,-0.12394,0.04748,-0.00403,0.06984,-0.26990,0.01558,-0.35374,0.00023,-0.00047,0.62314,0.02046,-0.03621,-0.00123,-0.25904,0.22819,-0.00644,0.07859,-0.06183,-0.00308,0.70386,0.05087,0.03782,-0.00242
2.8000,280,0,2.8000,49.63,,,,,,,,,,,,,,,,,,,,,,,,,,,,,,,,,,,,,,,,,,,,,,,,,,,0.76552,-0.09273,0.00406,0.28406,0.00001,-0.00027,0.62842,0.01006,-0.05980,0.00654,-0.46926,0.04856,0.00319,0.28151,0.06738,0.01055,0.60615,0.01782,0.01703,-0.00486,0.60363,0.06412,-0.00485,-0.34239,-0.05755,0.00654,0.71726,-0.12963,0.04727,-0.00425,0.05653,-0.26229,0.01548,-0.35373,0.00047,-0.00051,0.62407,0.01682,-0.03627,-0.00121,-0.24771,0.22501,-0.00651,0.07554,-0.06033,-0.00306,0.70631,0.04742,0.03770,-0.00235
2.8500,285,0,2.8496,49.62,,,,,,,,,,,,,,,,,,,,,,,,,,,,,,,,,,,,,,,,,,,,,,,,,,,0.76093,-0.09071,0.00415,0.28406,0.00015,-0.00032,0.62884,0.00653,-0.05948,0.00632,-0.46680,0.05007,0.00293,0.28475,0.06226,0.01032,0.60699,0.01572,0.01678,-0.00490,0.60678,0.06176,-0.00477,-0.34535,-0.06075,0.00652,0.71066,-0.13404,0.04705,-0.00446,0.04361,-0.25472,0.01535,-0.35370,0.00073,-0.00056,0.62482,0.01343,-0.03633,-0.00118,-0.23654,0.22180,-0.00658,0.07256,-0.05883,-0.00303,0.70860,0.04423,0.03758,-0.00227
2.9000,290,0,2.8998,50.21,,,,,,,,,,,,,,,,,,,,,,,,,,,,,,,,,,,,,,,,,,,,,,,,,,,0.75645,-0.08865,0.00424,0.28408,0.00032,-0.00038,0.62908,0.00332,-0.05917,0.00610,-0.46426,0.05144,0.00266,0.28774,0.05724,0.01016,0.60772,0.01382,0.01654,-0.00493,0.60981,0.05944,-0.00469,-0.34847,-0.06396,0.00656,0.70387,-0.13733,0.04682,-0.00466,0.03106,-0.24723,0.01521,-0.35365,0.00102,-0.00060,0.62542,0.01029,-0.03639,-0.00116,-0.22553,0.21856,-0.00663,0.06965,-0.05735,-0.00302,0.71074,0.04129,0.03747,-0.00220
2.9500,295,0,2.9499,50.08,,,,,,,,,,,,,,,,,,,,,,,,,,,,,,,,,,,,,,,,,,,,,,,,,,,0.75207,-0.08655,0.00431,0.28410,0.00052,-0.00045,0.62917,0.00043,-0.05887,0.00589,-0.46166,0.05268,0.00239,0.29048,0.05229,0.01005,0.60837,0.01208,0.01629,-0.00496,0.61272,0.05716,-0.00462,-0.35175,-0.06720,0.00666,0.69695,-0.13960,0.04658,-0.00484,0.01889,-0.23981,0.01505,-0.35359,0.00132,-0.00064,0.62586,0.00741,-0.03645,-0.00113,-0.21468,0.21529,-0.00668,0.06682,-0.05587,-0.00300,0.71274,0.03859,0.03736,-0.00214
3.0000,300,0,3.0000,50.07,,,,,,,,,,,,,,,,,,,,,,,,,,,,,,,,,,,,,,,,,,,,,,,,,,,0.74779,-0.08442,0.00438,0.28413,0.00076,-0.00053,0.62913,-0.00212,-0.05858,0.00570,-0.45899,0.05378,0.00211,0.29297,0.04738,0.01000,0.60894,0.01051,0.01604,-0.00498,0.61553,0.05491,-0.00456,-0.35519,-0.07050,0.00681,0.68993,-0.14090,0.04634,-0.00501,0.00708,-0.23246,0.01488,-0.35352,0.00165,-0.00069,0.62616,0.00479,-0.03651,-0.00111,-0.20400,0.21201,-0.00671,0.06407,-0.05440,-0.00299,0.71460,0.03614,0.03726,-0.00207
3.0500,305,0,3.0500,50.03,,,,,,,,,,,,,,,,,,,,,,,,,,,,,,,,,,,,,,,,,,,,,,,,,,,0.74363,-0.08226,0.00444,0.28417,0.00103,-0.00061,0.62897,-0.00434,-0.05830,0.00551,-0.45628,0.05474,0.00182,0.29521,0.04248,0.00994,0.60943,0.00913,0.01579,-0.00500,0.61822,0.05269,-0.00450,-0.35880,-0.07387,0.00692,0.68287,-0.14121,0.04608,-0.00517,-0.00436,-0.22521,0.01469,-0.35343,0.00199,-0.00073,0.62634,0.00245,-0.03656,-0.00109,-0.19348,0.20871,-0.00674,0.06138,-0.05294,-0.00298,0.71635,0.03394,0.03716,-0.00201
3.1000,310,0,3.0998,49.79,,,,,,,,,,,,,,,,,,,,,,,,,,,,,,,,,,,,,,,,,,,,,,,,,,,0.73957,-0.08006,0.00450,0.28423,0.00135,-0.00068,0.62870,-0.00625,-0.05803,0.00533,-0.45352,0.05557,0.00154,0.29722,0.03763,0.00982,0.60985,0.00800,0.01554,-0.00501,0.62080,0.05049,-0.00444,-0.36258,-0.07727,0.00692,0.67582,-0.14051,0.04582,-0.00532,-0.01544,-0.21805,0.01450,-0.35332,0.00236,-0.00077,0.62641,0.00038,-0.03662,-0.00107,-0.18313,0.20540,-0.00675,0.05877,-0.05148,-0.00297,0.71800,0.03198,0.03706,-0.00195
3.1500,315,0,3.1498,50.02,,,,,,,,,,,,,,,,,,,,,,,,,,,,,,,,,,,,,,,,,,,,,,,,,,,0.73562,-0.07785,0.00454,0.28431,0.00170,-0.00076,0.62835,-0.00784,-0.05777,0.00516,-0.45073,0.05625,0.00126,0.29898,0.03286,0.00963,0.61023,0.00715,0.01529,-0.00503,0.62327,0.04833,-0.00438,-0.36652,-0.08065,0.00682,0.66884,-0.13879,0.04555,-0.00545,-0.02617,-0.21099,0.01429,-0.35319,0.00275,-0.00081,0.62638,-0.00142,-0.03667,-0.00105,-0.17294,0.20209,-0.00676,0.05623,-0.05003,-0.00297,0.71956,0.03026,0.03696,-0.00190
3.2000,320,0,3.1998,50.02,,,,,,,,,,,,,,,,,,,,,,,,,,,,,,,,,,,,,,,,,,,,,,,,,,,0.73178,-0.07561,0.00458,0.28440,0.00209,-0.00082,0.62792,-0.00913,-0.05752,0.00499,-0.44790,0.05680,0.00099,0.30051,0.02820,0.00938,0.61057,0.00660,0.01504,-0.00503,0.62563,0.04620,-0.00430,-0.37064,-0.08395,0.00661,0.66196,-0.13607,0.04528,-0.00558,-0.03654,-0.20404,0.01407,-0.35304,0.00316,-0.00086,0.62627,-0.00296,-0.03672,-0.00103,-0.16292,0.19877,-0.00676,0.05377,-0.04857,-0.00297,0.72103,0.02877,0.03687,-0.00185
3.2500,325,0,3.2497,49.90,,,,,,,,,,,,,,,,,,,,,,,,,,,,,,,,,,,,,,,,,,,,,,,,,,,0.72806,-0.07336,0.00461,0.28452,0.00251,-0.00089,0.62744,-0.01014,-0.05727,0.00484,-0.44505,0.05722,0.00073,0.30180,0.02367,0.00908,0.61090,0.00637,0.01479,-0.00504,0.62789,0.04412,-0.00420,-0.37492,-0.08712,0.00630,0.65525,-0.13238,0.04499,-0.00569,-0.04657,-0.19719,0.01384,-0.35288,0.00359,-0.00090,0.62609,-0.00423,-0.03677,-0.00101,-0.15306,0.19545,-0.00675,0.05138,-0.04712,-0.00297,0.72244,0.02752,0.03678,-0.00180
3.3000,330,0,3.2998,50.12,,,,,,,,,,,,,,,,,,,,,,,,,,,,,,,,,,,,,,,,,,,,,,,,,,,0.72445,-0.07109,0.00463,0.28465,0.00296,-0.00094,0.62691,-0.01086,-0.05703,0.00469,-0.44218,0.05753,0.00051,0.30288,0.01930,0.00871,0.61122,0.00645,0.01453,-0.00504,0.63004,0.04209,-0.00407,-0.37935,-0.09011,0.00588,0.64874,-0.12775,0.04471,-0.00580,-0.05627,-0.19046,0.01360,-0.35269,0.00404,-0.00094,0.62585,-0.00525,-0.03682,-0.00099,-0.14337,0.19214,-0.00674,0.04906,-0.04566,-0.00298,0.72379,0.02650,0.03669,-0.00175
3.3500,335,0,3.3505,50.69,,,,,,,,,,,,,,,,,,,,,,,,,,,,,,,,,,,,,,,,,,,,,,,,,,,0.72095,-0.06882,0.00464,0.28481,0.00344,-0.00100,0.62636,-0.01132,-0.05680,0.00454,-0.43930,0.05772,0.00031,0.30374,0.01513,0.00829,0.61155,0.00686,0.01428,-0.00504,0.63210,0.04013,-0.00391,-0.38392,-0.09287,0.00537,0.64249,-0.12226,0.04441,-0.00589,-0.06562,-0.18385,0.01336,-0.35247,0.00451,-0.00098,0.62557,-0.00603,-0.03687,-0.00097,-0.13385,0.18884,-0.00672,0.04681,-0.04420,-0.00299,0.72509,0.02569,0.03660,-0.00170
3.4000,340,0,3.3996,49.11,,,,,,,,,,,,,,,,,,,,,,,,,,,,,,,,,,,,,,,,,,,,,,,,,,,0.71757,-0.06654,0.00464,0.28500,0.00394,-0.00105,0.62578,-0.01152,-0.05658,0.00440,-0.43641,0.05783,0.00014,0.30439,0.01118,0.00782,0.61191,0.00758,0.01403,-0.00503,0.63406,0.03826,-0.00370,-0.38863,-0.09536,0.00477,0.63653,-0.11596,0.04412,-0.00598,-0.07465,-0.17736,0.01311,-0.35223,0.00500,-0.00102,0.62525,-0.00656,-0.03692,-0.00096,-0.12449,0.18555,-0.00669,0.04464,-0.04273,-0.00300,0.72636,0.02509,0.03652,-0.00166
3.4500,345,0,3.4499,50.24,,,,,,,,,,,,,,,,,,,,,,,,,,,,,,,,,,,,,,,,,,,,,,,,,,,0.71430,-0.06427,0.00463,0.28521,0.00446,-0.00109,0.62521,-0.01149,-0.05636,0.00427,-0.43352,0.05787,0.00002,0.30486,0.00746,0.00731,0.61231,0.00861,0.01378,-0.00502,0.63592,0.03650,-0.00345,-0.39345,-0.09753,0.00408,0.63090,-0.10895,0.04382,-0.00606,-0.08336,-0.17100,0.01285,-0.35197,0.00551,-0.00106,0.62492,-0.00687,-0.03697,-0.00094,-0.11529,0.18228,-0.00666,0.04254,-0.04125,-0.00302,0.72760,0.02468,0.03644,-0.00162
3.5000,350,0,3.4997,49.79,,,,,,,,,,,,,,,,,,,,,,,,,,,,,,,,,,,,,,,,,,,,,,,,,,,0.71114,-0.06200,0.00461,0.28545,0.00501,-0.00114,0.62464,-0.01124,-0.05615,0.00415,-0.43062,0.05786,-0.00006,0.30514,0.00402,0.00675,0.61277,0.00992,0.01353,-0.00501,0.63771,0.03489,-0.00313,-0.39838,-0.09935,0.00331,0.62564,-0.10131,0.04351,-0.00613,-0.09175,-0.16476,0.01258,-0.35168,0.00604,-0.00109,0.62457,-0.00695,-0.03701,-0.00092,-0.10626,0.17902,-0.00662,0.04051,-0.03976,-0.00305,0.72883,0.02445,0.03636,-0.00158
3.5500,355,0,3.5500,50.31,,,,,,,,,,,,,,,,,,,,,,,,,,,,,,,,,,,,,,,,,,,,,,,,,,,0.70810,-0.05975,0.00457,0.28571,0.00558,-0.00117,0.62409,-0.01079,-0.05595,0.00402,-0.42773,0.05782,-0.00009,0.30526,0.00085,0.00615,0.61331,0.01150,0.01328,-0.00500,0.63942,0.03344,-0.00276,-0.40338,-0.10077,0.00247,0.62078,-0.09317,0.04320,-0.00619,-0.09984,-0.15865,0.01232,-0.35137,0.00658,-0.00113,0.62423,-0.00683,-0.03706,-0.00091,-0.09739,0.17579,-0.00657,0.03856,-0.03826,-0.00307,0.73005,0.02439,0.03628,-0.00154
3.6000,360,0,3.5998,49.86,,,,,,,,,,,,,,,,,,,,,,,,,,,,,,,,,,,,,,,,,,,,,,,,,,,0.70516,-0.05752,0.00453,0.28600,0.00616,-0.00121,0.62356,-0.01015,-0.05575,0.00391,-0.42484,0.05778,-0.00006,0.30523,-0.00201,0.00552,0.61393,0.01333,0.01303,-0.00498,0.64106,0.03219,-0.00232,-0.40845,-0.10176,0.00157,0.61633,-0.08465,0.04289,-0.00625,-0.10762,-0.15268,0.01205,-0.35102,0.00715,-0.00117,0.62389,-0.00651,-0.03710,-0.00089,-0.08868,0.17258,-0.00652,0.03669,-0.03674,-0.00310,0.73127,0.02448,0.03620,-0.00150
3.6500,365,0,3.6501,50.29,,,,,,,,,,,,,,,,,,,,,,,,,,,,,,,,,,,,,,,,,,,,,,,,,,,0.70234,-0.05531,0.00447,0.28633,0.00676,-0.00124,0.62308,-0.00934,-0.05556,0.00380,-0.42195,0.05777,0.00003,0.30507,-0.00456,0.00486,0.61464,0.01535,0.01278,-0.00497,0.64264,0.03118,-0.00180,-0.41355,-0.10230,0.00060,0.61232,-0.07590,0.04258,-0.00630,-0.11511,-0.14683,0.01177,-0.35065,0.00773,-0.00120,0.62358,-0.00601,-0.03715,-0.00088,-0.08013,0.16939,-0.00647,0.03489,-0.03521,-0.00314,0.73250,0.02470,0.03613,-0.00147
3.7000,370,0,3.6998,49.64,,,,,,,,,,,,,,,,,,,,,,,,,,,,,,,,,,,,,,,,,,,,,,,,,,,0.69963,-0.05313,0.00440,0.28668,0.00738,-0.00127,0.62263,-0.00839,-0.05537,0.00369,-0.41906,0.05782,0.00020,0.30478,-0.00678,0.00418,0.61546,0.01750,0.01253,-0.00495,0.64418,0.03044,-0.00120,-0.41867,-0.10235,-0.00041,0.60874,-0.06710,0.04226,-0.00634,-0.12231,-0.14113,0.01149,-0.35025,0.00833,-0.00124,0.62329,-0.00533,-0.03719,-0.00086,-0.07174,0.16623,-0.00641,0.03317,-0.03367,-0.00317,0.73374,0.02502,0.03606,-0.00143
3.7500,375,0,3.7502,50.41,,,,,,,,,,,,,,,,,,,,,,,,,,,,,,,,,,,,,,,,,,,,,,,,,,,0.69703,-0.05099,0.00432,0.28706,0.00801,-0.00130,0.62224,-0.00729,-0.05519,0.00359,-0.41617,0.05797,0.00043,0.30439,-0.00865,0.00347,0.61639,0.01972,0.01229,-0.00492,0.64569,0.03002,-0.00052,-0.42378,-0.10189,-0.00146,0.60561,-0.05845,0.04195,-0.00638,-0.12922,-0.13556,0.01122,-0.34982,0.00895,-0.00127,0.62305,-0.00449,-0.03723,-0.00085,-0.06351,0.16310,-0.00635,0.03152,-0.03210,-0.00321,0.73500,0.02544,0.03599,-0.00140
3.8000,380,0,3.7997,49.52,,,,,,,,,,,,,,,,,,,,,,,,,,,,,,,,,,,,,,,,,,,,,,,,,,,0.69453,-0.04890,0.00422,0.28748,0.00865,-0.00132,0.62191,-0.00605,-0.05501,0.00349,-0.41326,0.05826,0.00075,0.30392,-0.01018,0.00275,0.61743,0.02187,0.01204,-0.00490,0.64719,0.02995,0.00026,-0.42885,-0.10091,-0.00255,0.60289,-0.05020,0.04163,-0.00641,-0.13587,-0.13013,0.01093,-0.34936,0.00958,-0.00131,0.62285,-0.00349,-0.03728,-0.00084,-0.05543,0.16000,-0.00629,0.02996,-0.03052,-0.00324,0.73629,0.02592,0.03592,-0.00137
3.8500,385,0,3.8496,49.86,,,,,,,,,,,,,,,,,,,,,,,,,,,,,,,,,,,,,,,,,,,,,,,,,,,0.69214,-0.04685,0.00411,0.28793,0.00930,-0.00134,0.62164,-0.00469,-0.05484,0.00340,-0.41034,0.05872,0.00115,0.30338,-0.01135,0.00202,0.61858,0.02380,0.01180,-0.00488,0.64869,0.03029,0.00113,-0.43386,-0.09939,-0.00366,0.60057,-0.04265,0.04130,-0.00644,-0.14224,-0.12483,0.01065,-0.34886,0.01023,-0.00134,0.62270,-0.00234,-0.03732,-0.00082,-0.04751,0.15693,-0.00623,0.02847,-0.02892,-0.00328,0.73760,0.02646,0.03585,-0.00134
3.9000,390,0,3.8997,50.17,,,,,,,,,,,,,,,,,,,,,,,,,,,,,,,,,,,,,,,,,,,,,,,,,,,0.68985,-0.04487,0.00398,0.28841,0.00997,-0.00136,0.62144,-0.00317,-0.05467,0.00331,-0.40739,0.05940,0.00164,0.30279,-0.01216,0.00128,0.61981,0.02527,0.01155,-0.00485,0.65022,0.03108,0.00209,-0.43878,-0.09732,-0.00478,0.59861,-0.03617,0.04098,-0.00646,-0.14835,-0.11968,0.01037,-0.34833,0.01089,-0.00137,0.62262,-0.00106,-0.03736,-0.00081,-0.03974,0.15389,-0.00616,0.02706,-0.02730,-0.00332,0.73893,0.02703,0.03578,-0.00131
3.9500,395,0,3.9500,50.28,,,,,,,,,,,,,,,,,,,,,,,,,,,,,,,,,,,,,,,,,,,,,,,,,,,0.68765,-0.04295,0.00385,0.28893,0.01064,-0.00138,0.62132,-0.00151,-0.05451,0.00322,-0.40440,0.06033,0.00216,0.30217,-0.01261,0.00054,0.62110,0.02618,0.01131,-0.00482,0.65181,0.03235,0.00308,-0.44358,-0.09470,-0.00591,0.59694,-0.03092,0.04066,-0.00648,-0.15421,-0.11466,0.01009,-0.34777,0.01157,-0.00140,0.62260,0.00036,-0.03740,-0.00080,-0.03212,0.15088,-0.00609,0.02574,-0.02566,-0.00336,0.74030,0.02763,0.03572,-0.00128
4.0000,400,0,3.9997,49.72,,,,,,,,,,,,,,,,,,,,,,,,,,,,,,,,,,,,,,,,,,,,,,,,,,,0.68555,-0.04110,0.00370,0.28948,0.01132,-0.00140,0.62129,0.00025,-0.05435,0.00314,-0.40135,0.06152,0.00270,0.30154,-0.01269,-0.00021,0.62242,0.02674,0.01107,-0.00479,0.65347,0.03410,0.00408,-0.44824,-0.09151,-0.00706,0.59550,-0.02663,0.04033,-0.00649,-0.15982,-0.10978,0.00981,-0.34717,0.01227,-0.00143,0.62265,0.00189,-0.03744,-0.00078,-0.02465,0.14791,-0.00602,0.02450,-0.02400,-0.00340,0.74170,0.02825,0.03565,-0.00126
4.0500,405,0,4.0497,50.01,,,,,,,,,,,,,,,,,,,,,,,,,,,,,,,,,,,,,,,,,,,,,,,,,,,0.68354,-0.03932,0.00356,0.29006,0.01201,-0.00141,0.62135,0.00210,-0.05419,0.00306,-0.39824,0.06297,0.00319,0.30091,-0.01240,-0.00097,0.62377,0.02713,0.01083,-0.00476,0.65523,0.03634,0.00499,-0.45272,-0.08776,-0.00823,0.59426,-0.02307,0.04001,-0.00650,-0.16519,-0.10504,0.00952,-0.34654,0.01298,-0.00146,0.62279,0.00353,-0.03748,-0.00077,-0.01733,0.14497,-0.00596,0.02334,-0.02233,-0.00344,0.74312,0.02889,0.03559,-0.00123
4.1000,410,0,4.0993,49.60,,,,,,,,,,,,,,,,,,,,,,,,,,,,,,,,,,,,,,,,,,,,,,,,,,,0.68162,-0.03760,0.00343,0.29068,0.01270,-0.00141,0.62150,0.00402,-0.05404,0.00298,-0.39505,0.06463,0.00354,0.30030,-0.01174,-0.00174,0.62513,0.02743,0.01059,-0.00473,0.65711,0.03896,0.00568,-0.45701,-0.08344,-0.00940,0.59318,-0.02006,0.03968,-0.00651,-0.17033,-0.10044,0.00924,-0.34588,0.01370,-0.00149,0.62301,0.00527,-0.03752,-0.00076,-0.01015,0.14207,-0.00589,0.02227,-0.02063,-0.00348,0.74459,0.02956,0.03553,-0.00121
4.1500,415,0,4.1498,50.47,,,,,,,,,,,,,,,,,,,,,,,,,,,,,,,,,,,,,,,,,,,,,,,,,,,0.67978,-0.03595,0.00332,0.29133,0.01340,-0.00142,0.62175,0.00599,-0.05389,0.00291,-0.39177,0.06642,0.00373,0.29974,-0.01070,-0.00250,0.62651,0.02773,0.01036,-0.00470,0.65913,0.04187,0.00615,-0.46106,-0.07854,-0.01055,0.59225,-0.01748,0.03936,-0.00651,-0.17523,-0.09597,0.00897,-0.34517,0.01444,-0.00152,0.62332,0.00710,-0.03755,-0.00075,-0.00312,0.13919,-0.00583,0.02128,-0.01892,-0.00351,0.74608,0.03026,0.03547,-0.00118
4.2000,420,0,4.2006,50.74,,,,,,,,,,,,,,,,,,,,,,,,,,,,,,,,,,,,,,,,,,,,,,,,,,,0.67802,-0.03434,0.00322,0.29202,0.01410,-0.00143,0.62210,0.00800,-0.05375,0.00284,-0.38841,0.06826,0.00378,0.29924,-0.00929,-0.00322,0.62790,0.02807,0.01012,-0.00467,0.66130,0.04496,0.00641,-0.46485,-0.07310,-0.01164,0.59143,-0.01522,0.03903,-0.00651,-0.17992,-0.09164,0.00869,-0.34443,0.01519,-0.00155,0.62372,0.00902,-0.03759,-0.00074,0.00377,0.13635,-0.00577,0.02037,-0.01719,-0.00354,0.74761,0.03099,0.03541,-0.00116
4.2500,425,0,4.2502,49.67,,,,,,,,,,,,,,,,,,,,,,,,,,,,,,,,,,,,,,,,,,,,,,,,,,,0.67634,-0.03279,0.00313,0.29274,0.01480,-0.00144,0.62255,0.01007,-0.05361,0.00277,-0.38495,0.07011,0.00371,0.29882,-0.00754,-0.00390,0.62932,0.02846,0.00989,-0.00463,0.66362,0.04813,0.00648,-0.46836,-0.06714,-0.01266,0.59072,-0.01320,0.03871,-0.00650,-0.18440,-0.08744,0.00842,-0.34365,0.01596,-0.00157,0.62422,0.01102,-0.03763,-0.00073,0.01052,0.13353,-0.00572,0.01956,-0.01544,-0.00357,0.74918,0.03177,0.03535,-0.00114
4.3000,430,0,4.3002,49.99,,,,,,,,,,,,,,,,,,,,,,,,,,,,,,,,,,,,,,,,,,,,,,,,,,,0.67474,-0.03128,0.00304,0.29350,0.01550,-0.00145,0.62311,0.01218,-0.05347,0.00271,-0.38140,0.07188,0.00352,0.29849,-0.00547,-0.00452,0.63075,0.02892,0.00966,-0.00460,0.66611,0.05129,0.00637,-0.47156,-0.06069,-0.01359,0.59011,-0.01136,0.03838,-0.00649,-0.18867,-0.08338,0.00815,-0.34284,0.01674,-0.00160,0.62482,0.01308,-0.03766,-0.00072,0.01712,0.13074,-0.00566,0.01883,-0.01369,-0.00360,0.75079,0.03259,0.03530,-0.00112
4.3500,435,0,4.3498,49.56,,,,,,,,,,,,,,,,,,,,,,,,,,,,,,,,,,,,,,,,,,,,,,,,,,,0.67322,-0.02980,0.00297,0.29429,0.01622,-0.00146,0.62377,0.01434,-0.05334,0.00264,-0.37776,0.07355,0.00324,0.29828,-0.00312,-0.00506,0.63221,0.02945,0.00943,-0.00456,0.66875,0.05436,0.00611,-0.47442,-0.05383,-0.01440,0.58958,-0.00964,0.03806,-0.00648,-0.19274,-0.07945,0.00788,-0.34198,0.01753,-0.00163,0.62553,0.01522,-0.03770,-0.00070,0.02359,0.12797,-0.00561,0.01819,-0.01192,-0.00362,0.75244,0.03346,0.03524,-0.00110
4.4000,440,0,4.4000,50.20,,,,,,,,,,,,,,,,,,,,,,,,,,,,,,,,,,,,,,,,,,,,,,,,,,,0.67176,-0.02836,0.00290,0.29512,0.01694,-0.00149,0.62454,0.01655,-0.05321,0.00258,-0.37405,0.07504,0.00286,0.29818,-0.00053,-0.00551,0.63370,0.03005,0.00920,-0.00453,0.67154,0.05726,0.00571,-0.47693,-0.04659,-0.01507,0.58914,-0.00800,0.03774,-0.00646,-0.19662,-0.07564,0.00762,-0.34108,0.01833,-0.00165,0.62635,0.01743,-0.03773,-0.00069,0.02992,0.12523,-0.00557,0.01764,-0.01014,-0.00363,0.75414,0.03438,0.03519,-0.00108
4.4500,445,0,4.4500,49.98,,,,,,,,,,,,,,,,,,,,,,,,,,,,,,,,,,,,,,,,,,,,,,,,,,,0.67038,-0.02695,0.00284,0.29598,0.01768,-0.00152,0.62543,0.01881,-0.05308,0.00252,-0.37026,0.07635,0.00243,0.29823,0.00227,-0.00586,0.63522,0.03071,0.00898,-0.00449,0.67447,0.05994,0.00519,-0.47908,-0.03906,-0.01560,0.58878,-0.00640,0.03741,-0.00645,-0.20031,-0.07197,0.00736,-0.34015,0.01915,-0.00168,0.62727,0.01970,-0.03777,-0.00068,0.03611,0.12251,-0.00552,0.01718,-0.00835,-0.00364,0.75588,0.03536,0.03513,-0.00106
4.5000,450,0,4.4999,49.90,,,,,,,,,,,,,,,,,,,,,,,,,,,,,,,,,,,,,,,,,,,,,,,,,,,0.66907,-0.02558,0.00278,0.29689,0.01843,-0.00155,0.62643,0.02112,-0.05296,0.00247,-0.36642,0.07742,0.00194,0.29841,0.00521,-0.00611,0.63677,0.03144,0.00876,-0.00445,0.67753,0.06234,0.00459,-0.48084,-0.03131,-0.01597,0.58850,-0.00480,0.03709,-0.00643,-0.20382,-0.06842,0.00710,-0.33917,0.01998,-0.00170,0.62832,0.02203,-0.03780,-0.00067,0.04217,0.11981,-0.00548,0.01680,-0.00657,-0.00365,0.75767,0.03640,0.03508,-0.00104
4.5500,455,0,4.5499,50.03,,,,,,,,,,,,,,,,,,,,,,,,,,,,,,,,,,,,,,,,,,,,,,,,,,,0.66782,-0.02423,0.00272,0.29783,0.01920,-0.00160,0.62754,0.02349,-0.05283,0.00241,-0.36252,0.07825,0.00143,0.29875,0.00824,-0.00624,0.63836,0.03222,0.00853,-0.00441,0.68070,0.06443,0.00393,-0.48220,-0.02342,-0.01618,0.58830,-0.00315,0.03677,-0.00640,-0.20715,-0.06500,0.00685,-0.33815,0.02082,-0.00173,0.62948,0.02441,-0.03784,-0.00066,0.04809,0.11713,-0.00544,0.01652,-0.00478,-0.00365,0.75952,0.03751,0.03503,-0.00103
4.6000,460,0,4.5998,49.91,,,,,,,,,,,,,,,,,,,,,,,,,,,,,,,,,,,,,,,,,,,,,,,,,,,0.66664,-0.02291,0.00266,0.29881,0.02000,-0.00165,0.62878,0.02593,-0.05272,0.00236,-0.35859,0.07882,0.00091,0.29924,0.01131,-0.00625,0.63999,0.03306,0.00831,-0.00437,0.68397,0.06619,0.00324,-0.48318,-0.01547,-0.01620,0.58819,-0.00142,0.03645,-0.00638,-0.21032,-0.06170,0.00660,-0.33709,0.02167,-0.00175,0.63076,0.02686,-0.03787,-0.00066,0.05388,0.11447,-0.00541,0.01633,-0.00299,-0.00365,0.76143,0.03868,0.03498,-0.00101
4.6500,465,0,4.6500,50.23,,,,,,,,,,,,,,,,,,,,,,,,,,,,,,,,,,,,,,,,,,,,,,,,,,,0.66553,-0.02162,0.00259,0.29983,0.02083,-0.00172,0.63013,0.02842,-0.05260,0.00231,-0.35464,0.07914,0.00041,0.29988,0.01435,-0.00615,0.64167,0.03394,0.00810,-0.00433,0.68732,0.06761,0.00254,-0.48375,-0.00755,-0.01605,0.58816,0.00044,0.03613,-0.00635,-0.21332,-0.05853,0.00635,-0.33598,0.02254,-0.00177,0.63216,0.02935,-0.03790,-0.00065,0.05954,0.11183,-0.00537,0.01622,-0.00120,-0.00364,0.76339,0.03992,0.03493,-0.00099
4.7000,470,0,4.7004,50.38,,,,,,,,,,,,,,,,,,,,,,,,,,,,,,,,,,,,,,,,,,,,,,,,,,,0.66448,-0.02036,0.00252,0.30089,0.02169,-0.00179,0.63162,0.03097,-0.05248,0.00226,-0.35068,0.07923,-0.00006,0.30067,0.01732,-0.00592,0.64339,0.03489,0.00788,-0.00429,0.69072,0.06869,0.00188,-0.48393,0.00024,-0.01572,0.58824,0.00248,0.03581,-0.00632,-0.21617,-0.05547,0.00611,-0.33483,0.02341,-0.00179,0.63369,0.03189,-0.03793,-0.00064,0.06507,0.10920,-0.00534,0.01621,0.00058,-0.00362,0.76542,0.04123,0.03488,-0.00098
4.7500,475,0,4.7498,49.39,,,,,,,,,,,,,,,,,,,,,,,,,,,,,,,,,,,,,,,,,,,,,,,,,,,0.66349,-0.01915,0.00244,0.30200,0.02258,-0.00187,0.63323,0.03359,-0.05237,0.00221,-0.34673,0.07909,-0.00048,0.30161,0.02014,-0.00558,0.64516,0.03590,0.00767,-0.00425,0.69418,0.06946,0.00126,-0.48373,0.00784,-0.01521,0.58842,0.00477,0.03550,-0.00629,-0.21887,-0.05253,0.00587,-0.33364,0.02430,-0.00182,0.63535,0.03448,-0.03796,-0.00063,0.07046,0.10659,-0.00531,0.01628,0.00235,-0.00360,0.76752,0.04263,0.03483,-0.00096
4.8000,480,0,4.7996,49.76,,,,,,,,,,,,,,,,,,,,,,,,,,,,,,,,,,,,,,,,,,,,,,,,,,,0.66257,-0.01797,0.00236,0.30315,0.02352,-0.00195,0.63498,0.03627,-0.05226,0.00217,-0.34278,0.07876,-0.00086,0.30268,0.02279,-0.00521,0.64698,0.03701,0.00746,-0.00421,0.69767,0.06994,0.00068,-0.48316,0.01516,-0.01466,0.58872,0.00739,0.03519,-0.00626,-0.22143,-0.04971,0.00564,-0.33240,0.02519,-0.00183,0.63714,0.03711,-0.03800,-0.00062,0.07573,0.10400,-0.00528,0.01644,0.00411,-0.00358,0.76968,0.04410,0.03478,-0.00095
4.8500,485,0,4.8499,50.34,,,,,,,,,,,,,,,,,,,,,,,,,,,,,,,,,,,,,,,,,,,,,,,,,,,0.66170,-0.01683,0.00227,0.30435,0.02450,-0.00202,0.63686,0.03900,-0.05216,0.00213,-0.33885,0.07825,-0.00124,0.30389,0.02526,-0.00490,0.64886,0.03827,0.00725,-0.00417,0.70117,0.07012,0.00008,-0.48222,0.02222,-0.01416,0.58916,0.01045,0.03487,-0.00623,-0.22385,-0.04700,0.00541,-0.33112,0.02610,-0.00185,0.63907,0.03978,-0.03803,-0.00061,0.08086,0.10142,-0.00525,0.01669,0.00586,-0.00355,0.77193,0.04565,0.03474,-0.00093
4.9000,490,0,4.9001,50.25,,,,,,,,,,,,,,,,,,,,,,,,,,,,,,,,,,,,,,,,,,,,,,,,,,,0.66088,-0.01574,0.00219,0.30560,0.02550,-0.00208,0.63888,0.04177,-0.05205,0.00208,-0.33496,0.07754,-0.00162,0.30521,0.02760,-0.00464,0.65081,0.03974,0.00704,-0.00413,0.70467,0.07001,-0.00053,-0.48094,0.02906,-0.01371,0.58977,0.01407,0.03456,-0.00619,-0.22613,-0.04440,0.00518,-0.32979,0.02701,-0.00187,0.64112,0.04247,-0.03806,-0.00060,0.08587,0.09885,-0.00522,0.01703,0.00760,-0.00352,0.77425,0.04729,0.03469,-0.00092
4.9500,495,0,4.9498,49.69,,,,,,,,,,,,,,,,,,,,,,,,,,,,,,,,,,,,,,,,,,,,,,,,,,,0.66012,-0.01468,0.00210,0.30690,0.02653,-0.00212,0.64104,0.04458,-0.05195,0.00204,-0.33110,0.07665,-0.00201,0.30664,0.02983,-0.00445,0.65284,0.04154,0.00683,-0.00409,0.70817,0.06960,-0.00115,-0.47932,0.03568,-0.01332,0.59058,0.01844,0.03425,-0.00616,-0.22829,-0.04192,0.00495,-0.32842,0.02793,-0.00189,0.64331,0.04519,-0.03809,-0.00059,0.09075,0.09630,-0.00519,0.01745,0.00931,-0.00348,0.77666,0.04901,0.03464,-0.00091
5.0000,500,1,5.0000,50.22,0.67500,0.00607,0.01053,0.30459,0.02033,0.00308,0.63598,0.00759,-0.17808,-0.33113,-0.20501,-0.04958,-0.00176,-0.33920,0.00783,-0.00509,0.66936,0.01360,-0.03156,0.01797,0.03054,0.11363,0.01463,0.01475,0.03387,0.00451,0.81382,-0.01192,0.07645,-0.04321,0.69276,0.07619,0.00622,-0.48789,-0.05785,-0.02421,0.59987,-0.01994,0.04364,-0.02595,-0.34384,0.12075,0.01931,0.26361,-0.11628,-0.05991,1.18966,0.10549,0.05398,0.06287,0.67500,0.00607,0.01053,0.30459,0.02033,0.00308,0.63598,0.00759,-0.17808,-0.33113,-0.20501,-0.04958,-0.00176,-0.33920,0.00783,-0.00509,0.66936,0.01360,-0.03156,0.01797,0.03054,0.11363,0.01463,0.01475,0.03387,0.00451,0.81382,-0.01192,0.07645,-0.04321,0.69276,0.07619,0.00622,-0.48789,-0.05785,-0.02421,0.59987,-0.01994,0.04364,-0.02595,-0.34384,0.12075,0.01931,0.26361,-0.11628,-0.05991,1.18966,0.10549,0.05398,0.06287
5.0500,505,1,5.0501,50.04,,,,,,,,,,,,,,,,,,,,,,,,,,,,,,,,,,,,,,,,,,,,,,,,,,,0.67542,0.01036,0.00721,0.30557,0.01905,0.00216,0.63671,0.02127,-0.19421,-0.31436,-0.20746,-0.04776,0.00804,-0.33861,0.01794,-0.03318,0.67086,0.04539,-0.03071,0.01591,0.03652,0.12742,0.03883,0.01637,0.03088,0.00742,0.81200,-0.05831,0.07431,-0.04261,0.69645,0.06847,-0.03381,-0.49049,-0.04580,-0.02473,0.59943,0.00173,0.04234,-0.02583,-0.33757,0.12963,0.01696,0.25839,-0.09478,-0.03038,1.19392,0.06610,0.05704,0.05966
5.1000,510,1,5.1001,49.99,,,,,,,,,,,,,,,,,,,,,,,,,,,,,,,,,,,,,,,,,,,,,,,,,,,0.67602,0.01334,0.00512,0.30650,0.01819,0.00137,0.63808,0.03313,-0.20953,-0.29843,-0.20973,-0.04257,0.01247,-0.33724,0.03811,-0.04731,0.67381,0.07138,-0.02997,0.01397,0.04342,0.14962,0.05002,0.01782,0.02679,0.00911,0.80822,-0.09082,0.07219,-0.04202,0.69936,0.04602,-0.05534,-0.49247,-0.03373,-0.02438,0.60000,0.02075,0.04106,-0.02570,-0.33089,0.13746,0.01505,0.25395,-0.08450,-0.01310,1.19638,0.03319,0.05995,0.05660
5.1500,515,1,5.1500,49.90,,,,,,,,,,,,,,,,,,,,,,,,,,,,,,,,,,,,,,,,,,,,,,,,,,,0.67674,0.01550,0.00377,0.30740,0.01769,0.00071,0.64000,0.04349,-0.22407,-0.28327,-0.21169,-0.03603,0.01379,-0.33473,0.06300,-0.05313,0.67792,0.09221,-0.02931,0.01215,0.05153,0.17524,0.05352,0.01904,0.02207,0.01003,0.80310,-0.11232,0.07011,-0.04144,0.70093,0.01599,-0.06571,-0.49386,-0.02196,-0.02354,0.60146,0.03741,0.03977,-0.02556,-0.32384,0.14443,0.01342,0.24984,-0.08072,-0.00326,1.19733,0.00584,0.06270,0.05370
5.2000,520,1,5.1998,49.78,,,,,,,,,,,,,,,,,,,,,,,,,,,,,,,,,,,,,,,,,,,,,,,,,,,0.67756,0.01712,0.00288,0.30828,0.01749,0.00013,0.64241,0.05259,-0.23787,-0.26886,-0.21333,-0.02932,0.01338,-0.33092,0.08945,-0.05410,0.68295,0.10854,-0.02875,0.01042,0.06095,0.20140,0.05257,0.02002,0.01703,0.01043,0.79714,-0.12507,0.06805,-0.04088,0.70091,-0.01735,-0.06940,-0.49468,-0.01068,-0.02244,0.60371,0.05198,0.03850,-0.02542,-0.31646,0.15066,0.01198,0.24581,-0.08057,0.00207,1.19704,-0.01677,0.06532,0.05094
5.2500,525,1,5.2501,50.34,,,,,,,,,,,,,,,,,,,,,,,,,,,,,,,,,,,,,,,,,,,,,,,,,,,0.67845,0.01836,0.00225,0.30915,0.01755,-0.00037,0.64524,0.06064,-0.25097,-0.25516,-0.21463,-0.02306,0.01204,-0.32579,0.11562,-0.05229,0.68870,0.12099,-0.02827,0.00880,0.07165,0.22641,0.04914,0.02074,0.01189,0.01049,0.79071,-0.13090,0.06602,-0.04032,0.69918,-0.05145,-0.06916,-0.49494,0.00003,-0.02120,0.60663,0.06470,0.03723,-0.02527,-0.30878,0.15621,0.01068,0.24175,-0.08231,0.00468,1.19573,-0.03531,0.06780,0.04831
5.3000,530,1,5.3001,49.96,,,,,,,,,,,,,,,,,,,,,,,,,,,,,,,,,,,,,,,,,,,,,,,,,,,0.67939,0.01935,0.00178,0.31004,0.01784,-0.00081,0.64846,0.06778,-0.26340,-0.24214,-0.21565,-0.01757,0.01028,-0.31938,0.14051,-0.04899,0.69500,0.13017,-0.02787,0.00727,0.08356,0.24940,0.04443,0.02121,0.00678,0.01032,0.78414,-0.13132,0.06402,-0.03977,0.69577,-0.08483,-0.06665,-0.49468,0.01011,-0.01992,0.61015,0.07578,0.03597,-0.02512,-0.30085,0.16115,0.00947,0.23757,-0.08490,0.00569,1.19357,-0.05038,0.07015,0.04582
5.3500,535,1,5.3498,49.74,,,,,,,,,,,,,,,,,,,,,,,,,,,,,,,,,,,,,,,,,,,,,,,,,,,0.68038,0.02013,0.00141,0.31094,0.01834,-0.00120,0.65201,0.07414,-0.27519,-0.22976,-0.21641,-0.01299,0.00839,-0.31177,0.16356,-0.04494,0.70168,0.13661,-0.02754,0.00583,0.09655,0.26991,0.03915,0.02142,0.00180,0.00999,0.77765,-0.12752,0.06204,-0.03923,0.69073,-0.11664,-0.06289,-0.49394,0.01957,-0.01863,0.61418,0.08541,0.03472,-0.02497,-0.29268,0.16551,0.00834,0.23325,-0.08773,0.00575,1.19074,-0.06250,0.07238,0.04344
5.4000,540,1,5.4000,50.17,,,,,,,,,,,,,,,,,,,,,,,,,,,,,,,,,,,,,,,,,,,,,,,,,,,0.68140,0.02075,0.00110,0.31187,0.01901,-0.00153,0.65586,0.07981,-0.28638,-0.21798,-0.21696,-0.00934,0.00652,-0.30305,0.18454,-0.04060,0.70862,0.14078,-0.02728,0.00447,0.11051,0.28778,0.03373,0.02139,-0.00300,0.00955,0.77144,-0.12050,0.06009,-0.03870,0.68414,-0.14642,-0.05850,-0.49274,0.02840,-0.01737,0.61867,0.09377,0.03348,-0.02481,-0.28431,0.16934,0.00728,0.22880,-0.09046,0.00528,1.18736,-0.07210,0.07450,0.04119
5.4500,545,1,5.4499,49.96,,,,,,,,,,,,,,,,,,,,,,,,,,,,,,,,,,,,,,,,,,,,,,,,,,,0.68245,0.02122,0.00082,0.31284,0.01983,-0.00182,0.65998,0.08488,-0.29700,-0.20679,-0.21736,-0.00657,0.00477,-0.29335,0.20338,-0.03624,0.71572,0.14310,-0.02709,0.00320,0.12529,0.30302,0.02841,0.02113,-0.00756,0.00903,0.76564,-0.11105,0.05817,-0.03817,0.67612,-0.17398,-0.05385,-0.49111,0.03662,-0.01616,0.62354,0.10101,0.03224,-0.02464,-0.27575,0.17266,0.00627,0.22421,-0.09286,0.00451,1.18356,-0.07956,0.07650,0.03904
5.5000,550,1,5.4996,49.68,,,,,,,,,,,,,,,,,,,,,,,,,,,,,,,,,,,,,,,,,,,,,,,,,,,0.68352,0.02155,0.00056,0.31386,0.02079,-0.00207,0.66434,0.08942,-0.30707,-0.19615,-0.21763,-0.00463,0.00319,-0.28275,0.22011,-0.03200,0.72290,0.14390,-0.02696,0.00200,0.14076,0.31570,0.02334,0.02064,-0.01185,0.00846,0.76036,-0.09983,0.05628,-0.03766,0.66678,-0.19924,-0.04916,-0.48909,0.04426,-0.01499,0.62875,0.10725,0.03101,-0.02447,-0.26705,0.17550,0.00531,0.21952,-0.09486,0.00361,1.17944,-0.08520,0.07840,0.03700
5.5500,555,1,5.5498,50.19,,,,,,,,,,,,,,,,,,,,,,,,,,,,,,,,,,,,,,,,,,,,,,,,,,,0.68460,0.02177,0.00031,0.31492,0.02186,-0.00229,0.66891,0.09347,-0.31662,-0.18604,-0.21783,-0.00341,0.00180,-0.27137,0.23481,-0.02798,0.73009,0.14350,-0.02689,0.00088,0.15682,0.32597,0.01859,0.01995,-0.01585,0.00786,0.75568,-0.08740,0.05441,-0.03715,0.65624,-0.22222,-0.04456,-0.48669,0.05134,-0.01389,0.63425,0.11262,0.02979,-0.02430,-0.25821,0.17788,0.00440,0.21474,-0.09640,0.00266,1.17507,-0.08930,0.08021,0.03506
5.6000,560,1,5.5998,50.03,,,,,,,,,,,,,,,,,,,,,,,,,,,,,,,,,,,,,,,,,,,,,,,,,,,0.68569,0.02186,0.00007,0.31605,0.02303,-0.00248,0.67368,0.09709,-0.32568,-0.17643,-0.21798,-0.00283,0.00060,-0.25930,0.24760,-0.02421,0.73724,0.14213,-0.02687,-0.00017,0.17332,0.33400,0.01421,0.01906,-0.01955,0.00722,0.75164,-0.07418,0.05256,-0.03665,0.64460,-0.24298,-0.04013,-0.48396,0.05789,-0.01284,0.64000,0.11720,0.02858,-0.02413,-0.24927,0.17983,0.00354,0.20989,-0.09747,0.00170,1.17053,-0.09210,0.08191,0.03322
5.6500,565,1,5.6497,49.86,,,,,,,,,,,,,,,,,,,,,,,,,,,,,,,,,,,,,,,,,,,,,,,,,,,0.68679,0.02184,-0.00017,0.31723,0.02429,-0.00263,0.67861,0.10031,-0.33427,-0.16729,-0.21812,-0.00279,-0.00040,-0.24664,0.25860,-0.02071,0.74429,0.14001,-0.02691,-0.00116,0.19018,0.33996,0.01019,0.01800,-0.02293,0.00658,0.74827,-0.06056,0.05074,-0.03616,0.63197,-0.26162,-0.03590,-0.48091,0.06394,-0.01184,0.64596,0.12109,0.02738,-0.02395,-0.24024,0.18136,0.00273,0.20500,-0.09808,0.00078,1.16588,-0.09380,0.08353,0.03147
5.7000,570,1,5.7000,50.27,,,,,,,,,,,,,,,,,,,,,,,,,,,,,,,,,,,,,,,,,,,,,,,,,,,0.68788,0.02170,-0.00040,0.31848,0.02561,-0.00276,0.68370,0.10317,-0.34242,-0.15860,-0.21827,-0.00319,-0.00121,-0.23347,0.26796,-0.01748,0.75123,0.13730,-0.02699,-0.00209,0.20729,0.34406,0.00656,0.01677,-0.02600,0.00592,0.74558,-0.04681,0.04894,-0.03567,0.61847,-0.27824,-0.03190,-0.47758,0.06952,-0.01090,0.65210,0.12437,0.02619,-0.02377,-0.23114,0.18251,0.00195,0.20009,-0.09824,-0.00009,1.16116,-0.09457,0.08506,0.02980
5.7500,575,1,5.7500,50.02,,,,,,,,,,,,,,,,,,,,,,,,,,,,,,,,,,,,,,,,,,,,,,,,,,,0.68895,0.02144,-0.00063,0.31979,0.02699,-0.00287,0.68892,0.10568,-0.35014,-0.15035,-0.21845,-0.00395,-0.00185,-0.21987,0.27580,-0.01452,0.75802,0.13414,-0.02711,-0.00295,0.22456,0.34646,0.00329,0.01540,-0.02874,0.00525,0.74358,-0.03319,0.04717,-0.03519,0.60418,-0.29295,-0.02813,-0.47397,0.07464,-0.01002,0.65839,0.12709,0.02500,-0.02358,-0.22199,0.18328,0.00122,0.19518,-0.09800,-0.00091,1.15643,-0.09458,0.08651,0.02822
5.8000,580,1,5.8023,52.30,,,,,,,,,,,,,,,,,,,,,,,,,,,,,,,,,,,,,,,,,,,,,,,,,,,0.69002,0.02108,-0.00086,0.32118,0.02842,-0.00295,0.69427,0.10788,-0.35746,-0.14250,-0.21867,-0.00498,-0.00233,-0.20591,0.28225,-0.01182,0.76464,0.13064,-0.02728,-0.00376,0.24191,0.34735,0.00038,0.01390,-0.03115,0.00458,0.74226,-0.01988,0.04543,-0.03472,0.58920,-0.30588,-0.02460,-0.47012,0.07935,-0.00918,0.66480,0.12933,0.02383,-0.02340,-0.21281,0.18371,0.00053,0.19029,-0.09737,-0.00166,1.15172,-0.09394,0.08788,0.02672
5.8500,585,1,5.8498,47.52,,,,,,,,,,,,,,,,,,,,,,,,,,,,,,,,,,,,,,,,,,,,,,,,,,,0.69106,0.02060,-0.00109,0.32263,0.02988,-0.00301,0.69971,0.10980,-0.36440,-0.13504,-0.21895,-0.00621,-0.00264,-0.19167,0.28744,-0.00937,0.77108,0.12688,-0.02749,-0.00452,0.25927,0.34689,-0.00218,0.01229,-0.03323,0.00390,0.74159,-0.00706,0.04370,-0.03425,0.57362,-0.31712,-0.02130,-0.46604,0.08366,-0.00840,0.67131,0.13112,0.02266,-0.02321,-0.20363,0.18381,-0.00012,0.18545,-0.09638,-0.00236,1.14705,-0.09277,0.08918,0.02529
5.9000,590,1,5.8995,49.67,,,,,,,,,,,,,,,,,,,,,,,,,,,,,,,,,,,,,,,,,,,,,,,,,,,0.69208,0.02001,-0.00131,0.32416,0.03137,-0.00305,0.70524,0.11143,-0.37097,-0.12795,-0.21929,-0.00755,-0.00281,-0.17719,0.29148,-0.00716,0.77732,0.12292,-0.02773,-0.00523,0.27658,0.34526,-0.00441,0.01059,-0.03497,0.00322,0.74154,0.00515,0.04200,-0.03379,0.55752,-0.32681,-0.01821,-0.46176,0.08760,-0.00766,0.67791,0.13252,0.02151,-0.02301,-0.19444,0.18360,-0.00074,0.18066,-0.09506,-0.00299,1.14245,-0.09118,0.09041,0.02393
5.9500,595,1,5.9499,50.40,,,,,,,,,,,,,,,,,,,,,,,,,,,,,,,,,,,,,,,,,,,,,,,,,,,0.69306,0.01932,-0.00153,0.32577,0.03287,-0.00307,0.71085,0.11282,-0.37720,-0.12122,-0.21971,-0.00894,-0.00284,-0.16253,0.29450,-0.00517,0.78337,0.11879,-0.02801,-0.00588,0.29378,0.34261,-0.00634,0.00880,-0.03638,0.00254,0.74209,0.01664,0.04032,-0.03333,0.54097,-0.33503,-0.01534,-0.45729,0.09118,-0.00696,0.68456,0.13355,0.02036,-0.02282,-0.18527,0.18309,-0.00131,0.17595,-0.09345,-0.00357,1.13794,-0.08922,0.09158,0.02264
6.0000,600,1,6.0213,71.45,,,,,,,,,,,,,,,,,,,,,,,,,,,,,,,,,,,,,,,,,,,,,,,,,,,0.69401,0.01852,-0.00173,0.32745,0.03438,-0.00308,0.71652,0.11396,-0.38310,-0.11482,-0.22019,-0.01032,-0.00280,-0.14775,0.29659,-0.00338,0.78920,0.11455,-0.02832,-0.00650,0.31083,0.33908,-0.00804,0.00695,-0.03746,0.00186,0.74319,0.02737,0.03867,-0.03288,0.52404,-0.34189,-0.01267,-0.45265,0.09444,-0.00631,0.69126,0.13426,0.01923,-0.02262,-0.17613,0.18232,-0.00185,0.17132,-0.09157,-0.00410,1.13353,-0.08699,0.09268,0.02141
6.0500,605,1,6.0501,28.74,,,,,,,,,,,,,,,,,,,,,,,,,,,,,,,,,,,,,,,,,,,,,,,,,,,0.69491,0.01762,-0.00193,0.32921,0.03589,-0.00308,0.72224,0.11488,-0.38869,-0.10873,-0.22074,-0.01168,-0.00272,-0.13289,0.29785,-0.00177,0.79482,0.11029,-0.02866,-0.00706,0.32767,0.33476,-0.00957,0.00506,-0.03822,0.00121,0.74481,0.03739,0.03703,-0.03244,0.50680,-0.34749,-0.01020,-0.44785,0.09738,-0.00570,0.69798,0.13467,0.01810,-0.02243,-0.16704,0.18128,-0.00235,0.16679,-0.08944,-0.00457,1.12924,-0.08454,0.09372,0.02024
6.1000,610,1,6.0999,49.79,,,,,,,,,,,,,,,,,,,,,,,,,,,,,,,,,,,,,,,,,,,,,,,,,,,0.69577,0.01663,-0.00211,0.33104,0.03740,-0.00306,0.72800,0.11556,-0.39398,-0.10295,-0.22135,-0.01299,-0.00263,-0.11798,0.29835,-0.00033,0.80023,0.10609,-0.02903,-0.00759,0.34429,0.32972,-0.01094,0.00314,-0.03866,0.00059,0.74692,0.04676,0.03542,-0.03200,0.48931,-0.35193,-0.00791,-0.44291,0.10004,-0.00512,0.70472,0.13480,0.01698,-0.02223,-0.15801,0.18001,-0.00283,0.16238,-0.08709,-0.00499,1.12508,-0.08191,0.09470,0.01913
6.1500,615,1,6.1501,50.28,,,,,,,,,,,,,,,,,,,,,,,,,,,,,,,,,,,,,,,,,,,,,,,,,,,0.69657,0.01555,-0.00228,0.33295,0.03890,-0.00303,0.73379,0.11603,-0.39899,-0.09746,-0.22204,-0.01425,-0.00251,-0.10307,0.29819,0.00097,0.80543,0.10199,-0.02942,-0.00808,0.36064,0.32404,-0.01218,0.00120,-0.03880,-0.00001,0.74948,0.05551,0.03383,-0.03157,0.47162,-0.35528,-0.00580,-0.43785,0.10242,-0.00459,0.71146,0.13468,0.01588,-0.02202,-0.14905,0.17852,-0.00326,0.15809,-0.08455,-0.00537,1.12105,-0.07915,0.09563,0.01808
6.2000,620,1,6.3506,200.44,,,,,,,,,,,,,,,,,,,,,,,,,,,,,,,,,,,,,,,,,,,,,,,,,,,0.69732,0.01439,-0.00243,0.33493,0.04038,-0.00300,0.73960,0.11629,-0.40373,-0.09225,-0.22278,-0.01545,-0.00238,-0.08817,0.29743,0.00212,0.81043,0.09803,-0.02983,-0.00853,0.37668,0.31780,-0.01327,-0.00074,-0.03866,-0.00057,0.75246,0.06368,0.03227,-0.03114,0.45380,-0.35764,-0.00385,-0.43267,0.10454,-0.00408,0.71818,0.13432,0.01478,-0.02182,-0.14016,0.17681,-0.00367,0.15393,-0.08183,-0.00570,1.11717,-0.07629,0.09651,0.01708
6.2500,625,1,6.3649,14.35,,,,,,,,,,,,,,,,,,,,,,,,,,,,,,,,,,,,,,,,,,,,,,,,,,,0.69801,0.01316,-0.00258,0.33699,0.04184,-0.00295,0.74542,0.11635,-0.40822,-0.08729,-0.22358,-0.01658,-0.00223,-0.07333,0.29613,0.00315,0.81524,0.09423,-0.03027,-0.00895,0.39241,0.31104,-0.01425,-0.00266,-0.03824,-0.00111,0.75584,0.07131,0.03072,-0.03071,0.43587,-0.35908,-0.00205,-0.42740,0.10642,-0.00361,0.72489,0.13374,0.01369,-0.02162,-0.13137,0.17492,-0.00405,0.14991,-0.07896,-0.00600,1.11342,-0.07338,0.09734,0.01613
6.3000,630,1,6.3704,5.49,,,,,,,,,,,,,,,,,,,,,,,,,,,,,,,,,,,,,,,,,,,,,,,,,,,0.69863,0.01187,-0.00271,0.33911,0.04327,-0.00290,0.75123,0.11621,-0.41246,-0.08258,-0.22443,-0.01764,-0.00208,-0.05857,0.29436,0.00405,0.81985,0.09058,-0.03073,-0.00933,0.40778,0.30383,-0.01512,-0.00456,-0.03757,-0.00161,0.75958,0.07841,0.02920,-0.03030,0.41790,-0.35967,-0.00041,-0.42204,0.10809,-0.00317,0.73155,0.13295,0.01262,-0.02141,-0.12267,0.17285,-0.00440,0.14603,-0.07596,-0.00625,1.10983,-0.07043,0.09813,0.01523
6.3500,635,1,6.3846,14.19,,,,,,,,,,,,,,,,,,,,,,,,,,,,,,,,,,,,,,,,,,,,,,,,,,,0.69919,0.01051,-0.00283,0.34131,0.04468,-0.00284,0.75704,0.11588,-0.41648,-0.07811,-0.22534,-0.01862,-0.00193,-0.04390,0.29217,0.00485,0.82430,0.08711,-0.03120,-0.00968,0.42278,0.29623,-0.01588,-0.00642,-0.03666,-0.00209,0.76367,0.08501,0.02769,-0.02988,0.39992,-0.35950,0.00110,-0.41659,0.10954,-0.00275,0.73818,0.13196,0.01155,-0.02120,-0.11409,0.17061,-0.00472,0.14231,-0.07284,-0.00647,1.10638,-0.06748,0.09887,0.01437
6.4000,640,1,6.4000,15.44,,,,,,,,,,,,,,,,,,,,,,,,,,,,,,,,,,,,,,,,,,,,,,,,,,,0.69968,0.00909,-0.00293,0.34358,0.04606,-0.00278,0.76282,0.11537,-0.42028,-0.07386,-0.22630,-0.01953,-0.00178,-0.02936,0.28962,0.00555,0.82857,0.08379,-0.03170,-0.01001,0.43740,0.28827,-0.01655,-0.00822,-0.03553,-0.00252,0.76808,0.09114,0.02621,-0.02947,0.38196,-0.35862,0.00248,-0.41109,0.11079,-0.00237,0.74475,0.13079,0.01050,-0.02100,-0.10561,0.16822,-0.00501,0.13875,-0.06962,-0.00665,1.10308,-0.06454,0.09956,0.01356
6.4500,645,1,6.4498,49.73,,,,,,,,,,,,,,,,,,,,,,,,,,,,,,,,,,,,,,,,,,,,,,,,,,,0.70010,0.00763,-0.00303,0.34592,0.04741,-0.00271,0.76857,0.11469,-0.42387,-0.06982,-0.22729,-0.02036,-0.00163,-0.01495,0.28674,0.00617,0.83268,0.08064,-0.03220,-0.01030,0.45161,0.28000,-0.01714,-0.00997,-0.03419,-0.00292,0.77278,0.09681,0.02474,-0.02907,0.36407,-0.35709,0.00373,-0.40552,0.11186,-0.00201,0.75125,0.12943,0.00945,-0.02079,-0.09727,0.16570,-0.00528,0.13535,-0.06631,-0.00681,1.09993,-0.06164,0.10022,0.01278
6.5000,650,1,6.4998,50.02,,,,,,,,,,,,,,,,,,,,,,,,,,,,,,,,,,,,,,,,,,,,,,,,,,,0.70045,0.00612,-0.00312,0.34832,0.04872,-0.00264,0.77428,0.11383,-0.42726,-0.06599,-0.22833,-0.02113,-0.00148,-0.00069,0.28358,0.00669,0.83663,0.07763,-0.03273,-0.01057,0.46539,0.27147,-0.01765,-0.01164,-0.03267,-0.00329,0.77775,0.10204,0.02330,-0.02866,0.34627,-0.35498,0.00486,-0.39990,0.11277,-0.00167,0.75769,0.12791,0.00842,-0.02058,-0.08905,0.16305,-0.00553,0.13212,-0.06294,-0.00694,1.09692,-0.05878,0.10084,0.01205
6.5500,655,1,6.5498,50.06,,,,,,,,,,,,,,,,,,,,,,,,,,,,,,,,,,,,,,,,,,,,,,,,,,,0.70071,0.00458,-0.00319,0.35079,0.05000,-0.00256,0.77995,0.11281,-0.43047,-0.06235,-0.22940,-0.02182,-0.00135,0.01341,0.28019,0.00715,0.84044,0.07476,-0.03326,-0.01081,0.47875,0.26270,-0.01810,-0.01323,-0.03097,-0.00363,0.78298,0.10685,0.02188,-0.02827,0.32858,-0.35234,0.00589,-0.39424,0.11351,-0.00136,0.76404,0.12622,0.00740,-0.02036,-0.08096,0.16028,-0.00575,0.12906,-0.05951,-0.00703,1.09405,-0.05600,0.10143,0.01135
6.6000,660,1,6.5998,49.92,,,,,,,,,,,,,,,,,,,,,,,,,,,,,,,,,,,,,,,,,,,,,,,,,,,0.70090,0.00299,-0.00325,0.35332,0.05124,-0.00248,0.78556,0.11162,-0.43350,-0.05890,-0.23051,-0.02245,-0.00123,0.02733,0.27658,0.00753,0.84411,0.07202,-0.03381,-0.01103,0.49166,0.25373,-0.01848,-0.01473,-0.02911,-0.00393,0.78843,0.11125,0.02047,-0.02787,0.31104,-0.34922,0.00681,-0.38855,0.11410,-0.00107,0.77031,0.12437,0.00638,-0.02015,-0.07302,0.15741,-0.00595,0.12617,-0.05605,-0.00711,1.09131,-0.05329,0.10198,0.01069
6.6500,665,1,6.6497,49.97,,,,,,,,,,,,,,,,,,,,,,,,,,,,,,,,,,,,,,,,,,,,,,,,,,,0.70101,0.00138,-0.00331,0.35591,0.05244,-0.00240,0.79111,0.11026,-0.43636,-0.05561,-0.23165,-0.02302,-0.00111,0.04106,0.27280,0.00786,0.84765,0.06940,-0.03436,-0.01122,0.50412,0.24458,-0.01880,-0.01614,-0.02712,-0.00419,0.79409,0.11527,0.01909,-0.02749,0.29367,-0.34567,0.00764,-0.38284,0.11456,-0.00080,0.77648,0.12237,0.00538,-0.01994,-0.06522,0.15444,-0.00614,0.12346,-0.05255,-0.00716,1.08872,-0.05068,0.10250,0.01006
6.7000,670,1,6.6998,50.08,,,,,,,,,,,,,,,,,,,,,,,,,,,,,,,,,,,,,,,,,,,,,,,,,,,0.70104,-0.00025,-0.00335,0.35856,0.05359,-0.00232,0.79659,0.10875,-0.43906,-0.05250,-0.23281,-0.02355,-0.00102,0.05461,0.26888,0.00813,0.85105,0.06689,-0.03493,-0.01139,0.51612,0.23529,-0.01908,-0.01744,-0.02501,-0.00443,0.79995,0.11891,0.01773,-0.02710,0.27648,-0.34174,0.00838,-0.37710,0.11489,-0.00055,0.78254,0.12021,0.00439,-0.01973,-0.05758,0.15139,-0.00630,0.12092,-0.04903,-0.00719,1.08624,-0.04817,0.10299,0.00947
6.7500,675,1,6.7531,53.25,,,,,,,,,,,,,,,,,,,,,,,,,,,,,,,,,,,,,,,,,,,,,,,,,,,0.70099,-0.00190,-0.00339,0.36127,0.05471,-0.00223,0.80198,0.10707,-0.44161,-0.04954,-0.23400,-0.02402,-0.00094,0.06795,0.26484,0.00834,0.85434,0.06448,-0.03550,-0.01155,0.52765,0.22587,-0.01932,-0.01864,-0.02279,-0.00463,0.80598,0.12218,0.01638,-0.02672,0.25950,-0.33746,0.00903,-0.37135,0.11510,-0.00032,0.78849,0.11790,0.00341,-0.01951,-0.05009,0.14827,-0.00644,0.11855,-0.04550,-0.00720,1.08390,-0.04578,0.10345,0.00890
6.8000,680,1,6.7999,46.87,,,,,,,,,,,,,,,,,,,,,,,,,,,,,,,,,,,,,,,,,,,,,,,,,,,0.70085,-0.00357,-0.00342,0.36403,0.05578,-0.00215,0.80729,0.10523,-0.44402,-0.04673,-0.23522,-0.02447,-0.00087,0.08109,0.26071,0.00851,0.85750,0.06216,-0.03608,-0.01168,0.53870,0.21634,-0.01952,-0.01972,-0.02047,-0.00479,0.81216,0.12509,0.01505,-0.02634,0.24274,-0.33289,0.00960,-0.36559,0.11521,-0.00010,0.79433,0.11544,0.00244,-0.01930,-0.04275,0.14508,-0.00656,0.11637,-0.04197,-0.00719,1.08166,-0.04351,0.10388,0.00837
6.8500,685,1,6.8503,50.34,,,,,,,,,,,,,,,,,,,,,,,,,,,,,,,,,,,,,,,,,,,,,,,,,,,0.70063,-0.00525,-0.00343,0.36685,0.05681,-0.00206,0.81250,0.10323,-0.44629,-0.04407,-0.23645,-0.02488,-0.00083,0.09402,0.25650,0.00864,0.86056,0.05992,-0.03667,-0.01180,0.54928,0.20673,-0.01968,-0.02068,-0.01809,-0.00493,0.81848,0.12764,0.01375,-0.02597,0.22621,-0.32806,0.01010,-0.35983,0.11521,0.00010,0.80003,0.11283,0.00148,-0.01908,-0.03558,0.14183,-0.00667,0.11436,-0.03845,-0.00716,1.07954,-0.04138,0.10428,0.00786
6.9000,690,1,6.8998,49.47,,,,,,,,,,,,,,,,,,,,,,,,,,,,,,,,,,,,,,,,,,,,,,,,,,,0.70033,-0.00694,-0.00344,0.36971,0.05780,-0.00197,0.81761,0.10106,-0.44843,-0.04154,-0.23770,-0.02528,-0.00080,0.10674,0.25223,0.00874,0.86350,0.05775,-0.03726,-0.01189,0.55937,0.19704,-0.01982,-0.02153,-0.01564,-0.00504,0.82492,0.12985,0.01246,-0.02560,0.20994,-0.32299,0.01053,-0.35407,0.11512,0.00028,0.80561,0.11007,0.00053,-0.01887,-0.02857,0.13853,-0.00676,0.11252,-0.03495,-0.00712,1.07752,-0.03939,0.10466,0.00737
6.9500,695,1,6.9499,50.10,,,,,,,,,,,,,,,,,,,,,,,,,,,,,,,,,,,,,,,,,,,,,,,,,,,0.69994,-0.00863,-0.00344,0.37263,0.05875,-0.00188,0.82261,0.09873,-0.45045,-0.03914,-0.23898,-0.02568,-0.00080,0.11924,0.24793,0.00880,0.86633,0.05565,-0.03786,-0.01197,0.56898,0.18728,-0.01994,-0.02225,-0.01315,-0.00511,0.83146,0.13169,0.01119,-0.02523,0.19392,-0.31774,0.01090,-0.34832,0.11494,0.00045,0.81104,0.10717,-0.00041,-0.01865,-0.02173,0.13520,-0.00684,0.11086,-0.03147,-0.00706,1.07560,-0.03755,0.10502,0.00691
7.0000,700,1,6.9998,49.99,,,,,,,,,,,,,,,,,,,,,,,,,,,,,,,,,,,,,,,,,,,,,,,,,,,0.69946,-0.01032,-0.00344,0.37559,0.05965,-0.00179,0.82748,0.09624,-0.45235,-0.03687,-0.24027,-0.02607,-0.00082,0.13153,0.24361,0.00883,0.86906,0.05360,-0.03846,-0.01204,0.57810,0.17748,-0.02005,-0.02284,-0.01063,-0.00516,0.83808,0.13318,0.00993,-0.02486,0.17817,-0.31231,0.01121,-0.34258,0.11468,0.00060,0.81632,0.10413,-0.00134,-0.01843,-0.01505,0.13183,-0.00690,0.10937,-0.02802,-0.00699,1.07377,-0.03587,0.10535,0.00648
7.0500,705,1,7.0503,50.41,,,,,,,,,,,,,,,,,,,,,,,,,,,,,,,,,,,,,,,,,,,,,,,,,,,0.69890,-0.01200,-0.00342,0.37859,0.06050,-0.00170,0.83223,0.09357,-0.45413,-0.03471,-0.24158,-0.02649,-0.00087,0.14360,0.23928,0.00883,0.87169,0.05159,-0.03906,-0.01209,0.58673,0.16762,-0.02014,-0.02331,-0.00810,-0.00517,0.84477,0.13429,0.00870,-0.02450,0.16269,-0.30675,0.01146,-0.33685,0.11435,0.00074,0.82145,0.10093,-0.00225,-0.01822,-0.00854,0.12843,-0.00695,0.10806,-0.02461,-0.00691,1.07201,-0.03435,0.10567,0.00607
7.1000,710,1,7.1030,52.78,,,,,,,,,,,,,,,,,,,,,,,,,,,,,,,,,,,,,,,,,,,,,,,,,,,0.69826,-0.01367,-0.00340,0.38164,0.06132,-0.00161,0.83684,0.09073,-0.45582,-0.03266,-0.24292,-0.02693,-0.00095,0.15546,0.23495,0.00881,0.87422,0.04962,-0.03967,-0.01213,0.59486,0.15772,-0.02022,-0.02365,-0.00556,-0.00516,0.85151,0.13501,0.00748,-0.02414,0.14749,-0.30108,0.01166,-0.33115,0.11395,0.00088,0.82641,0.09760,-0.00316,-0.01800,-0.00221,0.12501,-0.00698,0.10691,-0.02124,-0.00682,1.07033,-0.03300,0.10596,0.00568
7.1500,715,1,7.1501,47.10,,,,,,,,,,,,,,,,,,,,,,,,,,,,,,,,,,,,,,,,,,,,,,,,,,,0.69754,-0.01533,-0.00337,0.38472,0.06209,-0.00153,0.84130,0.08773,-0.45740,-0.03072,-0.24428,-0.02742,-0.00105,0.16710,0.23064,0.00878,0.87665,0.04765,-0.04027,-0.01215,0.60250,0.14778,-0.02030,-0.02387,-0.00303,-0.00513,0.85827,0.13529,0.00629,-0.02379,0.13258,-0.29532,0.01181,-0.32546,0.11349,0.00099,0.83121,0.09412,-0.00405,-0.01778,0.00396,0.12158,-0.00700,0.10593,-0.01792,-0.00671,1.06871,-0.03184,0.10624,0.00531
7.2000,720,1,7.1998,49.69,,,,,,,,,,,,,,,,,,,,,,,,,,,,,,,,,,,,,,,,,,,,,,,,,,,0.69673,-0.01698,-0.00333,0.38785,0.06282,-0.00144,0.84560,0.08455,-0.45889,-0.02887,-0.24566,-0.02797,-0.00118,0.17852,0.22634,0.00872,0.87899,0.04567,-0.04088,-0.01216,0.60964,0.13780,-0.02038,-0.02396,-0.00054,-0.00506,0.86503,0.13511,0.00510,-0.02344,0.11796,-0.28950,0.01192,-0.31980,0.11298,0.00110,0.83582,0.09050,-0.00494,-0.01756,0.00995,0.11814,-0.00701,0.10512,-0.01466,-0.00660,1.06714,-0.03085,0.10649,0.00496
7.2500,725,1,7.2501,50.32,,,,,,,,,,,,,,,,,,,,,,,,,,,,,,,,,,,,,,,,,,,,,,,,,,,0.69584,-0.01860,-0.00328,0.39100,0.06350,-0.00135,0.84975,0.08120,-0.46029,-0.02713,-0.24708,-0.02858,-0.00134,0.18973,0.22208,0.00866,0.88122,0.04365,-0.04149,-0.01216,0.61628,0.12779,-0.02047,-0.02392,0.00193,-0.00497,0.87177,0.13440,0.00394,-0.02309,0.10363,-0.28364,0.01199,-0.31416,0.11241,0.00120,0.84025,0.08674,-0.00581,-0.01735,0.01577,0.11470,-0.00701,0.10447,-0.01145,-0.00648,1.06562,-0.03006,0.10673,0.00462
7.3000,730,1,7.2994,49.26,,,,,,,,,,,,,,,,,,,,,,,,,,,,,,,,,,,,,,,,,,,,,,,,,,,0.69487,-0.02020,-0.00323,0.39420,0.06415,-0.00127,0.85372,0.07768,-0.46161,-0.02547,-0.24852,-0.02929,-0.00154,0.20073,0.21785,0.00858,0.88335,0.04153,-0.04210,-0.01215,0.62242,0.11772,-0.02057,-0.02376,0.00434,-0.00486,0.87846,0.13308,0.00280,-0.02274,0.08960,-0.27774,0.01202,-0.30856,0.11180,0.00129,0.84449,0.08284,-0.00667,-0.01713,0.02142,0.11127,-0.00700,0.10397,-0.00830,-0.00635,1.06413,-0.02947,0.10696,0.00431
7.3500,735,1,7.3496,50.20,,,,,,,,,,,,,,,,,,,,,,,,,,,,,,,,,,,,,,,,,,,,,,,,,,,0.69382,-0.02177,-0.00317,0.39742,0.06475,-0.00119,0.85751,0.07401,-0.46284,-0.02390,-0.25001,-0.03010,-0.00177,0.21152,0.21367,0.00849,0.88537,0.03923,-0.04271,-0.01213,0.62805,0.10761,-0.02067,-0.02349,0.00669,-0.00471,0.88506,0.13103,0.00167,-0.02240,0.07586,-0.27185,0.01202,-0.30298,0.11115,0.00137,0.84854,0.07880,-0.00752,-0.01691,0.02690,0.10784,-0.00697,0.10364,-0.00522,-0.00622,1.06267,-0.02908,0.10716,0.00401
7.4000,740,1,7.3996,50.00,,,,,,,,,,,,,,,,,,,,,,,,,,,,,,,,,,,,,,,,,,,,,,,,,,,0.69269,-0.02330,-0.00311,0.40067,0.06531,-0.00111,0.86112,0.07018,-0.46400,-0.02242,-0.25154,-0.03102,-0.00197,0.22210,0.20952,0.00842,0.88727,0.03668,-0.04331,-0.01210,0.63318,0.09746,-0.02071,-0.02310,0.00896,-0.00453,0.89155,0.12816,0.00056,-0.02206,0.06241,-0.26596,0.01199,-0.29744,0.11046,0.00144,0.85237,0.07464,-0.00836,-0.01669,0.03220,0.10443,-0.00694,0.10345,-0.00220,-0.00608,1.06122,-0.02890,0.10736,0.00373
7.4500,745,1,7.4497,50.08,,,,,,,,,,,,,,,,,,,,,,,,,,,,,,,,,,,,,,,,,,,,,,,,,,,0.69149,-0.02481,-0.00305,0.40395,0.06584,-0.00103,0.86453,0.06620,-0.46508,-0.02101,-0.25311,-0.03203,-0.00212,0.23247,0.20541,0.00835,0.88903,0.03392,-0.04392,-0.01206,0.63780,0.08731,-0.02064,-0.02259,0.01112,-0.00429,0.89787,0.12450,-0.00054,-0.02172,0.04926,-0.26009,0.01192,-0.29194,0.10974,0.00150,0.85600,0.07034,-0.00919,-0.01647,0.03734,0.10103,-0.00690,0.10342,0.00075,-0.00593,1.05978,-0.02892,0.10754,0.00346
7.5000,750,1,7.5001,50.46,,,,,,,,,,,,,,,,,,,,,,,,,,,,,,,,,,,,,,,,,,,,,,,,,,,0.69021,-0.02630,-0.00300,0.40725,0.06633,-0.00096,0.86774,0.06207,-0.46610,-0.01968,-0.25474,-0.03309,-0.00220,0.24264,0.20132,0.00830,0.89066,0.03097,-0.04452,-0.01201,0.64191,0.07723,-0.02047,-0.02199,0.01316,-0.00402,0.90398,0.12008,-0.00162,-0.02138,0.03640,-0.25427,0.01183,-0.28647,0.10899,0.00156,0.85940,0.06593,-0.01001,-0.01625,0.04231,0.09766,-0.00684,0.10352,0.00362,-0.00579,1.05832,-0.02915,0.10770,0.00321
7.5500,755,1,7.5502,50.02,,,,,,,,,,,,,,,,,,,,,,,,,,,,,,,,,,,,,,,,,,,,,,,,,,,0.68886,-0.02775,-0.00295,0.41058,0.06678,-0.00090,0.87073,0.05779,-0.46705,-0.01841,-0.25642,-0.03418,-0.00224,0.25260,0.19726,0.00826,0.89213,0.02784,-0.04512,-0.01195,0.64552,0.06725,-0.02020,-0.02128,0.01506,-0.00371,0.90986,0.11495,-0.00268,-0.02105,0.02383,-0.24849,0.01172,-0.28104,0.10821,0.00161,0.86259,0.06139,-0.01081,-0.01604,0.04711,0.09432,-0.00678,0.10378,0.00642,-0.00563,1.05686,-0.02958,0.10786,0.00297
7.6000,760,1,7.5999,49.79,,,,,,,,,,,,,,,,,,,,,,,,,,,,,,,,,,,,,,,,,,,,,,,,,,,0.68744,-0.02919,-0.00290,0.41393,0.06721,-0.00083,0.87351,0.05336,-0.46794,-0.01722,-0.25816,-0.03528,-0.00222,0.26237,0.19322,0.00823,0.89344,0.02455,-0.04571,-0.01188,0.64864,0.05742,-0.01985,-0.02048,0.01680,-0.00338,0.91547,0.10913,-0.00372,-0.02072,0.01155,-0.24277,0.01159,-0.27565,0.10741,0.00165,0.86554,0.05673,-0.01161,-0.01582,0.05174,0.09101,-0.00671,0.10417,0.00915,-0.00548,1.05536,-0.03020,0.10800,0.00275
7.6500,765,1,7.6499,49.91,,,,,,,,,,,,,,,,,,,,,,,,,,,,,,,,,,,,,,,,,,,,,,,,,,,0.68594,-0.03060,-0.00286,0.41730,0.06760,-0.00077,0.87607,0.04879,-0.46877,-0.01608,-0.25995,-0.03635,-0.00215,0.27193,0.18919,0.00819,0.89458,0.02113,-0.04630,-0.01181,0.65127,0.04779,-0.01940,-0.01960,0.01838,-0.00303,0.92077,0.10268,-0.00475,-0.02039,-0.00044,-0.23713,0.01143,-0.27030,0.10659,0.00169,0.86826,0.05197,-0.01240,-0.01560,0.05621,0.08774,-0.00663,0.10469,0.01179,-0.00532,1.05383,-0.03102,0.10813,0.00253
7.7000,770,1,7.6998,49.98,,,,,,,,,,,,,,,,,,,,,,,,,,,,,,,,,,,,,,,,,,,,,,,,,,,0.68438,-0.03199,-0.00282,0.42069,0.06796,-0.00071,0.87839,0.04408,-0.46955,-0.01501,-0.26179,-0.03738,-0.00204,0.28129,0.18518,0.00816,0.89555,0.01757,-0.04689,-0.01173,0.65342,0.03840,-0.01888,-0.01865,0.01977,-0.00266,0.92573,0.09564,-0.00576,-0.02006,-0.01216,-0.23156,0.01126,-0.26499,0.10575,0.00172,0.87074,0.04710,-0.01317,-0.01538,0.06052,0.08451,-0.00654,0.10534,0.01436,-0.00516,1.05226,-0.03202,0.10825,0.00233
7.7500,775,1,7.7499,50.03,,,,,,,,,,,,,,,,,,,,,,,,,,,,,,,,,,,,,,,,,,,,,,,,,,,0.68275,-0.03336,-0.00278,0.42410,0.06830,-0.00065,0.88047,0.03924,-0.47028,-0.01400,-0.26368,-0.03834,-0.00187,0.29044,0.18119,0.00812,0.89634,0.01391,-0.04748,-0.01164,0.65511,0.02928,-0.01827,-0.01763,0.02099,-0.00229,0.93032,0.08804,-0.00675,-0.01974,-0.02360,-0.22608,0.01107,-0.25972,0.10490,0.00175,0.87297,0.04214,-0.01393,-0.01516,0.06466,0.08133,-0.00645,0.10612,0.01685,-0.00499,1.05063,-0.03319,0.10837,0.00214
7.8000,780,1,7.7999,50.03,,,,,,,,,,,,,,,,,,,,,,,,,,,,,,,,,,,,,,,,,,,,,,,,,,,0.68104,-0.03472,-0.00275,0.42752,0.06860,-0.00060,0.88231,0.03428,-0.47095,-0.01304,-0.26562,-0.03921,-0.00167,0.29941,0.17722,0.00807,0.89694,0.01016,-0.04806,-0.01155,0.65635,0.02049,-0.01759,-0.01655,0.02202,-0.00192,0.93452,0.07993,-0.00773,-0.01941,-0.03477,-0.22070,0.01087,-0.25450,0.10403,0.00177,0.87495,0.03709,-0.01469,-0.01494,0.06865,0.07819,-0.00635,0.10703,0.01926,-0.00483,1.04894,-0.03454,0.10847,0.00196
7.8500,785,1,7.8562,56.27,,,,,,,,,,,,,,,,,,,,,,,,,,,,,,,,,,,,,,,,,,,,,,,,,,,0.67927,-0.03606,-0.00272,0.43096,0.06888,-0.00054,0.88390,0.02922,-0.47158,-0.01214,-0.26760,-0.03997,-0.00142,0.30817,0.17327,0.00802,0.89735,0.00632,-0.04863,-0.01145,0.65716,0.01204,-0.01684,-0.01543,0.02287,-0.00155,0.93831,0.07135,-0.00870,-0.01910,-0.04567,-0.21542,0.01066,-0.24932,0.10316,0.00179,0.87668,0.03196,-0.01543,-0.01473,0.07248,0.07510,-0.00624,0.10805,0.02159,-0.00467,1.04717,-0.03605,0.10856,0.00179
7.9000,790,1,7.8995,43.35,,,,,,,,,,,,,,,,,,,,,,,,,,,,,,,,,,,,,,,,,,,,,,,,,,,0.67744,-0.03739,-0.00269,0.43441,0.06913,-0.00049,0.88523,0.02405,-0.47217,-0.01128,-0.26962,-0.04059,-0.00112,0.31673,0.16935,0.00795,0.89757,0.00243,-0.04920,-0.01134,0.65756,0.00398,-0.01602,-0.01427,0.02354,-0.00120,0.94165,0.06237,-0.00964,-0.01878,-0.05631,-0.21024,0.01044,-0.24419,0.10228,0.00180,0.87814,0.02677,-0.01616,-0.01451,0.07616,0.07206,-0.00613,0.10919,0.02384,-0.00451,1.04533,-0.03770,0.10865,0.00163
7.9500,795,1,7.9500,50.45,,,,,,,,,,,,,,,,,,,,,,,,,,,,,,,,,,,,,,,,,,,,,,,,,,,0.67554,-0.03870,-0.00267,0.43787,0.06936,-0.00043,0.88630,0.01879,-0.47271,-0.01047,-0.27166,-0.04106,-0.00079,0.32510,0.16547,0.00787,0.89759,-0.00150,-0.04977,-0.01123,0.65757,-0.00366,-0.01514,-0.01308,0.02405,-0.00086,0.94454,0.05303,-0.01057,-0.01846,-0.06670,-0.20518,0.01020,-0.23909,0.10140,0.00181,0.87935,0.02151,-0.01688,-0.01429,0.07969,0.06909,-0.00601,0.11043,0.02601,-0.00435,1.04340,-0.03950,0.10873,0.00148
8.0000,800,1,7.9999,49.94,,,,,,,,,,,,,,,,,,,,,,,,,,,,,,,,,,,,,,,,,,,,,,,,,,,0.67357,-0.04001,-0.00265,0.44134,0.06956,-0.00038,0.88711,0.01345,-0.47322,-0.00971,-0.27372,-0.04136,-0.00042,0.33328,0.16163,0.00777,0.89742,-0.00544,-0.05032,-0.01112,0.65720,-0.01086,-0.01421,-0.01187,0.02439,-0.00055,0.94695,0.04338,-0.01149,-0.01815,-0.07684,-0.20024,0.00996,-0.23405,0.10051,0.00182,0.88029,0.01621,-0.01759,-0.01407,0.08307,0.06617,-0.00589,0.11179,0.02811,-0.00418,1.04138,-0.04143,0.10880,0.00134
8.0500,805,1,8.0496,49.68,,,,,,,,,,,,,,,,,,,,,,,,,,,,,,,,,,,,,,,,,,,,,,,,,,,0.67153,-0.04131,-0.00264,0.44482,0.06973,-0.00032,0.88765,0.00804,-0.47368,-0.00899,-0.27579,-0.04147,-0.00001,0.34127,0.15785,0.00765,0.89705,-0.00936,-0.05088,-0.01100,0.65649,-0.01759,-0.01322,-0.01064,0.02459,-0.00027,0.94887,0.03350,-0.01239,-0.01784,-0.08673,-0.19541,0.00972,-0.22904,0.09961,0.00182,0.88097,0.01088,-0.01829,-0.01385,0.08631,0.06331,-0.00577,0.11324,0.03012,-0.00403,1.03926,-0.04348,0.10886,0.00121
8.1000,810,1,8.0999,50.31,,,,,,,,,,,,,,,,,,,,,,,,,,,,,,,,,,,,,,,,,,,,,,,,,,,0.66944,-0.04260,-0.00263,0.44832,0.06988,-0.00027,0.88791,0.00257,-0.47411,-0.00831,-0.27786,-0.04137,0.00043,0.34907,0.15413,0.00750,0.89649,-0.01320,-0.05142,-0.01088,0.65545,-0.02383,-0.01219,-0.00941,0.02467,-0.00003,0.95030,0.02345,-0.01327,-0.01753,-0.09638,-0.19071,0.00946,-0.22408,0.09872,0.00182,0.88138,0.00553,-0.01897,-0.01364,0.08940,0.06051,-0.00564,0.11480,0.03205,-0.00387,1.03703,-0.04565,0.10892,0.00108
8.1500,815,1,8.1496,49.68,,,,,,,,,,,,,,,,,,,,,,,,,,,,,,,,,,,,,,,,,,,,,,,,,,,0.66727,-0.04389,-0.00262,0.45181,0.06999,-0.00021,0.88790,-0.00295,-0.47451,-0.00767,-0.27993,-0.04104,0.00091,0.35668,0.15049,0.00732,0.89573,-0.01692,-0.05197,-0.01075,0.65412,-0.02954,-0.01111,-0.00818,0.02463,0.00018,0.95122,0.01331,-0.01414,-0.01722,-0.10580,-0.18613,0.00921,-0.21917,0.09783,0.00182,0.88152,0.00018,-0.01965,-0.01342,0.09236,0.05777,-0.00552,0.11645,0.03391,-0.00371,1.03469,-0.04792,0.10897,0.00096
8.2000,820,1,8.1998,50.25,,,,,,,,,,,,,,,,,,,,,,,,,,,,,,,,,,,,,,,,,,,,,,,,,,,0.66505,-0.04517,-0.00262,0.45531,0.07008,-0.00015,0.88762,-0.00852,-0.47488,-0.00706,-0.28197,-0.04048,0.00141,0.36412,0.14695,0.00712,0.89480,-0.02043,-0.05250,-0.01062,0.65251,-0.03472,-0.01000,-0.00695,0.02450,0.00033,0.95163,0.00318,-0.01499,-0.01691,-0.11499,-0.18167,0.00895,-0.21430,0.09694,0.00181,0.88140,-0.00517,-0.02032,-0.01320,0.09518,0.05510,-0.00539,0.11819,0.03570,-0.00356,1.03223,-0.05029,0.10901,0.00085
8.2500,825,1,8.2495,49.71,,,,,,,,,,,,,,,,,,,,,,,,,,,,,,,,,,,,,,,,,,,,,,,,,,,0.66276,-0.04646,-0.00262,0.45882,0.07014,-0.00010,0.88705,-0.01413,-0.47522,-0.00649,-0.28397,-0.03965,0.00194,0.37138,0.14352,0.00689,0.89369,-0.02369,-0.05303,-0.01048,0.65065,-0.03935,-0.00887,-0.00573,0.02430,0.00047,0.95153,-0.00689,-0.01583,-0.01661,-0.12397,-0.17735,0.00869,-0.20948,0.09606,0.00180,0.88101,-0.01048,-0.02097,-0.01298,0.09787,0.05249,-0.00526,0.12001,0.03741,-0.00341,1.02966,-0.05277,0.10905,0.00075
8.3000,830,1,8.2996,50.10,,,,,,,,,,,,,,,,,,,,,,,,,,,,,,,,,,,,,,,,,,,,,,,,,,,0.66040,-0.04775,-0.00263,0.46233,0.07018,-0.00005,0.88620,-0.01974,-0.47553,-0.00596,-0.28593,-0.03857,0.00248,0.37847,0.14019,0.00669,0.89243,-0.02693,-0.05355,-0.01035,0.64858,-0.04343,-0.00775,-0.00452,0.02404,0.00062,0.95093,-0.01724,-0.01666,-0.01631,-0.13273,-0.17315,0.00843,-0.20470,0.09518,0.00179,0.88035,-0.01575,-0.02161,-0.01277,0.10043,0.04994,-0.00513,0.12193,0.03904,-0.00326,1.02696,-0.05534,0.10909,0.00065
8.3500,835,1,8.3496,50.01,,,,,,,,,,,,,,,,,,,,,,,,,,,,,,,,,,,,,,,,,,,,,,,,,,,0.65798,-0.04904,-0.00263,0.46584,0.07019,0.00000,0.88508,-0.02528,-0.47582,-0.00545,-0.28782,-0.03722,0.00303,0.38540,0.13695,0.00652,0.89099,-0.03057,-0.05406,-0.01021,0.64632,-0.04695,-0.00662,-0.00332,0.02369,0.00080,0.94980,-0.02845,-0.01746,-0.01600,-0.14129,-0.16908,0.00817,-0.19996,0.09430,0.00178,0.87944,-0.02094,-0.02225,-0.01255,0.10286,0.04746,-0.00500,0.12392,0.04061,-0.00312,1.02412,-0.05802,0.10912,0.00056
8.4000,840,1,8.4001,50.48,,,,,,,,,,,,,,,,,,,,,,,,,,,,,,,,,,,,,,,,,,,,,,,,,,,0.65550,-0.05033,-0.00264,0.46935,0.07018,0.00004,0.88368,-0.03068,-0.47608,-0.00498,-0.28964,-0.03559,0.00359,0.39217,0.13378,0.00638,0.88936,-0.03512,-0.05457,-0.01006,0.64390,-0.04992,-0.00549,-0.00215,0.02325,0.00101,0.94806,-0.04117,-0.01826,-0.01571,-0.14964,-0.16514,0.00791,-0.19527,0.09343,0.00176,0.87826,-0.02605,-0.02287,-0.01233,0.10518,0.04504,-0.00487,0.12599,0.04210,-0.00297,1.02115,-0.06079,0.10915,0.00048
8.4500,845,1,8.4496,49.46,,,,,,,,,,,,,,,,,,,,,,,,,,,,,,,,,,,,,,,,,,,,,,,,,,,0.65295,-0.05162,-0.00265,0.47285,0.07015,0.00008,0.88201,-0.03583,-0.47632,-0.00453,-0.29138,-0.03369,0.00416,0.39878,0.13069,0.00627,0.88746,-0.04119,-0.05507,-0.00991,0.64134,-0.05234,-0.00437,-0.00100,0.02270,0.00126,0.94564,-0.05613,-0.01903,-0.01541,-0.15780,-0.16132,0.00765,-0.19062,0.09257,0.00175,0.87683,-0.03105,-0.02348,-0.01212,0.10737,0.04268,-0.00474,0.12813,0.04352,-0.00283,1.01804,-0.06365,0.10917,0.00040
8.5000,850,1,8.4997,50.06,,,,,,,,,,,,,,,,,,,,,,,,,,,,,,,,,,,,,,,,,,,,,,,,,,,0.65034,-0.05293,-0.00265,0.47636,0.07010,0.00010,0.88010,-0.04074,-0.47653,-0.00411,-0.29301,-0.03152,0.00469,0.40524,0.12762,0.00625,0.88522,-0.04855,-0.05556,-0.00977,0.63867,-0.05422,-0.00333,0.00012,0.02200,0.00160,0.94242,-0.07291,-0.01980,-0.01511,-0.16577,-0.15764,0.00739,-0.18601,0.09172,0.00173,0.87516,-0.03592,-0.02408,-0.01190,0.10945,0.04039,-0.00462,0.13034,0.04488,-0.00270,1.01479,-0.06655,0.10919,0.00032
8.5500,855,1,8.5496,49.94,,,,,,,,,,,,,,,,,,,,,,,,,,,,,,,,,,,,,,,,,,,,,,,,,,,0.64766,-0.05423,-0.00265,0.47987,0.07005,0.00011,0.87794,-0.04547,-0.47673,-0.00372,-0.29452,-0.02911,0.00512,0.41154,0.12454,0.00629,0.88259,-0.05633,-0.05604,-0.00961,0.63592,-0.05563,-0.00244,0.00120,0.02111,0.00201,0.93834,-0.09020,-0.02054,-0.01482,-0.17357,-0.15407,0.00714,-0.18144,0.09088,0.00171,0.87324,-0.04067,-0.02467,-0.01169,0.11141,0.03815,-0.00450,0.13261,0.04617,-0.00257,1.01139,-0.06947,0.10920,0.00025
8.6000,860,1,8.6004,50.86,,,,,,,,,,,,,,,,,,,,,,,,,,,,,,,,,,,,,,,,,,,,,,,,,,,0.64491,-0.05552,-0.00263,0.48337,0.06999,0.00012,0.87555,-0.05007,-0.47690,-0.00335,-0.29592,-0.02652,0.00541,0.41769,0.12144,0.00635,0.87959,-0.06384,-0.05652,-0.00946,0.63311,-0.05665,-0.00177,0.00222,0.02002,0.00244,0.93341,-0.10686,-0.02128,-0.01452,-0.18118,-0.15063,0.00689,-0.17692,0.09005,0.00169,0.87109,-0.04527,-0.02525,-0.01147,0.11326,0.03597,-0.00439,0.13495,0.04740,-0.00244,1.00784,-0.07233,0.10921,0.00019
8.6500,865,1,8.6500,49.60,,,,,,,,,,,,,,,,,,,,,,,,,,,,,,,,,,,,,,,,,,,,,,,,,,,0.64210,-0.05681,-0.00260,0.48686,0.06993,0.00013,0.87294,-0.05456,-0.47706,-0.00301,-0.29717,-0.02383,0.00551,0.42368,0.11831,0.00641,0.87622,-0.07057,-0.05699,-0.00930,0.63026,-0.05741,-0.00135,0.00319,0.01872,0.00285,0.92768,-0.12200,-0.02200,-0.01423,-0.18863,-0.14731,0.00665,-0.17244,0.08923,0.00166,0.86872,-0.04973,-0.02582,-0.01125,0.11501,0.03384,-0.00428,0.13735,0.04856,-0.00231,1.00415,-0.07511,0.10922,0.00013
8.7000,870,1,8.7000,49.96,,,,,,,,,,,,,,,,,,,,,,,,,,,,,,,,,,,,,,,,,,,,,,,,,,,0.63923,-0.05807,-0.00254,0.49036,0.06987,0.00014,0.87010,-0.05896,-0.47721,-0.00269,-0.29830,-0.02114,0.00541,0.42952,0.11516,0.00644,0.87255,-0.07617,-0.05745,-0.00915,0.62738,-0.05803,-0.00124,0.00409,0.01724,0.00320,0.92125,-0.13499,-0.02270,-0.01394,-0.19592,-0.14411,0.00641,-0.16800,0.08842,0.00164,0.86612,-0.05404,-0.02637,-0.01104,0.11665,0.03177,-0.00417,0.13981,0.04967,-0.00219,1.00033,-0.07774,0.10922,0.00007
8.7500,875,1,8.7500,49.95,,,,,,,,,,,,,,,,,,,,,,,,,,,,,,,,,,,,,,,,,,,,,,,,,,,0.63630,-0.05929,-0.00245,0.49385,0.06980,0.00015,0.86704,-0.06325,-0.47733,-0.00239,-0.29929,-0.01856,0.00507,0.43520,0.11201,0.00640,0.86863,-0.08046,-0.05790,-0.00899,0.62446,-0.05867,-0.00145,0.00492,0.01561,0.00345,0.91422,-0.14547,-0.02339,-0.01365,-0.20305,-0.14103,0.00617,-0.16360,0.08762,0.00161,0.86332,-0.05818,-0.02692,-0.01082,0.11818,0.02975,-0.00407,0.14232,0.05072,-0.00208,0.99638,-0.08022,0.10923,0.00002
8.8000,880,1,8.8010,51.00,,,,,,,,,,,,,,,,,,,,,,,,,,,,,,,,,,,,,,,,,,,,,,,,,,,0.63330,-0.06047,-0.00234,0.49734,0.06972,0.00017,0.86378,-0.06742,-0.47744,-0.00211,-0.30016,-0.01621,0.00449,0.44072,0.10889,0.00628,0.86453,-0.08345,-0.05835,-0.00882,0.62151,-0.05951,-0.00201,0.00565,0.01388,0.00358,0.90674,-0.15340,-0.02407,-0.01337,-0.21002,-0.13806,0.00594,-0.15924,0.08683,0.00159,0.86031,-0.06214,-0.02746,-0.01061,0.11962,0.02778,-0.00397,0.14488,0.05171,-0.00197,0.99231,-0.08251,0.10923,-0.00003
8.8500,885,1,8.8497,48.73,,,,,,,,,,,,,,,,,,,,,,,,,,,,,,,,,,,,,,,,,,,,,,,,,,,0.63025,-0.06158,-0.00220,0.50082,0.06963,0.00020,0.86030,-0.07143,-0.47754,-0.00184,-0.30092,-0.01420,0.00366,0.44609,0.10586,0.00605,0.86030,-0.08537,-0.05879,-0.00866,0.61850,-0.06070,-0.00291,0.00630,0.01212,0.00355,0.89892,-0.15905,-0.02473,-0.01308,-0.21685,-0.13520,0.00572,-0.15491,0.08606,0.00156,0.85711,-0.06592,-0.02798,-0.01039,0.12096,0.02585,-0.00388,0.14749,0.05265,-0.00186,0.98813,-0.08461,0.10922,-0.00007
8.9000,890,1,8.8999,50.18,,,,,,,,,,,,,,,,,,,,,,,,,,,,,,,,,,,,,,,,,,,,,,,,,,,0.62715,-0.06262,-0.00203,0.50430,0.06952,0.00024,0.85664,-0.07521,-0.47763,-0.00160,-0.30159,-0.01266,0.00259,0.45131,0.10297,0.00571,0.85600,-0.08667,-0.05922,-0.00850,0.61543,-0.06241,-0.00413,0.00687,0.01042,0.00336,0.89086,-0.16307,-0.02537,-0.01279,-0.22354,-0.13245,0.00550,-0.15063,0.08530,0.00154,0.85372,-0.06949,-0.02850,-0.01018,0.12221,0.02397,-0.00380,0.15014,0.05353,-0.00176,0.98386,-0.08653,0.10922,-0.00011
8.9500,895,1,8.9496,49.71,,,,,,,,,,,,,,,,,,,,,,,,,,,,,,,,,,,,,,,,,,,,,,,,,,,0.62399,-0.06357,-0.00185,0.50777,0.06939,0.00029,0.85279,-0.07870,-0.47770,-0.00137,-0.30219,-0.01168,0.00138,0.45639,0.10027,0.00530,0.85163,-0.08807,-0.05964,-0.00833,0.61225,-0.06479,-0.00557,0.00735,0.00884,0.00307,0.88263,-0.16645,-0.02601,-0.01251,-0.23010,-0.12980,0.00529,-0.14638,0.08455,0.00151,0.85016,-0.07286,-0.02900,-0.00996,0.12336,0.02213,-0.00371,0.15284,0.05437,-0.00166,0.97948,-0.08829,0.10921,-0.00015
9.0000,900,1,9.0010,51.41,,,,,,,,,,,,,,,,,,,,,,,,,,,,,,,,,,,,,,,,,,,,,,,,,,,0.62079,-0.06443,-0.00166,0.51124,0.06923,0.00034,0.84877,-0.08182,-0.47777,-0.00116,-0.30276,-0.01130,0.00016,0.46134,0.09777,0.00491,0.84718,-0.08992,-0.06005,-0.00816,0.60894,-0.06788,-0.00703,0.00775,0.00740,0.00279,0.87422,-0.16972,-0.02663,-0.01223,-0.23653,-0.12726,0.00508,-0.14217,0.08382,0.00148,0.84644,-0.07600,-0.02949,-0.00975,0.12442,0.02033,-0.00363,0.15558,0.05516,-0.00157,0.97503,-0.08988,0.10920,-0.00018
9.0500,905,1,9.0505,49.46,,,,,,,,,,,,,,,,,,,,,,,,,,,,,,,,,,,,,,,,,,,,,,,,,,,0.61755,-0.06521,-0.00149,0.51470,0.06906,0.00038,0.84461,-0.08460,-0.47782,-0.00097,-0.30333,-0.01151,-0.00099,0.46617,0.09545,0.00455,0.84263,-0.09225,-0.06045,-0.00800,0.60545,-0.07167,-0.00840,0.00809,0.00610,0.00253,0.86565,-0.17292,-0.02723,-0.01195,-0.24283,-0.12482,0.00488,-0.13800,0.08310,0.00145,0.84256,-0.07892,-0.02998,-0.00954,0.12539,0.01857,-0.00355,0.15836,0.05591,-0.00148,0.97050,-0.09132,0.10920,-0.00021
9.1000,910,1,9.1002,49.79,,,,,,,,,,,,,,,,,,,,,,,,,,,,,,,,,,,,,,,,,,,,,,,,,,,0.61427,-0.06590,-0.00134,0.51815,0.06887,0.00041,0.84032,-0.08707,-0.47786,-0.00079,-0.30392,-0.01225,-0.00198,0.47089,0.09330,0.00422,0.83796,-0.09467,-0.06085,-0.00783,0.60176,-0.07609,-0.00958,0.00836,0.00492,0.00229,0.85694,-0.17556,-0.02782,-0.01167,-0.24901,-0.12247,0.00468,-0.13386,0.08239,0.00143,0.83855,-0.08161,-0.03045,-0.00932,0.12628,0.01685,-0.00347,0.16117,0.05662,-0.00139,0.96590,-0.09259,0.10918,-0.00024
9.1500,915,1,9.1497,49.43,,,,,,,,,,,,,,,,,,,,,,,,,,,,,,,,,,,,,,,,,,,,,,,,,,,0.61096,-0.06652,-0.00120,0.52158,0.06866,0.00044,0.83591,-0.08928,-0.47790,-0.00063,-0.30456,-0.01343,-0.00280,0.47550,0.09130,0.00391,0.83317,-0.09680,-0.06124,-0.00766,0.59783,-0.08103,-0.01054,0.00858,0.00385,0.00208,0.84812,-0.17714,-0.02840,-0.01139,-0.25508,-0.12022,0.00449,-0.12976,0.08170,0.00140,0.83441,-0.08408,-0.03091,-0.00911,0.12708,0.01517,-0.00338,0.16402,0.05728,-0.00131,0.96124,-0.09369,0.10917,-0.00026
9.2000,920,1,9.2005,50.79,,,,,,,,,,,,,,,,,,,,,,,,,,,,,,,,,,,,,,,,,,,,,,,,,,,0.60762,-0.06708,-0.00109,0.52501,0.06844,0.00046,0.83139,-0.09125,-0.47793,-0.00047,-0.30527,-0.01497,-0.00346,0.48002,0.08946,0.00363,0.82829,-0.09841,-0.06161,-0.00748,0.59365,-0.08640,-0.01130,0.00875,0.00288,0.00188,0.83925,-0.17729,-0.02896,-0.01111,-0.26103,-0.11807,0.00430,-0.12569,0.08102,0.00137,0.83014,-0.08634,-0.03136,-0.00890,0.12780,0.01353,-0.00330,0.16690,0.05791,-0.00124,0.95653,-0.09461,0.10916,-0.00028
9.2500,925,1,9.2497,49.27,,,,,,,,,,,,,,,,,,,,,,,,,,,,,,,,,,,,,,,,,,,,,,,,,,,0.60425,-0.06759,-0.00099,0.52843,0.06820,0.00049,0.82679,-0.09302,-0.47795,-0.00033,-0.30607,-0.01680,-0.00396,0.48445,0.08774,0.00337,0.82334,-0.09932,-0.06198,-0.00731,0.58919,-0.09208,-0.01183,0.00887,0.00200,0.00170,0.83041,-0.17585,-0.02951,-0.01083,-0.26688,-0.11600,0.00412,-0.12166,0.08036,0.00134,0.82578,-0.08840,-0.03180,-0.00868,0.12843,0.01193,-0.00322,0.16981,0.05849,-0.00116,0.95178,-0.09535,0.10914,-0.00030
9.3000,930,1,9.3007,50.98,,,,,,,,,,,,,,,,,,,,,,,,,,,,,,,,,,,,,,,,,,,,,,,,,,,0.60086,-0.06806,-0.00091,0.53183,0.06796,0.00050,0.82210,-0.09460,-0.47796,-0.00021,-0.30696,-0.01883,-0.00431,0.48880,0.08615,0.00313,0.81837,-0.09949,-0.06235,-0.00714,0.58444,-0.09797,-0.01217,0.00895,0.00121,0.00153,0.82169,-0.17272,-0.03004,-0.01056,-0.27263,-0.11402,0.00394,-0.11766,0.07971,0.00131,0.82131,-0.09025,-0.03223,-0.00847,0.12899,0.01037,-0.00313,0.17275,0.05905,-0.00109,0.94700,-0.09591,0.10913,-0.00032
9.3500,935,1,9.3504,49.70,,,,,,,,,,,,,,,,,,,,,,,,,,,,,,,,,,,,,,,,,,,,,,,,,,,0.59745,-0.06849,-0.00085,0.53522,0.06771,0.00052,0.81733,-0.09600,-0.47797,-0.00009,-0.30795,-0.02100,-0.00450,0.49307,0.08467,0.00290,0.81341,-0.09888,-0.06270,-0.00697,0.57939,-0.10398,-0.01230,0.00899,0.00050,0.00138,0.81317,-0.16798,-0.03056,-0.01028,-0.27829,-0.11213,0.00377,-0.11369,0.07907,0.00128,0.81675,-0.09191,-0.03264,-0.00826,0.12947,0.00886,-0.00304,0.17571,0.05956,-0.00102,0.94220,-0.09629,0.10911,-0.00033
9.4000,940,1,9.4007,50.30,,,,,,,,,,,,,,,,,,,,,,,,,,,,,,,,,,,,,,,,,,,,,,,,,,,0.59401,-0.06889,-0.00080,0.53860,0.06745,0.00053,0.81250,-0.09724,-0.47797,0.00001,-0.30906,-0.02323,-0.00456,0.49727,0.08330,0.00270,0.80849,-0.09757,-0.06304,-0.00679,0.57404,-0.11000,-0.01224,0.00900,-0.00015,0.00124,0.80492,-0.16178,-0.03107,-0.01001,-0.28385,-0.11032,0.00360,-0.10975,0.07846,0.00124,0.81212,-0.09339,-0.03305,-0.00804,0.12988,0.00739,-0.00295,0.17870,0.06005,-0.00096,0.93737,-0.09652,0.10909,-0.00034
9.4500,945,1,9.4497,49.04,,,,,,,,,,,,,,,,,,,,,,,,,,,,,,,,,,,,,,,,,,,,,,,,,,,0.59056,-0.06928,-0.00077,0.54197,0.06719,0.00053,0.80761,-0.09832,-0.47797,0.00011,-0.31027,-0.02545,-0.00449,0.50140,0.08202,0.00251,0.80366,-0.09567,-0.06338,-0.00662,0.56839,-0.11596,-0.01200,0.00898,-0.00072,0.00111,0.79701,-0.15442,-0.03156,-0.00974,-0.28932,-0.10860,0.00344,-0.10584,0.07785,0.00121,0.80742,-0.09469,-0.03345,-0.00783,0.13021,0.00596,-0.00286,0.18172,0.06050,-0.00090,0.93255,-0.09663,0.10908,-0.00035
9.5000,950,1,9.5080,58.25,,,,,,,,,,,,,,,,,,,,,,,,,,,,,,,,,,,,,,,,,,,,,,,,,,,0.58709,-0.06965,-0.00075,0.54532,0.06693,0.00054,0.80267,-0.09925,-0.47796,0.00019,-0.31160,-0.02761,-0.00431,0.50547,0.08083,0.00233,0.79893,-0.09338,-0.06370,-0.00644,0.56245,-0.12176,-0.01162,0.00893,-0.00124,0.00100,0.78949,-0.14630,-0.03204,-0.00946,-0.29471,-0.10695,0.00328,-0.10197,0.07727,0.00118,0.80265,-0.09583,-0.03383,-0.00762,0.13047,0.00458,-0.00276,0.18475,0.06093,-0.00084,0.92771,-0.09663,0.10906,-0.00036
9.5500,955,1,9.5497,41.76,,,,,,,,,,,,,,,,,,,,,,,,,,,,,,,,,,,,,,,,,,,,,,,,,,,0.58360,-0.07001,-0.00074,0.54866,0.06666,0.00054,0.79769,-0.10002,-0.47795,0.00026,-0.31303,-0.02966,-0.00403,0.50948,0.07973,0.00217,0.79432,-0.09100,-0.06402,-0.00626,0.55622,-0.12733,-0.01110,0.00886,-0.00170,0.00089,0.78238,-0.13799,-0.03251,-0.00919,-0.30002,-0.10537,0.00313,-0.09812,0.07669,0.00115,0.79784,-0.09679,-0.03421,-0.00741,0.13067,0.00325,-0.00267,0.18781,0.06133,-0.00078,0.92288,-0.09656,0.10904,-0.00037
9.6000,960,1,9.5996,49.86,,,,,,,,,,,,,,,,,,,,,,,,,,,,,,,,,,,,,,,,,,,,,,,,,,,0.58009,-0.07037,-0.00074,0.55199,0.06640,0.00054,0.79267,-0.10061,-0.47793,0.00033,-0.31456,-0.03155,-0.00368,0.51344,0.07870,0.00202,0.78982,-0.08898,-0.06433,-0.00609,0.54972,-0.13263,-0.01048,0.00876,-0.00212,0.00079,0.77568,-0.13021,-0.03296,-0.00892,-0.30525,-0.10387,0.00298,-0.09430,0.07614,0.00112,0.79298,-0.09760,-0.03458,-0.00720,0.13080,0.00197,-0.00257,0.19088,0.06169,-0.00073,0.91806,-0.09645,0.10902,-0.00037
9.6500,965,1,9.7099,110.25,,,,,,,,,,,,,,,,,,,,,,,,,,,,,,,,,,,,,,,,,,,,,,,,,,,0.57656,-0.07074,-0.00074,0.55530,0.06613,0.00054,0.78763,-0.10097,-0.47792,0.00039,-0.31619,-0.03326,-0.00331,0.51735,0.07774,0.00189,0.78541,-0.08780,-0.06463,-0.00591,0.54296,-0.13761,-0.00982,0.00865,-0.00248,0.00071,0.76934,-0.12375,-0.03340,-0.00865,-0.31041,-0.10244,0.00284,-0.09050,0.07560,0.00108,0.78808,-0.09826,-0.03493,-0.00698,0.13087,0.00073,-0.00247,0.19398,0.06204,-0.00067,0.91324,-0.09633,0.10900,-0.00038
9.7000,970,1,9.7265,16.67,,,,,,,,,,,,,,,,,,,,,,,,,,,,,,,,,,,,,,,,,,,,,,,,,,,0.57301,-0.07110,-0.00073,0.55860,0.06587,0.00053,0.78258,-0.10114,-0.47789,0.00044,-0.31789,-0.03480,-0.00297,0.52122,0.07685,0.00176,0.78103,-0.08742,-0.06492,-0.00573,0.53596,-0.14227,-0.00920,0.00851,-0.00281,0.00063,0.76328,-0.11862,-0.03383,-0.00838,-0.31549,-0.10109,0.00270,-0.08674,0.07508,0.00105,0.78315,-0.09878,-0.03527,-0.00677,0.13087,-0.00046,-0.00237,0.19709,0.06236,-0.00062,0.90843,-0.09621,0.10898,-0.00038
9.7500,975,1,9.7498,23.24,,,,,,,,,,,,,,,,,,,,,,,,,,,,,,,,,,,,,,,,,,,,,,,,,,,0.56945,-0.07145,-0.00072,0.56189,0.06561,0.00053,0.77752,-0.10117,-0.47787,0.00048,-0.31966,-0.03618,-0.00267,0.52504,0.07602,0.00164,0.77666,-0.08754,-0.06520,-0.00555,0.52874,-0.14664,-0.00862,0.00837,-0.00310,0.00055,0.75746,-0.11449,-0.03424,-0.00811,-0.32052,-0.09979,0.00257,-0.08300,0.07457,0.00102,0.77820,-0.09918,-0.03561,-0.00656,0.13082,-0.00159,-0.00227,0.20021,0.06265,-0.00058,0.90362,-0.09611,0.10897,-0.00038
9.8000,980,1,9.8013,51.55,,,,,,,,,,,,,,,,,,,,,,,,,,,,,,,,,,,,,,,,,,,,,,,,,,,0.56587,-0.07180,-0.00071,0.56516,0.06535,0.00052,0.77246,-0.10110,-0.47785,0.00051,-0.32150,-0.03743,-0.00240,0.52882,0.07524,0.00153,0.77227,-0.08796,-0.06548,-0.00537,0.52130,-0.15073,-0.00807,0.00820,-0.00336,0.00049,0.75182,-0.11111,-0.03464,-0.00785,-0.32547,-0.09856,0.00244,-0.07928,0.07408,0.00098,0.77324,-0.09945,-0.03593,-0.00635,0.13072,-0.00268,-0.00216,0.20335,0.06292,-0.00053,0.89881,-0.09603,0.10895,-0.00038
9.8500,985,1,9.8495,48.24,,,,,,,,,,,,,,,,,,,,,,,,,,,,,,,,,,,,,,,,,,,,,,,,,,,0.56227,-0.07215,-0.00069,0.56842,0.06510,0.00051,0.76741,-0.10095,-0.47782,0.00054,-0.32340,-0.03854,-0.00216,0.53256,0.07451,0.00143,0.76786,-0.08854,-0.06574,-0.00519,0.51367,-0.15456,-0.00755,0.00803,-0.00358,0.00043,0.74634,-0.10829,-0.03503,-0.00758,-0.33037,-0.09740,0.00231,-0.07559,0.07360,0.00095,0.76826,-0.09963,-0.03624,-0.00614,0.13056,-0.00372,-0.00206,0.20650,0.06317,-0.00049,0.89402,-0.09596,0.10893,-0.00037
9.9000,990,1,9.9003,50.71,,,,,,,,,,,,,,,,,,,,,,,,,,,,,,,,,,,,,,,,,,,,,,,,,,,0.55865,-0.07248,-0.00067,0.57167,0.06485,0.00050,0.76237,-0.10073,-0.47779,0.00056,-0.32536,-0.03955,-0.00195,0.53627,0.07383,0.00134,0.76342,-0.08920,-0.06600,-0.00501,0.50585,-0.15814,-0.00706,0.00785,-0.00378,0.00037,0.74099,-0.10590,-0.03540,-0.00731,-0.33522,-0.09629,0.00219,-0.07192,0.07314,0.00092,0.76328,-0.09972,-0.03654,-0.00593,0.13035,-0.00470,-0.00196,0.20967,0.06340,-0.00045,0.88922,-0.09590,0.10891,-0.00037
9.9500,995,1,9.9498,49.56,,,,,,,,,,,,,,,,,,,,,,,,,,,,,,,,,,,,,,,,,,,,,,,,,,,0.55502,-0.07280,-0.00064,0.57491,0.06461,0.00049,0.75734,-0.10047,-0.47777,0.00057,-0.32736,-0.04046,-0.00176,0.53995,0.07320,0.00125,0.75894,-0.08989,-0.06624,-0.00483,0.49786,-0.16149,-0.00660,0.00765,-0.00395,0.00032,0.73574,-0.10384,-0.03576,-0.00705,-0.34000,-0.09525,0.00207,-0.06827,0.07270,0.00088,0.75829,-0.09973,-0.03684,-0.00572,0.13009,-0.00563,-0.00185,0.21284,0.06361,-0.00041,0.88443,-0.09584,0.10889,-0.00036
10.0000,1000,2,10.0000,50.19,0.61190,-0.05791,-0.00593,0.57905,0.07872,0.02695,0.81542,-0.15249,-0.41237,-0.20614,-0.29208,-0.11758,-0.00752,-0.11879,0.10144,-0.00758,0.82374,-0.10250,-0.03158,-0.00801,0.14244,0.00646,0.01344,0.16704,0.06791,-0.01500,0.94603,-0.12810,0.11124,0.09685,0.57728,-0.12823,0.01330,0.00790,0.01207,0.01103,0.82361,-0.14502,0.00352,-0.14637,-0.31794,-0.04796,-0.00027,0.50588,0.06762,0.00631,0.80834,-0.12387,-0.02474,0.01376,0.61190,-0.05791,-0.00593,0.57905,0.07872,0.02695,0.81542,-0.15249,-0.41237,-0.20614,-0.29208,-0.11758,-0.00752,-0.11879,0.10144,-0.00758,0.82374,-0.10250,-0.03158,-0.00801,0.14244,0.00646,0.01344,0.16704,0.06791,-0.01500,0.94603,-0.12810,0.11124,0.09685,0.57728,-0.12823,0.01330,0.00790,0.01207,0.01103,0.82361,-0.14502,0.00352,-0.14637,-0.31794,-0.04796,-0.00027,0.50588,0.06762,0.00631,0.80834,-0.12387,-0.02474,0.01376
10.0500,1005,2,10.0495,49.52,,,,,,,,,,,,,,,,,,,,,,,,,,,,,,,,,,,,,,,,,,,,,,,,,,,0.60894,-0.06003,-0.00300,0.58270,0.06822,0.01666,0.80796,-0.14625,-0.42242,-0.19601,-0.29805,-0.12114,-0.00700,-0.11361,0.10553,-0.00844,0.81765,-0.13828,-0.03198,-0.00789,0.14288,0.01049,0.00367,0.17057,0.07277,-0.00548,0.93890,-0.15460,0.11595,0.09183,0.57098,-0.12425,0.00401,0.00840,0.00818,0.00531,0.81636,-0.14465,-0.00362,-0.13931,-0.32034,-0.04805,-0.00014,0.50918,0.06464,0.00575,0.80227,-0.11921,-0.02407,0.01308
10.1000,1010,2,10.1003,50.79,,,,,,,,,,,,,,,,,,,,,,,,,,,,,,,,,,,,,,,,,,,,,,,,,,,0.60591,-0.06106,-0.00135,0.58594,0.06176,0.01019,0.80077,-0.14183,-0.43198,-0.18637,-0.30419,-0.12445,-0.00648,-0.10824,0.10924,-0.00635,0.81017,-0.15888,-0.03237,-0.00776,0.14342,0.01060,-0.00280,0.17425,0.07380,0.00085,0.93078,-0.16815,0.12042,0.08708,0.56480,-0.12346,-0.00017,0.00876,0.00649,0.00185,0.80915,-0.14391,-0.01041,-0.13258,-0.32274,-0.04814,-0.00029,0.51235,0.06204,0.00480,0.79639,-0.11622,-0.02343,0.01244
10.1500,1015,2,10.1497,49.33,,,,,,,,,,,,,,,,,,,,,,,,,,,,,,,,,,,,,,,,,,,,,,,,,,,0.60285,-0.06148,-0.00046,0.58892,0.05784,0.00609,0.79376,-0.13876,-0.44106,-0.17722,-0.31049,-0.12749,-0.00592,-0.10271,0.11155,-0.00292,0.80196,-0.16792,-0.03276,-0.00761,0.14390,0.00812,-0.00698,0.17791,0.07230,0.00497,0.92225,-0.17161,0.12466,0.08258,0.55862,-0.12394,-0.00142,0.00907,0.00613,-0.00019,0.80198,-0.14293,-0.01688,-0.12618,-0.32515,-0.04835,-0.00057,0.51540,0.05996,0.00368,0.79063,-0.11453,-0.02283,0.01183
10.2000,1020,2,10.2001,50.41,,,,,,,,,,,,,,,,,,,,,,,,,,,,,,,,,,,,,,,,,,,,,,,,,,,0.59977,-0.06158,-0.00004,0.59175,0.05554,0.00349,0.78687,-0.13676,-0.44971,-0.16852,-0.31693,-0.13024,-0.00524,-0.09712,0.11208,0.00067,0.79354,-0.16736,-0.03313,-0.00744,0.14420,0.00404,-0.00935,0.18145,0.06920,0.00737,0.91377,-0.16651,0.12869,0.07832,0.55240,-0.12460,-0.00113,0.00938,0.00652,-0.00129,0.79486,-0.14179,-0.02303,-0.12007,-0.32758,-0.04870,-0.00085,0.51835,0.05843,0.00256,0.78492,-0.11393,-0.02225,0.01125
10.2500,1025,2,10.2499,49.79,,,,,,,,,,,,,,,,,,,,,,,,,,,,,,,,,,,,,,,,,,,,,,,,,,,0.59669,-0.06156,0.00010,0.59449,0.05426,0.00188,0.78006,-0.13577,-0.45792,-0.16025,-0.32351,-0.13260,-0.00435,-0.09153,0.11103,0.00339,0.78537,-0.15779,-0.03350,-0.00726,0.14429,-0.00076,-0.00993,0.18482,0.06534,0.00812,0.90574,-0.15329,0.13250,0.07430,0.54616,-0.12495,-0.00029,0.00973,0.00728,-0.00171,0.78780,-0.14055,-0.02889,-0.11425,-0.33002,-0.04917,-0.00103,0.52125,0.05743,0.00157,0.77922,-0.11435,-0.02170,0.01070
10.3000,1030,2,10.3018,51.96,,,,,,,,,,,,,,,,,,,,,,,,,,,,,,,,,,,,,,,,,,,,,,,,,,,0.59362,-0.06151,0.00008,0.59719,0.05358,0.00100,0.77328,-0.13592,-0.46574,-0.15239,-0.33018,-0.13444,-0.00305,-0.08603,0.10909,0.00406,0.77792,-0.13843,-0.03386,-0.00707,0.14413,-0.00535,-0.00835,0.18799,0.06155,0.00693,0.89858,-0.13127,0.13612,0.07049,0.53991,-0.12492,0.00034,0.01011,0.00810,-0.00154,0.78081,-0.13919,-0.03446,-0.10871,-0.33250,-0.04967,-0.00098,0.52410,0.05685,0.00086,0.77347,-0.11584,-0.02118,0.01018
