t,k,ping,wall,tick_ms,mx0,mxd0,mth0,my0,myd0,mph0,mz0,mzd0,mps0,mr0,mx1,mxd1,mth1,my1,myd1,mph1,mz1,mzd1,mps1,mr1,mx2,mxd2,mth2,my2,myd2,mph2,mz2,mzd2,mps2,mr2,mx3,mxd3,mth3,my3,myd3,mph3,mz3,mzd3,mps3,mr3,mx4,mxd4,mth4,my4,myd4,mph4,mz4,mzd4,mps4,mr4,px0,pxd0,pth0,py0,pyd0,pph0,pz0,pzd0,pps0,pr0,px1,pxd1,pth1,py1,pyd1,pph1,pz1,pzd1,pps1,pr1,px2,pxd2,pth2,py2,pyd2,pph2,pz2,pzd2,pps2,pr2,px3,pxd3,pth3,py3,pyd3,pph3,pz3,pzd3,pps3,pr3,px4,pxd4,pth4,py4,pyd4,pph4,pz4,pzd4,pps4,pr4
0.0000,0,0,0.0000,0.00,0.54703,-0.04090,0.06842,0.57793,-0.07627,-0.06354,0.38414,-0.00486,0.09687,0.26361,-0.34644,-0.01680,0.00504,0.58594,-0.01729,0.01520,0.36883,-0.00636,-0.04817,0.07788,0.57973,0.03202,-0.00043,0.03110,0.02346,0.03090,0.35676,0.03069,-0.01883,0.10397,-0.38563,-0.01804,-0.00645,-0.18363,0.00688,0.01308,0.37315,0.01489,-0.01913,0.02245,0.09645,-0.02391,0.00273,0.35186,0.07160,0.03161,0.38277,0.03471,-0.01496,-0.29933,0.54703,-0.04090,0.06842,0.57793,-0.07627,-0.06354,0.38414,-0.00486,0.09687,0.26361,-0.34644,-0.01680,0.00504,0.58594,-0.01729,0.01520,0.36883,-0.00636,-0.04817,0.07788,0.57973,0.03202,-0.00043,0.03110,0.02346,0.03090,0.35676,0.03069,-0.01883,0.10397,-0.38563,-0.01804,-0.00645,-0.18363,0.00688,0.01308,0.37315,0.01489,-0.01913,0.02245,0.09645,-0.02391,0.00273,0.35186,0.07160,0.03161,0.38277,0.03471,-0.01496,-0.29933
0.0500,5,0,0.0512,51.15,0.54266,-0.08161,0.02922,0.57590,-0.03255,-0.05014,0.38427,-0.01381,0.10568,0.09210,-0.34690,-0.01640,-0.00353,0.58374,-0.03373,0.00501,0.36668,-0.01509,-0.04485,0.07961,0.58078,0.02899,-0.00406,0.03332,0.02310,0.02815,0.35828,0.03683,-0.01362,0.16791,-0.38307,0.01096,-0.00826,-0.19023,-0.03461,0.01432,0.37178,-0.01343,-0.01655,0.04551,0.09592,-0.02061,-0.00086,0.35406,0.04547,0.04947,0.38344,0.01034,-0.02650,-0.22127,0.54571,-0.01391,0.04311,0.57481,-0.04996,-0.04482,0.38413,0.00569,0.10909,0.22633,-0.34727,-0.01758,-0.00715,0.58490,-0.02437,0.01357,0.36940,0.02732,-0.04451,0.06848,0.58123,0.02626,-0.02130,0.03188,0.00769,0.03293,0.35993,0.09274,-0.01393,0.09227,-0.38661,-0.02061,-0.00421,-0.18341,0.00257,0.00506,0.37423,0.02802,-0.01805,0.02103,0.09527,-0.02363,-0.00131,0.35507,0.05694,0.02827,0.38524,0.06344,-0.02893,-0.26033
0.1000,10,0,0.1002,49.04,0.54036,-0.08105,0.00588,0.58722,0.05233,-0.01729,0.38029,-0.00769,0.10645,0.04821,-0.34794,-0.01574,-0.00778,0.58217,-0.02704,-0.00237,0.36812,0.01274,-0.04212,0.04478,0.58193,0.02695,0.00280,0.03478,0.02026,0.01042,0.36019,0.03799,0.00411,0.29609,-0.38307,0.01096,-0.00933,-0.19023,-0.03461,0.01104,0.37178,-0.01343,-0.01517,0.03799,0.09439,-0.01876,0.00855,0.35135,-0.00451,0.06204,0.38099,-0.00950,-0.03781,-0.18967,0.54547,0.00259,0.02521,0.57281,-0.03145,-0.03140,0.38479,0.02145,0.11958,0.19379,-0.34827,-0.02296,-0.01408,0.58352,-0.03056,0.01165,0.37140,0.05142,-0.04130,0.06026,0.58223,0.01254,-0.03346,0.03186,-0.00845,0.03256,0.36575,0.13761,-0.00958,0.08200,-0.38768,-0.02231,-0.00282,-0.18332,0.00145,-0.00011,0.37596,0.04120,-0.01703,0.01976,0.09406,-0.02497,-0.00399,0.35758,0.04378,0.02548,0.38906,0.08852,-0.04108,-0.22624
0.1500,15,0,0.1517,51.52,0.54036,-0.08105,-0.00738,0.58722,0.05233,-0.00002,0.38029,-0.00769,0.10871,0.01297,-0.34911,-0.01612,-0.00228,0.58106,-0.01876,-0.01044,0.37084,0.04819,-0.03931,0.05181,0.58257,0.02831,0.00127,0.03091,-0.01585,0.01671,0.36065,0.04196,0.01803,0.21636,-0.38178,0.01657,-0.00575,-0.19269,-0.03741,0.00260,0.37028,-0.01049,-0.01346,0.04827,0.09234,-0.02824,0.00683,0.35139,-0.02961,0.04352,0.38029,-0.00965,-0.04839,-0.25200,0.54585,0.01168,0.01255,0.57158,-0.01854,-0.02173,0.38631,0.03925,0.12854,0.16540,-0.34961,-0.03083,-0.01754,0.58186,-0.03578,0.00964,0.37444,0.06942,-0.03847,0.05307,0.58241,-0.00562,-0.03980,0.03105,-0.02402,0.03073,0.37349,0.17006,-0.00571,0.07298,-0.38883,-0.02348,-0.00203,-0.18323,0.00236,-0.00334,0.37835,0.05435,-0.01607,0.01862,0.09276,-0.02739,-0.00572,0.35947,0.03188,0.02309,0.39404,0.11018,-0.05163,-0.19644
0.2000,20,0,0.1997,47.95,0.53324,-0.06469,-0.01503,0.59024,0.05243,0.00132,0.38082,0.01348,0.10485,-0.09947,-0.34885,-0.00946,-0.00622,0.57740,-0.02613,-0.00446,0.37054,0.04332,-0.03561,0.09231,0.58377,0.02599,0.00127,0.03043,-0.02132,0.01671,0.36281,0.04381,0.01803,0.21636,-0.38117,0.01117,0.00456,-0.19392,-0.02796,-0.00821,0.37037,0.00696,-0.01203,0.02828,0.09030,-0.03014,-0.01602,0.34789,-0.05428,0.03521,0.37942,0.00439,-0.06173,-0.25446,0.54655,0.01551,0.00361,0.57089,-0.00969,-0.01474,0.38872,0.05728,0.13618,0.14062,-0.35137,-0.03980,-0.01875,0.57996,-0.04003,0.00767,0.37828,0.08348,-0.03598,0.04677,0.58163,-0.02588,-0.04230,0.02948,-0.03846,0.02804,0.38261,0.19336,-0.00227,0.06507,-0.39002,-0.02436,-0.00164,-0.18306,0.00451,-0.00523,0.38139,0.06733,-0.01516,0.01759,0.09131,-0.03048,-0.00678,0.36079,0.02107,0.02100,0.40002,0.12873,-0.06078,-0.17040
0.2500,25,0,0.2503,50.68,0.53324,-0.06469,-0.01416,0.59024,0.05243,-0.00245,0.38082,0.01348,0.09653,-0.27111,-0.34922,-0.00627,-0.00673,0.57695,-0.01776,-0.01395,0.37298,0.05880,-0.03078,0.08314,0.58399,0.01388,0.01655,0.03146,-0.00856,-0.01530,0.36524,0.06021,0.03619,0.14004,-0.38184,-0.00338,0.01399,-0.19322,-0.00136,-0.01782,0.37211,0.02334,-0.01112,0.01591,0.08825,-0.02375,-0.03389,0.34691,-0.06578,0.03953,0.38108,0.01478,-0.07100,-0.13751,0.54734,0.01565,-0.00267,0.57056,-0.00377,-0.00967,0.39202,0.07451,0.14266,0.11901,-0.35359,-0.04898,-0.01854,0.57787,-0.04333,0.00582,0.38275,0.09493,-0.03378,0.04126,0.57982,-0.04671,-0.04231,0.02723,-0.05146,0.02491,0.39271,0.20984,0.00081,0.05812,-0.39126,-0.02512,-0.00150,-0.18277,0.00735,-0.00623,0.38507,0.07996,-0.01431,0.01666,0.08970,-0.03397,-0.00737,0.36159,0.01124,0.01912,0.40686,0.14454,-0.06872,-0.14763
0.3000,30,0,0.2996,49.26,0.52660,-0.03187,-0.03210,0.58654,0.02811,0.01486,0.37719,0.02317,0.07630,-0.57548,-0.34885,-0.00032,-0.00698,0.57453,-0.01464,-0.00695,0.37564,0.06907,-0.02611,0.09438,0.58307,-0.00444,0.02266,0.03364,0.01685,-0.02214,0.36827,0.06904,0.04247,0.10866,-0.38227,-0.00734,0.01084,-0.19277,0.01185,-0.02234,0.37367,0.03233,-0.01112,0.00751,0.08671,-0.01694,-0.00307,0.34418,-0.07217,-0.00561,0.38355,0.04350,-0.07218,0.16064,0.54807,0.01321,-0.00704,0.57047,0.00002,-0.00597,0.39615,0.09043,0.14813,0.10017,-0.35627,-0.05784,-0.01747,0.57564,-0.04576,0.00413,0.38774,0.10461,-0.03184,0.03643,0.57697,-0.06712,-0.04074,0.02436,-0.06287,0.02160,0.40350,0.22118,0.00356,0.05202,-0.39254,-0.02587,-0.00154,-0.18232,0.01053,-0.00663,0.38938,0.09207,-0.01350,0.01582,0.08791,-0.03766,-0.00763,0.36192,0.00228,0.01742,0.41444,0.15795,-0.07559,-0.12773
0.3500,35,0,0.3496,49.99,0.52660,-0.03187,-0.08376,0.58654,0.02811,0.04438,0.37719,0.02317,0.04004,-1.02636,-0.34894,0.00130,-0.00262,0.57447,-0.00873,-0.00376,0.38038,0.08518,-0.02176,0.12344,0.57923,-0.04148,0.02266,0.04069,0.07390,-0.02214,0.37086,0.06767,0.04247,0.10866,-0.38201,-0.01120,0.00107,-0.18787,0.04627,-0.01954,0.37363,0.03474,-0.01110,0.01234,0.08548,-0.02097,0.00536,0.34084,-0.06286,-0.02034,0.38738,0.08135,-0.05852,0.29905,0.54863,0.00897,-0.01004,0.57054,0.00226,-0.00328,0.40104,0.10483,0.15271,0.08374,-0.35937,-0.06604,-0.01591,0.57331,-0.04741,0.00262,0.39319,0.11303,-0.03013,0.03221,0.57312,-0.08652,-0.03823,0.02097,-0.07265,0.01828,0.41476,0.22860,0.00602,0.04666,-0.39385,-0.02665,-0.00168,-0.18171,0.01379,-0.00662,0.39427,0.10354,-0.01272,0.01506,0.08593,-0.04142,-0.00765,0.36183,-0.00587,0.01586,0.42263,0.16930,-0.08154,-0.11034
0.4000,40,0,0.3999,50.35,0.52825,0.07641,-0.12221,0.58377,-0.04219,0.06857,0.38089,0.06546,-0.01329,-1.19809,-0.34806,0.00650,0.00395,0.57101,-0.01446,0.00069,0.38310,0.08114,-0.01552,0.12238,0.57616,-0.06065,0.02174,0.04730,0.09408,-0.01177,0.37399,0.06992,0.05482,0.18316,-0.38201,-0.01120,0.00681,-0.18787,0.04627,-0.01452,0.37363,0.03474,-0.01077,-0.02686,0.08100,-0.03504,-0.00167,0.33540,-0.06187,-0.02277,0.38763,0.06618,-0.04341,0.27000,0.54895,0.00352,-0.01202,0.57068,0.00336,-0.00132,0.40661,0.11763,0.15654,0.06942,-0.36286,-0.07341,-0.01412,0.57091,-0.04836,0.00129,0.39903,0.12050,-0.02861,0.02851,0.56834,-0.10454,-0.03518,0.01712,-0.08082,0.01507,0.42631,0.23300,0.00824,0.04194,-0.39520,-0.02753,-0.00188,-0.18094,0.01698,-0.00636,0.39972,0.11427,-0.01199,0.01438,0.08377,-0.04514,-0.00751,0.36135,-0.01329,0.01441,0.43134,0.17885,-0.08666,-0.09515
0.4500,45,0,0.4501,50.15,0.53172,0.12018,-0.11478,0.58249,-0.06529,0.05767,0.38544,0.08053,-0.07425,-1.12267,-0.34759,0.00619,0.00927,0.57063,-0.01180,0.00106,0.38499,0.08031,-0.01176,0.02990,0.57285,-0.06978,0.02174,0.05212,0.09727,-0.01177,0.37820,0.09890,0.05482,0.18316,-0.38415,-0.02581,0.01275,-0.18048,0.06480,-0.00782,0.37845,0.06100,-0.01141,-0.00004,0.07902,-0.03418,-0.00878,0.33344,-0.04466,-0.04257,0.39144,0.06178,-0.02844,0.26131,0.54897,-0.00270,-0.01326,0.57086,0.00364,0.00009,0.41277,0.12888,0.15969,0.05694,-0.36669,-0.07988,-0.01225,0.56848,-0.04870,0.00013,0.40523,0.12722,-0.02727,0.02526,0.56269,-0.12099,-0.03189,0.01291,-0.08746,0.01203,0.43802,0.23507,0.01023,0.03780,-0.39660,-0.02850,-0.00210,-0.18002,0.02000,-0.00593,0.40568,0.12419,-0.01129,0.01376,0.08142,-0.04876,-0.00725,0.36051,-0.02003,0.01307,0.44048,0.18688,-0.09108,-0.08186
0.5000,50,0,0.4998,49.74,0.53808,0.14633,-0.06584,0.57597,-0.07500,0.01002,0.38930,0.11260,-0.12771,-0.81143,-0.34671,0.00180,0.01639,0.56775,-0.01826,-0.00192,0.38789,0.07040,-0.01039,-0.01717,0.56937,-0.06829,-0.00980,0.05683,0.08925,0.03672,0.38317,0.09997,0.07781,0.22885,-0.38558,-0.03118,0.01236,-0.17729,0.06203,0.00106,0.38185,0.07439,-0.01071,0.00579,0.07770,-0.02537,-0.01325,0.32863,-0.02888,-0.03978,0.39404,0.07086,-0.01937,0.15534,0.54867,-0.00940,-0.01396,0.57103,0.00333,0.00111,0.41947,0.13867,0.16226,0.04607,-0.37083,-0.08543,-0.01040,0.56605,-0.04852,-0.00086,0.41174,0.13331,-0.02608,0.02242,0.55627,-0.13581,-0.02853,0.00840,-0.09266,0.00920,0.44979,0.23533,0.01203,0.03415,-0.39805,-0.02959,-0.00232,-0.17895,0.02279,-0.00541,0.41212,0.13326,-0.01061,0.01320,0.07890,-0.05223,-0.00690,0.35936,-0.02613,0.01181,0.45000,0.19358,-0.09488,-0.07026
0.5500,55,0,0.5496,49.78,0.53808,0.14633,-0.02492,0.57597,-0.07500,-0.00726,0.38930,0.11260,-0.16030,-0.44645,-0.34660,-0.00676,0.01965,0.56587,-0.02095,-0.00060,0.39065,0.07475,-0.01262,-0.05675,0.56782,-0.04964,-0.01080,0.05393,0.03600,0.05497,0.38767,0.12775,0.09132,0.26526,-0.38462,-0.01939,0.00519,-0.17966,0.02276,0.01682,0.38340,0.07457,-0.00998,0.06256,0.07657,-0.01768,-0.02055,0.33032,-0.00452,-0.04413,0.39935,0.06359,-0.01471,0.03593,0.54803,-0.01633,-0.01425,0.57118,0.00260,0.00182,0.42662,0.14712,0.16432,0.03661,-0.37522,-0.09009,-0.00864,0.56364,-0.04789,-0.00169,0.41855,0.13884,-0.02502,0.01992,0.54914,-0.14898,-0.02521,0.00367,-0.09652,0.00659,0.46153,0.23420,0.01365,0.03094,-0.39956,-0.03078,-0.00254,-0.17774,0.02531,-0.00484,0.41899,0.14147,-0.00996,0.01269,0.07620,-0.05552,-0.00650,0.35791,-0.03162,0.01063,0.45982,0.19914,-0.09813,-0.06012
0.6000,60,0,0.5999,50.26,0.55234,0.16180,-0.02412,0.56939,-0.08718,0.02094,0.40366,0.15375,-0.17794,-0.24164,-0.34718,-0.01667,0.01961,0.56484,-0.01994,-0.00396,0.39460,0.08742,-0.01548,-0.08564,0.56555,-0.04139,-0.00595,0.05502,0.00619,0.06268,0.39500,0.16579,0.10490,0.27164,-0.38551,-0.02040,-0.00008,-0.18007,0.00974,0.02273,0.38756,0.09007,-0.00495,0.12741,0.07730,0.00000,-0.01159,0.32916,0.01033,-0.04618,0.40259,0.06023,-0.01506,0.03764,0.54703,-0.02333,-0.01423,0.57129,0.00158,0.00230,0.43416,0.15433,0.16594,0.02838,-0.37982,-0.09392,-0.00699,0.56127,-0.04688,-0.00238,0.42562,0.14387,-0.02408,0.01773,0.54140,-0.16056,-0.02202,-0.00123,-0.09916,0.00421,0.47319,0.23199,0.01513,0.02811,-0.40113,-0.03207,-0.00273,-0.17642,0.02753,-0.00424,0.42625,0.14882,-0.00934,0.01223,0.07335,-0.05860,-0.00606,0.35620,-0.03656,0.00952,0.46990,0.20372,-0.10091,-0.05126
0.6500,65,0,0.6498,49.97,0.55937,0.15342,-0.00468,0.55967,-0.13542,0.05285,0.40827,0.13583,-0.18463,0.12074,-0.34829,-0.02800,0.02319,0.56224,-0.02359,-0.00733,0.39863,0.09815,-0.01988,-0.10811,0.56001,-0.05860,-0.00056,0.06140,0.01835,0.05547,0.40337,0.19240,0.11893,0.20062,-0.38682,-0.02631,0.00722,-0.18021,-0.00198,0.02238,0.39216,0.10277,-0.00020,0.07639,0.07558,-0.00739,0.00732,0.33436,0.05524,-0.03490,0.41423,0.12995,-0.01340,-0.09548,0.54569,-0.03025,-0.01398,0.57134,0.00037,0.00261,0.44203,0.16044,0.16717,0.02122,-0.38460,-0.09697,-0.00549,0.55895,-0.04557,-0.00295,0.43293,0.14842,-0.02324,0.01581,0.53311,-0.17062,-0.01900,-0.00623,-0.10069,0.00205,0.48472,0.22896,0.01647,0.02562,-0.40277,-0.03345,-0.00289,-0.17499,0.02947,-0.00365,0.43386,0.15533,-0.00874,0.01181,0.07035,-0.06146,-0.00559,0.35426,-0.04098,0.00849,0.48018,0.20744,-0.10328,-0.04353
0.7000,70,0,0.6999,50.10,0.56480,0.11487,0.04689,0.55166,-0.13777,0.03208,0.41451,0.14106,-0.17510,0.33830,-0.34984,-0.03890,0.02039,0.56050,-0.02438,-0.00715,0.40286,0.10548,-0.02455,-0.09558,0.55774,-0.04961,-0.00639,0.06147,-0.01267,0.07157,0.41258,0.19337,0.12984,0.19392,-0.38827,-0.03063,0.01222,-0.18053,-0.01002,0.01842,0.39764,0.11536,0.00220,0.03779,0.07704,-0.00153,-0.00314,0.33595,0.06801,-0.01656,0.42308,0.15745,-0.02116,-0.07639,0.54401,-0.03701,-0.01356,0.57133,-0.00096,0.00279,0.45019,0.16555,0.16808,0.01500,-0.38951,-0.09933,-0.00413,0.55671,-0.04400,-0.00341,0.44045,0.15253,-0.02250,0.01412,0.52436,-0.17923,-0.01616,-0.01128,-0.10120,0.00010,0.49608,0.22531,0.01769,0.02342,-0.40448,-0.03490,-0.00302,-0.17348,0.03111,-0.00306,0.44177,0.16104,-0.00816,0.01143,0.06721,-0.06408,-0.00511,0.35211,-0.04491,0.00752,0.49063,0.21042,-0.10528,-0.03677
0.7500,75,0,0.7502,50.22,0.56890,0.07299,0.07765,0.54619,-0.12904,0.00047,0.42104,0.14025,-0.15462,0.50120,-0.35210,-0.04944,0.02363,0.55935,-0.01892,-0.01045,0.40892,0.12429,-0.03043,-0.10554,0.55623,-0.03450,-0.01003,0.05890,-0.05793,0.08244,0.42187,0.20050,0.13967,0.18804,-0.39177,-0.04332,0.00170,-0.17701,0.01151,0.01188,0.40524,0.12937,0.00365,-0.00012,0.07571,-0.00428,-0.02398,0.34286,0.08789,0.01801,0.43617,0.20724,-0.02358,-0.04266,0.54200,-0.04353,-0.01301,0.57124,-0.00235,0.00287,0.45857,0.16977,0.16869,0.00960,-0.39452,-0.10105,-0.00291,0.55456,-0.04224,-0.00376,0.44817,0.15622,-0.02183,0.01263,0.51521,-0.18650,-0.01351,-0.01634,-0.10082,-0.00163,0.50724,0.22120,0.01881,0.02148,-0.40626,-0.03641,-0.00312,-0.17189,0.03248,-0.00250,0.44995,0.16599,-0.00760,0.01107,0.06394,-0.06647,-0.00462,0.34978,-0.04837,0.00662,0.50121,0.21275,-0.10697,-0.03087
0.8000,80,0,0.8001,49.97,0.56890,0.07299,0.07760,0.54619,-0.12904,0.00686,0.42104,0.14025,-0.12897,0.49862,-0.35623,-0.06817,0.02052,0.55956,-0.00947,-0.00295,0.41866,0.15410,-0.03623,-0.12692,0.55576,-0.01510,-0.00581,0.05369,-0.10989,0.06426,0.43253,0.23320,0.14871,0.25295,-0.39431,-0.04083,-0.00159,-0.17753,-0.00120,0.00046,0.41159,0.12571,0.00370,-0.03762,0.07807,0.01956,-0.02535,0.34402,0.06833,0.03992,0.44756,0.21167,-0.02625,0.06386,0.53966,-0.04976,-0.01236,0.57109,-0.00376,0.00288,0.46715,0.17320,0.16905,0.00491,-0.39961,-0.10220,-0.00182,0.55249,-0.04033,-0.00403,0.45607,0.15950,-0.02123,0.01133,0.50573,-0.19252,-0.01106,-0.02135,-0.09963,-0.00318,0.51819,0.21676,0.01984,0.01976,-0.40812,-0.03796,-0.00319,-0.17023,0.03357,-0.00197,0.45836,0.17020,-0.00705,0.01075,0.06056,-0.06861,-0.00413,0.34728,-0.05141,0.00578,0.51190,0.21450,-0.10838,-0.02571
0.8500,85,0,0.8502,50.09,0.57140,0.03378,0.06648,0.53882,-0.13127,-0.00606,0.42867,0.15622,-0.10340,0.51345,-0.36025,-0.07634,0.00954,0.55788,-0.01042,-0.00742,0.42787,0.16355,-0.04225,-0.05621,0.55576,-0.01510,-0.00581,0.05369,-0.10989,0.06426,0.43253,0.23320,0.14871,0.25295,-0.39599,-0.03434,-0.00663,-0.17921,-0.00403,-0.00113,0.41759,0.11808,0.00189,-0.06898,0.07948,0.02930,-0.01238,0.34588,0.04283,0.04630,0.45633,0.16969,-0.02235,0.18532,0.53703,-0.05565,-0.01165,0.57087,-0.00517,0.00283,0.47588,0.17592,0.16919,0.00085,-0.40473,-0.10286,-0.00086,0.55052,-0.03830,-0.00423,0.46411,0.16239,-0.02069,0.01018,0.49598,-0.19738,-0.00881,-0.02629,-0.09773,-0.00454,0.52892,0.21210,0.02079,0.01825,-0.41006,-0.03953,-0.00322,-0.16853,0.03441,-0.00146,0.46696,0.17374,-0.00652,0.01046,0.05708,-0.07052,-0.00364,0.34465,-0.05405,0.00500,0.52265,0.21575,-0.10955,-0.02121
0.9000,90,0,0.9004,50.20,0.57233,0.00272,0.05345,0.53061,-0.13363,-0.04497,0.43714,0.17684,-0.07834,0.51124,-0.36358,-0.07644,0.00741,0.55611,-0.00824,-0.00870,0.43459,0.16434,-0.04329,0.02010,0.55576,-0.01510,-0.00581,0.05369,-0.10989,0.06426,0.43253,0.23320,0.14871,0.25295,-0.39599,-0.03434,-0.01543,-0.17921,-0.00403,-0.00643,0.41759,0.11808,-0.00149,-0.08684,0.07984,0.02379,0.01002,0.34904,0.04625,0.00695,0.46747,0.19093,-0.01328,0.16769,0.53410,-0.06118,-0.01088,0.57057,-0.00653,0.00273,0.48473,0.17801,0.16914,-0.00266,-0.40988,-0.10307,-0.00002,0.54866,-0.03619,-0.00435,0.47230,0.16491,-0.02021,0.00916,0.48601,-0.20119,-0.00673,-0.03111,-0.09521,-0.00574,0.53940,0.20730,0.02167,0.01690,-0.41207,-0.04111,-0.00322,-0.16680,0.03501,-0.00099,0.47572,0.17665,-0.00601,0.01018,0.05352,-0.07219,-0.00316,0.34188,-0.05632,0.00427,0.53346,0.21655,-0.11051,-0.01729
0.9500,95,0,0.9501,49.70,0.57194,-0.02088,0.04861,0.52373,-0.10853,-0.06516,0.44642,0.19396,-0.05250,0.52160,-0.36723,-0.07887,0.01163,0.55493,-0.00871,-0.00714,0.44150,0.16081,-0.04131,0.05588,0.54891,-0.02525,0.01347,0.03133,-0.19277,0.03488,0.45167,0.25257,0.17158,0.23580,-0.39833,-0.01349,-0.02227,-0.17967,0.00401,-0.01148,0.42853,0.10316,-0.00624,-0.10833,0.08114,0.01588,0.02043,0.34978,0.04657,-0.01738,0.47770,0.23606,-0.00373,0.32648,0.53092,-0.06632,-0.01007,0.57021,-0.00784,0.00261,0.49367,0.17954,0.16893,-0.00570,-0.41503,-0.10289,0.00072,0.54691,-0.03404,-0.00443,0.48060,0.16707,-0.01978,0.00827,0.47587,-0.20402,-0.00483,-0.03580,-0.09213,-0.00678,0.54965,0.20243,0.02249,0.01571,-0.41417,-0.04268,-0.00318,-0.16504,0.03539,-0.00055,0.48462,0.17898,-0.00550,0.00993,0.04987,-0.07362,-0.00269,0.33902,-0.05825,0.00360,0.54430,0.21695,-0.11129,-0.01386
1.0000,100,0,1.0006,50.46,0.56880,-0.04849,0.05700,0.51719,-0.08192,-0.05940,0.45330,0.17841,-0.02662,0.49694,-0.37047,-0.08266,0.00483,0.55464,-0.00585,-0.00388,0.44791,0.16025,-0.03767,0.07442,0.54589,-0.04186,0.02765,0.01070,-0.19936,-0.01949,0.47724,0.24841,0.18408,0.00036,-0.39871,-0.00163,-0.02367,-0.17933,0.00981,-0.01157,0.43358,0.10021,-0.01228,-0.15566,0.08174,0.00823,0.01812,0.35108,0.04133,0.00913,0.48848,0.22508,0.00878,0.17239,0.52748,-0.07106,-0.00925,0.56979,-0.00909,0.00247,0.50268,0.18058,0.16858,-0.00833,-0.42017,-0.10238,0.00136,0.54526,-0.03186,-0.00445,0.48900,0.16890,-0.01938,0.00748,0.46562,-0.20595,-0.00309,-0.04032,-0.08858,-0.00768,0.55965,0.19755,0.02325,0.01466,-0.41634,-0.04422,-0.00312,-0.16326,0.03556,-0.00014,0.49361,0.18077,-0.00501,0.00970,0.04616,-0.07482,-0.00222,0.33606,-0.05986,0.00298,0.55515,0.21700,-0.11190,-0.01087
1.0500,105,0,1.0502,49.62,0.56173,-0.09802,0.05144,0.50989,-0.01978,-0.06250,0.46871,0.16417,-0.00208,0.44471,-0.37530,-0.08312,0.00294,0.55193,-0.01624,0.00056,0.45371,0.13466,-0.03389,0.09544,0.54379,-0.05508,0.02765,0.00174,-0.18952,-0.01949,0.48931,0.24646,0.18408,0.00036,-0.39853,0.00791,-0.02256,-0.17868,0.01603,-0.01278,0.43878,0.11206,-0.02092,-0.23363,0.08134,-0.00852,0.03300,0.35631,0.05654,0.00098,0.50077,0.21903,0.01236,-0.06712,0.52382,-0.07539,-0.00841,0.56931,-0.01027,0.00232,0.51173,0.18118,0.16810,-0.01059,-0.42527,-0.10157,0.00192,0.54372,-0.02968,-0.00443,0.49748,0.17041,-0.01903,0.00678,0.45529,-0.20707,-0.00149,-0.04465,-0.08462,-0.00844,0.56940,0.19270,0.02395,0.01372,-0.41859,-0.04573,-0.00303,-0.16148,0.03553,0.00025,0.50269,0.18208,-0.00453,0.00948,0.04239,-0.07580,-0.00177,0.33304,-0.06118,0.00240,0.56600,0.21672,-0.11238,-0.00827
1.1000,110,0,1.1000,49.85,0.56173,-0.09802,0.04183,0.50989,-0.01978,-0.06607,0.46871,0.16417,0.01904,0.43348,-0.38040,-0.09027,0.00675,0.55131,-0.00952,-0.00080,0.46196,0.14327,-0.03048,0.02986,0.54010,-0.07574,0.02899,-0.00439,-0.16820,-0.02417,0.50129,0.25105,0.18362,-0.06400,-0.39803,0.01058,-0.01125,-0.17770,0.02383,-0.01359,0.44479,0.12935,-0.03289,-0.25320,0.08111,-0.01860,0.01264,0.35686,0.05160,-0.00423,0.51042,0.20501,0.00275,-0.33806,0.51995,-0.07931,-0.00757,0.56877,-0.01136,0.00216,0.52079,0.18140,0.16753,-0.01253,-0.43032,-0.10051,0.00240,0.54229,-0.02752,-0.00438,0.50604,0.17161,-0.01870,0.00617,0.44493,-0.20744,-0.00004,-0.04878,-0.08032,-0.00909,0.57892,0.18791,0.02462,0.01288,-0.42091,-0.04720,-0.00292,-0.15971,0.03532,0.00060,0.51181,0.18294,-0.00406,0.00928,0.03858,-0.07656,-0.00133,0.32995,-0.06222,0.00188,0.57682,0.21616,-0.11274,-0.00600
1.1500,115,0,1.1504,50.38,0.55603,-0.12043,0.03979,0.50999,0.01348,-0.06931,0.47730,0.16488,0.04083,0.45013,-0.38449,-0.09393,0.00172,0.55181,-0.00677,-0.00315,0.46911,0.15310,-0.03018,-0.00990,0.53601,-0.09167,0.01990,-0.01290,-0.15225,-0.03178,0.51384,0.24983,0.17102,-0.19554,-0.39761,0.00551,0.00599,-0.17619,0.03783,-0.01993,0.45192,0.15723,-0.04558,-0.25629,0.08024,-0.02281,0.01209,0.35789,0.04603,0.00556,0.52002,0.21390,-0.02106,-0.54727,0.51589,-0.08282,-0.00674,0.56817,-0.01238,0.00200,0.52986,0.18127,0.16686,-0.01420,-0.43531,-0.09922,0.00282,0.54097,-0.02539,-0.00430,0.51464,0.17253,-0.01841,0.00562,0.43456,-0.20713,0.00128,-0.05268,-0.07573,-0.00962,0.58819,0.18322,0.02524,0.01213,-0.42331,-0.04859,-0.00278,-0.15795,0.03494,0.00092,0.52097,0.18340,-0.00361,0.00909,0.03474,-0.07711,-0.00091,0.32682,-0.06303,0.00141,0.58761,0.21533,-0.11299,-0.00402
1.2000,120,0,1.1998,49.41,0.55119,-0.12595,0.02124,0.50489,0.00202,-0.05673,0.48342,0.14061,0.06271,0.36604,-0.38920,-0.09327,-0.00364,0.54911,-0.01063,0.00090,0.47625,0.15164,-0.03063,-0.02814,0.53179,-0.09813,0.01990,-0.02023,-0.14050,-0.03178,0.52710,0.27510,0.17102,-0.19554,-0.39749,-0.00032,0.01407,-0.17389,0.05305,-0.03341,0.46061,0.18893,-0.05879,-0.31275,0.07832,-0.03488,0.01645,0.36009,0.04345,0.03405,0.53243,0.26674,-0.05312,-0.70838,0.51167,-0.08592,-0.00591,0.56753,-0.01333,0.00184,0.53891,0.18084,0.16611,-0.01562,-0.44024,-0.09775,0.00317,0.53975,-0.02331,-0.00419,0.52328,0.17318,-0.01814,0.00513,0.42422,-0.20620,0.00249,-0.05634,-0.07090,-0.01005,0.59724,0.17864,0.02583,0.01146,-0.42577,-0.04992,-0.00262,-0.15622,0.03442,0.00122,0.53015,0.18350,-0.00316,0.00891,0.03087,-0.07746,-0.00050,0.32365,-0.06361,0.00097,0.59835,0.21428,-0.11314,-0.00229
1.2500,125,0,1.2499,50.09,0.54460,-0.13532,-0.00480,0.50565,0.02702,-0.03620,0.49036,0.13891,0.07875,0.32658,-0.39383,-0.09199,0.00101,0.54857,-0.01103,-0.00144,0.48389,0.15397,-0.03281,-0.04637,0.52709,-0.10507,0.01918,-0.02651,-0.12472,-0.03199,0.54137,0.29294,0.14558,-0.32549,-0.39768,-0.00847,0.01278,-0.17107,0.05855,-0.01655,0.47081,0.22164,-0.07520,-0.38311,0.07581,-0.04693,0.00991,0.36169,0.02410,0.04686,0.54850,0.32434,-0.07741,-0.36631,0.50731,-0.08862,-0.00510,0.56684,-0.01419,0.00169,0.54794,0.18015,0.16530,-0.01684,-0.44509,-0.09612,0.00348,0.53864,-0.02129,-0.00406,0.53195,0.17357,-0.01789,0.00470,0.41395,-0.20470,0.00360,-0.05976,-0.06588,-0.01039,0.60606,0.17420,0.02639,0.01087,-0.42830,-0.05117,-0.00245,-0.15452,0.03375,0.00150,0.53932,0.18327,-0.00271,0.00874,0.02700,-0.07761,-0.00011,0.32046,-0.06399,0.00058,0.60903,0.21301,-0.11322,-0.00079
1.3000,130,0,1.2996,49.71,0.53897,-0.12952,-0.01791,0.51129,0.06767,-0.03693,0.49818,0.15218,0.09681,0.38683,-0.39858,-0.09354,-0.00286,0.54927,-0.00200,-0.00614,0.49252,0.16636,-0.03558,-0.01803,0.52196,-0.11500,0.02304,-0.03364,-0.11490,-0.02028,0.55509,0.29366,0.12883,-0.34122,-0.39854,-0.02795,0.02689,-0.16816,0.05717,0.00138,0.48280,0.25406,-0.09720,-0.52643,0.07198,-0.05406,0.00007,0.35662,-0.02352,0.06170,0.55877,0.27565,-0.08959,-0.06302,0.50282,-0.09093,-0.00431,0.56611,-0.01499,0.00155,0.55692,0.17923,0.16443,-0.01787,-0.44985,-0.09435,0.00374,0.53762,-0.01933,-0.00392,0.54064,0.17373,-0.01767,0.00431,0.40376,-0.20269,0.00460,-0.06293,-0.06072,-0.01064,0.61466,0.16990,0.02692,0.01033,-0.43089,-0.05232,-0.00225,-0.15285,0.03295,0.00175,0.54847,0.18275,-0.00228,0.00858,0.02312,-0.07757,0.00027,0.31726,-0.06419,0.00023,0.61965,0.21155,-0.11323,0.00051
1.3500,135,0,1.3503,50.71,0.53281,-0.12200,-0.01593,0.51567,0.08980,-0.05381,0.50678,0.17052,0.11747,0.45754,-0.40318,-0.09118,-0.00766,0.54907,0.00016,-0.00134,0.50102,0.17644,-0.03523,0.02108,0.51598,-0.12752,0.02304,-0.04017,-0.11318,-0.02028,0.56970,0.29192,0.12883,-0.34122,-0.39744,-0.04594,0.04712,-0.15069,0.09659,0.01174,0.49710,0.28523,-0.12330,-0.47544,0.06966,-0.05209,0.00489,0.35398,-0.05655,0.05155,0.56559,0.22333,-0.09301,-0.00436,0.49822,-0.09285,-0.00353,0.56534,-0.01572,0.00143,0.56586,0.17810,0.16351,-0.01874,-0.45452,-0.09246,0.00396,0.53670,-0.01744,-0.00376,0.54932,0.17367,-0.01746,0.00397,0.39369,-0.20020,0.00551,-0.06584,-0.05546,-0.01081,0.62305,0.16576,0.02742,0.00985,-0.43353,-0.05338,-0.00205,-0.15122,0.03203,0.00199,0.55759,0.18197,-0.00186,0.00843,0.01924,-0.07734,0.00063,0.31405,-0.06423,-0.00008,0.63019,0.20993,-0.11317,0.00165
1.4000,140,0,1.4001,49.75,0.52758,-0.11429,-0.01151,0.51896,0.11147,-0.04215,0.51473,0.17018,0.14194,0.49086,-0.40582,-0.07720,-0.00657,0.54738,-0.00924,-0.00186,0.50643,0.16406,-0.03345,0.02727,0.50913,-0.14734,0.04098,-0.04337,-0.08780,-0.02437,0.58213,0.27305,0.09591,-0.34947,-0.39923,-0.06042,0.03887,-0.14799,0.08739,0.01095,0.51101,0.29263,-0.14231,-0.20190,0.06711,-0.05532,0.00313,0.34792,-0.08433,0.03833,0.57067,0.17816,-0.09267,0.14085,0.49354,-0.09440,-0.00278,0.56454,-0.01639,0.00131,0.57473,0.17680,0.16256,-0.01947,-0.45909,-0.09047,0.00415,0.53587,-0.01564,-0.00359,0.55800,0.17339,-0.01727,0.00366,0.38375,-0.19729,0.00635,-0.06848,-0.05014,-0.01090,0.63124,0.16178,0.02791,0.00941,-0.43622,-0.05433,-0.00183,-0.14965,0.03100,0.00220,0.56666,0.18096,-0.00144,0.00829,0.01538,-0.07695,0.00098,0.31084,-0.06412,-0.00035,0.64064,0.20814,-0.11306,0.00263
1.4500,145,0,1.4501,50.05,0.51688,-0.10850,-0.00623,0.52805,0.13450,-0.01960,0.53138,0.16985,0.16594,0.42935,-0.40952,-0.07318,-0.00115,0.54532,-0.01581,-0.00825,0.51233,0.15691,-0.03102,-0.00722,0.50157,-0.16678,0.03715,-0.04728,-0.07348,-0.01909,0.59397,0.26498,0.07961,-0.28512,-0.40255,-0.07486,0.02854,-0.14505,0.07473,0.01776,0.52550,0.29469,-0.14851,0.06375,0.06429,-0.06151,0.01709,0.34639,-0.08827,0.03234,0.57800,0.14893,-0.08385,0.09557,0.48879,-0.09559,-0.00206,0.56370,-0.01701,0.00121,0.58354,0.17534,0.16157,-0.02008,-0.46357,-0.08840,0.00430,0.53514,-0.01392,-0.00341,0.56666,0.17293,-0.01710,0.00338,0.37397,-0.19399,0.00711,-0.07085,-0.04478,-0.01093,0.63924,0.15797,0.02837,0.00902,-0.43896,-0.05516,-0.00159,-0.14812,0.02988,0.00239,0.57568,0.17974,-0.00103,0.00816,0.01155,-0.07638,0.00132,0.30764,-0.06389,-0.00059,0.65100,0.20622,-0.11291,0.00348
1.5000,150,0,1.4996,49.45,0.51184,-0.10637,-0.00235,0.53327,0.14408,-0.01944,0.53966,0.17842,0.18433,0.31140,-0.41336,-0.07530,0.00384,0.54646,0.00252,-0.00435,0.52151,0.18095,-0.02976,0.05240,0.49320,-0.18215,0.02994,-0.04927,-0.06166,-0.02125,0.60568,0.24023,0.06682,-0.14901,-0.40665,-0.08822,0.02320,-0.14319,0.05157,0.03909,0.53984,0.28811,-0.14205,0.22777,0.06096,-0.07195,0.01585,0.34164,-0.10167,0.02522,0.58549,0.15188,-0.07818,0.10647,0.48398,-0.09643,-0.00136,0.56284,-0.01758,0.00112,0.59226,0.17376,0.16055,-0.02058,-0.46793,-0.08625,0.00444,0.53448,-0.01229,-0.00323,0.57529,0.17229,-0.01693,0.00313,0.36436,-0.19033,0.00780,-0.07295,-0.03942,-0.01090,0.64704,0.15432,0.02881,0.00866,-0.44174,-0.05589,-0.00135,-0.14666,0.02866,0.00257,0.58464,0.17835,-0.00062,0.00803,0.00775,-0.07566,0.00164,0.30445,-0.06354,-0.00080,0.66126,0.20417,-0.11272,0.00422
1.5500,155,0,1.5499,50.35,0.50808,-0.08963,-0.01155,0.53687,0.12574,-0.00686,0.54766,0.17863,0.19645,0.19583,-0.41774,-0.08109,0.00923,0.54780,0.01200,-0.00032,0.53259,0.20188,-0.02855,0.04436,0.48439,-0.19188,0.02632,-0.05664,-0.06505,-0.01643,0.61821,0.24486,0.05980,-0.14039,-0.41197,-0.10112,0.01881,-0.14287,0.02741,0.04556,0.55420,0.27209,-0.12943,0.33394,0.05658,-0.07865,0.00464,0.33382,-0.11917,0.01126,0.58947,0.13228,-0.06803,0.18543,0.47915,-0.09693,-0.00068,0.56195,-0.01811,0.00105,0.60091,0.17206,0.15951,-0.02099,-0.47219,-0.08405,0.00456,0.53391,-0.01075,-0.00304,0.58389,0.17148,-0.01678,0.00291,0.35494,-0.18635,0.00843,-0.07479,-0.03410,-0.01080,0.65467,0.15084,0.02923,0.00833,-0.44455,-0.05649,-0.00110,-0.14526,0.02735,0.00274,0.59351,0.17679,-0.00022,0.00791,0.00399,-0.07478,0.00194,0.30128,-0.06310,-0.00098,0.67141,0.20201,-0.11249,0.00487
1.6000,160,0,1.6000,50.02,0.50808,-0.08963,-0.02128,0.53687,0.12574,0.03048,0.54766,0.17863,0.20428,0.06631,-0.42076,-0.07894,0.00947,0.54655,0.00296,0.01002,0.54143,0.19848,-0.02406,0.06068,0.47484,-0.20524,0.03135,-0.05452,-0.04478,-0.00493,0.62794,0.22194,0.05294,-0.09362,-0.41783,-0.11252,0.01515,-0.14100,0.01223,0.04359,0.56784,0.24934,-0.11151,0.38250,0.05237,-0.08233,0.01492,0.32570,-0.12585,-0.00183,0.59368,0.08867,-0.05987,0.15344,0.47430,-0.09710,-0.00004,0.56103,-0.01861,0.00100,0.60947,0.17026,0.15845,-0.02132,-0.47634,-0.08179,0.00466,0.53340,-0.00931,-0.00285,0.59244,0.17053,-0.01664,0.00271,0.34573,-0.18207,0.00901,-0.07636,-0.02884,-0.01066,0.66213,0.14753,0.02964,0.00803,-0.44739,-0.05697,-0.00085,-0.14393,0.02597,0.00288,0.60231,0.17510,0.00017,0.00779,0.00027,-0.07375,0.00224,0.29814,-0.06259,-0.00113,0.68146,0.19974,-0.11223,0.00542
1.6500,165,0,1.6507,50.75,0.50128,-0.06001,-0.01926,0.54378,0.09318,0.03299,0.56677,0.21658,0.20424,-0.01826,-0.42482,-0.08395,0.00902,0.54697,0.00234,0.01140,0.55252,0.21219,-0.02234,0.02714,0.46500,-0.21538,0.03037,-0.05975,-0.05789,-0.01498,0.63846,0.21343,0.04851,-0.03585,-0.42334,-0.10906,0.00390,-0.14597,-0.03670,0.04935,0.57852,0.21293,-0.09246,0.30676,0.04764,-0.09533,0.02435,0.32236,-0.10802,-0.01424,0.59964,0.10793,-0.05391,-0.05964,0.46944,-0.09697,0.00058,0.56009,-0.01909,0.00096,0.61793,0.16838,0.15738,-0.02158,-0.48037,-0.07948,0.00475,0.53297,-0.00796,-0.00265,0.60094,0.16943,-0.01651,0.00252,0.33674,-0.17751,0.00955,-0.07768,-0.02365,-0.01046,0.66943,0.14439,0.03004,0.00776,-0.45024,-0.05732,-0.00059,-0.14266,0.02453,0.00302,0.61102,0.17329,0.00056,0.00768,-0.00339,-0.07259,0.00251,0.29503,-0.06200,-0.00125,0.69139,0.19739,-0.11195,0.00590
1.7000,170,0,1.7001,49.42,0.49918,-0.04813,-0.01618,0.54594,0.08300,0.01390,0.57710,0.23077,0.20343,-0.01416,-0.42903,-0.08879,0.01109,0.54683,-0.00288,0.01609,0.56318,0.21241,-0.02041,0.04617,0.45405,-0.22862,0.02173,-0.06107,-0.04654,-0.00603,0.64826,0.20398,0.04815,0.01184,-0.42896,-0.10595,-0.01212,-0.15004,-0.06108,0.04788,0.58786,0.18440,-0.07685,0.25812,0.04331,-0.10155,0.00924,0.31517,-0.10368,-0.02386,0.60590,0.14496,-0.06043,-0.11914,0.46461,-0.09654,0.00116,0.55912,-0.01956,0.00094,0.62631,0.16643,0.15630,-0.02178,-0.48428,-0.07713,0.00482,0.53261,-0.00671,-0.00245,0.60938,0.16820,-0.01639,0.00236,0.32798,-0.17271,0.01004,-0.07873,-0.01858,-0.01022,0.67657,0.14140,0.03042,0.00751,-0.45312,-0.05755,-0.00033,-0.14147,0.02301,0.00314,0.61964,0.17137,0.00094,0.00757,-0.00698,-0.07129,0.00278,0.29194,-0.06137,-0.00134,0.70119,0.19495,-0.11164,0.00631
1.7500,175,0,1.7770,76.82,0.49918,-0.04813,-0.01531,0.54594,0.08300,0.01215,0.57710,0.23077,0.20321,-0.02818,-0.43357,-0.09434,0.01131,0.54589,-0.01336,0.01516,0.57282,0.20776,-0.01861,0.00687,0.45405,-0.22862,0.02173,-0.06107,-0.04654,-0.00603,0.64826,0.20398,0.04815,0.01184,-0.42896,-0.10595,-0.01363,-0.15004,-0.06108,0.03147,0.58786,0.18440,-0.06581,0.17879,0.03819,-0.10297,0.00351,0.31193,-0.08503,-0.02073,0.61586,0.19223,-0.06725,-0.15308,0.45979,-0.09583,0.00172,0.55813,-0.02001,0.00093,0.63458,0.16443,0.15521,-0.02192,-0.48808,-0.07475,0.00490,0.53230,-0.00555,-0.00225,0.61775,0.16685,-0.01627,0.00220,0.31947,-0.16767,0.01049,-0.07954,-0.01364,-0.00993,0.68357,0.13858,0.03079,0.00728,-0.45600,-0.05765,-0.00007,-0.14036,0.02144,0.00326,0.62816,0.16937,0.00131,0.00746,-0.01051,-0.06986,0.00303,0.28889,-0.06069,-0.00141,0.71088,0.19244,-0.11132,0.00666
1.8000,180,0,1.8003,23.33,0.49462,-0.03745,-0.00878,0.54830,0.05988,0.01663,0.60269,0.26921,0.20176,-0.01020,-0.43852,-0.10040,0.01157,0.54535,-0.01845,0.01380,0.58210,0.19450,-0.01741,0.01934,0.44330,-0.23208,0.01580,-0.06524,-0.05851,0.00041,0.65779,0.18980,0.04923,0.02736,-0.43501,-0.10349,-0.01482,-0.15255,-0.06830,0.00160,0.59711,0.16701,-0.05628,0.16772,0.03355,-0.10224,0.00251,0.30537,-0.08435,-0.01886,0.62418,0.19150,-0.07908,-0.11651,0.45503,-0.09486,0.00224,0.55712,-0.02047,0.00094,0.64275,0.16237,0.15411,-0.02202,-0.49176,-0.07233,0.00496,0.53205,-0.00450,-0.00205,0.62606,0.16539,-0.01617,0.00206,0.31122,-0.16243,0.01091,-0.08010,-0.00885,-0.00960,0.69043,0.13591,0.03115,0.00707,-0.45888,-0.05762,0.00019,-0.13933,0.01982,0.00336,0.63657,0.16728,0.00168,0.00736,-0.01397,-0.06832,0.00327,0.28587,-0.05999,-0.00145,0.72044,0.18987,-0.11098,0.00696
1.8500,185,0,1.8501,49.85,0.49315,-0.03911,0.01085,0.54857,0.04635,0.01408,0.61487,0.26906,0.20146,0.05039,-0.44358,-0.10613,0.00916,0.54428,-0.02162,0.00884,0.59192,0.19065,-0.01664,0.00279,0.42198,-0.22614,0.00608,-0.07503,-0.07341,-0.00623,0.67618,0.18801,0.05028,0.04719,-0.44507,-0.08396,-0.02359,-0.16084,-0.06765,-0.00519,0.61128,0.12677,-0.04810,0.16446,0.02755,-0.10693,-0.00388,0.30413,-0.05263,-0.03326,0.63701,0.23683,-0.08260,-0.05218,0.45031,-0.09364,0.00274,0.55608,-0.02093,0.00096,0.65081,0.16028,0.15300,-0.02208,-0.49531,-0.06988,0.00503,0.53185,-0.00354,-0.00185,0.63429,0.16383,-0.01607,0.00194,0.30323,-0.15698,0.01130,-0.08042,-0.00423,-0.00924,0.69716,0.13338,0.03150,0.00687,-0.46176,-0.05746,0.00045,-0.13838,0.01815,0.00346,0.64489,0.16513,0.00205,0.00726,-0.01734,-0.06666,0.00350,0.28289,-0.05927,-0.00148,0.72987,0.18724,-0.11062,0.00722
1.9000,190,0,1.9000,49.89,0.49111,-0.04579,0.01587,0.55330,0.05201,0.00991,0.62879,0.27073,0.20438,0.05448,-0.44968,-0.11339,0.00529,0.54421,-0.02293,0.00957,0.60371,0.19981,-0.01682,0.03538,0.41126,-0.22020,-0.00854,-0.07676,-0.05871,0.01303,0.68454,0.18301,0.05562,-0.07354,-0.44932,-0.06855,-0.03450,-0.16363,-0.05757,-0.00966,0.61757,0.11281,-0.03981,0.12753,0.02246,-0.10301,0.00048,0.30189,-0.03542,-0.02931,0.65049,0.26315,-0.08612,-0.10636,0.44567,-0.09218,0.00321,0.55503,-0.02141,0.00100,0.65877,0.15815,0.15190,-0.02211,-0.49875,-0.06740,0.00510,0.53169,-0.00268,-0.00164,0.64244,0.16218,-0.01597,0.00182,0.29552,-0.15135,0.01166,-0.08052,0.00021,-0.00884,0.70377,0.13100,0.03183,0.00668,-0.46462,-0.05718,0.00071,-0.13752,0.01643,0.00354,0.65309,0.16292,0.00241,0.00717,-0.02063,-0.06489,0.00371,0.27994,-0.05854,-0.00148,0.73916,0.18456,-0.11026,0.00744
1.9500,195,0,1.9503,50.27,0.48997,-0.04194,0.01111,0.55358,0.03269,0.00920,0.64088,0.26268,0.20713,0.06100,-0.45463,-0.10977,0.00067,0.54113,-0.03487,0.00685,0.61142,0.18441,-0.01596,-0.00765,0.40074,-0.21297,0.00097,-0.08389,-0.08443,0.03054,0.69390,0.17564,0.04867,-0.26657,-0.45239,-0.04923,-0.03882,-0.16786,-0.04902,-0.02750,0.62235,0.10205,-0.03371,0.09269,0.01724,-0.10397,0.00477,0.29964,-0.02570,-0.02038,0.66458,0.25877,-0.09036,-0.18266,0.44110,-0.09050,0.00364,0.55394,-0.02191,0.00104,0.66663,0.15600,0.15079,-0.02210,-0.50205,-0.06488,0.00517,0.53158,-0.00193,-0.00144,0.65051,0.16045,-0.01589,0.00171,0.28810,-0.14554,0.01201,-0.08041,0.00444,-0.00840,0.71027,0.12876,0.03216,0.00651,-0.46747,-0.05677,0.00096,-0.13674,0.01467,0.00362,0.66118,0.16066,0.00276,0.00707,-0.02383,-0.06302,0.00392,0.27704,-0.05782,-0.00146,0.74832,0.18184,-0.10988,0.00762
2.0000,200,0,2.0000,49.69,0.48809,-0.04304,0.00896,0.55177,0.01638,0.01399,0.65131,0.24265,0.21009,0.05339,-0.46032,-0.11008,-0.00093,0.53831,-0.04594,0.00499,0.61818,0.16112,-0.01503,0.01946,0.39011,-0.21545,0.00097,-0.08419,-0.08156,0.03054,0.70012,0.16622,0.04867,-0.26657,-0.45450,-0.03287,-0.03599,-0.17011,-0.03276,-0.03360,0.62734,0.10340,-0.03078,0.04590,0.01333,-0.09635,0.00160,0.29629,-0.02739,-0.00507,0.67696,0.25375,-0.10291,-0.22075,0.43662,-0.08861,0.00404,0.55283,-0.02244,0.00110,0.67437,0.15382,0.14969,-0.02207,-0.50523,-0.06233,0.00524,0.53150,-0.00128,-0.00123,0.65848,0.15864,-0.01580,0.00161,0.28097,-0.13957,0.01234,-0.08008,0.00844,-0.00793,0.71665,0.12665,0.03249,0.00635,-0.47030,-0.05623,0.00121,-0.13605,0.01288,0.00369,0.66915,0.15836,0.00312,0.00698,-0.02693,-0.06105,0.00411,0.27416,-0.05711,-0.00143,0.75734,0.17909,-0.10950,0.00778
2.0500,205,0,2.0501,50.16,0.48532,-0.05213,0.01562,0.55128,0.01044,0.01136,0.66269,0.23340,0.21607,0.08118,-0.46594,-0.11033,-0.00331,0.53600,-0.04721,-0.00225,0.62626,0.16203,-0.01380,-0.00384,0.37942,-0.21512,0.00242,-0.08913,-0.08763,0.01499,0.70864,0.18566,0.03344,-0.44257,-0.45581,-0.02023,-0.02809,-0.17132,-0.01556,-0.03485,0.63264,0.10838,-0.02911,0.04407,0.00889,-0.09393,-0.00036,0.29443,-0.03157,0.00375,0.68937,0.24247,-0.11593,-0.28771,0.43224,-0.08654,0.00441,0.55170,-0.02300,0.00117,0.68201,0.15162,0.14859,-0.02202,-0.50829,-0.05974,0.00532,0.53145,-0.00073,-0.00101,0.66637,0.15676,-0.01573,0.00151,0.27414,-0.13344,0.01266,-0.07957,0.01221,-0.00743,0.72293,0.12467,0.03280,0.00620,-0.47309,-0.05558,0.00146,-0.13545,0.01106,0.00375,0.67701,0.15602,0.00346,0.00689,-0.02993,-0.05898,0.00429,0.27132,-0.05642,-0.00138,0.76623,0.17630,-0.10910,0.00791
2.1000,210,0,2.0998,49.68,0.48532,-0.05213,0.01890,0.55128,0.01044,0.00307,0.66269,0.23340,0.22028,0.04372,-0.47162,-0.11026,-0.00404,0.53385,-0.04390,-0.00903,0.63464,0.16714,-0.01226,0.03489,0.36853,-0.21817,0.01155,-0.09206,-0.07933,-0.01332,0.71799,0.19515,-0.03107,-0.89384,-0.45657,-0.01102,-0.02062,-0.17164,0.00265,-0.03687,0.63832,0.11962,-0.02662,0.04255,0.00438,-0.09221,-0.00519,0.29280,-0.03332,0.00095,0.70112,0.22132,-0.13287,-0.36726,0.42797,-0.08429,0.00475,0.55053,-0.02359,0.00125,0.68954,0.14941,0.14749,-0.02195,-0.51121,-0.05711,0.00541,0.53142,-0.00028,-0.00080,0.67416,0.15481,-0.01565,0.00142,0.26763,-0.12715,0.01297,-0.07887,0.01572,-0.00689,0.72912,0.12280,0.03310,0.00605,-0.47585,-0.05480,0.00170,-0.13495,0.00920,0.00381,0.68475,0.15365,0.00381,0.00681,-0.03283,-0.05684,0.00447,0.26852,-0.05576,-0.00131,0.77497,0.17348,-0.10871,0.00801
2.1500,215,0,2.1519,52.06,0.48226,-0.06117,0.01438,0.55076,0.00118,0.00035,0.67292,0.22012,0.22224,-0.00944,-0.47727,-0.10949,-0.00708,0.53209,-0.03639,-0.01269,0.64368,0.17556,-0.00989,0.02106,0.36853,-0.21817,0.01155,-0.09206,-0.07933,-0.01332,0.71799,0.19515,-0.03107,-0.89384,-0.45703,-0.00807,-0.01033,-0.17103,0.02220,-0.03658,0.64467,0.13561,-0.02474,-0.01178,-0.00107,-0.09354,-0.00691,0.29270,-0.01890,-0.00742,0.71675,0.25288,-0.15171,-0.29748,0.42381,-0.08189,0.00505,0.54934,-0.02423,0.00134,0.69695,0.14719,0.14639,-0.02186,-0.51400,-0.05443,0.00552,0.53142,0.00006,-0.00058,0.68185,0.15282,-0.01558,0.00134,0.26143,-0.12071,0.01328,-0.07800,0.01897,-0.00633,0.73521,0.12105,0.03340,0.00591,-0.47857,-0.05392,0.00193,-0.13453,0.00732,0.00386,0.69238,0.15125,0.00414,0.00672,-0.03561,-0.05461,0.00463,0.26575,-0.05513,-0.00123,0.78358,0.17064,-0.10830,0.00810
2.2000,220,0,2.3216,169.69,0.47877,-0.06899,0.01268,0.55063,-0.00203,0.00837,0.68294,0.20855,0.22256,-0.01771,-0.48269,-0.10578,-0.01059,0.53047,-0.02973,-0.01360,0.65282,0.18025,-0.00814,0.02770,0.36853,-0.21817,0.01155,-0.09206,-0.07933,-0.01332,0.71799,0.19515,-0.03107,-0.89384,-0.45703,-0.00807,0.00285,-0.17103,0.02220,-0.03901,0.64467,0.13561,-0.02575,-0.04261,-0.00520,-0.08672,-0.01125,0.29166,-0.01798,0.00217,0.72909,0.23219,-0.16474,-0.13177,0.41978,-0.07934,0.00532,0.54811,-0.02491,0.00143,0.70425,0.14496,0.14530,-0.02176,-0.51665,-0.05169,0.00563,0.53143,0.00028,-0.00035,0.68944,0.15077,-0.01552,0.00126,0.25556,-0.11413,0.01358,-0.07698,0.02192,-0.00574,0.74123,0.11941,0.03370,0.00578,-0.48124,-0.05292,0.00215,-0.13421,0.00541,0.00391,0.69988,0.14882,0.00448,0.00664,-0.03829,-0.05230,0.00478,0.26301,-0.05455,-0.00114,0.79204,0.16777,-0.10790,0.00817
2.2500,225,0,2.3451,23.55,0.46623,-0.09788,0.02223,0.55273,0.01481,-0.01339,0.70861,0.16956,0.22522,0.05227,-0.49104,-0.09148,-0.01576,0.53501,0.01014,-0.00962,0.67340,0.20661,-0.00669,0.04733,0.35738,-0.22216,0.01155,-0.09992,-0.08880,-0.01332,0.72607,0.18931,-0.03107,-0.89384,-0.45971,-0.03294,0.02421,-0.17160,0.04069,-0.01875,0.67025,0.20575,-0.02513,0.04807,-0.01800,-0.07778,-0.01486,0.28751,-0.03568,0.01492,0.77131,0.25698,-0.17892,-0.12836,0.41588,-0.07667,0.00556,0.54685,-0.02564,0.00153,0.71145,0.14271,0.14422,-0.02164,-0.51916,-0.04890,0.00577,0.53145,0.00040,-0.00012,0.69693,0.14867,-0.01546,0.00119,0.25002,-0.10739,0.01389,-0.07581,0.02459,-0.00511,0.74716,0.11786,0.03398,0.00566,-0.48386,-0.05181,0.00237,-0.13399,0.00348,0.00395,0.70726,0.14637,0.00481,0.00656,-0.04084,-0.04992,0.00492,0.26029,-0.05402,-0.00104,0.80035,0.16490,-0.10749,0.00822
2.3000,230,0,2.3521,6.96,0.46623,-0.09788,0.02223,0.55273,0.01481,-0.01339,0.70861,0.16956,0.22522,0.05227,-0.49525,-0.08262,-0.01680,0.53490,0.01205,0.00118,0.68312,0.20100,-0.00622,0.06083,0.34655,-0.21998,0.00887,-0.10578,-0.08041,-0.02783,0.73592,0.18977,-0.07694,-0.89311,-0.45971,-0.03294,0.02421,-0.17160,0.04069,-0.01875,0.67025,0.20575,-0.02513,0.04807,-0.01800,-0.07778,-0.01486,0.28751,-0.03568,0.01492,0.77131,0.25698,-0.17892,-0.12836,0.41212,-0.07389,0.00576,0.54555,-0.02641,0.00163,0.71853,0.14045,0.14314,-0.02152,-0.52154,-0.04603,0.00592,0.53147,0.00040,0.00012,0.70431,0.14654,-0.01540,0.00112,0.24482,-0.10050,0.01420,-0.07452,0.02693,-0.00446,0.75301,0.11641,0.03426,0.00554,-0.48642,-0.05059,0.00258,-0.13387,0.00154,0.00399,0.71451,0.14388,0.00513,0.00648,-0.04328,-0.04747,0.00505,0.25760,-0.05354,-0.00092,0.80853,0.16200,-0.10707,0.00827
2.3500,235,0,2.3679,15.82,0.46623,-0.09788,0.02223,0.55273,0.01481,-0.01339,0.70861,0.16956,0.22522,0.05227,-0.49525,-0.08262,-0.01680,0.53490,0.01205,0.00118,0.68312,0.20100,-0.00622,0.06083,0.34655,-0.21998,-0.00469,-0.10578,-0.08041,-0.03431,0.73592,0.18977,-0.11567,-0.58995,-0.46185,-0.04591,0.02421,-0.17080,0.04512,-0.01875,0.68064,0.22687,-0.02513,0.04807,-0.01800,-0.07778,-0.01486,0.28751,-0.03568,0.01492,0.77131,0.25698,-0.17892,-0.12836,0.40849,-0.07102,0.00592,0.54420,-0.02724,0.00173,0.72549,0.13818,0.14206,-0.02138,-0.52377,-0.04309,0.00609,0.53148,0.00028,0.00037,0.71158,0.14436,-0.01534,0.00106,0.23997,-0.09346,0.01452,-0.07312,0.02895,-0.00377,0.75880,0.11504,0.03454,0.00543,-0.48892,-0.04928,0.00277,-0.13384,-0.00043,0.00402,0.72165,0.14137,0.00545,0.00640,-0.04559,-0.04497,0.00517,0.25494,-0.05312,-0.00079,0.81655,0.15910,-0.10666,0.00830
2.4000,240,0,2.3998,31.87,0.45966,-0.11561,0.01511,0.55417,0.02037,-0.00798,0.71735,0.16148,0.22643,0.02724,-0.49885,-0.07225,-0.01676,0.53464,0.01006,0.00268,0.69162,0.18489,-0.00480,0.03546,0.31559,-0.18493,-0.04635,-0.10538,0.00507,-0.02942,0.76075,0.18002,-0.14646,0.08364,-0.46390,-0.05530,0.02460,-0.17053,0.04833,-0.01381,0.69161,0.23703,-0.02364,0.09609,-0.02191,-0.07230,-0.01752,0.28386,-0.04780,0.02320,0.78375,0.23268,-0.18520,-0.17714,0.40502,-0.06808,0.00605,0.54282,-0.02811,0.00183,0.73234,0.13589,0.14100,-0.02124,-0.52585,-0.04006,0.00628,0.53149,0.00003,0.00064,0.71874,0.14216,-0.01529,0.00099,0.23548,-0.08626,0.01484,-0.07163,0.03063,-0.00306,0.76452,0.11375,0.03480,0.00532,-0.49135,-0.04787,0.00297,-0.13391,-0.00241,0.00405,0.72865,0.13884,0.00577,0.00632,-0.04777,-0.04240,0.00528,0.25229,-0.05276,-0.00066,0.82444,0.15618,-0.10624,0.00832
2.4500,245,0,2.4499,50.13,0.44754,-0.12206,0.00362,0.55323,0.02051,0.00064,0.73002,0.14926,0.22645,0.01550,-0.50163,-0.05928,-0.01578,0.53315,-0.00285,0.00611,0.69721,0.14943,-0.00237,0.02122,0.30053,-0.13623,-0.04614,-0.10478,0.03724,-0.02869,0.77567,0.13880,-0.13891,0.20197,-0.46717,-0.06560,0.01766,-0.16797,0.05462,-0.01005,0.70387,0.24389,-0.01845,0.10658,-0.02603,-0.06497,-0.01795,0.28058,-0.06078,0.01350,0.79672,0.19982,-0.19269,-0.13361,0.40169,-0.06509,0.00614,0.54139,-0.02903,0.00193,0.73908,0.13357,0.13994,-0.02109,-0.52777,-0.03693,0.00649,0.53149,-0.00035,0.00091,0.72579,0.13994,-0.01525,0.00093,0.23135,-0.07890,0.01519,-0.07007,0.03195,-0.00232,0.77018,0.11254,0.03507,0.00521,-0.49370,-0.04637,0.00315,-0.13408,-0.00440,0.00407,0.73553,0.13627,0.00609,0.00624,-0.04983,-0.03979,0.00538,0.24966,-0.05247,-0.00052,0.83217,0.15325,-0.10583,0.00833
2.5000,250,0,2.4996,49.69,0.44186,-0.11751,-0.00101,0.55334,0.01663,0.00861,0.73555,0.14561,0.22602,-0.01914,-0.50463,-0.05238,-0.01117,0.53184,-0.01394,0.00674,0.70210,0.12809,-0.00055,-0.03240,0.29405,-0.12284,-0.02083,-0.10209,0.07068,-0.06744,0.78249,0.13584,-0.12575,0.30474,-0.46986,-0.07152,0.01892,-0.16724,0.05811,-0.01425,0.71531,0.23860,-0.01240,0.15290,-0.02929,-0.05850,-0.01530,0.27632,-0.07241,0.01548,0.80548,0.17818,-0.19997,-0.05807,0.39851,-0.06207,0.00618,0.53992,-0.03000,0.00202,0.74570,0.13122,0.13889,-0.02094,-0.52954,-0.03368,0.00673,0.53146,-0.00086,0.00120,0.73274,0.13770,-0.01520,0.00088,0.22759,-0.07136,0.01554,-0.06844,0.03290,-0.00154,0.77577,0.11141,0.03533,0.00511,-0.49598,-0.04479,0.00332,-0.13435,-0.00640,0.00409,0.74228,0.13366,0.00640,0.00617,-0.05175,-0.03713,0.00547,0.24704,-0.05226,-0.00037,0.83976,0.15032,-0.10541,0.00833
2.5500,255,0,2.5499,50.26,0.43581,-0.11280,-0.00839,0.55508,0.01239,0.01689,0.74358,0.15077,0.22291,-0.07466,-0.50747,-0.05031,-0.00388,0.53125,-0.01448,-0.00072,0.70845,0.12853,-0.00103,-0.03581,0.28883,-0.10200,-0.03504,-0.09952,0.08292,-0.02770,0.78937,0.12610,-0.07669,0.63025,-0.47401,-0.07897,0.01427,-0.16333,0.06491,-0.01513,0.72761,0.23311,-0.00602,0.14131,-0.03235,-0.05964,-0.00796,0.27362,-0.07790,0.01142,0.81333,0.17145,-0.20022,-0.03029,0.39548,-0.05904,0.00619,0.53839,-0.03101,0.00210,0.75220,0.12883,0.13785,-0.02078,-0.53114,-0.03032,0.00700,0.53140,-0.00153,0.00151,0.73956,0.13546,-0.01516,0.00082,0.22422,-0.06365,0.01591,-0.06678,0.03346,-0.00073,0.78132,0.11034,0.03558,0.00501,-0.49818,-0.04312,0.00348,-0.13472,-0.00841,0.00411,0.74890,0.13102,0.00670,0.00609,-0.05354,-0.03442,0.00555,0.24443,-0.05211,-0.00021,0.84720,0.14737,-0.10499,0.00833
2.6000,260,0,2.5997,49.86,0.43581,-0.11280,-0.01224,0.55508,0.01239,0.01990,0.74358,0.15077,0.21669,-0.10606,-0.51029,-0.05220,-0.00352,0.53104,-0.00899,-0.00525,0.71548,0.14077,-0.00187,-0.03646,0.28393,-0.09100,-0.01737,-0.08987,0.11515,-0.02361,0.79397,0.11859,-0.04640,0.59713,-0.47696,-0.07366,0.00644,-0.16219,0.05285,0.00012,0.73821,0.21193,0.00045,0.08118,-0.03528,-0.05630,-0.01659,0.26816,-0.08613,0.00426,0.82006,0.14879,-0.20318,0.12006,0.39260,-0.05601,0.00615,0.53681,-0.03206,0.00217,0.75858,0.12638,0.13681,-0.02062,-0.53257,-0.02681,0.00729,0.53130,-0.00235,0.00184,0.74628,0.13323,-0.01512,0.00077,0.22123,-0.05575,0.01629,-0.06510,0.03361,0.00011,0.78681,0.10934,0.03583,0.00491,-0.50029,-0.04137,0.00364,-0.13519,-0.01043,0.00412,0.75538,0.12834,0.00701,0.00602,-0.05519,-0.03168,0.00562,0.24183,-0.05205,-0.00005,0.85450,0.14440,-0.10458,0.00832
2.6500,265,0,2.6497,50.04,0.42623,-0.08785,-0.01471,0.55071,-0.02618,0.02286,0.75563,0.14262,0.21151,-0.16856,-0.51304,-0.05202,-0.00549,0.53093,-0.00421,-0.00220,0.72330,0.15973,-0.00402,-0.03412,0.27962,-0.08286,-0.01047,-0.08617,0.12014,-0.02680,0.79986,0.12284,-0.01893,0.56786,-0.47965,-0.06420,-0.00406,-0.16060,0.05007,-0.00350,0.74796,0.18590,0.00228,-0.00165,-0.03845,-0.05157,-0.01716,0.26468,-0.08414,0.00304,0.82878,0.15214,-0.19188,0.21924,0.38988,-0.05301,0.00608,0.53518,-0.03313,0.00222,0.76484,0.12384,0.13579,-0.02046,-0.53382,-0.02316,0.00760,0.53116,-0.00333,0.00218,0.75289,0.13103,-0.01508,0.00072,0.21864,-0.04767,0.01668,-0.06343,0.03334,0.00098,0.79225,0.10842,0.03607,0.00482,-0.50232,-0.03955,0.00379,-0.13576,-0.01245,0.00413,0.76173,0.12562,0.00731,0.00595,-0.05671,-0.02892,0.00567,0.23923,-0.05206,0.00011,0.86164,0.14142,-0.10416,0.00831
2.7000,270,0,2.7002,50.43,0.42623,-0.08785,-0.02020,0.55071,-0.02618,0.02633,0.75563,0.14262,0.20321,-0.19752,-0.51578,-0.05085,-0.00511,0.53079,-0.00254,-0.00131,0.73196,0.17786,-0.00566,-0.03512,0.27584,-0.07392,-0.01961,-0.08160,0.12573,-0.01662,0.80634,0.13561,0.01191,0.68421,-0.48213,-0.05605,-0.01314,-0.15928,0.05290,-0.00963,0.75614,0.16116,0.00150,-0.02480,-0.04082,-0.04366,-0.02114,0.26040,-0.08682,0.00363,0.83664,0.15566,-0.17810,0.34037,0.38730,-0.05005,0.00600,0.53350,-0.03423,0.00227,0.77096,0.12121,0.13477,-0.02029,-0.53488,-0.01937,0.00787,0.53096,-0.00449,0.00254,0.75938,0.12886,-0.01505,0.00067,0.21647,-0.03940,0.01699,-0.06178,0.03264,0.00188,0.79765,0.10754,0.03631,0.00473,-0.50425,-0.03766,0.00393,-0.13644,-0.01447,0.00413,0.76794,0.12286,0.00760,0.00588,-0.05809,-0.02612,0.00571,0.23662,-0.05216,0.00027,0.86864,0.13841,-0.10375,0.00829
2.7500,275,0,2.7502,50.02,0.42236,-0.07375,-0.02022,0.54808,-0.04369,0.01805,0.76154,0.13837,0.19528,-0.19193,-0.51854,-0.05054,-0.00382,0.53061,-0.00161,-0.00275,0.74099,0.18448,-0.00588,-0.01569,0.27071,-0.07400,-0.01321,-0.07497,0.14028,-0.01219,0.81271,0.15712,0.04706,0.70627,-0.48476,-0.04923,-0.01416,-0.15646,0.05974,-0.01361,0.76375,0.14340,0.00009,-0.01656,-0.04278,-0.03352,-0.04078,0.25597,-0.09174,0.02425,0.84299,0.09324,-0.15880,0.42529,0.38487,-0.04712,0.00595,0.53176,-0.03536,0.00230,0.77696,0.11850,0.13376,-0.02012,-0.53575,-0.01546,0.00807,0.53071,-0.00583,0.00291,0.76577,0.12663,-0.01501,0.00063,0.21471,-0.03102,0.01719,-0.06017,0.03150,0.00278,0.80301,0.10657,0.03654,0.00464,-0.50608,-0.03570,0.00406,-0.13721,-0.01650,0.00413,0.77401,0.12005,0.00789,0.00581,-0.05932,-0.02331,0.00574,0.23401,-0.05233,0.00044,0.87548,0.13536,-0.10333,0.00827
2.8000,280,0,2.7997,49.50,0.41884,-0.06418,-0.01694,0.54602,-0.04557,0.00356,0.76893,0.14605,0.18863,-0.13365,-0.52147,-0.05077,-0.00564,0.53006,-0.00226,-0.00146,0.75014,0.18466,-0.00630,-0.02700,0.26584,-0.07784,0.00954,-0.06826,0.13850,0.00645,0.81945,0.15145,0.08073,0.63178,-0.48681,-0.04018,-0.01518,-0.15410,0.06034,-0.01449,0.77017,0.12666,-0.00015,0.00236,-0.04293,-0.01122,-0.03455,0.24803,-0.12060,0.00887,0.84349,0.04891,-0.14401,0.34363,0.38259,-0.04421,0.00591,0.52996,-0.03649,0.00234,0.78281,0.11575,0.13275,-0.01995,-0.53642,-0.01146,0.00821,0.53038,-0.00734,0.00327,0.77205,0.12431,-0.01498,0.00058,0.21337,-0.02256,0.01729,-0.05864,0.02991,0.00369,0.80831,0.10539,0.03677,0.00456,-0.50782,-0.03368,0.00418,-0.13808,-0.01853,0.00413,0.77995,0.11720,0.00818,0.00574,-0.06042,-0.02049,0.00576,0.23139,-0.05259,0.00061,0.88217,0.13226,-0.10292,0.00824
2.8500,285,0,2.8500,50.33,0.41316,-0.04590,-0.01849,0.54201,-0.04430,0.00460,0.78597,0.17458,0.18135,-0.13121,-0.52300,-0.04568,-0.00737,0.53202,0.00480,-0.00174,0.75841,0.18227,-0.00842,-0.02252,0.26072,-0.08984,0.01254,-0.06066,0.13370,0.02168,0.82641,0.15133,0.10961,0.52664,-0.48866,-0.03336,-0.01512,-0.15101,0.06402,-0.00853,0.77636,0.11773,-0.00015,0.01008,-0.04286,0.00673,-0.03028,0.24212,-0.12133,-0.01916,0.84757,0.07867,-0.13137,0.39933,0.38045,-0.04132,0.00589,0.52811,-0.03765,0.00237,0.78853,0.11294,0.13176,-0.01978,-0.53690,-0.00742,0.00828,0.52997,-0.00904,0.00364,0.77820,0.12183,-0.01496,0.00054,0.21245,-0.01408,0.01726,-0.05719,0.02788,0.00458,0.81354,0.10392,0.03700,0.00447,-0.50945,-0.03160,0.00430,-0.13906,-0.02055,0.00413,0.78573,0.11431,0.00847,0.00567,-0.06137,-0.01766,0.00576,0.22875,-0.05293,0.00077,0.88871,0.12909,-0.10251,0.00822
2.9000,290,0,2.8998,49.80,0.41316,-0.04590,-0.02039,0.54201,-0.04430,0.00963,0.78597,0.17458,0.17567,-0.06151,-0.52523,-0.04322,-0.00739,0.53199,0.00287,0.00144,0.76598,0.16624,-0.00869,-0.02144,0.25420,-0.09913,-0.00695,-0.05731,0.11306,0.03279,0.83192,0.13698,0.13310,0.36244,-0.48866,-0.03336,-0.01275,-0.15101,0.06402,-0.00688,0.77636,0.11773,-0.00009,0.01863,-0.04182,0.02444,-0.01137,0.23609,-0.11482,-0.01945,0.85268,0.09489,-0.11384,0.42705,0.37846,-0.03843,0.00588,0.52620,-0.03882,0.00240,0.79411,0.11010,0.13078,-0.01961,-0.53716,-0.00335,0.00828,0.52947,-0.01091,0.00399,0.78423,0.11920,-0.01493,0.00049,0.21196,-0.00564,0.01714,-0.05585,0.02542,0.00546,0.81869,0.10210,0.03722,0.00439,-0.51097,-0.02946,0.00441,-0.14014,-0.02257,0.00412,0.79138,0.11139,0.00875,0.00561,-0.06218,-0.01484,0.00575,0.22609,-0.05334,0.00093,0.89508,0.12587,-0.10210,0.00819
2.9500,295,0,2.9498,49.97,0.41152,-0.04017,-0.01402,0.54574,-0.01389,-0.00516,0.79814,0.20273,0.17364,0.10188,-0.52753,-0.04078,-0.00747,0.53199,0.00115,0.00375,0.77369,0.15875,-0.00979,-0.01688,0.25000,-0.09651,-0.00451,-0.05169,0.10680,0.03928,0.83780,0.14673,0.14683,0.21206,-0.49149,-0.02298,-0.01090,-0.14434,0.06738,-0.00307,0.78766,0.10630,0.00097,0.03361,-0.04030,0.02838,0.02783,0.23036,-0.10391,-0.03496,0.85937,0.15367,-0.09050,0.59897,0.37661,-0.03554,0.00589,0.52423,-0.04000,0.00243,0.79954,0.10720,0.12980,-0.01944,-0.53723,0.00070,0.00823,0.52888,-0.01295,0.00432,0.79012,0.11638,-0.01491,0.00045,0.21189,0.00272,0.01690,-0.05465,0.02253,0.00631,0.82374,0.09990,0.03744,0.00431,-0.51239,-0.02727,0.00451,-0.14132,-0.02459,0.00411,0.79687,0.10843,0.00903,0.00554,-0.06285,-0.01202,0.00573,0.22341,-0.05384,0.00109,0.90129,0.12256,-0.10169,0.00815
3.0000,300,0,2.9999,50.10,0.40963,-0.03717,0.00053,0.54517,-0.00767,-0.01694,0.80835,0.20995,0.17950,0.12379,-0.52976,-0.03945,-0.00564,0.53200,-0.00087,0.00404,0.78144,0.16155,-0.01135,-0.03785,0.24279,-0.09943,0.01248,-0.04988,0.06296,0.05214,0.84408,0.11826,0.15552,0.14610,-0.49229,-0.02064,-0.00834,-0.13891,0.07616,0.00445,0.79308,0.10939,0.00232,0.03198,-0.03914,0.01545,0.02182,0.22556,-0.08443,-0.03514,0.86838,0.19935,-0.06200,0.51457,0.37490,-0.03265,0.00592,0.52220,-0.04120,0.00246,0.80483,0.10426,0.12883,-0.01927,-0.53710,0.00471,0.00811,0.52818,-0.01515,0.00464,0.79586,0.11338,-0.01488,0.00041,0.21223,0.01093,0.01657,-0.05361,0.01924,0.00712,0.82868,0.09731,0.03765,0.00423,-0.51370,-0.02504,0.00461,-0.14260,-0.02660,0.00410,0.80222,0.10545,0.00930,0.00548,-0.06339,-0.00922,0.00570,0.22071,-0.05441,0.00125,0.90734,0.11919,-0.10128,0.00812
3.0500,305,0,3.0498,49.91,0.40644,-0.03834,0.00539,0.54263,-0.01316,-0.00608,0.82816,0.19524,0.18550,0.08178,-0.53188,-0.03819,-0.00666,0.53181,-0.00367,0.00623,0.78912,0.15824,-0.01223,0.00161,0.23630,-0.10699,0.01248,-0.04802,0.03741,0.05214,0.84942,0.09613,0.15552,0.14610,-0.49357,-0.01966,-0.00723,-0.13427,0.07721,0.00552,0.79930,0.11369,0.00259,-0.01105,-0.04372,-0.00908,0.02806,0.21722,-0.07860,-0.03129,0.88296,0.22624,-0.03405,0.30939,0.37334,-0.02974,0.00595,0.52011,-0.04241,0.00249,0.80997,0.10127,0.12787,-0.01910,-0.53676,0.00865,0.00794,0.52736,-0.01749,0.00493,0.80145,0.11021,-0.01486,0.00037,0.21298,0.01895,0.01614,-0.05274,0.01556,0.00789,0.83347,0.09432,0.03786,0.00416,-0.51490,-0.02276,0.00469,-0.14398,-0.02861,0.00408,0.80742,0.10243,0.00958,0.00541,-0.06378,-0.00644,0.00565,0.21797,-0.05506,0.00139,0.91321,0.11574,-0.10088,0.00808
3.1000,310,0,3.0998,50.04,0.40903,-0.02265,0.00197,0.54152,-0.01967,0.01301,0.83859,0.18487,0.18701,0.01403,-0.53399,-0.03635,-0.00794,0.53157,-0.00595,0.00362,0.79746,0.16199,-0.01201,-0.03766,0.23018,-0.10098,-0.00371,-0.05096,-0.00348,0.06125,0.85271,0.07437,0.16027,-0.06393,-0.49357,-0.01966,-0.00384,-0.13427,0.07721,0.01341,0.79930,0.11369,0.00187,-0.04235,-0.04417,-0.02088,0.03091,0.21273,-0.06810,-0.01229,0.89365,0.22292,-0.01518,0.17706,0.37193,-0.02681,0.00599,0.51796,-0.04364,0.00253,0.81495,0.09824,0.12692,-0.01893,-0.53623,0.01249,0.00773,0.52642,-0.01998,0.00520,0.80688,0.10686,-0.01485,0.00034,0.21412,0.02675,0.01563,-0.05206,0.01151,0.00861,0.83810,0.09094,0.03807,0.00408,-0.51598,-0.02043,0.00478,-0.14546,-0.03061,0.00406,0.81246,0.09939,0.00985,0.00535,-0.06403,-0.00368,0.00559,0.21520,-0.05578,0.00154,0.91891,0.11223,-0.10048,0.00805
3.1500,315,0,3.1499,50.07,0.40802,-0.02208,0.00363,0.54034,-0.02602,0.01628,0.84760,0.18135,0.18480,-0.04199,-0.53589,-0.03382,-0.00693,0.53107,-0.00811,0.00324,0.80542,0.16176,-0.01330,-0.00887,0.22402,-0.09826,-0.01793,-0.04958,-0.01066,0.02959,0.85749,0.06948,0.14944,-0.17566,-0.49480,-0.01676,0.00064,-0.12894,0.05354,0.02230,0.80965,0.12394,-0.00026,-0.07684,-0.04491,-0.02874,0.01393,0.20796,-0.06934,-0.00957,0.90307,0.19235,-0.00115,0.14704,0.37066,-0.02386,0.00604,0.51575,-0.04490,0.00258,0.81979,0.09518,0.12598,-0.01876,-0.53551,0.01622,0.00747,0.52536,-0.02259,0.00543,0.81214,0.10336,-0.01483,0.00030,0.21565,0.03427,0.01504,-0.05159,0.00712,0.00927,0.84256,0.08720,0.03827,0.00401,-0.51694,-0.01807,0.00485,-0.14704,-0.03259,0.00404,0.81735,0.09633,0.01011,0.00528,-0.06415,-0.00096,0.00552,0.21239,-0.05657,0.00167,0.92443,0.10866,-0.10007,0.00801
3.2000,320,0,3.1999,49.94,0.40731,-0.01701,-0.00056,0.53739,-0.03889,0.01326,0.85512,0.16924,0.18113,-0.18525,-0.53780,-0.03067,-0.01073,0.52992,-0.01327,0.00361,0.81296,0.15636,-0.01325,-0.01931,0.21904,-0.08774,-0.01738,-0.05517,-0.03733,0.01402,0.86195,0.08742,0.14227,-0.13503,-0.49549,-0.01789,0.00494,-0.12836,0.03349,0.02495,0.81492,0.12903,-0.00534,-0.11442,-0.04653,-0.02727,0.00642,0.19964,-0.06834,-0.02226,0.91789,0.13234,0.00858,0.09114,0.36954,-0.02088,0.00609,0.51347,-0.04618,0.00264,0.82447,0.09210,0.12505,-0.01859,-0.53461,0.01981,0.00717,0.52416,-0.02530,0.00562,0.81721,0.09971,-0.01482,0.00026,0.21754,0.04149,0.01438,-0.05135,0.00242,0.00987,0.84682,0.08314,0.03847,0.00393,-0.51778,-0.01568,0.00492,-0.14872,-0.03457,0.00402,0.82209,0.09326,0.01037,0.00522,-0.06413,0.00173,0.00543,0.20954,-0.05742,0.00180,0.92977,0.10504,-0.09967,0.00797
3.2500,325,0,3.2501,50.26,0.40654,-0.01422,-0.00373,0.53517,-0.05008,0.02304,0.86347,0.16402,0.16972,-0.29816,-0.53952,-0.02623,-0.01234,0.52858,-0.01771,0.00294,0.82017,0.14802,-0.01420,-0.00629,0.21421,-0.08421,-0.01110,-0.05631,-0.03383,-0.00613,0.86785,0.10652,0.13510,-0.13563,-0.49549,-0.01789,0.01107,-0.12836,0.03349,0.03518,0.81492,0.12903,-0.01099,-0.08742,-0.04653,-0.02727,0.00417,0.19964,-0.06834,-0.03611,0.91789,0.13234,0.01733,0.05149,0.36858,-0.01788,0.00615,0.51113,-0.04749,0.00270,0.82900,0.08902,0.12412,-0.01842,-0.53354,0.02325,0.00683,0.52283,-0.02810,0.00578,0.82211,0.09594,-0.01480,0.00023,0.21979,0.04837,0.01367,-0.05135,-0.00255,0.01041,0.85087,0.07882,0.03866,0.00386,-0.51851,-0.01325,0.00498,-0.15050,-0.03654,0.00400,0.82668,0.09017,0.01063,0.00516,-0.06397,0.00437,0.00534,0.20665,-0.05833,0.00192,0.93494,0.10139,-0.09928,0.00793
3.3000,330,0,3.2995,49.36,0.40576,-0.01406,0.00124,0.53169,-0.06306,0.02115,0.87024,0.15363,0.15443,-0.32227,-0.54134,-0.02229,-0.01272,0.52645,-0.02353,0.00208,0.82673,0.13414,-0.01540,0.00388,0.21056,-0.07561,-0.01110,-0.06109,-0.03762,-0.00613,0.87534,0.13382,0.13510,-0.13563,-0.49815,-0.02935,0.00885,-0.12843,-0.00412,0.03111,0.82824,0.14179,-0.01677,-0.01399,-0.04723,-0.02812,0.00986,0.19286,-0.04988,-0.02655,0.93093,0.10333,0.01877,0.00263,0.36776,-0.01485,0.00620,0.50872,-0.04883,0.00278,0.83337,0.08594,0.12320,-0.01826,-0.53229,0.02651,0.00647,0.52135,-0.03096,0.00590,0.82681,0.09209,-0.01479,0.00020,0.22237,0.05489,0.01290,-0.05161,-0.00777,0.01087,0.85469,0.07430,0.03886,0.00379,-0.51911,-0.01079,0.00504,-0.15237,-0.03849,0.00397,0.83111,0.08708,0.01089,0.00510,-0.06369,0.00697,0.00524,0.20371,-0.05930,0.00203,0.93991,0.09774,-0.09888,0.00789
3.3500,335,0,3.3684,68.90,0.40455,-0.02049,0.00363,0.53231,-0.04432,0.01546,0.87882,0.14532,0.13840,-0.31998,-0.54280,-0.01788,-0.01302,0.52441,-0.02755,0.00104,0.83307,0.12828,-0.01466,0.00306,0.21056,-0.07561,-0.01525,-0.06109,-0.03762,0.00108,0.87534,0.13382,0.13106,-0.00101,-0.49815,-0.02935,0.00885,-0.12843,-0.00412,0.03111,0.82824,0.14179,-0.01677,-0.01399,-0.04758,-0.02759,0.01333,0.19005,-0.03688,-0.02087,0.93659,0.09793,0.02292,-0.01995,0.36709,-0.01180,0.00626,0.50624,-0.05022,0.00286,0.83759,0.08288,0.12229,-0.01809,-0.53089,0.02959,0.00609,0.51973,-0.03388,0.00597,0.83131,0.08818,-0.01478,0.00016,0.22527,0.06102,0.01209,-0.05213,-0.01320,0.01125,0.85829,0.06968,0.03904,0.00372,-0.51958,-0.00830,0.00509,-0.15435,-0.04043,0.00394,0.83539,0.08399,0.01114,0.00504,-0.06328,0.00951,0.00513,0.20072,-0.06032,0.00213,0.94471,0.09409,-0.09849,0.00785
3.4000,340,0,3.4002,31.83,0.40455,-0.02049,0.00884,0.53231,-0.04432,0.00259,0.87882,0.14532,0.12385,-0.18859,-0.54446,-0.01526,-0.01234,0.52179,-0.03028,-0.00331,0.83951,0.12457,-0.01504,0.00012,0.20700,-0.06537,-0.01525,-0.06297,-0.03762,0.00108,0.88217,0.14466,0.13106,-0.00101,-0.50226,-0.04014,0.00645,-0.12980,-0.02989,0.02857,0.84345,0.15089,-0.01683,-0.00106,-0.04800,-0.02163,0.00274,0.18973,-0.01585,-0.03485,0.94217,0.10033,0.01837,-0.13095,0.36658,-0.00872,0.00631,0.50370,-0.05164,0.00296,0.84166,0.07984,0.12139,-0.01792,-0.52934,0.03248,0.00569,0.51796,-0.03682,0.00600,0.83562,0.08430,-0.01478,0.00013,0.22847,0.06675,0.01126,-0.05293,-0.01880,0.01156,0.86166,0.06508,0.03923,0.00366,-0.51994,-0.00580,0.00513,-0.15642,-0.04236,0.00391,0.83951,0.08089,0.01139,0.00498,-0.06274,0.01200,0.00501,0.19768,-0.06139,0.00222,0.94932,0.09047,-0.09810,0.00781
3.4500,345,0,3.4506,50.42,0.40356,-0.02708,0.01832,0.53082,-0.03849,-0.01022,0.88533,0.13357,0.11729,-0.11473,-0.54574,-0.01103,-0.01390,0.51919,-0.03180,-0.00374,0.84573,0.12080,-0.01473,-0.00845,0.20381,-0.02180,-0.04368,-0.06730,-0.03051,-0.01325,0.90158,0.17779,0.14343,0.03698,-0.50390,-0.04021,0.00494,-0.13292,-0.04665,0.02232,0.85010,0.14558,-0.01542,0.03028,-0.04800,-0.02163,-0.01533,0.18973,-0.01585,-0.03072,0.94217,0.10033,0.00723,-0.25472,0.36622,-0.00561,0.00635,0.50108,-0.05312,0.00306,0.84558,0.07680,0.12050,-0.01776,-0.52764,0.03518,0.00529,0.51605,-0.03976,0.00599,0.83974,0.08051,-0.01477,0.00010,0.23194,0.07206,0.01040,-0.05402,-0.02453,0.01180,0.86481,0.06066,0.03941,0.00359,-0.52016,-0.00327,0.00517,-0.15858,-0.04426,0.00387,0.84348,0.07781,0.01164,0.00492,-0.06208,0.01443,0.00489,0.19458,-0.06250,0.00230,0.95376,0.08691,-0.09771,0.00777
3.5000,350,0,3.4999,49.29,0.39977,-0.04650,0.02167,0.52574,-0.04226,-0.00308,0.89425,0.08669,0.11405,-0.03475,-0.54711,-0.00722,-0.01534,0.51618,-0.03278,-0.00765,0.85191,0.11613,-0.01677,-0.00614,0.20300,-0.00585,-0.03188,-0.06828,-0.01670,-0.02425,0.91033,0.15592,0.14487,-0.10090,-0.50631,-0.04619,0.00876,-0.13576,-0.05488,0.01630,0.85681,0.14094,-0.01372,0.05132,-0.04799,-0.00461,-0.01096,0.18947,0.01712,-0.02797,0.95116,0.09419,-0.01059,-0.30899,0.36602,-0.00249,0.00638,0.49838,-0.05465,0.00318,0.84934,0.07371,0.11962,-0.01760,-0.52582,0.03767,0.00488,0.51399,-0.04269,0.00595,0.84368,0.07696,-0.01477,0.00007,0.23567,0.07695,0.00954,-0.05539,-0.03036,0.01196,0.86774,0.05663,0.03959,0.00352,-0.52026,-0.00073,0.00520,-0.16084,-0.04615,0.00383,0.84729,0.07472,0.01189,0.00486,-0.06130,0.01680,0.00476,0.19143,-0.06365,0.00237,0.95802,0.08343,-0.09732,0.00772
3.5500,355,0,3.5505,50.60,0.39750,-0.05321,0.01595,0.52677,-0.02026,-0.00064,0.89924,0.08781,0.11422,0.00478,-0.54782,-0.00070,-0.01737,0.51377,-0.03041,-0.01076,0.85786,0.11379,-0.01726,-0.01146,0.20301,0.00584,-0.02600,-0.06878,-0.00342,-0.02523,0.91741,0.12217,0.13873,-0.15625,-0.50892,-0.04964,0.00465,-0.13844,-0.05434,0.00595,0.86421,0.13867,-0.01154,0.05984,-0.04799,-0.00461,-0.00542,0.18947,0.01712,-0.03654,0.95116,0.09419,-0.02693,-0.33150,0.36597,0.00065,0.00640,0.49561,-0.05623,0.00327,0.85295,0.07052,0.11874,-0.01744,-0.52388,0.03996,0.00447,0.51178,-0.04559,0.00590,0.84745,0.07377,-0.01476,0.00004,0.23963,0.08142,0.00868,-0.05705,-0.03627,0.01211,0.87048,0.05317,0.03976,0.00346,-0.52024,0.00183,0.00522,-0.16320,-0.04802,0.00379,0.85095,0.07165,0.01213,0.00480,-0.06040,0.01910,0.00463,0.18821,-0.06483,0.00244,0.96210,0.08003,-0.09693,0.00768
3.6000,360,0,3.5998,49.33,0.39453,-0.05431,0.00077,0.52536,-0.01109,-0.01654,0.90254,0.08596,0.11695,0.07158,-0.54854,0.00518,-0.01738,0.51091,-0.02858,-0.00999,0.86397,0.11367,-0.01812,0.00655,0.20029,-0.00281,-0.00938,-0.06616,0.03115,-0.02877,0.92421,0.10426,0.13137,-0.12798,-0.51145,-0.04758,-0.00452,-0.14116,-0.05369,0.00270,0.87092,0.12682,-0.00793,0.09537,-0.04520,0.01725,-0.00624,0.19272,0.04175,-0.02801,0.96095,0.06385,-0.04380,-0.19183,0.36608,0.00379,0.00641,0.49276,-0.05785,0.00331,0.85639,0.06728,0.11787,-0.01728,-0.52183,0.04206,0.00408,0.50943,-0.04848,0.00589,0.85106,0.07085,-0.01476,0.00001,0.24380,0.08547,0.00783,-0.05902,-0.04225,0.01230,0.87306,0.05017,0.03993,0.00340,-0.52008,0.00439,0.00523,-0.16564,-0.04987,0.00374,0.85446,0.06859,0.01237,0.00475,-0.05939,0.02134,0.00449,0.18494,-0.06603,0.00249,0.96602,0.07673,-0.09655,0.00764
3.6500,365,0,3.6505,50.62,0.39453,-0.05431,-0.00485,0.52536,-0.01109,-0.01814,0.90254,0.08596,0.12119,0.15068,-0.54854,0.01245,-0.01671,0.50893,-0.02403,-0.01362,0.87011,0.11672,-0.01876,-0.00289,0.19945,-0.00671,0.00349,-0.06382,0.04809,-0.02639,0.92850,0.08396,0.12370,-0.10456,-0.51368,-0.04335,-0.00916,-0.14322,-0.05124,-0.00018,0.87687,0.11385,-0.00244,0.11952,-0.04498,0.01474,-0.00626,0.19518,0.04839,-0.01172,0.96607,0.08752,-0.05335,-0.22170,0.36635,0.00693,0.00640,0.48983,-0.05947,0.00331,0.85968,0.06407,0.11701,-0.01712,-0.51968,0.04397,0.00369,0.50693,-0.05138,0.00593,0.85453,0.06808,-0.01476,-0.00002,0.24817,0.08910,0.00700,-0.06128,-0.04834,0.01252,0.87550,0.04745,0.04010,0.00333,-0.51980,0.00696,0.00524,-0.16818,-0.05169,0.00369,0.85781,0.06557,0.01260,0.00469,-0.05827,0.02351,0.00436,0.18161,-0.06727,0.00253,0.96978,0.07351,-0.09617,0.00760
3.7000,370,0,3.7003,49.81,0.38800,-0.06751,0.01039,0.52379,-0.00639,-0.00854,0.90822,0.07597,0.13453,0.21660,-0.54855,0.01759,-0.01556,0.50677,-0.01953,-0.01347,0.87618,0.11246,-0.01860,-0.00811,0.19887,-0.01095,-0.00299,-0.06103,0.05842,-0.01191,0.93363,0.06470,0.11785,-0.11217,-0.51557,-0.03788,-0.00903,-0.14658,-0.05267,-0.00222,0.88170,0.09357,0.00379,0.12742,-0.04154,0.02597,0.00160,0.19848,0.05693,-0.00942,0.97651,0.16814,-0.06520,-0.31191,0.36677,0.01007,0.00639,0.48681,-0.06109,0.00329,0.86280,0.06095,0.11616,-0.01696,-0.51743,0.04569,0.00331,0.50429,-0.05430,0.00597,0.85787,0.06537,-0.01477,-0.00005,0.25271,0.09233,0.00617,-0.06385,-0.05453,0.01272,0.87781,0.04487,0.04027,0.00327,-0.51938,0.00954,0.00525,-0.17081,-0.05349,0.00364,0.86101,0.06258,0.01284,0.00463,-0.05704,0.02561,0.00422,0.17822,-0.06851,0.00256,0.97337,0.07037,-0.09579,0.00755
3.7500,375,0,3.7502,49.97,0.38800,-0.06751,0.02232,0.52379,-0.00639,0.00666,0.90822,0.07597,0.14628,0.19988,-0.54796,0.02394,-0.01476,0.50513,-0.01474,-0.01344,0.88182,0.10829,-0.01901,0.02380,0.19882,-0.00801,-0.00299,-0.05821,0.05973,-0.01191,0.93743,0.04942,0.11785,-0.11217,-0.51745,-0.03301,-0.01077,-0.14896,-0.05189,0.00163,0.88564,0.07247,0.01029,0.11924,-0.04037,0.01979,0.00717,0.20130,0.05538,-0.00706,0.98554,0.18695,-0.07601,-0.18731,0.36736,0.01320,0.00637,0.48372,-0.06270,0.00326,0.86577,0.05791,0.11532,-0.01680,-0.51511,0.04722,0.00294,0.50150,-0.05723,0.00598,0.86107,0.06269,-0.01477,-0.00007,0.25739,0.09516,0.00536,-0.06674,-0.06081,0.01287,0.87999,0.04236,0.04043,0.00321,-0.51884,0.01211,0.00524,-0.17353,-0.05526,0.00358,0.86407,0.05964,0.01307,0.00458,-0.05571,0.02764,0.00408,0.17476,-0.06977,0.00258,0.97681,0.06730,-0.09542,0.00751
3.8000,380,0,3.8004,50.21,0.37878,-0.08820,0.01387,0.52452,-0.01125,0.01570,0.91920,0.10345,0.15612,0.16105,-0.54723,0.02889,-0.01309,0.50356,-0.01051,-0.01397,0.88716,0.10244,-0.01860,0.01803,0.20269,0.01586,-0.01868,-0.05548,0.04573,0.01636,0.94197,0.03753,0.10021,-0.17708,-0.51871,-0.02532,-0.01404,-0.15244,-0.05552,0.00235,0.88816,0.05011,0.01617,0.10930,-0.03793,0.01818,0.01757,0.20311,0.04220,0.02061,0.99436,0.18034,-0.08321,-0.18407,0.36809,0.01631,0.00634,0.48054,-0.06429,0.00324,0.86859,0.05497,0.11448,-0.01665,-0.51272,0.04857,0.00258,0.49857,-0.06016,0.00596,0.86414,0.06003,-0.01477,-0.00010,0.26222,0.09760,0.00458,-0.06993,-0.06714,0.01296,0.88204,0.03988,0.04059,0.00315,-0.51817,0.01468,0.00523,-0.17634,-0.05700,0.00352,0.86698,0.05675,0.01329,0.00453,-0.05428,0.02961,0.00394,0.17124,-0.07104,0.00259,0.98010,0.06429,-0.09504,0.00747
3.8500,385,0,3.8504,49.92,0.37429,-0.08872,0.00622,0.52350,-0.02194,0.01840,0.92482,0.11589,0.16090,0.14485,-0.54602,0.03448,-0.01400,0.50245,-0.00621,-0.01159,0.89188,0.08973,-0.01746,-0.01587,0.20326,0.02408,-0.02374,-0.05327,0.03668,0.02504,0.94407,0.01796,0.09257,-0.16598,-0.51952,-0.01475,-0.01880,-0.15522,-0.05491,-0.00045,0.88999,0.03268,0.02120,0.10821,-0.03620,0.01382,0.01721,0.20651,0.04181,0.02344,1.00130,0.16482,-0.09496,-0.24068,0.36899,0.01942,0.00631,0.47729,-0.06588,0.00322,0.87127,0.05211,0.11365,-0.01649,-0.51026,0.04975,0.00223,0.49549,-0.06307,0.00591,0.86707,0.05738,-0.01478,-0.00013,0.26715,0.09966,0.00382,-0.07345,-0.07351,0.01298,0.88398,0.03742,0.04074,0.00309,-0.51738,0.01724,0.00521,-0.17923,-0.05871,0.00345,0.86975,0.05393,0.01352,0.00447,-0.05275,0.03150,0.00380,0.16765,-0.07231,0.00259,0.98324,0.06135,-0.09467,0.00743
3.9000,390,0,3.8999,49.54,0.36945,-0.08473,-0.00116,0.52103,-0.04161,0.02692,0.92832,0.10144,0.16597,0.06321,-0.54456,0.04009,-0.01374,0.50152,-0.00348,-0.00555,0.89590,0.07572,-0.01749,0.00326,0.20428,0.03284,-0.01367,-0.05287,0.02485,0.01863,0.94408,-0.00900,0.08777,-0.08621,-0.52010,-0.00671,-0.02036,-0.15736,-0.04858,-0.00314,0.89165,0.02618,0.02523,0.08562,-0.03478,0.00827,0.01407,0.21039,0.03699,0.02241,1.00848,0.17416,-0.10723,-0.14015,0.37003,0.02250,0.00627,0.47396,-0.06745,0.00320,0.87381,0.04932,0.11283,-0.01634,-0.50774,0.05076,0.00189,0.49226,-0.06595,0.00583,0.86988,0.05474,-0.01479,-0.00015,0.27218,0.10135,0.00309,-0.07728,-0.07987,0.01295,0.88579,0.03495,0.04090,0.00303,-0.51645,0.01979,0.00519,-0.18221,-0.06039,0.00338,0.87237,0.05117,0.01374,0.00442,-0.05113,0.03333,0.00366,0.16401,-0.07358,0.00258,0.98624,0.05846,-0.09430,0.00738
3.9500,395,0,3.9506,50.69,0.36513,-0.07625,-0.00928,0.51704,-0.06481,0.04109,0.93232,0.09546,0.16627,-0.01580,-0.54248,0.04649,-0.01334,0.50129,-0.00226,-0.00307,0.89931,0.06942,-0.01656,0.00389,0.20497,0.03009,-0.01639,-0.04960,0.02927,0.01928,0.94352,-0.03095,0.08201,-0.11223,-0.52042,-0.00126,-0.01442,-0.15924,-0.04124,-0.00821,0.89322,0.02593,0.02898,0.05271,-0.03458,-0.00143,0.01888,0.21219,0.02567,0.03224,1.01413,0.12491,-0.11213,0.05140,0.37124,0.02556,0.00621,0.47054,-0.06901,0.00317,0.87620,0.04662,0.11202,-0.01619,-0.50518,0.05161,0.00158,0.48889,-0.06878,0.00572,0.87255,0.05211,-0.01479,-0.00018,0.27728,0.10269,0.00239,-0.08144,-0.08620,0.01285,0.88747,0.03246,0.04105,0.00298,-0.51540,0.02232,0.00515,-0.18527,-0.06203,0.00331,0.87486,0.04847,0.01396,0.00436,-0.04942,0.03509,0.00353,0.16030,-0.07484,0.00255,0.98909,0.05563,-0.09393,0.00734
4.0000,400,0,4.0003,49.72,0.36150,-0.06290,-0.01842,0.51344,-0.08053,0.04005,0.93673,0.08873,0.16392,-0.08597,-0.52256,0.07803,-0.01126,0.53395,0.04862,-0.00333,0.88510,0.04101,-0.01630,0.01081,0.20567,0.03314,-0.02440,-0.04769,0.02306,0.01671,0.94119,-0.05389,0.07627,-0.07768,-0.51974,0.01111,-0.01556,-0.16197,-0.04355,-0.00773,0.89358,0.01533,0.03208,0.03796,-0.03486,-0.00868,0.01278,0.21393,0.01304,0.03498,1.01720,0.06820,-0.10855,0.07488,0.37259,0.02860,0.00615,0.46705,-0.07057,0.00315,0.87847,0.04399,0.11121,-0.01604,-0.50258,0.05231,0.00129,0.48538,-0.07155,0.00558,0.87509,0.04949,-0.01480,-0.00020,0.28244,0.10370,0.00175,-0.08590,-0.09247,0.01270,0.88903,0.02996,0.04119,0.00292,-0.51422,0.02484,0.00512,-0.18841,-0.06364,0.00323,0.87722,0.04585,0.01418,0.00431,-0.04762,0.03679,0.00339,0.15652,-0.07608,0.00252,0.99180,0.05285,-0.09356,0.00730
4.0500,405,0,4.0506,50.25,0.35878,-0.04840,-0.02651,0.51090,-0.08039,0.02719,0.94172,0.08436,0.15899,-0.13823,-0.51863,0.08241,-0.00625,0.53631,0.04616,0.01861,0.88694,0.04510,-0.01588,0.00087,0.20599,0.03624,-0.01811,-0.04628,0.01406,0.03280,0.93813,-0.06608,0.07422,-0.03374,-0.51862,0.02392,-0.02475,-0.16478,-0.04176,-0.00494,0.89352,0.00862,0.03412,0.01809,-0.03599,-0.01989,0.01199,0.21315,-0.01111,0.03888,1.01881,0.05767,-0.10173,0.10999,0.37410,0.03160,0.00608,0.46349,-0.07211,0.00313,0.88060,0.04144,0.11042,-0.01589,-0.49995,0.05287,0.00102,0.48174,-0.07425,0.00541,0.87750,0.04688,-0.01481,-0.00022,0.28764,0.10441,0.00114,-0.09068,-0.09865,0.01249,0.89047,0.02743,0.04134,0.00286,-0.51291,0.02734,0.00507,-0.19163,-0.06521,0.00315,0.87945,0.04330,0.01439,0.00426,-0.04574,0.03842,0.00327,0.15269,-0.07731,0.00248,0.99438,0.05012,-0.09320,0.00725
4.1000,410,0,4.1001,49.48,0.35682,-0.03246,-0.02830,0.50478,-0.10373,0.02366,0.94341,0.06445,0.14960,-0.21638,-0.51528,0.07935,0.00223,0.53697,0.02502,0.03879,0.89113,0.06503,-0.01594,-0.00242,0.20694,0.04238,-0.02471,-0.04737,-0.01481,0.05497,0.93432,-0.06094,0.07128,-0.10110,-0.51759,0.02964,-0.02095,-0.16645,-0.03274,-0.00831,0.89368,0.00799,0.03371,0.01222,-0.03696,-0.02793,0.01705,0.21343,-0.02204,0.03973,1.02130,0.02514,-0.09790,0.12339,0.37575,0.03456,0.00600,0.45984,-0.07364,0.00311,0.88261,0.03897,0.10962,-0.01575,-0.49730,0.05331,0.00078,0.47796,-0.07685,0.00521,0.87978,0.04428,-0.01483,-0.00025,0.29288,0.10484,0.00060,-0.09577,-0.10471,0.01222,0.89177,0.02490,0.04148,0.00281,-0.51149,0.02981,0.00502,-0.19493,-0.06673,0.00307,0.88155,0.04083,0.01460,0.00421,-0.04378,0.04000,0.00315,0.14879,-0.07851,0.00242,0.99682,0.04745,-0.09284,0.00721
4.1500,415,0,4.1505,50.43,0.35500,-0.02177,-0.02313,0.49854,-0.12306,0.03614,0.94428,0.03943,0.13687,-0.34097,-0.51167,0.07474,0.00839,0.53694,0.00255,0.04051,0.89498,0.07987,-0.01691,-0.00587,0.20813,0.05011,-0.03710,-0.04697,-0.02704,0.04065,0.93265,-0.03735,0.06701,-0.13362,-0.51609,0.03254,-0.00856,-0.16816,-0.02803,-0.01323,0.89397,0.01426,0.03244,-0.05506,-0.03896,-0.03587,0.01156,0.21124,-0.03897,0.03766,1.02052,-0.00032,-0.08615,0.05641,0.37755,0.03748,0.00591,0.45612,-0.07516,0.00309,0.88450,0.03658,0.10884,-0.01560,-0.49462,0.05364,0.00057,0.47406,-0.07936,0.00499,0.88193,0.04171,-0.01484,-0.00027,0.29812,0.10501,0.00011,-0.10115,-0.11062,0.01190,0.89296,0.02235,0.04162,0.00276,-0.50993,0.03226,0.00497,-0.19831,-0.06822,0.00298,0.88353,0.03844,0.01481,0.00416,-0.04174,0.04151,0.00303,0.14484,-0.07968,0.00236,0.99912,0.04483,-0.09248,0.00717
4.2000,420,0,4.2004,49.97,0.35546,-0.00508,-0.02491,0.49705,-0.10648,0.03214,0.94823,0.04524,0.11916,-0.51622,-0.50837,0.06797,0.01025,0.53614,-0.01966,0.04830,0.89848,0.08685,-0.01767,-0.01202,0.20928,0.06177,-0.03734,-0.04939,-0.04778,0.03461,0.93065,-0.01915,0.05941,-0.18324,-0.51445,0.03284,0.00086,-0.16949,-0.02578,-0.00148,0.89488,0.02111,0.02821,-0.03938,-0.04079,-0.04181,0.01166,0.20898,-0.05053,0.02654,1.02103,0.00300,-0.07981,0.09253,0.37950,0.04035,0.00580,0.45233,-0.07668,0.00307,0.88627,0.03427,0.10806,-0.01546,-0.49194,0.05388,0.00040,0.47003,-0.08175,0.00474,0.88395,0.03917,-0.01485,-0.00029,0.30337,0.10495,-0.00031,-0.10683,-0.11637,0.01153,0.89401,0.01982,0.04176,0.00270,-0.50826,0.03468,0.00490,-0.20175,-0.06965,0.00289,0.88540,0.03612,0.01502,0.00411,-0.03963,0.04297,0.00292,0.14082,-0.08082,0.00229,1.00130,0.04228,-0.09212,0.00713
4.2500,425,0,4.2499,49.46,0.35493,0.00707,-0.03194,0.49054,-0.10565,0.00598,0.94894,0.02648,0.09022,-0.67535,-0.50525,0.06141,0.01305,0.53422,-0.04489,0.04959,0.90262,0.09192,-0.01833,-0.00271,0.21058,0.07126,-0.04283,-0.05290,-0.06638,0.04615,0.93034,0.01836,0.04947,-0.22445,-0.51298,0.03154,0.00086,-0.17111,-0.02690,-0.00148,0.89552,0.02537,0.02821,-0.03938,-0.04289,-0.04637,0.00384,0.20585,-0.06395,0.02860,1.02189,0.00839,-0.07716,0.05414,0.38159,0.04317,0.00568,0.44846,-0.07818,0.00305,0.88793,0.03205,0.10729,-0.01532,-0.48924,0.05404,0.00026,0.46588,-0.08401,0.00447,0.88584,0.03666,-0.01487,-0.00031,0.30861,0.10471,-0.00067,-0.11278,-0.12193,0.01111,0.89494,0.01732,0.04189,0.00265,-0.50647,0.03707,0.00484,-0.20527,-0.07105,0.00279,0.88715,0.03389,0.01522,0.00406,-0.03744,0.04437,0.00281,0.13676,-0.08193,0.00221,1.00335,0.03979,-0.09177,0.00709
4.3000,430,0,4.2997,49.78,0.35582,0.02262,-0.03077,0.48552,-0.10112,-0.00717,0.94858,0.01286,0.05328,-0.71702,-0.50258,0.05300,0.01609,0.53074,-0.07234,0.04407,0.90554,0.08948,-0.01828,-0.01194,0.21426,0.09393,-0.04603,-0.05824,-0.09730,0.04342,0.93065,0.03128,0.03897,-0.22999,-0.51253,0.02494,0.00195,-0.17243,-0.02329,-0.00610,0.89860,0.04146,0.02630,-0.01491,-0.04507,-0.04698,-0.00124,0.20249,-0.07467,0.02401,1.02378,0.01064,-0.07782,-0.03959,0.38381,0.04592,0.00553,0.44451,-0.07967,0.00302,0.88948,0.02993,0.10653,-0.01518,-0.48653,0.05414,0.00017,0.46163,-0.08613,0.00419,0.88762,0.03420,-0.01488,-0.00034,0.31384,0.10431,-0.00095,-0.11901,-0.12727,0.01065,0.89574,0.01487,0.04202,0.00260,-0.50455,0.03943,0.00476,-0.20886,-0.07239,0.00268,0.88879,0.03174,0.01542,0.00401,-0.03519,0.04572,0.00271,0.13263,-0.08299,0.00212,1.00528,0.03738,-0.09141,0.00704
4.3500,435,0,4.3513,51.66,0.35745,0.04039,-0.03373,0.48203,-0.09748,-0.00069,0.94936,0.00928,0.01640,-0.73161,-0.50057,0.04246,0.01465,0.52644,-0.09238,0.03923,0.91121,0.09872,-0.01882,0.01197,0.21613,0.09999,-0.04603,-0.06203,-0.10652,0.04342,0.93334,0.05553,0.03897,-0.22999,-0.51104,0.02452,0.00354,-0.17485,-0.02619,-0.00054,0.90050,0.04774,0.02765,0.03691,-0.04727,-0.04555,-0.00124,0.19864,-0.08429,0.02401,1.02627,0.01543,-0.07782,-0.03959,0.38618,0.04860,0.00537,0.44049,-0.08114,0.00300,0.89093,0.02789,0.10578,-0.01504,-0.48382,0.05421,0.00012,0.45727,-0.08811,0.00388,0.88926,0.03179,-0.01490,-0.00036,0.31904,0.10380,-0.00115,-0.12551,-0.13237,0.01016,0.89643,0.01251,0.04215,0.00255,-0.50252,0.04175,0.00468,-0.21251,-0.07368,0.00258,0.89032,0.02968,0.01562,0.00396,-0.03287,0.04703,0.00262,0.12846,-0.08400,0.00202,1.00709,0.03504,-0.09106,0.00700
4.4000,440,0,4.4007,49.33,0.36009,0.06077,-0.03997,0.47563,-0.10065,0.00314,0.94898,0.00471,-0.01892,-0.65613,-0.49865,0.03494,0.01247,0.52114,-0.11025,0.03256,0.91569,0.09539,-0.01874,0.00096,0.22132,0.11921,-0.04647,-0.06699,-0.11986,0.03282,0.93645,0.06118,0.02663,0.00458,-0.50996,0.02243,0.00147,-0.17584,-0.02631,0.00570,0.90334,0.05737,0.02994,0.02874,-0.04950,-0.04105,-0.00725,0.19455,-0.09181,0.02347,1.02862,0.03383,-0.08327,-0.13164,0.38867,0.05119,0.00519,0.43640,-0.08260,0.00296,0.89227,0.02596,0.10503,-0.01490,-0.48111,0.05426,0.00012,0.45282,-0.08993,0.00356,0.89080,0.02946,-0.01492,-0.00038,0.32422,0.10320,-0.00127,-0.13225,-0.13723,0.00963,0.89700,0.01026,0.04228,0.00250,-0.50038,0.04402,0.00460,-0.21622,-0.07492,0.00247,0.89176,0.02770,0.01582,0.00391,-0.03049,0.04829,0.00253,0.12423,-0.08496,0.00191,1.00879,0.03279,-0.09071,0.00696
4.4500,445,0,4.4505,49.80,0.36376,0.07771,-0.03650,0.46952,-0.10801,-0.00196,0.94798,-0.00181,-0.04888,-0.50682,-0.49703,0.02860,0.00986,0.51548,-0.12242,0.02228,0.91959,0.08695,-0.01869,-0.00079,0.22671,0.13964,-0.04477,-0.07601,-0.14713,0.02815,0.93831,0.06074,0.02690,-0.00803,-0.50884,0.02026,0.00577,-0.17766,-0.02924,0.00095,0.90629,0.06340,0.03175,0.01592,-0.05149,-0.03307,-0.01624,0.19032,-0.09359,0.01238,1.03451,0.07401,-0.09177,-0.13879,0.39129,0.05368,0.00499,0.43223,-0.08405,0.00293,0.89352,0.02412,0.10429,-0.01476,-0.47840,0.05433,0.00016,0.44828,-0.09160,0.00323,0.89221,0.02723,-0.01494,-0.00040,0.32936,0.10257,-0.00130,-0.13922,-0.14181,0.00907,0.89746,0.00818,0.04240,0.00245,-0.49812,0.04626,0.00451,-0.22000,-0.07610,0.00235,0.89309,0.02580,0.01602,0.00387,-0.02804,0.04951,0.00245,0.11996,-0.08588,0.00180,1.01037,0.03063,-0.09037,0.00692
4.5000,450,0,4.4999,49.39,0.36751,0.08191,-0.02053,0.46686,-0.09257,-0.00287,0.95079,0.02567,-0.07165,-0.44031,-0.49586,0.02293,0.00942,0.50950,-0.12923,0.01521,0.92361,0.08463,-0.01824,0.01118,0.23426,0.16133,-0.03259,-0.08369,-0.15923,0.00974,0.94171,0.07017,0.02635,0.06143,-0.50806,0.01509,0.00820,-0.17859,-0.02295,-0.00398,0.90988,0.06932,0.03119,-0.03291,-0.05267,-0.02093,-0.02037,0.18559,-0.10197,0.01394,1.03912,0.08776,-0.09999,-0.09060,0.39404,0.05608,0.00476,0.42799,-0.08548,0.00289,0.89469,0.02237,0.10355,-0.01462,-0.47568,0.05443,0.00026,0.44366,-0.09310,0.00288,0.89352,0.02513,-0.01496,-0.00042,0.33448,0.10194,-0.00125,-0.14642,-0.14612,0.00850,0.89782,0.00633,0.04252,0.00240,-0.49575,0.04845,0.00442,-0.22383,-0.07722,0.00223,0.89434,0.02398,0.01621,0.00382,-0.02554,0.05069,0.00237,0.11565,-0.08673,0.00168,1.01185,0.02857,-0.09002,0.00688
4.5500,455,0,4.5501,50.20,0.37191,0.08582,-0.00568,0.46007,-0.10306,-0.00190,0.95043,0.02101,-0.09500,-0.31848,-0.49485,0.01845,0.00602,0.50276,-0.13591,0.00891,0.92744,0.07902,-0.01681,0.04615,0.24062,0.16428,-0.03259,-0.08854,-0.14187,0.00974,0.94614,0.07454,0.02635,0.06143,-0.50725,0.01593,0.00166,-0.18032,-0.02534,-0.00425,0.91263,0.06249,0.02819,-0.09892,-0.05330,-0.00552,-0.02999,0.18063,-0.10805,0.01615,1.04506,0.10778,-0.10535,-0.06457,0.39690,0.05835,0.00451,0.42368,-0.08688,0.00284,0.89576,0.02066,0.10282,-0.01449,-0.47295,0.05460,0.00040,0.43897,-0.09443,0.00254,0.89473,0.02322,-0.01498,-0.00043,0.33956,0.10135,-0.00113,-0.15383,-0.15015,0.00791,0.89809,0.00480,0.04264,0.00235,-0.49328,0.05060,0.00433,-0.22772,-0.07828,0.00210,0.89549,0.02224,0.01640,0.00377,-0.02297,0.05184,0.00230,0.11129,-0.08753,0.00156,1.01323,0.02661,-0.08968,0.00684
4.6000,460,0,4.6002,50.14,0.37625,0.08491,0.00106,0.45628,-0.09434,-0.00120,0.95238,0.03717,-0.10757,-0.20226,-0.49402,0.01672,-0.00065,0.49577,-0.14005,0.00388,0.93097,0.07035,-0.01577,0.02933,0.24914,0.17650,-0.02678,-0.09558,-0.13960,-0.00391,0.94958,0.06612,0.02677,-0.05071,-0.50636,0.01721,-0.00283,-0.18113,-0.02468,0.00078,0.91541,0.05854,0.02242,-0.07821,-0.05403,0.00394,-0.02214,0.17556,-0.11003,0.01141,1.05212,0.11389,-0.10709,0.07504,0.39987,0.06051,0.00427,0.41930,-0.08826,0.00277,0.89675,0.01901,0.10210,-0.01436,-0.47022,0.05483,0.00055,0.43422,-0.09559,0.00222,0.89585,0.02152,-0.01500,-0.00045,0.34461,0.10083,-0.00098,-0.16143,-0.15388,0.00733,0.89830,0.00361,0.04276,0.00230,-0.49069,0.05270,0.00423,-0.23166,-0.07928,0.00197,0.89656,0.02058,0.01658,0.00373,-0.02036,0.05295,0.00223,0.10690,-0.08826,0.00143,1.01451,0.02475,-0.08934,0.00679
4.6500,465,0,4.6983,98.09,0.37625,0.08491,0.00035,0.45628,-0.09434,-0.00145,0.95238,0.03717,-0.11676,-0.09867,-0.49215,0.02131,-0.00523,0.49124,-0.12743,-0.00391,0.93442,0.07316,-0.01512,-0.00491,0.24914,0.17650,-0.02678,-0.09558,-0.13960,-0.00391,0.94958,0.06612,0.02677,-0.05071,-0.50636,0.01721,0.00006,-0.18113,-0.02468,0.00819,0.91541,0.05854,0.01960,-0.07430,-0.05387,0.01098,-0.02214,0.17052,-0.11196,0.01141,1.05674,0.09233,-0.10709,0.07504,0.40295,0.06255,0.00405,0.41486,-0.08959,0.00267,0.89766,0.01743,0.10139,-0.01422,-0.46747,0.05513,0.00068,0.42942,-0.09661,0.00191,0.89688,0.01998,-0.01503,-0.00047,0.34964,0.10039,-0.00084,-0.16922,-0.15734,0.00678,0.89846,0.00268,0.04287,0.00226,-0.48801,0.05475,0.00413,-0.23565,-0.08021,0.00184,0.89755,0.01900,0.01677,0.00368,-0.01768,0.05403,0.00217,0.10247,-0.08893,0.00130,1.01571,0.02300,-0.08900,0.00675
4.7000,470,0,4.7133,15.05,0.38058,0.08651,0.00021,0.44909,-0.10242,0.00573,0.95161,0.03269,-0.11681,0.00112,-0.49071,0.02462,-0.00707,0.48470,-0.12672,-0.00495,0.93694,0.06379,-0.01561,0.02743,0.24914,0.17650,-0.02678,-0.09558,-0.13960,-0.00391,0.94958,0.06612,0.02677,-0.05071,-0.50476,0.01513,0.00146,-0.18406,-0.03136,0.01024,0.92028,0.05003,0.01463,-0.09138,-0.05285,0.02157,-0.02327,0.16599,-0.11205,0.00307,1.06116,0.07927,-0.09205,0.05585,0.40612,0.06448,0.00384,0.41035,-0.09087,0.00256,0.89850,0.01594,0.10068,-0.01409,-0.46470,0.05549,0.00080,0.42457,-0.09747,0.00163,0.89785,0.01855,-0.01505,-0.00049,0.35465,0.10001,-0.00070,-0.17716,-0.16054,0.00626,0.89857,0.00196,0.04298,0.00221,-0.48522,0.05675,0.00402,-0.23968,-0.08108,0.00169,0.89847,0.01750,0.01695,0.00364,-0.01495,0.05508,0.00211,0.09800,-0.08954,0.00117,1.01681,0.02134,-0.08866,0.00671
4.7500,475,0,4.7502,36.82,0.38434,0.08155,0.00651,0.44493,-0.10280,0.00759,0.95494,0.04526,-0.11678,0.07585,-0.48937,0.02820,-0.00595,0.47830,-0.12495,-0.00720,0.93956,0.05691,-0.01512,0.01206,0.27376,0.18242,-0.00992,-0.12199,-0.13568,-0.01799,0.95389,0.01092,0.01914,-0.03144,-0.50398,0.01554,-0.00044,-0.18609,-0.03960,0.01246,0.92237,0.04277,0.01026,-0.07648,-0.05238,0.02941,-0.02327,0.15905,-0.11679,0.00307,1.06168,0.07158,-0.09205,0.05585,0.40939,0.06632,0.00365,0.40577,-0.09209,0.00242,0.89926,0.01454,0.09998,-0.01396,-0.46192,0.05591,0.00090,0.41967,-0.09821,0.00138,0.89874,0.01721,-0.01507,-0.00050,0.35964,0.09970,-0.00057,-0.18527,-0.16349,0.00575,0.89866,0.00140,0.04309,0.00217,-0.48233,0.05869,0.00392,-0.24375,-0.08188,0.00155,0.89930,0.01608,0.01713,0.00359,-0.01217,0.05610,0.00206,0.09351,-0.09007,0.00103,1.01784,0.01978,-0.08833,0.00667
4.8000,480,0,4.7997,49.51,0.39193,0.07328,0.00738,0.43361,-0.10282,-0.00126,0.95945,0.05551,-0.11170,0.14366,-0.48794,0.03086,-0.00605,0.47197,-0.12171,-0.01085,0.94182,0.04745,-0.01627,-0.00774,0.28058,0.16673,0.00989,-0.12483,-0.10124,-0.02875,0.95441,0.00054,0.01252,-0.10283,-0.50332,0.01420,-0.00023,-0.18764,-0.04174,0.01473,0.92438,0.03696,0.00654,-0.07027,-0.05054,0.03857,-0.02259,0.15420,-0.11730,0.00633,1.06271,-0.00921,-0.08474,0.13030,0.41275,0.06807,0.00348,0.40114,-0.09324,0.00227,0.89995,0.01325,0.09928,-0.01384,-0.45911,0.05638,0.00099,0.41475,-0.09883,0.00114,0.89957,0.01594,-0.01510,-0.00052,0.36462,0.09945,-0.00044,-0.19351,-0.16619,0.00527,0.89872,0.00098,0.04320,0.00212,-0.47935,0.06059,0.00381,-0.24787,-0.08260,0.00140,0.90007,0.01474,0.01731,0.00355,-0.00934,0.05710,0.00201,0.08900,-0.09054,0.00089,1.01879,0.01829,-0.08800,0.00663
4.8500,485,0,4.8502,50.51,0.39497,0.06610,0.00991,0.42733,-0.10255,-0.00842,0.95945,0.04011,-0.10452,0.24713,-0.48638,0.03455,-0.01048,0.46585,-0.11782,-0.00831,0.94364,0.03640,-0.01707,-0.00926,0.28887,0.16234,0.00989,-0.13064,-0.09844,-0.02875,0.95456,-0.01440,0.01252,-0.10283,-0.50250,0.01769,-0.00391,-0.19022,-0.05015,0.01293,0.92573,0.02414,0.00035,-0.17050,-0.04827,0.05012,-0.02259,0.14736,-0.12480,0.00633,1.06045,-0.03004,-0.08474,0.13030,0.41620,0.06973,0.00331,0.39645,-0.09431,0.00210,0.90059,0.01205,0.09860,-0.01371,-0.45628,0.05688,0.00107,0.40979,-0.09933,0.00091,0.90033,0.01473,-0.01513,-0.00054,0.36959,0.09926,-0.00032,-0.20188,-0.16866,0.00481,0.89876,0.00065,0.04330,0.00208,-0.47628,0.06243,0.00370,-0.25201,-0.08325,0.00124,0.90078,0.01347,0.01749,0.00350,-0.00646,0.05807,0.00196,0.08446,-0.09094,0.00074,1.01967,0.01688,-0.08766,0.00659
4.9000,490,0,4.8996,49.39,0.39776,0.05599,0.01652,0.42076,-0.10129,-0.00487,0.96072,0.03712,-0.09015,0.25516,-0.48457,0.04031,-0.01179,0.45977,-0.11573,-0.00792,0.94500,0.02718,-0.01817,-0.02853,0.29615,0.15423,0.01077,-0.13689,-0.09491,0.00143,0.95446,-0.01293,0.00264,-0.08851,-0.50112,0.02340,-0.01192,-0.19145,-0.04702,0.01287,0.92680,0.02173,-0.00736,-0.11207,-0.04537,0.05959,-0.01772,0.14297,-0.11859,0.00074,1.06031,-0.02023,-0.07000,0.11603,0.41973,0.07132,0.00316,0.39171,-0.09530,0.00191,0.90116,0.01093,0.09791,-0.01358,-0.45342,0.05743,0.00114,0.40482,-0.09972,0.00071,0.90104,0.01358,-0.01515,-0.00055,0.37455,0.09913,-0.00021,-0.21037,-0.17091,0.00436,0.89878,0.00042,0.04341,0.00203,-0.47311,0.06422,0.00359,-0.25619,-0.08382,0.00108,0.90142,0.01227,0.01766,0.00346,-0.00354,0.05902,0.00191,0.07990,-0.09127,0.00060,1.02048,0.01554,-0.08734,0.00655
4.9500,495,0,4.9499,50.35,0.40014,0.04526,0.02035,0.41525,-0.09493,-0.00624,0.96193,0.02978,-0.07623,0.28931,-0.48251,0.04526,-0.00886,0.45390,-0.11263,-0.00846,0.94613,0.02448,-0.01965,-0.02917,0.30315,0.14645,0.01217,-0.14147,-0.09844,0.01371,0.95373,-0.02265,-0.00096,-0.09339,-0.49947,0.03082,-0.01228,-0.19464,-0.05472,0.01193,0.92748,0.01766,-0.01190,-0.10734,-0.04230,0.06891,-0.01958,0.13795,-0.11841,-0.00280,1.05808,-0.06669,-0.06468,0.07171,0.42333,0.07284,0.00302,0.38692,-0.09619,0.00172,0.90168,0.00990,0.09724,-0.01346,-0.45054,0.05800,0.00119,0.39982,-0.10002,0.00051,0.90169,0.01247,-0.01518,-0.00057,0.37950,0.09906,-0.00010,-0.21897,-0.17294,0.00394,0.89880,0.00025,0.04351,0.00199,-0.46986,0.06596,0.00348,-0.26039,-0.08431,0.00092,0.90201,0.01115,0.01783,0.00342,-0.00056,0.05995,0.00187,0.07533,-0.09153,0.00045,1.02123,0.01426,-0.08701,0.00651
5.0000,500,1,5.0011,51.21,0.40014,0.04526,0.02187,0.41525,-0.09493,-0.01792,0.96193,0.02978,-0.05986,0.32107,-0.48031,0.04862,-0.01012,0.44819,-0.10920,-0.00954,0.94729,0.02293,-0.02107,0.00240,0.31089,0.14444,0.01094,-0.14814,-0.11132,0.01859,0.95336,-0.01815,-0.00374,-0.04389,-0.49775,0.03641,-0.01088,-0.19686,-0.06299,0.02019,0.92834,0.01400,-0.01669,-0.04825,-0.03854,0.07865,-0.01644,0.13294,-0.11460,-0.00174,1.05678,-0.05594,-0.05969,0.00895,0.40014,0.04526,0.02187,0.41525,-0.09493,-0.01792,0.96193,0.02978,-0.05986,0.32107,-0.48031,0.04862,-0.01012,0.44819,-0.10920,-0.00954,0.94729,0.02293,-0.02107,0.00240,0.31089,0.14444,0.01094,-0.14814,-0.11132,0.01859,0.95336,-0.01815,-0.00374,-0.04389,-0.49775,0.03641,-0.01088,-0.19686,-0.06299,0.02019,0.92834,0.01400,-0.01669,-0.04825,-0.03854,0.07865,-0.01644,0.13294,-0.11460,-0.00174,1.05678,-0.05594,-0.05969,0.00895
5.0500,505,1,5.0497,48.59,0.40338,0.02531,0.02027,0.40667,-0.06981,-0.02717,0.96615,0.02531,-0.04291,0.31832,-0.47363,0.06450,-0.00801,0.44996,-0.08406,-0.01086,0.94532,0.01880,-0.02133,0.01031,0.31551,0.12717,0.00463,-0.15155,-0.11287,0.02208,0.95282,-0.01691,-0.00749,-0.12013,-0.49540,0.04549,-0.01456,-0.20112,-0.07964,0.02526,0.92838,0.00371,-0.01691,0.01962,-0.03440,0.08633,-0.00904,0.12722,-0.11381,-0.00799,1.05421,-0.04802,-0.05998,0.00151,0.40264,0.05428,0.01536,0.41070,-0.08761,-0.01223,0.96305,0.01576,-0.04489,0.27868,-0.47798,0.04496,-0.00515,0.44282,-0.10606,-0.00372,0.94809,0.00966,-0.02094,0.00277,0.31823,0.14878,0.00699,-0.15394,-0.12070,0.01946,0.95234,-0.02257,-0.00576,-0.03723,-0.49603,0.03291,-0.00389,-0.20023,-0.07138,0.01433,0.92907,0.01493,-0.01893,-0.04137,-0.03478,0.07206,-0.01080,0.12722,-0.11386,-0.00130,1.05430,-0.04385,-0.05926,0.00834
5.1000,510,1,5.0998,50.06,0.40416,0.01023,0.02214,0.40393,-0.05329,-0.02326,0.96801,0.03377,-0.02822,0.02003,-0.47023,0.06708,0.00184,0.44559,-0.08161,-0.00828,0.94510,0.01844,-0.02112,0.00033,0.32100,0.11978,0.01624,-0.15790,-0.12439,0.00495,0.95251,-0.00378,-0.01505,-0.20685,-0.49278,0.05039,-0.01306,-0.20430,-0.08080,0.02151,0.92856,0.00618,-0.01726,-0.04989,-0.02914,0.09427,0.00389,0.12133,-0.10951,-0.02716,1.05340,-0.03435,-0.06001,0.02316,0.40553,0.06067,0.01097,0.40645,-0.08268,-0.00811,0.96355,0.00458,-0.03190,0.24167,-0.47578,0.04330,-0.00184,0.43755,-0.10518,-0.00018,0.94832,-0.00005,-0.02079,0.00305,0.32574,0.15148,0.00422,-0.16021,-0.13025,0.01934,0.95113,-0.02574,-0.00747,-0.03146,-0.49441,0.03222,0.00077,-0.20396,-0.07734,0.01022,0.92981,0.01445,-0.02084,-0.03538,-0.03129,0.06777,-0.00689,0.12155,-0.11330,-0.00103,1.05234,-0.03482,-0.05886,0.00779
5.1500,515,1,5.1510,51.18,0.40406,-0.01031,0.03764,0.40162,-0.03279,-0.02838,0.97048,0.04079,-0.03247,-0.24623,-0.46708,0.06253,0.01645,0.44157,-0.07568,-0.01898,0.94617,0.03646,-0.02167,0.00129,0.32687,0.10916,0.03996,-0.16614,-0.13521,-0.01927,0.95327,0.01892,-0.02403,-0.16958,-0.48999,0.05266,0.00454,-0.20847,-0.08004,-0.01895,0.92918,0.01852,-0.02896,-0.19466,-0.02387,0.09415,0.01703,0.11715,-0.08654,-0.04040,1.05399,0.00861,-0.06011,0.03474,0.40868,0.06528,0.00802,0.40240,-0.07947,-0.00511,0.96355,-0.00429,-0.02064,0.20939,-0.47363,0.04297,0.00034,0.43228,-0.10564,0.00184,0.94813,-0.00716,-0.02063,0.00326,0.33336,0.15305,0.00227,-0.16696,-0.13957,0.01861,0.94978,-0.02800,-0.00892,-0.02646,-0.49278,0.03340,0.00381,-0.20794,-0.08160,0.00732,0.93050,0.01301,-0.02248,-0.03017,-0.02798,0.06510,-0.00418,0.11589,-0.11283,-0.00088,1.05078,-0.02810,-0.05848,0.00732
5.2000,520,1,5.1999,48.92,0.40316,-0.02647,0.04203,0.39948,-0.00927,-0.04921,0.97249,0.05455,-0.04815,-0.29116,-0.46442,0.05117,0.02167,0.43798,-0.06460,-0.02375,0.94815,0.05428,-0.02226,-0.00420,0.33217,0.09030,0.04201,-0.17339,-0.12852,-0.02816,0.95521,0.04321,-0.03388,-0.16558,-0.48719,0.05032,0.00454,-0.21135,-0.06395,-0.01895,0.93030,0.02917,-0.02896,-0.19466,-0.01919,0.08541,0.03111,0.11412,-0.06043,-0.03610,1.05619,0.04799,-0.05930,-0.00832,0.41204,0.06870,0.00607,0.39848,-0.07753,-0.00293,0.96315,-0.01131,-0.01089,0.18121,-0.47147,0.04351,0.00174,0.42697,-0.10683,0.00287,0.94763,-0.01235,-0.02047,0.00339,0.34104,0.15380,0.00090,-0.17416,-0.14844,0.01750,0.94834,-0.02957,-0.01013,-0.02212,-0.49105,0.03578,0.00574,-0.21210,-0.08465,0.00525,0.93110,0.01098,-0.02387,-0.02564,-0.02476,0.06354,-0.00230,0.11026,-0.11242,-0.00081,1.04950,-0.02313,-0.05812,0.00690
5.2500,525,1,5.2498,49.93,0.40207,-0.03033,0.02292,0.39719,0.00399,-0.04262,0.97526,0.07505,-0.06375,-0.28412,-0.46221,0.04051,0.01914,0.43490,-0.05336,-0.02185,0.95128,0.08036,-0.02221,-0.00841,0.33618,0.07053,0.03861,-0.17940,-0.11140,-0.03718,0.95792,0.06535,-0.04162,-0.14542,-0.48411,0.04866,0.01014,-0.21342,-0.04347,-0.03057,0.93182,0.03996,-0.03890,-0.18077,-0.01435,0.06858,0.03469,0.11091,-0.04218,-0.02608,1.05932,0.05094,-0.06263,0.00017,0.41554,0.07134,0.00479,0.39463,-0.07650,-0.00135,0.96244,-0.01684,-0.00246,0.15663,-0.46927,0.04459,0.00261,0.42160,-0.10834,0.00324,0.94691,-0.01614,-0.02030,0.00348,0.34873,0.15400,-0.00006,-0.18179,-0.15670,0.01617,0.94683,-0.03059,-0.01114,-0.01837,-0.48919,0.03891,0.00692,-0.21639,-0.08684,0.00376,0.93159,0.00860,-0.02505,-0.02170,-0.02161,0.06275,-0.00099,0.10465,-0.11203,-0.00081,1.04844,-0.01949,-0.05779,0.00653
5.3000,530,1,5.2996,49.81,0.40061,-0.03177,0.00684,0.39691,0.01285,-0.02159,0.97968,0.09484,-0.07675,-0.13807,-0.46044,0.02973,0.02635,0.43252,-0.04199,-0.02185,0.95584,0.10033,-0.02185,0.01521,0.33679,0.03917,0.04106,-0.18184,-0.06756,-0.04688,0.96039,0.07622,-0.04918,-0.15130,-0.48143,0.04405,0.01292,-0.21463,-0.02151,-0.03648,0.93391,0.05187,-0.04724,-0.14117,-0.01065,0.06016,0.03163,0.11201,-0.01685,-0.02205,1.06236,0.07003,-0.06089,-0.02532,0.41916,0.07347,0.00396,0.39082,-0.07613,-0.00022,0.96149,-0.02118,0.00482,0.13518,-0.46701,0.04601,0.00313,0.41614,-0.10994,0.00320,0.94603,-0.01888,-0.02012,0.00353,0.35643,0.15379,-0.00073,-0.18982,-0.16429,0.01474,0.94529,-0.03119,-0.01198,-0.01511,-0.48715,0.04248,0.00757,-0.22077,-0.08841,0.00267,0.93196,0.00606,-0.02605,-0.01827,-0.01848,0.06250,-0.00008,0.09906,-0.11162,-0.00086,1.04754,-0.01686,-0.05747,0.00620
5.3500,535,1,5.3512,51.60,0.39926,-0.03270,0.00644,0.39636,0.01980,-0.01767,0.98419,0.10665,-0.08263,-0.02234,-0.45929,0.01611,0.02718,0.43071,-0.03045,-0.02131,0.96117,0.11182,-0.02104,0.03383,0.33835,0.02195,0.02659,-0.18315,-0.04164,-0.04225,0.96320,0.08112,-0.05730,-0.10873,-0.47921,0.03656,0.01741,-0.21496,-0.00090,-0.03785,0.93631,0.06140,-0.05325,-0.04566,-0.00753,0.04809,0.03436,0.11056,-0.01035,-0.00759,1.06538,0.07085,-0.06565,-0.02683,0.42288,0.07528,0.00344,0.38701,-0.07623,0.00058,0.96034,-0.02456,0.01110,0.11647,-0.46467,0.04762,0.00341,0.41060,-0.11145,0.00292,0.94504,-0.02087,-0.01994,0.00354,0.36411,0.15331,-0.00119,-0.19821,-0.17116,0.01328,0.94372,-0.03146,-0.01266,-0.01230,-0.48493,0.04628,0.00787,-0.22522,-0.08951,0.00186,0.93220,0.00348,-0.02689,-0.01529,-0.01535,0.06263,0.00056,0.09349,-0.11118,-0.00094,1.04674,-0.01499,-0.05717,0.00591
5.4000,540,1,5.3996,48.38,0.39747,-0.03235,0.00383,0.39737,0.02876,-0.01718,0.98996,0.11387,-0.08013,0.09425,-0.45880,0.00481,0.01965,0.42859,-0.02537,-0.01120,0.96551,0.11310,-0.01961,0.03613,0.33943,0.01384,0.01098,-0.18421,-0.02029,-0.03236,0.96663,0.08220,-0.06208,-0.13464,-0.47736,0.02747,0.02044,-0.21414,0.01517,-0.03134,0.93906,0.06541,-0.05434,-0.01208,-0.00530,0.03229,0.02785,0.11102,-0.00258,0.00179,1.06952,0.08087,-0.06419,-0.01904,0.42669,0.07688,0.00311,0.38319,-0.07666,0.00112,0.95905,-0.02718,0.01651,0.10015,-0.46225,0.04933,0.00354,0.40500,-0.11278,0.00249,0.94396,-0.02229,-0.01977,0.00353,0.37176,0.15265,-0.00150,-0.20693,-0.17732,0.01183,0.94215,-0.03146,-0.01321,-0.00987,-0.48252,0.05016,0.00793,-0.22972,-0.09026,0.00124,0.93231,0.00095,-0.02758,-0.01270,-0.01221,0.06302,0.00100,0.08794,-0.11069,-0.00105,1.04603,-0.01370,-0.05688,0.00566
5.4500,545,1,5.4527,53.07,0.39627,-0.02297,-0.01147,0.39768,0.02514,-0.01065,0.99554,0.11342,-0.07311,0.18485,-0.45878,-0.00346,0.01447,0.42744,-0.02110,-0.00594,0.97124,0.11304,-0.01823,0.04382,0.34067,0.01678,0.01098,-0.18732,-0.01593,-0.03236,0.97079,0.08930,-0.06208,-0.13464,-0.47736,0.02747,0.02620,-0.21414,0.01517,-0.01731,0.93906,0.06541,-0.05322,0.02466,-0.00371,0.02248,0.01978,0.10993,-0.00978,0.00971,1.07214,0.05774,-0.06716,-0.01967,0.43057,0.07835,0.00292,0.37934,-0.07730,0.00146,0.95763,-0.02919,0.02115,0.08591,-0.45973,0.05108,0.00357,0.39933,-0.11388,0.00199,0.94282,-0.02331,-0.01959,0.00349,0.37937,0.15186,-0.00169,-0.21593,-0.18278,0.01042,0.94058,-0.03124,-0.01365,-0.00776,-0.47992,0.05403,0.00783,-0.23424,-0.09074,0.00075,0.93230,-0.00148,-0.02816,-0.01045,-0.00905,0.06359,0.00130,0.08242,-0.11014,-0.00118,1.04537,-0.01286,-0.05660,0.00543
5.5000,550,1,5.4999,47.21,0.39519,-0.01497,-0.01857,0.39818,0.02050,-0.00040,1.00159,0.11167,-0.06233,0.26959,-0.45913,-0.01034,0.01399,0.42645,-0.01877,-0.00232,0.97665,0.10310,-0.01616,0.04741,0.34226,0.02382,-0.00876,-0.19185,-0.01463,-0.01316,0.97671,0.08877,-0.07164,-0.08014,-0.47580,0.00197,0.02546,-0.21112,0.02779,-0.00122,0.94548,0.07804,-0.05127,0.02176,-0.00247,0.01411,0.01630,0.11000,-0.01072,0.01819,1.07493,0.06982,-0.06298,-0.03057,0.43452,0.07976,0.00281,0.37546,-0.07807,0.00165,0.95613,-0.03071,0.02513,0.07350,-0.45714,0.05282,0.00353,0.39361,-0.11473,0.00146,0.94163,-0.02402,-0.01942,0.00344,0.38694,0.15100,-0.00181,-0.22519,-0.18755,0.00906,0.93902,-0.03085,-0.01399,-0.00594,-0.47712,0.05782,0.00763,-0.23879,-0.09101,0.00035,0.93216,-0.00376,-0.02863,-0.00850,-0.00585,0.06428,0.00151,0.07693,-0.10952,-0.00133,1.04474,-0.01236,-0.05634,0.00523
5.5500,555,1,5.5496,49.66,0.39464,-0.00692,-0.01699,0.39911,0.01679,0.00667,1.00661,0.08757,-0.04946,0.30596,-0.45828,-0.01253,0.00899,0.42792,-0.01264,0.00140,0.97985,0.08834,-0.01098,0.03794,0.34377,0.02940,-0.01497,-0.19007,-0.00096,-0.00765,0.97894,0.06559,-0.07277,-0.02178,-0.47608,-0.00932,0.01993,-0.21055,0.02087,0.01121,0.94900,0.08363,-0.04904,0.03361,-0.00181,0.00688,0.01402,0.10844,-0.02113,0.02654,1.07701,0.05589,-0.06557,0.02686,0.43854,0.08112,0.00274,0.37154,-0.07890,0.00172,0.95457,-0.03184,0.02853,0.06268,-0.45445,0.05453,0.00345,0.38786,-0.11531,0.00094,0.94042,-0.02452,-0.01925,0.00338,0.39447,0.15010,-0.00186,-0.23468,-0.19168,0.00776,0.93750,-0.03031,-0.01425,-0.00437,-0.47414,0.06150,0.00736,-0.24334,-0.09110,0.00001,0.93192,-0.00589,-0.02902,-0.00680,-0.00262,0.06506,0.00166,0.07147,-0.10883,-0.00149,1.04413,-0.01212,-0.05608,0.00506
5.6000,560,1,5.6000,50.42,0.39465,0.00605,-0.02022,0.39631,-0.00955,0.00807,1.00694,0.05025,-0.03440,0.29733,-0.45899,-0.01538,0.00204,0.42725,-0.01454,0.00870,0.98399,0.07513,-0.00877,0.04051,0.34587,0.04195,-0.02132,-0.19252,-0.01837,0.00289,0.98116,0.04979,-0.07561,-0.01368,-0.47685,-0.01982,0.02090,-0.20991,0.00910,0.02002,0.95288,0.08108,-0.04581,0.07700,-0.00167,0.00048,0.00803,0.10645,-0.03860,0.03462,1.07820,0.02874,-0.06525,0.05208,0.44263,0.08245,0.00271,0.36757,-0.07974,0.00169,0.95296,-0.03265,0.03142,0.05325,-0.45169,0.05620,0.00336,0.38209,-0.11565,0.00043,0.93918,-0.02486,-0.01908,0.00331,0.40195,0.14919,-0.00186,-0.24435,-0.19518,0.00653,0.93600,-0.02967,-0.01443,-0.00302,-0.47097,0.06503,0.00704,-0.24790,-0.09103,-0.00028,0.93158,-0.00785,-0.02932,-0.00533,0.00066,0.06590,0.00175,0.06605,-0.10806,-0.00166,1.04352,-0.01207,-0.05583,0.00490
5.6500,565,1,5.6506,50.59,0.39259,0.00707,-0.02732,0.39456,-0.01763,0.01797,1.01138,0.04631,-0.01640,0.25036,-0.45931,-0.01334,-0.00226,0.42572,-0.02387,0.01658,0.98570,0.04704,-0.00534,0.04236,0.34802,0.05224,-0.02132,-0.19305,-0.02260,0.00289,0.98240,0.03413,-0.07561,-0.01368,-0.47822,-0.02987,0.01991,-0.21018,-0.00725,0.02789,0.95620,0.06777,-0.04077,0.10619,-0.00169,-0.00362,0.00404,0.10331,-0.06062,0.03666,1.07833,-0.00702,-0.06520,0.02595,0.44679,0.08377,0.00268,0.36356,-0.08054,0.00158,0.95131,-0.03322,0.03387,0.04503,-0.44883,0.05782,0.00325,0.37630,-0.11574,-0.00006,0.93793,-0.02509,-0.01892,0.00323,0.40939,0.14829,-0.00182,-0.25418,-0.19809,0.00536,0.93453,-0.02893,-0.01456,-0.00186,-0.46764,0.06840,0.00670,-0.25244,-0.09083,-0.00054,0.93114,-0.00965,-0.02955,-0.00406,0.00397,0.06677,0.00182,0.06067,-0.10721,-0.00183,1.04292,-0.01218,-0.05559,0.00476
5.7000,570,1,5.6997,49.14,0.39254,0.01634,-0.02682,0.39320,-0.02592,0.02058,1.01386,0.03518,-0.00523,0.28611,-0.45583,0.00478,-0.01483,0.42398,-0.03743,0.02566,0.98641,0.01515,-0.00271,0.04701,0.35089,0.06554,-0.03150,-0.19539,-0.03664,0.02083,0.98350,0.01599,-0.07418,0.01286,-0.48016,-0.03720,0.00144,-0.21053,-0.01977,0.04332,0.95968,0.06373,-0.02673,0.15205,-0.00260,-0.01079,0.00625,0.10134,-0.06585,0.03091,1.07932,-0.02494,-0.05994,0.04777,0.45101,0.08508,0.00266,0.35952,-0.08128,0.00141,0.94964,-0.03359,0.03594,0.03787,-0.44590,0.05939,0.00314,0.37052,-0.11560,-0.00051,0.93667,-0.02525,-0.01876,0.00315,0.41678,0.14741,-0.00175,-0.26415,-0.20045,0.00425,0.93310,-0.02813,-0.01462,-0.00085,-0.46414,0.07161,0.00635,-0.25698,-0.09051,-0.00078,0.93061,-0.01129,-0.02973,-0.00295,0.00733,0.06768,0.00185,0.05533,-0.10627,-0.00201,1.04230,-0.01241,-0.05535,0.00464
5.7500,575,1,5.7496,49.86,0.39356,0.02919,-0.02754,0.39147,-0.03306,0.01442,1.01456,0.01724,0.01107,0.27974,-0.45507,0.01279,-0.01098,0.42218,-0.04782,0.02444,0.98614,-0.00454,0.00088,0.09372,0.35487,0.08231,-0.02935,-0.19986,-0.05464,0.02488,0.98464,0.00928,-0.07402,0.02755,-0.48222,-0.03844,-0.00566,-0.21280,-0.04344,0.04713,0.96232,0.05514,-0.01771,0.14236,-0.00230,-0.00914,0.00150,0.09764,-0.08164,0.02891,1.07804,-0.03517,-0.05936,0.07287,0.45529,0.08638,0.00263,0.35544,-0.08192,0.00120,0.94795,-0.03381,0.03768,0.03163,-0.44290,0.06091,0.00304,0.36474,-0.11525,-0.00092,0.93541,-0.02536,-0.01860,0.00307,0.42413,0.14657,-0.00166,-0.27422,-0.20227,0.00320,0.93172,-0.02727,-0.01464,0.00001,-0.46048,0.07463,0.00600,-0.26149,-0.09007,-0.00101,0.93001,-0.01279,-0.02985,-0.00199,0.01074,0.06859,0.00187,0.05004,-0.10523,-0.00220,1.04167,-0.01274,-0.05512,0.00452
5.8000,580,1,5.7996,50.06,0.39387,0.03279,-0.02695,0.39122,-0.02579,0.01149,1.01834,0.02382,0.02623,0.24142,-0.45431,0.01388,0.00630,0.41993,-0.05456,0.01504,0.98585,-0.00943,0.00744,0.12616,0.35934,0.09489,-0.02997,-0.20218,-0.06666,0.02388,0.98430,-0.00770,-0.07206,0.04716,-0.48419,-0.03583,-0.00566,-0.21557,-0.06577,0.04713,0.96498,0.05155,-0.01771,0.14236,-0.00348,-0.01338,-0.00065,0.09266,-0.09729,0.02973,1.07844,-0.03050,-0.05326,0.11909,0.45964,0.08766,0.00259,0.35133,-0.08244,0.00094,0.94626,-0.03392,0.03912,0.02620,-0.43981,0.06238,0.00294,0.35899,-0.11470,-0.00131,0.93414,-0.02545,-0.01845,0.00299,0.43144,0.14578,-0.00155,-0.28437,-0.20359,0.00219,0.93038,-0.02638,-0.01462,0.00075,-0.45668,0.07749,0.00564,-0.26598,-0.08952,-0.00122,0.92934,-0.01416,-0.02993,-0.00117,0.01419,0.06951,0.00188,0.04481,-0.10411,-0.00238,1.04103,-0.01313,-0.05490,0.00442
5.8500,585,1,5.8520,52.38,0.39572,0.04463,-0.02406,0.38981,-0.02979,0.00990,1.01958,0.01299,0.03474,0.25368,-0.45357,0.01225,-0.01017,0.41739,-0.06210,0.03084,0.98563,-0.01812,0.01410,0.14851,0.36411,0.10773,-0.03010,-0.20598,-0.08335,0.02342,0.98322,-0.01436,-0.07094,0.01554,-0.48557,-0.02687,-0.02296,-0.22010,-0.08737,0.03633,0.96702,0.04659,-0.00518,0.10537,-0.00416,-0.01382,-0.00256,0.08744,-0.11099,0.02089,1.07681,-0.03504,-0.04865,0.05423,0.46406,0.08892,0.00254,0.34719,-0.08284,0.00065,0.94456,-0.03393,0.04031,0.02147,-0.43666,0.06380,0.00285,0.35328,-0.11397,-0.00167,0.93286,-0.02552,-0.01830,0.00290,0.43871,0.14506,-0.00141,-0.29457,-0.20443,0.00124,0.92908,-0.02547,-0.01457,0.00138,-0.45273,0.08017,0.00529,-0.27044,-0.08887,-0.00143,0.92860,-0.01541,-0.02997,-0.00045,0.01769,0.07043,0.00187,0.03963,-0.10290,-0.00257,1.04036,-0.01359,-0.05468,0.00433
5.9000,590,1,5.8999,47.90,0.39572,0.04463,-0.02776,0.38981,-0.02979,0.01017,1.01958,0.01299,0.04596,0.22720,-0.45242,0.02333,-0.02679,0.41336,-0.08023,0.02971,0.98308,-0.04509,0.02344,0.21616,0.36979,0.12278,-0.02642,-0.21371,-0.11149,0.02619,0.98298,-0.00999,-0.07074,-0.03971,-0.48663,-0.01577,-0.02296,-0.22519,-0.10626,0.03633,0.96898,0.03986,-0.00518,0.10537,-0.00376,-0.00789,-0.01270,0.08271,-0.11482,0.01522,1.07863,-0.02908,-0.05088,0.01296,0.46854,0.09015,0.00249,0.34305,-0.08308,0.00034,0.94287,-0.03389,0.04128,0.01736,-0.43343,0.06518,0.00277,0.34760,-0.11307,-0.00200,0.93159,-0.02560,-0.01816,0.00282,0.44595,0.14440,-0.00126,-0.30480,-0.20481,0.00032,0.92783,-0.02455,-0.01449,0.00192,-0.44866,0.08268,0.00494,-0.27487,-0.08811,-0.00164,0.92780,-0.01655,-0.02997,0.00017,0.02124,0.07135,0.00186,0.03452,-0.10159,-0.00276,1.03967,-0.01410,-0.05447,0.00425
5.9500,595,1,6.0364,136.43,0.39916,0.06412,-0.02771,0.38346,-0.05587,0.01470,1.01322,-0.05754,0.05669,0.20105,-0.45044,0.03611,-0.01484,0.40982,-0.08618,0.01328,0.98084,-0.04890,0.03308,0.16326,0.36979,0.12278,-0.02642,-0.21371,-0.11149,0.02619,0.98298,-0.00999,-0.07074,-0.03971,-0.48741,-0.00694,-0.02157,-0.23089,-0.12032,0.03094,0.97040,0.02872,0.00015,0.10287,-0.00357,0.00105,-0.01724,0.07704,-0.12047,0.00887,1.07914,-0.01411,-0.05698,-0.05570,0.47307,0.09135,0.00241,0.33889,-0.08316,0.00001,0.94117,-0.03381,0.04205,0.01378,-0.43014,0.06652,0.00270,0.34197,-0.11201,-0.00231,0.93030,-0.02568,-0.01802,0.00274,0.45315,0.14382,-0.00110,-0.31504,-0.20475,-0.00056,0.92663,-0.02363,-0.01438,0.00238,-0.44447,0.08502,0.00460,-0.27925,-0.08726,-0.00184,0.92694,-0.01762,-0.02995,0.00070,0.02483,0.07225,0.00184,0.02947,-0.10019,-0.00295,1.03895,-0.01466,-0.05426,0.00418
6.0000,600,1,6.0436,7.24,0.40138,0.07143,-0.02122,0.38090,-0.06156,0.00865,1.00966,-0.07420,0.08030,0.16924,-0.44480,0.06014,-0.01906,0.40032,-0.09715,0.00749,0.97572,-0.04940,0.04682,0.13577,0.36979,0.12278,-0.02642,-0.21371,-0.11149,0.02619,0.98298,-0.00999,-0.07074,-0.03971,-0.48713,0.00517,-0.02774,-0.23617,-0.12165,0.01326,0.97144,0.02358,0.00749,0.04072,-0.00251,0.01533,-0.01960,0.07116,-0.12214,-0.00045,1.08323,0.01391,-0.06153,-0.00557,0.47767,0.09252,0.00233,0.33473,-0.08308,-0.00033,0.93948,-0.03371,0.04266,0.01067,-0.42678,0.06783,0.00264,0.33640,-0.11080,-0.00260,0.92902,-0.02578,-0.01788,0.00266,0.46033,0.14332,-0.00092,-0.32527,-0.20427,-0.00140,0.92547,-0.02273,-0.01425,0.00278,-0.44016,0.08720,0.00427,-0.28359,-0.08631,-0.00204,0.92604,-0.01861,-0.02991,0.00116,0.02846,0.07315,0.00181,0.02450,-0.09869,-0.00315,1.03820,-0.01526,-0.05405,0.00411
6.0500,605,1,6.1046,60.99,0.40477,0.07834,-0.02122,0.37846,-0.05885,0.00865,1.00550,-0.08536,0.08030,0.16924,-0.44480,0.06014,-0.01906,0.40032,-0.09715,0.00749,0.97572,-0.04940,0.04682,0.13577,0.37607,0.13233,-0.02642,-0.21607,-0.11433,0.02619,0.98023,-0.02770,-0.07074,-0.03971,-0.48657,0.01798,-0.02774,-0.24197,-0.12451,0.01326,0.97253,0.01835,0.00749,0.04072,-0.00098,0.02897,-0.01770,0.06391,-0.11938,-0.01168,1.08569,0.01734,-0.06476,0.00916,0.48232,0.09363,0.00223,0.33058,-0.08284,-0.00068,0.93780,-0.03362,0.04313,0.00797,-0.42336,0.06911,0.00260,0.33089,-0.10946,-0.00287,0.92773,-0.02590,-0.01775,0.00258,0.46749,0.14292,-0.00073,-0.33547,-0.20338,-0.00223,0.92435,-0.02185,-0.01410,0.00311,-0.43575,0.08921,0.00395,-0.28788,-0.08526,-0.00223,0.92508,-0.01955,-0.02984,0.00155,0.03214,0.07403,0.00178,0.01961,-0.09710,-0.00334,1.03742,-0.01589,-0.05385,0.00405
6.1000,610,1,6.1118,7.26,0.40477,0.07834,-0.01647,0.37846,-0.05885,0.00306,1.00550,-0.08536,0.09193,0.12797,-0.44067,0.07082,-0.00704,0.39476,-0.10172,0.00456,0.97179,-0.05592,0.05302,0.06883,0.38274,0.14328,-0.02649,-0.22315,-0.13453,0.02203,0.97824,-0.03352,-0.07199,-0.01526,-0.48657,0.01798,-0.02998,-0.24197,-0.12451,0.00560,0.97253,0.01835,0.00826,0.01064,0.00032,0.03560,-0.01011,0.05922,-0.11465,-0.01407,1.08642,0.02281,-0.06483,-0.00484,0.48703,0.09470,0.00212,0.32645,-0.08241,-0.00104,0.93612,-0.03354,0.04347,0.00563,-0.41987,0.07038,0.00256,0.32546,-0.10799,-0.00313,0.92643,-0.02605,-0.01763,0.00250,0.47462,0.14260,-0.00053,-0.34560,-0.20209,-0.00303,0.92328,-0.02102,-0.01394,0.00339,-0.43124,0.09107,0.00363,-0.29211,-0.08412,-0.00242,0.92408,-0.02045,-0.02975,0.00189,0.03586,0.07489,0.00174,0.01479,-0.09542,-0.00353,1.03661,-0.01657,-0.05364,0.00399
6.1500,615,1,6.3085,196.64,0.41077,0.07933,-0.01818,0.37731,-0.02728,0.00295,1.00262,-0.05112,0.09821,0.12786,-0.43686,0.07486,-0.00790,0.38998,-0.10290,0.00947,0.96955,-0.04687,0.05563,-0.00172,0.38274,0.14328,-0.01947,-0.22315,-0.13453,0.01914,0.97824,-0.03352,-0.07283,0.00012,-0.48553,0.03177,-0.03222,-0.24891,-0.13007,0.00254,0.97242,0.00222,0.00833,0.03282,-0.00795,0.00712,-0.00338,0.04705,-0.12217,-0.01246,1.09566,0.07628,-0.06108,-0.00428,0.49179,0.09571,0.00199,0.32234,-0.08182,-0.00139,0.93445,-0.03349,0.04369,0.00360,-0.41632,0.07163,0.00254,0.32010,-0.10639,-0.00339,0.92512,-0.02623,-0.01750,0.00243,0.48175,0.14240,-0.00032,-0.35567,-0.20041,-0.00382,0.92225,-0.02023,-0.01376,0.00362,-0.42665,0.09277,0.00332,-0.29629,-0.08288,-0.00261,0.92304,-0.02132,-0.02965,0.00218,0.03963,0.07574,0.00170,0.01007,-0.09364,-0.00372,1.03576,-0.01728,-0.05345,0.00394
6.2000,620,1,6.3344,25.93,0.42526,0.10972,-0.01414,0.37276,-0.03964,0.01772,0.99332,-0.06126,0.10815,0.10291,-0.42247,0.07797,0.02201,0.37389,-0.10774,0.00368,0.96580,0.00805,0.06338,0.08243,0.38982,0.14761,-0.01947,-0.22800,-0.13263,0.01914,0.97478,-0.04223,-0.07283,0.00012,-0.47504,0.07825,-0.02331,-0.27274,-0.10752,-0.01295,0.96981,-0.02246,0.01004,0.02536,-0.00656,0.02639,-0.01856,0.02942,-0.10656,-0.01495,1.10637,0.03856,-0.05244,-0.09447,0.49660,0.09665,0.00184,0.31827,-0.08105,-0.00174,0.93277,-0.03348,0.04383,0.00184,-0.41271,0.07288,0.00253,0.31482,-0.10467,-0.00364,0.92380,-0.02645,-0.01738,0.00235,0.48886,0.14229,-0.00009,-0.36564,-0.19835,-0.00459,0.92126,-0.01951,-0.01358,0.00382,-0.42197,0.09433,0.00302,-0.30040,-0.08156,-0.00280,0.92195,-0.02218,-0.02953,0.00243,0.04344,0.07656,0.00165,0.00543,-0.09177,-0.00390,1.03488,-0.01803,-0.05325,0.00389
6.2500,625,1,6.3417,7.26,0.42526,0.10972,-0.01628,0.37276,-0.03964,0.01933,0.99332,-0.06126,0.10885,0.02709,-0.41836,0.06786,0.02590,0.36833,-0.11274,0.01785,0.96636,0.01984,0.06713,0.03718,0.38982,0.14761,-0.00931,-0.22800,-0.13263,0.02071,0.97478,-0.04223,-0.07192,-0.02069,-0.47504,0.07825,-0.01512,-0.27274,-0.10752,-0.01536,0.96981,-0.02246,0.01144,0.02426,-0.00656,0.02639,-0.01856,0.02942,-0.10656,-0.01495,1.10637,0.03856,-0.05244,-0.09447,0.50146,0.09751,0.00169,0.31424,-0.08011,-0.00209,0.93110,-0.03354,0.04388,0.00031,-0.40903,0.07412,0.00254,0.30963,-0.10282,-0.00389,0.92247,-0.02671,-0.01727,0.00229,0.49598,0.14231,0.00014,-0.37550,-0.19591,-0.00536,0.92030,-0.01887,-0.01338,0.00398,-0.41722,0.09574,0.00273,-0.30444,-0.08014,-0.00298,0.92082,-0.02304,-0.02941,0.00264,0.04728,0.07736,0.00160,0.00089,-0.08981,-0.00409,1.03396,-0.01883,-0.05306,0.00385
6.3000,630,1,6.3817,40.02,0.42526,0.10972,-0.01628,0.37276,-0.03964,0.01933,0.99332,-0.06126,0.10885,0.02709,-0.41836,0.06786,0.02590,0.36833,-0.11274,0.01785,0.96636,0.01984,0.06713,0.03718,0.39677,0.14795,-0.00931,-0.23653,-0.15186,0.02071,0.97233,-0.04588,-0.07192,-0.02069,-0.47504,0.07825,-0.01512,-0.27274,-0.10752,-0.01536,0.96981,-0.02246,0.01144,0.02426,-0.00496,0.04003,-0.01856,0.02352,-0.10393,-0.01495,1.10342,-0.02247,-0.05244,-0.09447,0.50635,0.09830,0.00151,0.31026,-0.07900,-0.00242,0.92942,-0.03366,0.04386,-0.00100,-0.40530,0.07537,0.00256,0.30454,-0.10085,-0.00414,0.92113,-0.02702,-0.01716,0.00222,0.50310,0.14244,0.00039,-0.38522,-0.19309,-0.00613,0.91937,-0.01832,-0.01318,0.00411,-0.41240,0.09701,0.00245,-0.30841,-0.07863,-0.00316,0.91965,-0.02390,-0.02927,0.00282,0.05117,0.07813,0.00155,-0.00355,-0.08776,-0.00427,1.03300,-0.01967,-0.05286,0.00381
6.3500,635,1,6.3895,7.84,0.43095,0.11912,-0.01630,0.37068,-0.04629,0.01612,0.98980,-0.07019,0.10762,-0.02322,-0.41506,0.05457,0.04007,0.36216,-0.12567,0.01703,0.96716,0.02998,0.06983,0.07858,0.39677,0.14795,0.00246,-0.23653,-0.15186,0.01223,0.97233,-0.04588,-0.07253,0.00301,-0.47083,0.08108,-0.01069,-0.27471,-0.08059,-0.02473,0.96907,-0.01664,0.01339,-0.01341,-0.00496,0.04003,-0.01744,0.02352,-0.10393,-0.01640,1.10342,-0.02247,-0.05574,-0.12138,0.51129,0.09899,0.00132,0.30635,-0.07773,-0.00274,0.92773,-0.03386,0.04379,-0.00214,-0.40150,0.07664,0.00260,0.29955,-0.09875,-0.00440,0.91977,-0.02738,-0.01705,0.00215,0.51022,0.14269,0.00065,-0.39480,-0.18990,-0.00689,0.91846,-0.01789,-0.01297,0.00422,-0.40752,0.09814,0.00217,-0.31231,-0.07704,-0.00333,0.91843,-0.02478,-0.02913,0.00297,0.05510,0.07887,0.00149,-0.00788,-0.08562,-0.00445,1.03199,-0.02057,-0.05268,0.00377
6.4000,640,1,6.4005,10.95,0.43095,0.11912,-0.01630,0.37068,-0.04629,0.01612,0.98980,-0.07019,0.10762,-0.02322,-0.41506,0.05457,0.04007,0.36216,-0.12567,0.01703,0.96716,0.02998,0.06983,0.07858,0.40361,0.14207,0.00246,-0.24350,-0.15200,0.01223,0.96912,-0.04422,-0.07253,0.00301,-0.47083,0.08108,-0.01069,-0.27471,-0.08059,-0.02473,0.96907,-0.01664,0.01339,-0.01341,0.01077,0.09127,-0.02049,0.02180,-0.08773,-0.02427,1.10071,-0.07092,-0.06140,-0.12731,0.51625,0.09959,0.00111,0.30249,-0.07632,-0.00304,0.92603,-0.03415,0.04365,-0.00312,-0.39763,0.07792,0.00265,0.29467,-0.09653,-0.00467,0.91839,-0.02780,-0.01694,0.00209,0.51737,0.14308,0.00092,-0.40421,-0.18633,-0.00766,0.91758,-0.01760,-0.01276,0.00430,-0.40259,0.09914,0.00190,-0.31612,-0.07536,-0.00350,0.91717,-0.02569,-0.02897,0.00309,0.05906,0.07959,0.00142,-0.01211,-0.08340,-0.00462,1.03094,-0.02152,-0.05249,0.00373
6.4500,645,1,6.4498,49.34,0.43705,0.11920,-0.01443,0.36182,-0.07014,0.01700,0.97620,-0.08408,0.10785,-0.02330,-0.41263,0.03489,0.04293,0.35546,-0.13441,0.00279,0.96876,0.03823,0.07419,0.06443,0.41852,0.14431,0.00202,-0.26172,-0.16675,0.00882,0.96779,-0.01533,-0.06914,0.05273,-0.46271,0.08757,-0.00871,-0.28010,-0.05195,-0.02250,0.96822,-0.01087,0.01437,-0.01010,0.01593,0.10287,-0.01203,0.01815,-0.07589,-0.02212,1.09694,-0.06742,-0.06789,-0.15731,0.52124,0.10008,0.00088,0.29872,-0.07476,-0.00332,0.92431,-0.03453,0.04348,-0.00396,-0.39370,0.07924,0.00272,0.28990,-0.09417,-0.00495,0.91699,-0.02830,-0.01684,0.00203,0.52453,0.14360,0.00120,-0.41343,-0.18238,-0.00844,0.91670,-0.01748,-0.01254,0.00437,-0.39761,0.10001,0.00164,-0.31984,-0.07360,-0.00367,0.91586,-0.02664,-0.02882,0.00320,0.06306,0.08027,0.00135,-0.01622,-0.08109,-0.00480,1.02984,-0.02253,-0.05230,0.00370
6.5000,650,1,6.5002,50.39,0.43705,0.11920,-0.01745,0.36182,-0.07014,0.01770,0.97620,-0.08408,0.10732,-0.02890,-0.41065,0.01959,0.02315,0.35021,-0.12804,0.00461,0.97120,0.04589,0.07663,-0.01571,0.42499,0.13476,0.00202,-0.26510,-0.14508,0.00882,0.96276,-0.03562,-0.06914,0.05273,-0.46271,0.08757,-0.01013,-0.28010,-0.05195,-0.00721,0.96822,-0.01087,0.01325,-0.04677,0.02018,0.10703,-0.00348,0.01534,-0.06969,-0.01349,1.09295,-0.08555,-0.07361,-0.14673,0.52626,0.10045,0.00064,0.29502,-0.07306,-0.00358,0.92258,-0.03500,0.04326,-0.00468,-0.38971,0.08059,0.00280,0.28525,-0.09166,-0.00525,0.91556,-0.02891,-0.01674,0.00197,0.53173,0.14426,0.00149,-0.42244,-0.17804,-0.00923,0.91583,-0.01757,-0.01232,0.00442,-0.39259,0.10075,0.00138,-0.32348,-0.07176,-0.00383,0.91451,-0.02761,-0.02866,0.00328,0.06708,0.08092,0.00128,-0.02022,-0.07870,-0.00496,1.02869,-0.02362,-0.05212,0.00367
6.5500,655,1,6.6555,155.32,0.44861,0.13179,-0.01910,0.35748,-0.07683,0.01605,0.97112,-0.04843,0.10642,-0.03927,-0.40833,0.01978,0.01120,0.34346,-0.13317,0.00711,0.97253,0.03177,0.07494,-0.08417,0.42499,0.13476,0.00202,-0.26510,-0.14508,0.00882,0.96276,-0.03562,-0.06914,0.05273,-0.45280,0.10148,-0.01235,-0.28571,-0.05404,0.00087,0.96696,-0.01122,0.01171,-0.06699,0.02634,0.10816,-0.00177,0.01033,-0.06778,-0.00810,1.08554,-0.11724,-0.08377,-0.12651,0.53129,0.10070,0.00037,0.29141,-0.07124,-0.00382,0.92081,-0.03554,0.04301,-0.00530,-0.38564,0.08199,0.00289,0.28074,-0.08901,-0.00556,0.91410,-0.02965,-0.01664,0.00192,0.53896,0.14506,0.00179,-0.43122,-0.17332,-0.01004,0.91494,-0.01794,-0.01210,0.00445,-0.38753,0.10137,0.00114,-0.32702,-0.06984,-0.00399,0.91310,-0.02863,-0.02849,0.00335,0.07115,0.08152,0.00120,-0.02409,-0.07622,-0.00513,1.02748,-0.02477,-0.05194,0.00364
6.6000,660,1,6.6631,7.56,0.46185,0.14585,-0.01728,0.34930,-0.08846,0.01779,0.96502,-0.03926,0.10316,-0.03157,-0.40551,0.01421,0.01336,0.33059,-0.13241,-0.00190,0.97293,-0.00481,0.06400,-0.17855,0.42499,0.13476,0.00956,-0.26510,-0.14508,0.00154,0.96276,-0.03562,-0.06583,0.04692,-0.44680,0.09986,-0.01232,-0.29652,-0.08084,0.00597,0.96234,-0.02119,0.00065,-0.08859,0.03437,0.09776,0.00680,0.00488,-0.06103,-0.00431,1.07657,-0.11298,-0.09283,-0.11684,0.53632,0.10082,0.00010,0.28790,-0.06932,-0.00403,0.91902,-0.03614,0.04273,-0.00582,-0.38151,0.08343,0.00299,0.27636,-0.08620,-0.00589,0.91259,-0.03057,-0.01655,0.00187,0.54624,0.14601,0.00207,-0.43976,-0.16820,-0.01085,0.91403,-0.01866,-0.01188,0.00448,-0.38245,0.10186,0.00090,-0.33046,-0.06785,-0.00414,0.91164,-0.02970,-0.02832,0.00341,0.07524,0.08209,0.00111,-0.02784,-0.07367,-0.00528,1.02621,-0.02601,-0.05175,0.00361
6.6500,665,1,6.6724,9.27,0.46185,0.14585,-0.01350,0.34930,-0.08846,0.01547,0.96502,-0.03926,0.10279,-0.04905,-0.40551,0.01421,0.01336,0.33059,-0.13241,-0.00190,0.97293,-0.00481,0.06400,-0.17855,0.43148,0.12848,0.01415,-0.27210,-0.14471,-0.00469,0.96055,-0.02757,-0.06211,0.11901,-0.44680,0.09986,-0.01232,-0.29652,-0.08084,0.00597,0.96234,-0.02119,0.00065,-0.08859,0.03437,0.09776,0.00680,0.00488,-0.06103,-0.00431,1.07657,-0.11298,-0.09283,-0.11684,0.54136,0.10080,-0.00016,0.28448,-0.06729,-0.00423,0.91720,-0.03678,0.04243,-0.00627,-0.37730,0.08492,0.00305,0.27212,-0.08323,-0.00622,0.91104,-0.03169,-0.01645,0.00181,0.55357,0.14708,0.00229,-0.44804,-0.16268,-0.01164,0.91307,-0.01972,-0.01165,0.00449,-0.37735,0.10225,0.00066,-0.33380,-0.06579,-0.00428,0.91013,-0.03081,-0.02815,0.00345,0.07935,0.08261,0.00102,-0.03146,-0.07104,-0.00543,1.02487,-0.02732,-0.05157,0.00358
6.7000,670,1,6.7005,28.10,0.46185,0.14585,-0.01350,0.34930,-0.08846,0.01547,0.96502,-0.03926,0.10279,-0.04905,-0.40437,0.01061,0.01007,0.32397,-0.13127,-0.00615,0.97202,-0.01524,0.05479,-0.20582,0.43780,0.12263,0.01450,-0.28149,-0.15064,0.00201,0.96009,-0.00854,-0.05708,0.06044,-0.44201,0.10441,-0.01232,-0.30126,-0.08286,0.00597,0.96083,-0.02320,0.00065,-0.08859,0.03877,0.09282,0.00954,0.00076,-0.06437,-0.00378,1.07160,-0.07598,-0.10478,-0.08365,0.54640,0.10066,-0.00039,0.28117,-0.06517,-0.00442,0.91534,-0.03750,0.04211,-0.00664,-0.37302,0.08642,0.00306,0.26804,-0.08010,-0.00653,0.90942,-0.03295,-0.01636,0.00176,0.56095,0.14824,0.00242,-0.45602,-0.15678,-0.01241,0.91205,-0.02106,-0.01143,0.00449,-0.37223,0.10251,0.00044,-0.33704,-0.06365,-0.00442,0.90856,-0.03197,-0.02798,0.00349,0.08350,0.08308,0.00091,-0.03494,-0.06834,-0.00558,1.02347,-0.02869,-0.05140,0.00355
6.7500,675,1,6.7505,50.03,0.47590,0.14908,-0.00518,0.34185,-0.08986,0.01391,0.96275,-0.01188,0.09923,-0.07387,-0.40388,0.00577,0.00634,0.31846,-0.12409,-0.01162,0.97249,-0.00819,0.04310,-0.28952,0.44969,0.11287,0.00697,-0.29251,-0.14110,0.00393,0.95648,-0.00376,-0.05413,0.05376,-0.43730,0.10310,-0.01104,-0.30455,-0.07612,-0.00458,0.95970,-0.02596,-0.00474,-0.06599,0.04329,0.08771,0.01250,-0.00239,-0.06162,-0.00614,1.06854,-0.05133,-0.10864,-0.07494,0.55143,0.10042,-0.00061,0.27797,-0.06296,-0.00460,0.91345,-0.03831,0.04177,-0.00696,-0.36866,0.08791,0.00302,0.26411,-0.07683,-0.00683,0.90774,-0.03430,-0.01628,0.00172,0.56839,0.14944,0.00248,-0.46371,-0.15052,-0.01314,0.91096,-0.02260,-0.01121,0.00449,-0.36710,0.10267,0.00022,-0.34016,-0.06145,-0.00456,0.90693,-0.03318,-0.02780,0.00351,0.08766,0.08351,0.00081,-0.03829,-0.06557,-0.00572,1.02200,-0.03014,-0.05122,0.00353
6.8000,680,1,6.8000,49.50,0.47590,0.14908,-0.00406,0.34185,-0.08986,0.01326,0.96275,-0.01188,0.09514,-0.08809,-0.40299,0.00773,-0.00424,0.31130,-0.12286,-0.00857,0.97003,-0.02461,0.02757,-0.34516,0.46573,0.11662,-0.01262,-0.32145,-0.20633,0.01849,0.95250,-0.01118,-0.03645,0.03460,-0.43730,0.10310,-0.00291,-0.30455,-0.07612,-0.00686,0.95970,-0.02596,-0.00810,-0.04912,0.04526,0.07055,0.00992,-0.00562,-0.05552,-0.00548,1.06819,0.00520,-0.10808,-0.05437,0.55644,0.10007,-0.00080,0.27488,-0.06066,-0.00478,0.91151,-0.03922,0.04141,-0.00723,-0.36423,0.08938,0.00294,0.26035,-0.07341,-0.00711,0.90599,-0.03572,-0.01619,0.00167,0.57589,0.15065,0.00245,-0.47107,-0.14390,-0.01384,0.90979,-0.02429,-0.01098,0.00448,-0.36197,0.10273,0.00001,-0.34318,-0.05918,-0.00468,0.90524,-0.03446,-0.02762,0.00353,0.09185,0.08387,0.00069,-0.04150,-0.06273,-0.00585,1.02046,-0.03164,-0.05104,0.00350
6.8500,685,1,6.8503,50.27,0.49106,0.15570,-0.00597,0.32951,-0.11076,0.01823,0.95858,-0.01503,0.09231,-0.10009,-0.40253,0.01082,-0.00644,0.30526,-0.11865,-0.01189,0.96854,-0.03465,0.01171,-0.32302,0.48885,0.13330,-0.01628,-0.35880,-0.21751,0.00492,0.94472,-0.02733,-0.02728,0.04407,-0.42818,0.10128,-0.01357,-0.30967,-0.06000,-0.00672,0.95839,-0.01932,-0.01316,-0.11473,0.04776,0.06265,0.00387,-0.00850,-0.05456,-0.00161,1.06742,-0.00398,-0.10866,-0.01079,0.56143,0.09963,-0.00098,0.27190,-0.05827,-0.00494,0.90952,-0.04023,0.04104,-0.00745,-0.35972,0.09079,0.00281,0.25677,-0.06985,-0.00738,0.90417,-0.03718,-0.01611,0.00163,0.58345,0.15183,0.00235,-0.47809,-0.13695,-0.01449,0.90853,-0.02608,-0.01076,0.00446,-0.35683,0.10268,-0.00020,-0.34608,-0.05686,-0.00480,0.90348,-0.03579,-0.02745,0.00354,0.09605,0.08418,0.00057,-0.04456,-0.05983,-0.00597,1.01884,-0.03319,-0.05087,0.00348
6.9000,690,1,6.8998,49.57,0.49828,0.15146,0.00129,0.32493,-0.10790,0.01477,0.95825,-0.01846,0.08836,-0.07197,-0.40123,0.01669,-0.00710,0.30036,-0.10730,-0.01802,0.96642,-0.04827,-0.00476,-0.30168,0.49576,0.14537,-0.02317,-0.36908,-0.22269,0.00742,0.94377,-0.02303,-0.02389,0.02515,-0.42818,0.10128,-0.01357,-0.30967,-0.06000,-0.00672,0.95839,-0.01932,-0.01316,-0.11473,0.05063,0.06112,-0.00100,-0.01237,-0.05804,-0.00039,1.06567,-0.00938,-0.10879,0.03797,0.56640,0.09912,-0.00113,0.26905,-0.05581,-0.00510,0.90748,-0.04133,0.04067,-0.00762,-0.35515,0.09212,0.00264,0.25337,-0.06618,-0.00762,0.90227,-0.03868,-0.01603,0.00158,0.59107,0.15294,0.00217,-0.48476,-0.12969,-0.01510,0.90718,-0.02795,-0.01053,0.00444,-0.35170,0.10253,-0.00040,-0.34886,-0.05447,-0.00492,0.90166,-0.03718,-0.02727,0.00354,0.10026,0.08443,0.00044,-0.04748,-0.05688,-0.00608,1.01714,-0.03478,-0.05070,0.00345
6.9500,695,1,6.9501,50.27,0.50574,0.14952,0.00637,0.31777,-0.11791,0.00469,0.95596,-0.02383,0.08391,-0.08468,-0.39960,0.02460,-0.02108,0.29620,-0.09504,-0.00995,0.96412,-0.05657,-0.01873,-0.17565,0.50401,0.16008,-0.02092,-0.38221,-0.23223,0.00354,0.94495,-0.01094,-0.02116,0.07975,-0.41783,0.10883,-0.01002,-0.31593,-0.05160,-0.00872,0.95526,-0.02949,-0.01807,-0.07536,0.05351,0.06157,-0.00283,-0.01615,-0.06331,0.00153,1.06418,-0.01007,-0.10810,0.06514,0.57135,0.09852,-0.00128,0.26632,-0.05327,-0.00526,0.90539,-0.04252,0.04028,-0.00777,-0.35051,0.09337,0.00243,0.25016,-0.06238,-0.00784,0.90030,-0.04021,-0.01595,0.00154,0.59875,0.15395,0.00193,-0.49106,-0.12214,-0.01566,0.90573,-0.02988,-0.01031,0.00442,-0.34658,0.10229,-0.00059,-0.35153,-0.05203,-0.00503,0.89976,-0.03864,-0.02709,0.00354,0.10449,0.08461,0.00030,-0.05025,-0.05387,-0.00619,1.01536,-0.03641,-0.05052,0.00343
7.0000,700,1,6.9999,49.74,0.51358,0.13785,0.00360,0.31517,-0.08140,0.00420,0.95624,-0.01768,0.08109,-0.09603,-0.39786,0.03657,-0.02696,0.29128,-0.09144,-0.00581,0.96049,-0.06542,-0.02879,-0.18249,0.51268,0.17167,-0.01799,-0.39255,-0.22917,0.00176,0.94610,0.00271,-0.01848,0.03640,-0.41250,0.11306,-0.00909,-0.31925,-0.04899,-0.00618,0.95322,-0.03637,-0.02105,-0.08993,0.05769,0.06373,-0.01065,-0.01845,-0.05269,-0.00068,1.06111,-0.04256,-0.10543,0.03643,0.57626,0.09787,-0.00141,0.26372,-0.05065,-0.00541,0.90323,-0.04379,0.03989,-0.00788,-0.34581,0.09450,0.00218,0.24713,-0.05849,-0.00803,0.89825,-0.04174,-0.01588,0.00150,0.60647,0.15482,0.00162,-0.49697,-0.11433,-0.01618,0.90419,-0.03183,-0.01009,0.00439,-0.34147,0.10196,-0.00077,-0.35407,-0.04954,-0.00513,0.89780,-0.04015,-0.02692,0.00354,0.10872,0.08472,0.00015,-0.05287,-0.05081,-0.00628,1.01350,-0.03806,-0.05035,0.00341
7.0500,705,1,7.0500,50.17,0.51358,0.13785,0.00651,0.31517,-0.08140,0.00084,0.95624,-0.01768,0.07642,-0.05700,-0.39539,0.05196,-0.02960,0.28600,-0.09198,-0.00795,0.95599,-0.08300,-0.03610,-0.10349,0.52124,0.17830,-0.01363,-0.40290,-0.22438,-0.00668,0.94589,0.00553,-0.01675,0.03337,-0.41250,0.11306,-0.01678,-0.31925,-0.04899,-0.00512,0.95322,-0.03637,-0.02506,-0.10893,0.06047,0.06849,-0.01557,-0.01980,-0.04922,-0.00361,1.05922,-0.03076,-0.10288,-0.00570,0.58113,0.09715,-0.00152,0.26126,-0.04796,-0.00555,0.90101,-0.04514,0.03949,-0.00797,-0.34106,0.09550,0.00190,0.24431,-0.05451,-0.00820,0.89612,-0.04329,-0.01580,0.00146,0.61423,0.15553,0.00125,-0.50249,-0.10628,-0.01663,0.90255,-0.03380,-0.00987,0.00436,-0.33638,0.10154,-0.00095,-0.35648,-0.04700,-0.00522,0.89575,-0.04172,-0.02674,0.00353,0.11296,0.08476,0.00000,-0.05533,-0.04771,-0.00637,1.01155,-0.03974,-0.05018,0.00339
7.1000,710,1,7.0998,49.83,0.52725,0.12922,0.01141,0.30566,-0.08489,-0.00499,0.95441,-0.01764,0.07392,0.00177,-0.39231,0.06785,-0.03062,0.28113,-0.08879,-0.02024,0.95084,-0.08869,-0.03978,-0.04452,0.52974,0.17983,-0.00714,-0.41251,-0.21059,-0.01293,0.94474,-0.00232,-0.01528,0.01991,-0.40654,0.12305,-0.01834,-0.32337,-0.05200,-0.01020,0.95063,-0.04628,-0.03154,-0.08581,0.06443,0.07982,-0.01293,-0.02496,-0.05910,-0.00584,1.05634,-0.02432,-0.10651,0.02110,0.58597,0.09637,-0.00163,0.25893,-0.04521,-0.00569,0.89872,-0.04657,0.03909,-0.00804,-0.33627,0.09636,0.00159,0.24169,-0.05045,-0.00834,0.89392,-0.04483,-0.01573,0.00142,0.62202,0.15605,0.00083,-0.50759,-0.09802,-0.01703,0.90081,-0.03577,-0.00966,0.00432,-0.33132,0.10103,-0.00112,-0.35877,-0.04442,-0.00531,0.89362,-0.04334,-0.02656,0.00352,0.11720,0.08472,-0.00015,-0.05764,-0.04457,-0.00644,1.00952,-0.04144,-0.05001,0.00336
7.1500,715,1,7.1499,50.07,0.52725,0.12922,0.01508,0.30566,-0.08489,0.00007,0.95441,-0.01764,0.07208,-0.00654,-0.38855,0.08226,-0.02467,0.27697,-0.07709,-0.02611,0.94670,-0.07606,-0.04113,-0.00704,0.53833,0.17961,-0.00380,-0.42201,-0.19598,-0.01280,0.94374,-0.01197,-0.01415,0.03046,-0.39417,0.13528,-0.01366,-0.32755,-0.04180,-0.01716,0.94507,-0.06497,-0.03463,-0.07338,0.06865,0.08622,-0.01453,-0.02742,-0.05581,-0.00391,1.05390,-0.04391,-0.10850,0.01527,0.59077,0.09555,-0.00173,0.25674,-0.04238,-0.00582,0.89635,-0.04807,0.03869,-0.00808,-0.33143,0.09706,0.00126,0.23927,-0.04633,-0.00846,0.89164,-0.04637,-0.01566,0.00138,0.62983,0.15634,0.00036,-0.51229,-0.08958,-0.01738,0.89897,-0.03774,-0.00944,0.00429,-0.32628,0.10044,-0.00129,-0.36092,-0.04179,-0.00539,0.89141,-0.04502,-0.02639,0.00350,0.12143,0.08461,-0.00031,-0.05978,-0.04139,-0.00650,1.00741,-0.04317,-0.04985,0.00334
7.2000,720,1,7.1999,49.96,0.53358,0.12214,0.01613,0.30103,-0.08840,0.01043,0.95311,-0.02820,0.07119,0.00042,-0.38462,0.09193,-0.02680,0.27488,-0.05721,-0.01564,0.94547,-0.05242,-0.04108,0.07919,0.54671,0.17726,-0.00186,-0.43073,-0.18109,-0.01351,0.94212,-0.01616,-0.01293,0.02196,-0.39417,0.13528,-0.01304,-0.32755,-0.04180,-0.00764,0.94507,-0.06497,-0.03889,-0.07266,0.07293,0.09096,-0.01449,-0.02836,-0.04243,-0.00663,1.05241,-0.02726,-0.10326,0.00662,0.59552,0.09468,-0.00181,0.25469,-0.03949,-0.00596,0.89391,-0.04964,0.03829,-0.00811,-0.32656,0.09759,0.00091,0.23705,-0.04216,-0.00854,0.88928,-0.04791,-0.01559,0.00135,0.63765,0.15640,-0.00015,-0.51655,-0.08098,-0.01766,0.89704,-0.03969,-0.00923,0.00425,-0.32128,0.09977,-0.00145,-0.36294,-0.03913,-0.00546,0.88912,-0.04675,-0.02621,0.00349,0.12566,0.08441,-0.00048,-0.06177,-0.03819,-0.00656,1.00521,-0.04491,-0.04968,0.00332
7.2500,725,1,7.2499,50.05,0.54473,0.11495,0.01031,0.29090,-0.10740,0.00096,0.95070,-0.02691,0.07180,0.03392,-0.37967,0.10571,-0.02117,0.27105,-0.05522,-0.01065,0.94113,-0.05679,-0.03842,0.03436,0.55559,0.17772,0.00155,-0.43962,-0.17478,-0.01215,0.94111,-0.02245,-0.01159,0.02498,-0.38041,0.14516,-0.01147,-0.33177,-0.03859,-0.00300,0.93700,-0.08753,-0.04402,-0.11220,0.07779,0.09949,-0.00959,-0.03115,-0.04754,-0.00325,1.04914,-0.04139,-0.10245,0.02515,0.60023,0.09377,-0.00189,0.25279,-0.03654,-0.00608,0.89138,-0.05128,0.03788,-0.00813,-0.32167,0.09795,0.00053,0.23505,-0.03796,-0.00859,0.88685,-0.04943,-0.01552,0.00131,0.64546,0.15619,-0.00070,-0.52038,-0.07226,-0.01788,0.89500,-0.04164,-0.00902,0.00421,-0.31631,0.09902,-0.00160,-0.36483,-0.03644,-0.00553,0.88674,-0.04853,-0.02604,0.00347,0.12987,0.08414,-0.00065,-0.06360,-0.03496,-0.00660,1.00292,-0.04666,-0.04951,0.00330
7.3000,730,1,7.2995,49.60,0.55059,0.11622,0.01123,0.28211,-0.13659,0.00133,0.94723,-0.04089,0.07473,0.04532,-0.37441,0.11273,-0.00726,0.26708,-0.05444,-0.01087,0.93556,-0.06933,-0.03837,-0.06671,0.56445,0.17637,0.00457,-0.44822,-0.16915,-0.01065,0.93998,-0.02535,-0.01077,-0.01174,-0.38041,0.14516,-0.01297,-0.33177,-0.03859,-0.00355,0.93700,-0.08753,-0.05021,-0.06892,0.08329,0.10753,-0.01028,-0.03538,-0.05189,-0.00249,1.04525,-0.04867,-0.10208,0.01985,0.60490,0.09282,-0.00197,0.25104,-0.03353,-0.00620,0.88878,-0.05300,0.03747,-0.00813,-0.31677,0.09811,0.00014,0.23326,-0.03374,-0.00861,0.88434,-0.05094,-0.01546,0.00128,0.65326,0.15571,-0.00128,-0.52378,-0.06345,-0.01805,0.89287,-0.04359,-0.00881,0.00417,-0.31138,0.09820,-0.00175,-0.36659,-0.03371,-0.00559,0.88427,-0.05035,-0.02587,0.00345,0.13407,0.08377,-0.00083,-0.06527,-0.03172,-0.00663,1.00054,-0.04844,-0.04935,0.00328
7.3500,735,1,7.3501,50.57,0.55511,0.10355,0.01123,0.27786,-0.12224,0.00133,0.94588,-0.02890,0.07473,0.04532,-0.36888,0.11378,-0.00440,0.26508,-0.04449,-0.00636,0.93315,-0.06433,-0.04163,-0.04916,0.57101,0.16019,0.00733,-0.45087,-0.13151,-0.01385,0.93050,-0.06785,-0.00973,0.00400,-0.36739,0.14216,0.00023,-0.33619,-0.03664,0.00923,0.92923,-0.08101,-0.05406,0.00076,0.08899,0.11392,-0.00731,-0.03886,-0.05624,-0.00099,1.04204,-0.07065,-0.10380,0.02180,0.60952,0.09184,-0.00204,0.24944,-0.03046,-0.00632,0.88608,-0.05479,0.03707,-0.00812,-0.31187,0.09808,-0.00026,0.23168,-0.02951,-0.00860,0.88176,-0.05244,-0.01540,0.00125,0.66103,0.15493,-0.00189,-0.52673,-0.05457,-0.01815,0.89064,-0.04556,-0.00860,0.00413,-0.30649,0.09730,-0.00189,-0.36820,-0.03095,-0.00564,0.88170,-0.05221,-0.02569,0.00343,0.13825,0.08333,-0.00100,-0.06677,-0.02846,-0.00665,0.99807,-0.05023,-0.04919,0.00326
7.4000,740,1,7.3999,49.83,0.55955,0.09507,0.01084,0.27269,-0.11610,-0.00816,0.94371,-0.03854,0.07590,0.05405,-0.36376,0.11318,-0.00699,0.26170,-0.04718,0.00739,0.92813,-0.07433,-0.04395,-0.03596,0.57928,0.15954,0.00439,-0.45756,-0.12731,-0.00826,0.92709,-0.06946,-0.00838,-0.01131,-0.36027,0.14228,0.00023,-0.33873,-0.04224,0.00923,0.92504,-0.07971,-0.05406,0.00076,0.09503,0.11844,-0.00032,-0.04196,-0.05895,-0.00228,1.03855,-0.07390,-0.10232,0.02418,0.61408,0.09083,-0.00210,0.24799,-0.02733,-0.00644,0.88330,-0.05666,0.03666,-0.00810,-0.30697,0.09785,-0.00068,0.23031,-0.02530,-0.00857,0.87910,-0.05394,-0.01534,0.00121,0.66875,0.15385,-0.00252,-0.52923,-0.04566,-0.01819,0.88831,-0.04755,-0.00839,0.00409,-0.30165,0.09634,-0.00203,-0.36968,-0.02818,-0.00568,0.87904,-0.05410,-0.02552,0.00340,0.14240,0.08279,-0.00118,-0.06812,-0.02519,-0.00666,0.99552,-0.05205,-0.04902,0.00324
7.4500,745,1,7.4497,49.74,0.56383,0.08925,0.00799,0.26573,-0.10976,-0.01425,0.94093,-0.04311,0.07884,0.00371,-0.35848,0.11361,-0.00374,0.25972,-0.05161,0.01461,0.92619,-0.06919,-0.04731,-0.06235,0.58767,0.16350,0.00093,-0.46506,-0.13307,-0.00070,0.92528,-0.05171,-0.00824,-0.01546,-0.35339,0.14150,-0.00094,-0.34156,-0.04476,0.00692,0.92149,-0.06751,-0.05497,-0.01489,0.10135,0.11857,0.00173,-0.04307,-0.04168,-0.00402,1.03559,-0.06651,-0.10009,0.06333,0.61860,0.08978,-0.00216,0.24671,-0.02414,-0.00655,0.88042,-0.05860,0.03626,-0.00807,-0.30208,0.09742,-0.00110,0.22915,-0.02112,-0.00850,0.87636,-0.05544,-0.01528,0.00118,0.67641,0.15246,-0.00316,-0.53129,-0.03674,-0.01817,0.88589,-0.04962,-0.00819,0.00405,-0.29686,0.09531,-0.00217,-0.37102,-0.02538,-0.00572,0.87629,-0.05602,-0.02535,0.00338,0.14652,0.08217,-0.00136,-0.06929,-0.02193,-0.00666,0.99287,-0.05391,-0.04886,0.00322
7.5000,750,1,7.4998,50.15,0.56794,0.08251,0.00419,0.26256,-0.09739,-0.00743,0.93825,-0.04597,0.07938,-0.01412,-0.35380,0.10968,-0.00117,0.25512,-0.06063,0.00576,0.92021,-0.07775,-0.05095,-0.10959,0.59619,0.16596,0.00166,-0.47242,-0.13893,0.00169,0.92436,-0.03313,-0.01107,-0.02165,-0.35339,0.14150,0.00148,-0.34156,-0.04476,0.00893,0.92149,-0.06751,-0.05442,-0.03612,0.10700,0.11541,0.00501,-0.04348,-0.03682,0.00082,1.03258,-0.07627,-0.09172,0.08708,0.62306,0.08871,-0.00221,0.24558,-0.02091,-0.00663,0.87744,-0.06062,0.03585,-0.00804,-0.29723,0.09677,-0.00153,0.22819,-0.01696,-0.00843,0.87355,-0.05696,-0.01522,0.00115,0.68399,0.15074,-0.00382,-0.53291,-0.02784,-0.01814,0.88335,-0.05180,-0.00799,0.00400,-0.29212,0.09421,-0.00230,-0.37222,-0.02257,-0.00574,0.87344,-0.05796,-0.02519,0.00335,0.15062,0.08146,-0.00154,-0.07031,-0.01866,-0.00665,0.99013,-0.05580,-0.04870,0.00320
7.5500,755,1,7.5497,49.88,0.57188,0.07927,0.00419,0.25920,-0.08656,-0.00743,0.93615,-0.04448,0.07938,-0.01412,-0.34916,0.10500,0.00762,0.25247,-0.06245,0.01094,0.91779,-0.06963,-0.05651,-0.11481,0.60482,0.16692,0.00352,-0.47993,-0.14366,-0.00306,0.92462,-0.00979,-0.01370,-0.02967,-0.33791,0.14244,0.00869,-0.34970,-0.06963,0.01818,0.91513,-0.04964,-0.05793,0.00979,0.11230,0.11026,0.00667,-0.04482,-0.03564,0.00370,1.02962,-0.07390,-0.08786,0.04789,0.62747,0.08761,-0.00226,0.24462,-0.01764,-0.00667,0.87435,-0.06267,0.03545,-0.00800,-0.29241,0.09592,-0.00196,0.22745,-0.01284,-0.00841,0.87067,-0.05859,-0.01516,0.00112,0.69148,0.14870,-0.00450,-0.53408,-0.01894,-0.01814,0.88070,-0.05422,-0.00779,0.00396,-0.28744,0.09305,-0.00243,-0.37328,-0.01975,-0.00576,0.87050,-0.05990,-0.02502,0.00333,0.15467,0.08066,-0.00172,-0.07116,-0.01541,-0.00662,0.98729,-0.05773,-0.04854,0.00318
7.6000,760,1,7.5998,50.14,0.57188,0.07927,-0.00470,0.25920,-0.08656,-0.01613,0.93615,-0.04448,0.07925,0.02633,-0.34485,0.09697,0.00767,0.24740,-0.07087,-0.00416,0.91043,-0.08420,-0.06338,-0.13067,0.60749,0.15788,0.00528,-0.49168,-0.16961,-0.00316,0.92435,0.00810,-0.01592,-0.03995,-0.33070,0.13893,0.00869,-0.35416,-0.08157,0.01818,0.91294,-0.04164,-0.05793,0.00979,0.11757,0.10640,0.00670,-0.04746,-0.04158,0.00256,1.02704,-0.06007,-0.08414,-0.00464,0.63182,0.08649,-0.00229,0.24382,-0.01437,-0.00665,0.87117,-0.06469,0.03505,-0.00795,-0.28764,0.09485,-0.00241,0.22691,-0.00871,-0.00843,0.86769,-0.06044,-0.01511,0.00109,0.69885,0.14633,-0.00518,-0.53480,-0.01004,-0.01818,0.87792,-0.05706,-0.00759,0.00392,-0.28281,0.09183,-0.00255,-0.37420,-0.01692,-0.00577,0.86745,-0.06183,-0.02485,0.00330,0.15868,0.07977,-0.00190,-0.07185,-0.01217,-0.00659,0.98435,-0.05972,-0.04838,0.00316
7.6500,765,1,7.6499,50.06,0.58002,0.08406,-0.00419,0.25208,-0.06427,-0.01497,0.93028,-0.03816,0.08178,0.01843,-0.34059,0.09251,0.00444,0.24434,-0.06162,-0.01812,0.90819,-0.05917,-0.06951,-0.11719,0.61630,0.15433,-0.00068,-0.50103,-0.16784,-0.00769,0.92451,0.00166,-0.01762,0.01823,-0.32373,0.13224,0.01119,-0.35844,-0.08597,0.01819,0.91088,-0.03439,-0.05657,0.12171,0.12289,0.10307,0.00921,-0.05043,-0.04874,0.00467,1.02556,-0.04633,-0.08176,-0.01827,0.63612,0.08536,-0.00232,0.24318,-0.01112,-0.00660,0.86789,-0.06658,0.03466,-0.00790,-0.28293,0.09355,-0.00286,0.22658,-0.00457,-0.00845,0.86462,-0.06262,-0.01505,0.00106,0.70610,0.14362,-0.00588,-0.53508,-0.00111,-0.01821,0.87499,-0.06047,-0.00740,0.00387,-0.27825,0.09055,-0.00267,-0.37497,-0.01409,-0.00577,0.86431,-0.06375,-0.02469,0.00327,0.16264,0.07880,-0.00207,-0.07238,-0.00894,-0.00655,0.98132,-0.06175,-0.04823,0.00314
7.7000,770,1,7.7000,50.06,0.58438,0.08640,-0.00419,0.24843,-0.05774,-0.01497,0.92690,-0.04619,0.08178,0.01843,-0.33771,0.08024,0.00944,0.24085,-0.05508,-0.01268,0.90508,-0.04635,-0.07569,-0.14847,0.62411,0.15587,-0.00344,-0.50976,-0.16412,-0.02080,0.92503,0.00443,-0.01822,-0.03629,-0.31746,0.11986,0.01707,-0.36167,-0.08200,0.01194,0.90922,-0.03065,-0.04967,0.17245,0.12823,0.09928,0.01122,-0.05379,-0.05674,0.00232,1.02569,-0.00741,-0.07903,-0.03046,0.64036,0.08422,-0.00234,0.24270,-0.00790,-0.00656,0.86451,-0.06839,0.03426,-0.00785,-0.27829,0.09204,-0.00331,0.22645,-0.00042,-0.00844,0.86142,-0.06505,-0.01500,0.00103,0.71321,0.14057,-0.00656,-0.53491,0.00782,-0.01818,0.87187,-0.06431,-0.00721,0.00383,-0.27376,0.08921,-0.00279,-0.37560,-0.01125,-0.00577,0.86108,-0.06565,-0.02453,0.00325,0.16656,0.07774,-0.00225,-0.07274,-0.00575,-0.00649,0.97818,-0.06382,-0.04807,0.00312
7.7500,775,1,7.7498,49.85,0.58886,0.08959,-0.00494,0.24567,-0.04902,-0.01309,0.92397,-0.05001,0.08268,0.00019,-0.33498,0.07229,-0.00558,0.23764,-0.04926,-0.02476,0.90280,-0.03599,-0.08407,-0.15889,0.63276,0.16194,-0.00749,-0.51781,-0.15059,-0.03321,0.92685,-0.00093,-0.02061,-0.02820,-0.31182,0.10649,0.02463,-0.36467,-0.08294,0.00715,0.90761,-0.03104,-0.03992,0.16637,0.13306,0.09348,0.01335,-0.05662,-0.05616,-0.00353,1.02540,-0.00592,-0.08082,-0.02968,0.64454,0.08306,-0.00236,0.24239,-0.00469,-0.00651,0.86105,-0.07018,0.03387,-0.00779,-0.27373,0.09031,-0.00375,0.22654,0.00371,-0.00839,0.85811,-0.06757,-0.01495,0.00101,0.72016,0.13718,-0.00724,-0.53430,0.01671,-0.01807,0.86855,-0.06836,-0.00702,0.00379,-0.26933,0.08782,-0.00290,-0.37610,-0.00843,-0.00575,0.85775,-0.06752,-0.02436,0.00322,0.17042,0.07659,-0.00241,-0.07295,-0.00258,-0.00643,0.97493,-0.06590,-0.04791,0.00311
7.8000,780,1,7.7995,49.71,0.59359,0.09562,-0.01235,0.24331,-0.04275,-0.01736,0.92061,-0.05394,0.08364,0.00172,-0.33328,0.06812,-0.01710,0.23439,-0.03750,-0.03248,0.90021,-0.02902,-0.09161,-0.11712,0.63903,0.16237,-0.00266,-0.52181,-0.13041,-0.04640,0.92537,-0.03130,-0.02125,-0.03762,-0.30659,0.09561,0.02606,-0.36951,-0.08742,0.00557,0.90582,-0.03173,-0.03056,0.15199,0.13756,0.08682,0.01417,-0.05936,-0.05297,-0.00767,1.02483,-0.02087,-0.07871,-0.02230,0.64866,0.08190,-0.00238,0.24223,-0.00151,-0.00647,0.85750,-0.07196,0.03349,-0.00773,-0.26926,0.08837,-0.00417,0.22682,0.00781,-0.00831,0.85467,-0.07011,-0.01490,0.00098,0.72692,0.13347,-0.00788,-0.53324,0.02553,-0.01789,0.86503,-0.07246,-0.00683,0.00375,-0.26498,0.08637,-0.00301,-0.37645,-0.00561,-0.00573,0.85433,-0.06936,-0.02420,0.00319,0.17422,0.07537,-0.00258,-0.07300,0.00056,-0.00635,0.97159,-0.06798,-0.04776,0.00309
7.8500,785,1,7.8499,50.36,0.59853,0.09896,-0.00276,0.24093,-0.03303,-0.00944,0.91751,-0.04937,0.08584,0.02120,-0.33011,0.07652,-0.02021,0.23353,-0.02326,-0.01828,0.90091,-0.01059,-0.09678,-0.06782,0.64736,0.15378,0.00417,-0.52616,-0.09893,-0.05149,0.91747,-0.06701,-0.02115,-0.00809,-0.30202,0.08859,0.01996,-0.37388,-0.08772,0.00093,0.90425,-0.03315,-0.02045,0.16568,0.15059,0.11238,0.00919,-0.06198,-0.05887,-0.00675,1.02415,-0.03567,-0.08338,-0.01817,0.65273,0.08073,-0.00240,0.24224,0.00166,-0.00644,0.85385,-0.07374,0.03310,-0.00767,-0.26490,0.08622,-0.00458,0.22732,0.01185,-0.00818,0.85110,-0.07258,-0.01485,0.00095,0.73350,0.12946,-0.00849,-0.53175,0.03425,-0.01764,0.86131,-0.07646,-0.00664,0.00370,-0.26070,0.08486,-0.00312,-0.37666,-0.00280,-0.00570,0.85081,-0.07117,-0.02404,0.00316,0.17795,0.07407,-0.00273,-0.07290,0.00365,-0.00626,0.96814,-0.07003,-0.04760,0.00307
7.9000,790,1,7.8994,49.57,0.59853,0.09896,-0.00276,0.24093,-0.03303,-0.00944,0.91751,-0.04937,0.08584,0.02120,-0.32734,0.08208,-0.02580,0.23091,-0.02083,-0.01780,0.89808,-0.03373,-0.09793,0.07195,0.65256,0.14703,0.00499,-0.52859,-0.07520,-0.04696,0.91307,-0.08478,-0.01958,0.04642,-0.29630,0.09533,0.00628,-0.38273,-0.10859,0.00132,0.90218,-0.04267,-0.01187,0.22577,0.15582,0.10216,0.01769,-0.06245,-0.04014,-0.00985,1.02130,-0.06855,-0.08334,-0.04135,0.65674,0.07955,-0.00242,0.24240,0.00481,-0.00641,0.85012,-0.07550,0.03272,-0.00761,-0.26064,0.08388,-0.00495,0.22801,0.01582,-0.00801,0.84741,-0.07495,-0.01480,0.00093,0.73986,0.12515,-0.00905,-0.52982,0.04283,-0.01732,0.85739,-0.08028,-0.00646,0.00366,-0.25649,0.08331,-0.00323,-0.37673,-0.00002,-0.00567,0.84721,-0.07295,-0.02389,0.00314,0.18162,0.07269,-0.00288,-0.07264,0.00670,-0.00617,0.96458,-0.07203,-0.04745,0.00305
7.9500,795,1,7.9502,50.72,0.60840,0.10133,-0.00663,0.23541,-0.01866,-0.01712,0.91026,-0.06835,0.08954,0.04778,-0.32291,0.09425,-0.01776,0.23007,-0.01185,-0.02396,0.89608,-0.04709,-0.09445,0.09692,0.66064,0.14292,0.00159,-0.53067,-0.04623,-0.03524,0.90649,-0.08686,-0.01847,0.01266,-0.29209,0.08809,0.00423,-0.38556,-0.09406,-0.00451,0.89981,-0.05007,-0.00030,0.22921,0.16253,0.10334,0.01990,-0.06578,-0.04588,-0.01030,1.01816,-0.06604,-0.08929,-0.01239,0.66068,0.07835,-0.00246,0.24272,0.00795,-0.00638,0.84630,-0.07724,0.03234,-0.00754,-0.25651,0.08137,-0.00529,0.22890,0.01970,-0.00780,0.84361,-0.07718,-0.01476,0.00090,0.74601,0.12059,-0.00956,-0.52747,0.05123,-0.01694,0.85328,-0.08383,-0.00627,0.00362,-0.25237,0.08169,-0.00334,-0.37666,0.00275,-0.00562,0.84352,-0.07468,-0.02373,0.00311,0.18522,0.07124,-0.00303,-0.07223,0.00970,-0.00606,0.96093,-0.07396,-0.04730,0.00303
8.0000,800,1,7.9998,49.66,0.60840,0.10133,-0.00663,0.23541,-0.01866,-0.01712,0.91026,-0.06835,0.08954,0.04778,-0.31904,0.09665,-0.01617,0.22975,-0.00012,-0.00946,0.89075,-0.07121,-0.08889,0.17811,0.66806,0.14493,-0.00236,-0.53197,-0.03218,-0.03195,0.90319,-0.08034,-0.01740,0.00463,-0.28766,0.08077,0.01380,-0.38941,-0.08130,-0.02113,0.89721,-0.05729,0.01264,0.28430,0.16747,0.09452,0.01721,-0.06793,-0.04052,-0.00765,1.01481,-0.06721,-0.08936,-0.00340,0.66457,0.07714,-0.00250,0.24319,0.01107,-0.00635,0.84240,-0.07893,0.03196,-0.00747,-0.25251,0.07870,-0.00560,0.22998,0.02347,-0.00757,0.83970,-0.07924,-0.01471,0.00088,0.75192,0.11578,-0.01001,-0.52470,0.05943,-0.01649,0.84901,-0.08704,-0.00610,0.00358,-0.24832,0.08003,-0.00344,-0.37645,0.00550,-0.00557,0.83974,-0.07636,-0.02358,0.00308,0.18874,0.06972,-0.00316,-0.07167,0.01265,-0.00594,0.95719,-0.07580,-0.04715,0.00301
8.0500,805,1,8.0499,50.04,0.61852,0.09989,-0.00031,0.23594,0.01125,-0.01222,0.90363,-0.06012,0.09168,0.04005,-0.31401,0.10555,-0.02300,0.22948,0.00078,0.00302,0.88656,-0.08104,-0.08003,0.20689,0.67509,0.14457,-0.00558,-0.53179,-0.00669,-0.02747,0.89684,-0.09687,-0.01648,0.03595,-0.28358,0.07328,0.01900,-0.39370,-0.06584,-0.03225,0.89436,-0.05921,0.02595,0.24131,0.17208,0.08618,0.02027,-0.06989,-0.03614,-0.00883,1.01095,-0.08307,-0.09013,-0.03714,0.66840,0.07590,-0.00256,0.24383,0.01418,-0.00632,0.83841,-0.08057,0.03159,-0.00741,-0.24864,0.07589,-0.00586,0.23124,0.02712,-0.00730,0.83569,-0.08112,-0.01467,0.00085,0.75758,0.11078,-0.01038,-0.52153,0.06740,-0.01598,0.84459,-0.08988,-0.00592,0.00353,-0.24437,0.07832,-0.00355,-0.37611,0.00821,-0.00551,0.83588,-0.07799,-0.02342,0.00305,0.19219,0.06814,-0.00329,-0.07096,0.01553,-0.00582,0.95335,-0.07755,-0.04700,0.00299
8.1000,810,1,8.1467,96.87,0.61852,0.09989,0.00165,0.23594,0.01125,-0.01482,0.90363,-0.06012,0.09353,0.05116,-0.30855,0.11567,-0.01465,0.22892,-0.00430,0.00139,0.88165,-0.09580,-0.07068,0.15985,0.68355,0.15427,-0.00872,-0.53411,-0.00847,-0.01966,0.89832,-0.05652,-0.01433,0.04155,-0.28358,0.07328,0.01900,-0.39370,-0.06584,-0.03225,0.89436,-0.05921,0.02595,0.24131,0.17613,0.07548,0.02459,-0.07154,-0.02941,-0.01357,1.00713,-0.06521,-0.09152,0.00539,0.67216,0.07463,-0.00263,0.24461,0.01727,-0.00630,0.83434,-0.08215,0.03122,-0.00734,-0.24492,0.07296,-0.00607,0.23269,0.03062,-0.00700,0.83159,-0.08281,-0.01463,0.00083,0.76299,0.10561,-0.01067,-0.51796,0.07510,-0.01543,0.84003,-0.09230,-0.00574,0.00349,-0.24049,0.07655,-0.00365,-0.37563,0.01090,-0.00544,0.83194,-0.07956,-0.02327,0.00302,0.19556,0.06649,-0.00341,-0.07012,0.01835,-0.00569,0.94944,-0.07918,-0.04685,0.00298
8.1500,815,1,8.1574,10.66,0.62381,0.10303,-0.00008,0.23201,-0.00212,-0.01094,0.89911,-0.06787,0.09463,0.03028,-0.30320,0.11833,-0.00794,0.22983,0.00029,-0.00155,0.87926,-0.07819,-0.06373,0.05413,0.69130,0.15806,-0.00872,-0.53153,0.00745,-0.01966,0.89433,-0.05905,-0.01433,0.04155,-0.28358,0.07328,0.01500,-0.39370,-0.06584,-0.03418,0.89436,-0.05921,0.03692,0.19919,0.17962,0.06424,0.02211,-0.07282,-0.02186,-0.01133,1.00400,-0.06225,-0.09091,0.00877,0.67586,0.07331,-0.00273,0.24555,0.02035,-0.00626,0.83020,-0.08364,0.03086,-0.00727,-0.24135,0.06994,-0.00622,0.23430,0.03398,-0.00668,0.82741,-0.08429,-0.01459,0.00081,0.76814,0.10032,-0.01088,-0.51402,0.08252,-0.01483,0.83536,-0.09430,-0.00557,0.00345,-0.23671,0.07474,-0.00375,-0.37502,0.01355,-0.00536,0.82793,-0.08107,-0.02312,0.00300,0.19884,0.06480,-0.00352,-0.06913,0.02111,-0.00554,0.94544,-0.08069,-0.04670,0.00296
8.2000,820,1,8.2356,78.17,0.62381,0.10303,-0.00008,0.23201,-0.00212,-0.01094,0.89911,-0.06787,0.09463,0.03028,-0.29682,0.12441,-0.00386,0.22823,-0.00762,-0.00053,0.87348,-0.08843,-0.06283,0.02933,0.69939,0.16190,-0.00954,-0.53236,0.01238,-0.01796,0.89319,-0.04822,-0.01320,0.03251,-0.27675,0.06121,0.00819,-0.39746,-0.02267,-0.03586,0.88770,-0.06718,0.05273,0.12671,0.18260,0.05514,0.01859,-0.07377,-0.01614,-0.01043,1.00001,-0.08541,-0.09076,0.00596,0.67949,0.07195,-0.00284,0.24665,0.02342,-0.00623,0.82598,-0.08506,0.03050,-0.00720,-0.23793,0.06687,-0.00632,0.23608,0.03717,-0.00634,0.82316,-0.08557,-0.01455,0.00078,0.77303,0.09495,-0.01099,-0.50972,0.08964,-0.01419,0.83061,-0.09587,-0.00540,0.00341,-0.23302,0.07288,-0.00385,-0.37428,0.01616,-0.00528,0.82384,-0.08250,-0.02297,0.00297,0.20204,0.06305,-0.00362,-0.06801,0.02379,-0.00539,0.94137,-0.08209,-0.04655,0.00294
8.2500,825,1,8.2618,26.28,0.62932,0.10533,0.00540,0.22997,-0.01078,-0.00135,0.89489,-0.07409,0.09659,-0.00185,-0.29102,0.12369,-0.00136,0.22619,-0.01125,-0.00002,0.86834,-0.08603,-0.06111,0.03554,0.70674,0.15667,0.00278,-0.52868,0.03362,-0.01453,0.88700,-0.07615,-0.01211,0.00528,-0.27381,0.05541,0.00615,-0.39619,0.00167,-0.04198,0.88404,-0.06743,0.05723,0.03459,0.18515,0.04682,0.01738,-0.07443,-0.01025,-0.00975,0.99558,-0.08995,-0.08982,0.04377,0.68305,0.07052,-0.00298,0.24789,0.02646,-0.00619,0.82169,-0.08640,0.03014,-0.00713,-0.23466,0.06376,-0.00635,0.23802,0.04020,-0.00599,0.81885,-0.08665,-0.01451,0.00076,0.77764,0.08956,-0.01101,-0.50506,0.09644,-0.01353,0.82578,-0.09702,-0.00523,0.00337,-0.22942,0.07096,-0.00395,-0.37341,0.01872,-0.00519,0.81968,-0.08387,-0.02282,0.00294,0.20514,0.06125,-0.00371,-0.06675,0.02640,-0.00524,0.93723,-0.08337,-0.04641,0.00292
8.3000,830,1,8.2997,37.87,0.63859,0.09219,0.00905,0.23341,0.01116,-0.00440,0.88677,-0.07955,0.09550,-0.01046,-0.28468,0.12477,0.00291,0.22483,-0.01563,-0.00201,0.86255,-0.08827,-0.05906,0.02250,0.71448,0.15421,0.00322,-0.52527,0.05138,-0.01027,0.88055,-0.09161,-0.01225,-0.01023,-0.26772,0.05714,-0.00094,-0.39405,0.03489,-0.03439,0.87696,-0.06741,0.05697,-0.08245,0.18330,0.02369,0.01587,-0.06533,0.02737,-0.00904,0.99130,-0.07922,-0.08530,-0.00662,0.68654,0.06902,-0.00315,0.24929,0.02948,-0.00614,0.81734,-0.08767,0.02978,-0.00706,-0.23155,0.06065,-0.00632,0.24010,0.04305,-0.00563,0.81450,-0.08754,-0.01447,0.00074,0.78198,0.08417,-0.01092,-0.50008,0.10291,-0.01284,0.82091,-0.09777,-0.00506,0.00333,-0.22592,0.06900,-0.00405,-0.37241,0.02124,-0.00509,0.81545,-0.08516,-0.02268,0.00291,0.20816,0.05941,-0.00379,-0.06537,0.02893,-0.00508,0.93303,-0.08453,-0.04626,0.00290
8.3500,835,1,8.3503,50.62,0.64797,0.09247,0.00177,0.22965,0.00463,-0.00288,0.87771,-0.08336,0.09334,-0.04613,-0.27902,0.11898,0.00791,0.22505,-0.00764,-0.00359,0.85981,-0.07077,-0.05773,-0.00627,0.72280,0.15934,0.00633,-0.52642,0.02307,0.00147,0.88055,-0.05328,-0.01337,-0.05325,-0.26436,0.06555,-0.00979,-0.39389,0.03880,-0.01749,0.87360,-0.06962,0.05168,-0.10998,0.18431,0.01685,0.01167,-0.06385,0.03151,-0.00431,0.98736,-0.07565,-0.08676,-0.05490,0.68995,0.06743,-0.00334,0.25084,0.03248,-0.00608,0.81293,-0.08885,0.02943,-0.00699,-0.22860,0.05757,-0.00621,0.24232,0.04572,-0.00526,0.81010,-0.08825,-0.01443,0.00072,0.78606,0.07886,-0.01072,-0.49478,0.10904,-0.01215,0.81601,-0.09817,-0.00489,0.00329,-0.22252,0.06699,-0.00415,-0.37128,0.02371,-0.00498,0.81116,-0.08638,-0.02253,0.00289,0.21108,0.05754,-0.00386,-0.06386,0.03138,-0.00491,0.92878,-0.08559,-0.04612,0.00289
8.4000,840,1,8.3998,49.47,0.65259,0.09230,0.00098,0.22987,0.00472,0.00106,0.87372,-0.07864,0.09118,-0.01421,-0.27252,0.11865,0.00774,0.22228,-0.01661,-0.00003,0.85348,-0.07876,-0.05838,0.00416,0.72907,0.14742,0.00912,-0.52367,0.02808,0.00101,0.87609,-0.06605,-0.01443,-0.02342,-0.26141,0.07081,-0.01817,-0.38878,0.05775,-0.01365,0.86993,-0.07101,0.04503,-0.11819,0.18504,0.01291,0.00273,-0.06223,0.03277,0.00131,0.98305,-0.08908,-0.08917,-0.02878,0.69328,0.06573,-0.00357,0.25254,0.03544,-0.00600,0.80846,-0.08995,0.02908,-0.00692,-0.22579,0.05456,-0.00604,0.24467,0.04821,-0.00490,0.80568,-0.08883,-0.01440,0.00070,0.78987,0.07367,-0.01042,-0.48918,0.11483,-0.01145,0.81110,-0.09829,-0.00473,0.00325,-0.21923,0.06493,-0.00424,-0.37004,0.02613,-0.00487,0.80682,-0.08752,-0.02239,0.00286,0.21391,0.05563,-0.00392,-0.06223,0.03374,-0.00474,0.92448,-0.08655,-0.04597,0.00287
8.4500,845,1,8.4500,50.22,0.65259,0.09230,-0.00182,0.22987,0.00472,-0.00585,0.87372,-0.07864,0.09053,-0.00309,-0.26727,0.11045,0.01142,0.22188,-0.00973,-0.00286,0.85144,-0.05958,-0.06183,-0.11817,0.73632,0.14235,0.01270,-0.52225,0.02919,-0.00627,0.87289,-0.06529,-0.01585,-0.02339,-0.25667,0.08813,-0.02067,-0.39090,0.03452,-0.00691,0.86654,-0.07324,0.04049,-0.08683,0.18567,0.01321,-0.00461,-0.06062,0.03139,0.00454,0.97896,-0.07950,-0.09039,-0.02612,0.69653,0.06392,-0.00383,0.25439,0.03836,-0.00591,0.80393,-0.09095,0.02874,-0.00685,-0.22314,0.05165,-0.00580,0.24714,0.05053,-0.00455,0.80122,-0.08932,-0.01436,0.00068,0.79343,0.06865,-0.01002,-0.48330,0.12027,-0.01075,0.80619,-0.09824,-0.00457,0.00321,-0.21603,0.06283,-0.00434,-0.36867,0.02849,-0.00475,0.80241,-0.08857,-0.02225,0.00283,0.21665,0.05369,-0.00397,-0.06049,0.03602,-0.00456,0.92013,-0.08742,-0.04583,0.00285
8.5000,850,1,8.4998,49.78,0.65678,0.09050,-0.00114,0.22945,0.01147,-0.01050,0.86978,-0.07007,0.08974,0.01830,-0.26164,0.10362,0.02120,0.21970,-0.01251,-0.00455,0.84651,-0.06813,-0.06806,-0.11401,0.74348,0.14577,0.01270,-0.52221,0.02300,-0.00627,0.87530,-0.03563,-0.01585,-0.02339,-0.25185,0.09890,-0.02008,-0.38955,0.02716,0.00796,0.86269,-0.07697,0.03705,-0.05374,0.18640,0.01592,-0.00711,-0.05912,0.02852,0.00668,0.97503,-0.07758,-0.09147,-0.01412,0.69967,0.06198,-0.00410,0.25638,0.04124,-0.00580,0.79936,-0.09183,0.02840,-0.00679,-0.22063,0.04888,-0.00551,0.24972,0.05268,-0.00422,0.79674,-0.08981,-0.01433,0.00065,0.79674,0.06385,-0.00955,-0.47716,0.12538,-0.01008,0.80128,-0.09815,-0.00441,0.00317,-0.21294,0.06068,-0.00443,-0.36719,0.03079,-0.00462,0.79796,-0.08955,-0.02211,0.00281,0.21928,0.05173,-0.00402,-0.05863,0.03821,-0.00438,0.91574,-0.08823,-0.04569,0.00283
8.5500,855,1,8.5499,50.13,0.66591,0.09089,-0.00066,0.22887,0.01645,-0.00783,0.86210,-0.06627,0.09210,0.02060,-0.25704,0.09136,0.02045,0.21909,-0.00732,-0.01471,0.84369,-0.06220,-0.07344,-0.03425,0.74825,0.12826,0.01516,-0.51739,0.03295,-0.00691,0.86835,-0.06851,-0.01868,-0.02126,-0.24696,0.10225,-0.01534,-0.38845,0.03240,-0.00037,0.85876,-0.07917,0.03380,-0.10967,0.18727,0.01907,-0.00830,-0.05779,0.02416,0.01033,0.97105,-0.08118,-0.09183,-0.00139,0.70272,0.05991,-0.00435,0.25851,0.04405,-0.00566,0.79475,-0.09258,0.02806,-0.00672,-0.21825,0.04624,-0.00524,0.25240,0.05467,-0.00390,0.79224,-0.09032,-0.01430,0.00063,0.79982,0.05928,-0.00908,-0.47077,0.13016,-0.00943,0.79637,-0.09807,-0.00425,0.00314,-0.20997,0.05848,-0.00452,-0.36559,0.03302,-0.00448,0.79346,-0.09044,-0.02197,0.00278,0.22182,0.04975,-0.00406,-0.05667,0.04032,-0.00420,0.91131,-0.08897,-0.04555,0.00282
8.6000,860,1,8.5997,49.81,0.67017,0.08720,0.00236,0.23163,0.02581,-0.00980,0.85871,-0.06127,0.09122,-0.01861,-0.25227,0.08486,0.01765,0.21758,-0.00518,-0.01690,0.83887,-0.07030,-0.07476,0.01003,0.75383,0.12042,0.01089,-0.51529,0.03448,-0.01406,0.86305,-0.08451,-0.02190,-0.02657,-0.24180,0.10164,-0.00146,-0.38747,0.02846,-0.00406,0.85475,-0.08160,0.02793,-0.08217,0.20336,0.06633,-0.01735,-0.06589,-0.02257,0.01327,0.97031,-0.07146,-0.09804,0.04527,0.70566,0.05772,-0.00458,0.26078,0.04679,-0.00551,0.79011,-0.09323,0.02773,-0.00665,-0.21600,0.04374,-0.00499,0.25518,0.05651,-0.00361,0.78771,-0.09083,-0.01427,0.00062,0.80267,0.05494,-0.00864,-0.46415,0.13464,-0.00881,0.79147,-0.09800,-0.00410,0.00310,-0.20710,0.05624,-0.00461,-0.36389,0.03518,-0.00434,0.78892,-0.09126,-0.02183,0.00275,0.22426,0.04775,-0.00410,-0.05460,0.04233,-0.00401,0.90684,-0.08966,-0.04541,0.00280
8.6500,865,1,8.6499,50.17,0.67454,0.08646,0.00439,0.22958,0.02288,-0.01200,0.85500,-0.06249,0.08944,-0.00692,-0.24805,0.07910,0.01309,0.21711,-0.00075,-0.01655,0.83485,-0.07295,-0.07364,0.05485,0.76099,0.11524,0.01143,-0.51353,0.03855,-0.01747,0.85768,-0.08772,-0.02281,-0.01862,-0.23724,0.09732,0.00543,-0.38707,0.02324,0.01550,0.85034,-0.08064,0.02353,-0.10621,0.20753,0.06504,-0.00262,-0.06078,0.00127,0.00152,0.96538,-0.08534,-0.09010,0.01402,0.70849,0.05542,-0.00478,0.26319,0.04945,-0.00533,0.78543,-0.09379,0.02740,-0.00658,-0.21387,0.04135,-0.00476,0.25805,0.05822,-0.00334,0.78316,-0.09134,-0.01424,0.00060,0.80531,0.05080,-0.00822,-0.45731,0.13881,-0.00821,0.78657,-0.09793,-0.00394,0.00306,-0.20434,0.05396,-0.00469,-0.36208,0.03727,-0.00418,0.78434,-0.09200,-0.02169,0.00273,0.22659,0.04573,-0.00413,-0.05244,0.04425,-0.00382,0.90234,-0.09030,-0.04527,0.00278
8.7000,870,1,8.6996,49.74,0.67897,0.08579,0.00176,0.23264,0.03578,-0.01234,0.85132,-0.06419,0.08986,-0.02357,-0.24530,0.06910,0.01128,0.21645,0.00753,-0.02540,0.83305,-0.05883,-0.06961,0.10458,0.76673,0.10999,0.01202,-0.51134,0.04791,-0.02190,0.85290,-0.10060,-0.02249,0.02353,-0.23245,0.09646,0.00170,-0.38642,0.02643,0.00237,0.84657,-0.07197,0.01756,-0.12354,0.21078,0.06392,0.00669,-0.06072,0.00112,0.00146,0.96111,-0.08539,-0.08923,0.03542,0.71120,0.05303,-0.00496,0.26572,0.05202,-0.00514,0.78073,-0.09429,0.02707,-0.00651,-0.21186,0.03907,-0.00455,0.26100,0.05979,-0.00309,0.77858,-0.09182,-0.01421,0.00058,0.80775,0.04686,-0.00783,-0.45027,0.14270,-0.00765,0.78168,-0.09786,-0.00379,0.00303,-0.20170,0.05164,-0.00477,-0.36016,0.03928,-0.00402,0.77972,-0.09267,-0.02155,0.00270,0.22883,0.04370,-0.00415,-0.05018,0.04608,-0.00364,0.89781,-0.09089,-0.04513,0.00276
8.7500,875,1,8.7500,50.35,0.67897,0.08579,0.00330,0.23264,0.03578,-0.01059,0.85132,-0.06419,0.08730,-0.03593,-0.24196,0.06444,0.01050,0.21715,0.02020,-0.02295,0.83012,-0.06096,-0.06456,0.14342,0.77044,0.10006,0.01534,-0.50567,0.07464,-0.02924,0.84448,-0.12644,-0.02225,0.00963,-0.22763,0.09397,0.00298,-0.38624,0.02551,-0.01192,0.84300,-0.06985,0.01210,-0.06736,0.21687,0.07890,0.00268,-0.06472,-0.02760,0.00789,0.95711,-0.07898,-0.09457,0.06175,0.71379,0.05056,-0.00512,0.26839,0.05449,-0.00493,0.77600,-0.09474,0.02675,-0.00645,-0.20997,0.03688,-0.00436,0.26403,0.06125,-0.00285,0.77398,-0.09228,-0.01418,0.00056,0.81000,0.04311,-0.00747,-0.44304,0.14631,-0.00710,0.77678,-0.09778,-0.00364,0.00299,-0.19918,0.04928,-0.00485,-0.35815,0.04122,-0.00386,0.77507,-0.09328,-0.02142,0.00268,0.23096,0.04166,-0.00417,-0.04783,0.04782,-0.00345,0.89325,-0.09144,-0.04499,0.00275
8.8000,880,1,8.7998,49.82,0.68704,0.07919,0.00460,0.23339,0.03659,-0.01429,0.84222,-0.07457,0.08203,-0.07424,-0.23942,0.05735,0.00911,0.21809,0.03024,-0.02529,0.82761,-0.06394,-0.05636,0.14718,0.77597,0.09622,0.01283,-0.50291,0.08435,-0.03011,0.84011,-0.11773,-0.02119,0.01417,-0.22311,0.08586,0.01355,-0.38475,0.02323,0.00319,0.83939,-0.07407,0.01216,0.05230,0.22050,0.07415,0.01114,-0.06590,-0.02704,-0.00308,0.95289,-0.09762,-0.09925,0.06887,0.71626,0.04801,-0.00526,0.27117,0.05686,-0.00471,0.77126,-0.09513,0.02642,-0.00638,-0.20817,0.03479,-0.00420,0.26712,0.06259,-0.00263,0.76935,-0.09271,-0.01415,0.00054,0.81207,0.03953,-0.00714,-0.43564,0.14967,-0.00658,0.77190,-0.09770,-0.00349,0.00295,-0.19678,0.04688,-0.00492,-0.35604,0.04307,-0.00369,0.77039,-0.09383,-0.02129,0.00265,0.23299,0.03960,-0.00419,-0.04540,0.04946,-0.00326,0.88867,-0.09194,-0.04485,0.00273
8.8500,885,1,8.8499,50.04,0.69101,0.07864,0.00460,0.23182,0.02699,-0.01429,0.83757,-0.07775,0.08203,-0.07424,-0.23669,0.05380,0.01013,0.21855,0.04092,-0.02458,0.82346,-0.07464,-0.05020,0.13262,0.77986,0.08831,0.01181,-0.49568,0.10493,-0.02384,0.83039,-0.12884,-0.01998,0.00540,-0.21885,0.07828,0.02209,-0.38711,0.01054,0.00366,0.83536,-0.07957,0.02702,0.17054,0.22325,0.05463,0.02357,-0.06275,0.00591,-0.01611,0.94812,-0.08660,-0.09578,0.06741,0.71859,0.04540,-0.00538,0.27407,0.05911,-0.00447,0.76649,-0.09547,0.02611,-0.00632,-0.20649,0.03276,-0.00405,0.27028,0.06384,-0.00243,0.76471,-0.09310,-0.01413,0.00052,0.81396,0.03610,-0.00683,-0.42808,0.15277,-0.00607,0.76702,-0.09761,-0.00334,0.00292,-0.19449,0.04445,-0.00499,-0.35384,0.04483,-0.00351,0.76569,-0.09432,-0.02115,0.00262,0.23492,0.03754,-0.00421,-0.04288,0.05101,-0.00306,0.88406,-0.09241,-0.04472,0.00271
8.9000,890,1,8.9004,50.56,0.69471,0.07377,0.00309,0.23502,0.05108,-0.01650,0.83146,-0.09534,0.07845,-0.08417,-0.23372,0.05188,0.00452,0.22035,0.05283,-0.02137,0.81827,-0.08323,-0.04471,0.10269,0.78567,0.09132,0.01787,-0.49357,0.09900,-0.01844,0.83005,-0.08288,-0.01943,0.00088,-0.21537,0.06617,0.02115,-0.38570,0.01131,-0.00117,0.83118,-0.08345,0.03551,0.11516,0.22647,0.05027,0.01881,-0.06432,0.00584,-0.01112,0.94334,-0.10376,-0.09759,0.10897,0.72080,0.04274,-0.00548,0.27708,0.06124,-0.00423,0.76171,-0.09578,0.02579,-0.00625,-0.20490,0.03081,-0.00392,0.27351,0.06498,-0.00224,0.76004,-0.09347,-0.01410,0.00050,0.81568,0.03282,-0.00655,-0.42037,0.15563,-0.00559,0.76214,-0.09752,-0.00320,0.00288,-0.19233,0.04199,-0.00505,-0.35156,0.04651,-0.00333,0.76096,-0.09476,-0.02102,0.00260,0.23675,0.03548,-0.00422,-0.04030,0.05247,-0.00287,0.87943,-0.09284,-0.04458,0.00270
8.9500,895,1,8.9503,49.87,0.69798,0.06966,0.00573,0.23572,0.05484,-0.01840,0.82544,-0.10777,0.07416,-0.07329,-0.23042,0.05625,-0.00160,0.22157,0.05251,-0.01349,0.81260,-0.09172,-0.04098,0.06465,0.79003,0.08265,0.01770,-0.48839,0.10823,-0.01991,0.82579,-0.08461,-0.01938,-0.01284,-0.21184,0.06087,0.02115,-0.38897,-0.00798,-0.00117,0.82679,-0.08960,0.03551,0.11516,0.22833,0.03666,0.01778,-0.05956,0.02716,-0.01400,0.93775,-0.10923,-0.08594,0.08664,0.72287,0.04003,-0.00557,0.28019,0.06325,-0.00397,0.75691,-0.09605,0.02548,-0.00619,-0.20340,0.02891,-0.00381,0.27678,0.06603,-0.00206,0.75536,-0.09381,-0.01408,0.00049,0.81724,0.02967,-0.00630,-0.41252,0.15825,-0.00512,0.75726,-0.09744,-0.00305,0.00285,-0.19029,0.03950,-0.00511,-0.34919,0.04809,-0.00314,0.75621,-0.09515,-0.02090,0.00257,0.23847,0.03340,-0.00423,-0.03764,0.05383,-0.00268,0.87478,-0.09323,-0.04445,0.00268
9.0000,900,1,9.0000,49.68,0.70137,0.06731,0.00682,0.23635,0.05264,-0.01745,0.81954,-0.10761,0.06831,-0.07567,-0.22721,0.05969,0.00140,0.22339,0.05157,-0.01236,0.80702,-0.09608,-0.03827,0.04212,0.79152,0.05950,0.01239,-0.47680,0.15249,-0.02391,0.81274,-0.14353,-0.02123,-0.03952,-0.20944,0.04877,0.01541,-0.38705,0.00322,-0.01585,0.82200,-0.09369,0.03980,-0.02093,0.23117,0.03722,0.01564,-0.06218,0.02546,-0.01390,0.93222,-0.12370,-0.08586,0.08335,0.72480,0.03728,-0.00564,0.28340,0.06513,-0.00370,0.75211,-0.09628,0.02517,-0.00612,-0.20200,0.02707,-0.00372,0.28011,0.06700,-0.00189,0.75066,-0.09411,-0.01405,0.00047,0.81865,0.02664,-0.00607,-0.40455,0.16065,-0.00467,0.75239,-0.09735,-0.00291,0.00281,-0.18838,0.03698,-0.00516,-0.34675,0.04959,-0.00294,0.75145,-0.09549,-0.02077,0.00255,0.24009,0.03132,-0.00425,-0.03492,0.05510,-0.00249,0.87011,-0.09358,-0.04431,0.00266
9.0500,905,1,9.0501,50.11,0.70427,0.06130,0.00682,0.23976,0.06672,-0.01745,0.81302,-0.11139,0.06831,-0.07567,-0.22422,0.05851,0.00556,0.22595,0.05644,-0.01261,0.80202,-0.09483,-0.03521,0.08297,0.79482,0.05610,0.01184,-0.46817,0.16776,-0.01120,0.80366,-0.15229,-0.02256,-0.05633,-0.20599,0.05209,0.00567,-0.39197,-0.02307,-0.02227,0.81740,-0.09570,0.03872,0.01236,0.23256,0.02827,0.01137,-0.05798,0.03937,-0.01087,0.92621,-0.11536,-0.07984,0.04203,0.72659,0.03450,-0.00571,0.28670,0.06688,-0.00343,0.74729,-0.09648,0.02487,-0.00606,-0.20070,0.02527,-0.00363,0.28348,0.06789,-0.00173,0.74595,-0.09439,-0.01403,0.00045,0.81991,0.02371,-0.00586,-0.39646,0.16283,-0.00423,0.74753,-0.09726,-0.00277,0.00278,-0.18660,0.03443,-0.00521,-0.34424,0.05098,-0.00274,0.74666,-0.09580,-0.02064,0.00253,0.24160,0.02924,-0.00426,-0.03213,0.05627,-0.00230,0.86542,-0.09390,-0.04418,0.00265
9.1000,910,1,9.0996,49.55,0.70704,0.05576,0.00785,0.24543,0.07782,-0.01110,0.80744,-0.10926,0.06205,-0.06012,-0.22125,0.05705,0.00441,0.22884,0.06255,-0.01446,0.79775,-0.08778,-0.03185,0.06628,0.79668,0.05043,0.01422,-0.46555,0.14025,0.00328,0.79955,-0.12278,-0.02592,-0.03598,-0.20464,0.04572,0.00567,-0.39278,-0.01092,-0.02227,0.81372,-0.09786,0.03872,0.01236,0.23496,0.03062,0.00863,-0.05861,0.03592,-0.00796,0.92086,-0.10619,-0.07924,0.04541,0.72825,0.03168,-0.00576,0.29009,0.06850,-0.00315,0.74246,-0.09666,0.02457,-0.00599,-0.19948,0.02350,-0.00357,0.28689,0.06869,-0.00157,0.74122,-0.09463,-0.01401,0.00044,0.82102,0.02088,-0.00568,-0.38827,0.16480,-0.00380,0.74267,-0.09718,-0.00264,0.00275,-0.18494,0.03186,-0.00526,-0.34166,0.05228,-0.00254,0.74187,-0.09606,-0.02051,0.00250,0.24301,0.02715,-0.00427,-0.02929,0.05735,-0.00211,0.86072,-0.09418,-0.04405,0.00263
9.1500,915,1,9.1497,50.10,0.71025,0.05674,0.00527,0.24557,0.06429,-0.01034,0.80090,-0.11739,0.05940,-0.05084,-0.21844,0.05529,0.00348,0.23214,0.06962,-0.01360,0.79337,-0.08666,-0.02862,0.07962,0.79980,0.04757,0.00986,-0.46002,0.13451,0.00242,0.79621,-0.09595,-0.02837,-0.01074,-0.20317,0.03149,0.01474,-0.38931,0.01873,-0.03283,0.80840,-0.10607,0.03810,0.02731,0.23602,0.02249,0.01151,-0.05481,0.05431,-0.01098,0.91492,-0.11706,-0.07406,0.03420,0.72976,0.02884,-0.00581,0.29355,0.06997,-0.00287,0.73762,-0.09680,0.02427,-0.00593,-0.19835,0.02177,-0.00351,0.29035,0.06943,-0.00142,0.73649,-0.09484,-0.01398,0.00042,0.82200,0.01814,-0.00551,-0.37998,0.16657,-0.00339,0.73781,-0.09710,-0.00250,0.00271,-0.18341,0.02928,-0.00530,-0.33901,0.05347,-0.00233,0.73706,-0.09628,-0.02039,0.00248,0.24432,0.02505,-0.00427,-0.02640,0.05834,-0.00192,0.85600,-0.09443,-0.04392,0.00261
9.2000,920,1,9.1999,50.18,0.71212,0.04735,0.00527,0.25174,0.08911,-0.01034,0.79531,-0.10808,0.05940,-0.05084,-0.21571,0.05380,0.00361,0.23578,0.07576,-0.00946,0.78920,-0.07896,-0.02456,0.08574,0.80106,0.03754,0.00986,-0.45218,0.13985,0.00242,0.78908,-0.10796,-0.02837,-0.01074,-0.20215,0.01743,0.02587,-0.38816,0.03469,-0.04391,0.80264,-0.11628,0.04019,-0.01338,0.23858,0.02663,0.01078,-0.05517,0.04613,-0.00777,0.90853,-0.14786,-0.07321,0.03344,0.73113,0.02598,-0.00585,0.29708,0.07131,-0.00258,0.73278,-0.09692,0.02398,-0.00587,-0.19730,0.02006,-0.00346,0.29384,0.07009,-0.00128,0.73174,-0.09502,-0.01396,0.00041,0.82284,0.01547,-0.00537,-0.37162,0.16813,-0.00298,0.73296,-0.09702,-0.00236,0.00268,-0.18201,0.02667,-0.00533,-0.33631,0.05457,-0.00212,0.73224,-0.09647,-0.02027,0.00245,0.24552,0.02295,-0.00428,-0.02346,0.05923,-0.00173,0.85127,-0.09464,-0.04379,0.00260
9.2500,925,1,9.2500,50.10,0.71416,0.04365,0.00668,0.25202,0.08402,-0.01254,0.78878,-0.10549,0.05521,-0.04661,-0.21308,0.05142,0.00740,0.23967,0.07947,-0.00499,0.78545,-0.07129,-0.02049,0.04062,0.80227,0.03190,0.00723,-0.44325,0.14661,-0.00578,0.78104,-0.10633,-0.02975,-0.01768,-0.20154,0.01062,0.01863,-0.38767,0.04369,-0.04904,0.79642,-0.13183,0.03823,-0.03579,0.23981,0.02141,0.00852,-0.05159,0.05335,-0.00530,0.90249,-0.14725,-0.07107,0.05586,0.73236,0.02310,-0.00588,0.30068,0.07250,-0.00229,0.72793,-0.09701,0.02368,-0.00581,-0.19634,0.01837,-0.00342,0.29736,0.07069,-0.00115,0.72698,-0.09517,-0.01394,0.00039,0.82355,0.01287,-0.00525,-0.36318,0.16949,-0.00258,0.72811,-0.09695,-0.00223,0.00265,-0.18074,0.02405,-0.00536,-0.33356,0.05556,-0.00191,0.72741,-0.09663,-0.02014,0.00243,0.24661,0.02085,-0.00429,-0.02048,0.06004,-0.00154,0.84654,-0.09482,-0.04366,0.00258
9.3000,930,1,9.2996,49.56,0.71595,0.03575,0.00977,0.25819,0.09784,-0.00952,0.78370,-0.09673,0.05255,-0.01209,-0.21062,0.04634,0.01625,0.24370,0.08110,0.00001,0.78196,-0.06814,-0.01794,0.04777,0.80445,0.03444,-0.00252,-0.43742,0.13385,0.00575,0.77621,-0.09273,-0.03107,-0.01406,-0.20094,0.01422,-0.00136,-0.38726,0.04620,-0.03461,0.78911,-0.15625,0.03547,-0.00655,0.24016,0.01374,0.00799,-0.04840,0.05994,-0.00771,0.89667,-0.12250,-0.06763,0.01014,0.73344,0.02021,-0.00591,0.30433,0.07355,-0.00199,0.72308,-0.09707,0.02339,-0.00575,-0.19546,0.01670,-0.00339,0.30090,0.07122,-0.00101,0.72222,-0.09528,-0.01392,0.00038,0.82413,0.01032,-0.00515,-0.35467,0.17066,-0.00219,0.72326,-0.09688,-0.00210,0.00262,-0.17961,0.02141,-0.00538,-0.33076,0.05644,-0.00170,0.72258,-0.09675,-0.02002,0.00241,0.24760,0.01874,-0.00430,-0.01746,0.06074,-0.00135,0.84179,-0.09497,-0.04353,0.00256
9.3500,935,1,9.3499,50.32,0.71758,0.03158,0.00670,0.26211,0.09711,-0.00235,0.77800,-0.09681,0.05081,-0.01969,-0.21035,0.03245,0.02094,0.24595,0.07617,-0.00128,0.78115,-0.06149,-0.01666,0.02234,0.80583,0.03590,-0.01024,-0.43009,0.13114,0.00207,0.77151,-0.08460,-0.03205,-0.02468,-0.20079,0.01577,-0.01551,-0.38260,0.07067,-0.02768,0.78101,-0.16921,0.03540,0.07822,0.24292,0.02372,0.00394,-0.04931,0.04439,-0.00434,0.89297,-0.09344,-0.06965,-0.00305,0.73438,0.01731,-0.00593,0.30803,0.07446,-0.00169,0.71822,-0.09712,0.02311,-0.00569,-0.19467,0.01504,-0.00337,0.30448,0.07168,-0.00088,0.71746,-0.09537,-0.01391,0.00036,0.82458,0.00781,-0.00506,-0.34611,0.17164,-0.00181,0.71842,-0.09683,-0.00197,0.00259,-0.17860,0.01877,-0.00540,-0.32791,0.05722,-0.00148,0.71774,-0.09684,-0.01990,0.00238,0.24849,0.01663,-0.00431,-0.01440,0.06136,-0.00116,0.83704,-0.09508,-0.04340,0.00255
9.4000,940,1,9.4000,50.13,0.71967,0.03400,0.00211,0.26227,0.08289,0.00137,0.77315,-0.09230,0.04952,-0.01214,-0.20857,0.02388,0.02086,0.24939,0.07385,0.00032,0.77776,-0.06640,-0.01558,0.00909,0.80908,0.04660,-0.00329,-0.42629,0.12106,-0.00200,0.77057,-0.05583,-0.03104,0.00506,-0.19996,0.01628,-0.00544,-0.37862,0.08867,-0.03703,0.77246,-0.17055,0.04062,0.14610,0.24384,0.01998,0.00714,-0.04621,0.05207,-0.00443,0.88886,-0.08202,-0.06996,-0.04756,0.73517,0.01440,-0.00594,0.31177,0.07521,-0.00139,0.71337,-0.09714,0.02283,-0.00563,-0.19396,0.01339,-0.00336,0.30807,0.07208,-0.00076,0.71269,-0.09543,-0.01389,0.00035,0.82491,0.00535,-0.00500,-0.33751,0.17244,-0.00143,0.71358,-0.09677,-0.00184,0.00255,-0.17773,0.01611,-0.00542,-0.32504,0.05789,-0.00126,0.71289,-0.09690,-0.01979,0.00236,0.24927,0.01451,-0.00432,-0.01132,0.06188,-0.00097,0.83228,-0.09516,-0.04328,0.00253
9.4500,945,1,9.4499,49.90,0.71967,0.03400,0.00211,0.26227,0.08289,0.00137,0.77315,-0.09230,0.04952,-0.01214,-0.20617,0.02104,0.01486,0.25203,0.06422,0.00274,0.77373,-0.08036,-0.01715,-0.05352,0.81079,0.04392,0.00047,-0.41683,0.12932,-0.00280,0.76575,-0.06932,-0.03006,-0.00181,-0.19987,0.00665,0.00877,-0.37230,0.11431,-0.03380,0.76434,-0.15923,0.04838,0.12359,0.24436,0.01295,0.00974,-0.04054,0.06539,-0.00997,0.88480,-0.07353,-0.06803,-0.04299,0.73582,0.01148,-0.00596,0.31555,0.07582,-0.00109,0.70851,-0.09713,0.02255,-0.00557,-0.19333,0.01174,-0.00336,0.31168,0.07243,-0.00063,0.70791,-0.09545,-0.01387,0.00033,0.82511,0.00291,-0.00495,-0.32887,0.17305,-0.00105,0.70874,-0.09673,-0.00171,0.00252,-0.17699,0.01345,-0.00543,-0.32213,0.05845,-0.00104,0.70805,-0.09693,-0.01967,0.00234,0.24994,0.01239,-0.00433,-0.00822,0.06231,-0.00078,0.82752,-0.09521,-0.04315,0.00251
9.5000,950,1,9.4999,50.04,0.72135,0.03292,0.00352,0.26640,0.08201,0.00237,0.76852,-0.08955,0.04864,-0.02334,-0.20254,0.02599,0.01070,0.25396,0.05940,-0.00124,0.76717,-0.10432,-0.01992,-0.05702,0.81355,0.04965,-0.00403,-0.41256,0.11438,-0.00706,0.76430,-0.05427,-0.02883,-0.01618,-0.19932,0.00429,0.01384,-0.36988,0.10533,-0.03188,0.75659,-0.14614,0.05424,0.10346,0.24538,0.01280,0.00669,-0.04096,0.05734,-0.00546,0.88052,-0.05452,-0.07236,-0.01822,0.73632,0.00855,-0.00596,0.31935,0.07628,-0.00079,0.70365,-0.09711,0.02227,-0.00551,-0.19279,0.01009,-0.00336,0.31531,0.07270,-0.00051,0.70314,-0.09545,-0.01386,0.00032,0.82520,0.00049,-0.00492,-0.32021,0.17347,-0.00068,0.70391,-0.09669,-0.00159,0.00249,-0.17638,0.01079,-0.00543,-0.31919,0.05891,-0.00082,0.70320,-0.09693,-0.01955,0.00232,0.25051,0.01026,-0.00435,-0.00509,0.06265,-0.00059,0.82276,-0.09523,-0.04302,0.00250
9.5500,955,1,9.7271,227.15,0.72135,0.03292,0.00352,0.26640,0.08201,0.00237,0.76852,-0.08955,0.04864,-0.02334,-0.20079,0.02197,0.01435,0.25596,0.06189,-0.01255,0.76082,-0.10824,-0.02211,-0.00648,0.81480,0.04446,-0.00403,-0.40328,0.12981,-0.00706,0.75656,-0.08488,-0.02883,-0.01618,-0.19932,0.00429,-0.00704,-0.36988,0.10533,-0.00853,0.75659,-0.14614,0.05865,0.09810,0.24605,0.00986,0.00466,-0.03596,0.06616,-0.00391,0.87621,-0.07205,-0.07158,-0.00084,0.73667,0.00563,-0.00597,0.32318,0.07659,-0.00049,0.69880,-0.09706,0.02199,-0.00545,-0.19232,0.00844,-0.00337,0.31895,0.07292,-0.00039,0.69837,-0.09542,-0.01384,0.00031,0.82516,-0.00192,-0.00491,-0.31153,0.17371,-0.00030,0.69907,-0.09666,-0.00146,0.00246,-0.17591,0.00812,-0.00543,-0.31624,0.05926,-0.00059,0.69836,-0.09690,-0.01944,0.00229,0.25096,0.00813,-0.00436,-0.00195,0.06289,-0.00041,0.81800,-0.09521,-0.04290,0.00248
9.6000,960,1,9.7451,18.00,0.72345,0.03465,0.00352,0.26903,0.07011,0.00237,0.76384,-0.09088,0.04864,-0.02334,-0.19783,0.01320,-0.00339,0.27102,0.10545,-0.02762,0.74041,-0.08990,-0.03061,-0.00374,0.82024,0.03480,0.00182,-0.38085,0.15158,-0.00512,0.73886,-0.11440,-0.02371,-0.04895,-0.19596,0.02581,-0.01784,-0.34911,0.10413,0.00335,0.73102,-0.10282,0.05651,-0.01136,0.24771,0.00612,0.00510,-0.03134,0.04776,0.00218,0.85902,-0.11673,-0.07265,0.06706,0.73688,0.00270,-0.00597,0.32701,0.07676,-0.00018,0.69395,-0.09699,0.02172,-0.00540,-0.19194,0.00678,-0.00339,0.32260,0.07308,-0.00026,0.69360,-0.09535,-0.01382,0.00029,0.82501,-0.00433,-0.00492,-0.30284,0.17377,0.00007,0.69424,-0.09663,-0.00134,0.00243,-0.17557,0.00546,-0.00543,-0.31327,0.05949,-0.00037,0.69351,-0.09684,-0.01932,0.00227,0.25132,0.00599,-0.00437,0.00120,0.06305,-0.00022,0.81324,-0.09516,-0.04278,0.00246
9.6500,965,1,9.7539,8.80,0.72511,0.03338,0.00308,0.27220,0.06748,0.00179,0.75934,-0.08249,0.04924,-0.01149,-0.19783,0.01320,-0.00339,0.27102,0.10545,-0.02762,0.74041,-0.08990,-0.03061,-0.00374,0.82252,0.03919,0.00182,-0.37554,0.13686,-0.00512,0.73571,-0.09896,-0.02371,-0.04895,-0.19441,0.03574,-0.01784,-0.34385,0.10068,0.00335,0.72602,-0.09364,0.05651,-0.01136,0.24761,0.00125,0.00487,-0.02837,0.05303,-0.00022,0.85325,-0.11429,-0.07181,0.06494,0.73694,-0.00023,-0.00597,0.33085,0.07677,0.00012,0.68910,-0.09690,0.02146,-0.00534,-0.19164,0.00512,-0.00341,0.32626,0.07318,-0.00014,0.68884,-0.09526,-0.01381,0.00028,0.82473,-0.00675,-0.00494,-0.29415,0.17364,0.00045,0.68941,-0.09662,-0.00122,0.00240,-0.17537,0.00280,-0.00542,-0.31029,0.05962,-0.00015,0.68867,-0.09676,-0.01921,0.00225,0.25156,0.00384,-0.00439,0.00435,0.06311,-0.00003,0.80849,-0.09508,-0.04265,0.00245
9.7000,970,1,9.7612,7.26,0.72511,0.03338,0.00119,0.27220,0.06748,-0.00071,0.75934,-0.08249,0.04894,-0.01539,-0.19783,0.01320,-0.00339,0.27102,0.10545,-0.02762,0.74041,-0.08990,-0.03061,-0.00374,0.82252,0.03919,-0.00079,-0.37554,0.13686,-0.00134,0.73571,-0.09896,-0.02439,-0.00424,-0.19441,0.03574,-0.01692,-0.34385,0.10068,0.01829,0.72602,-0.09364,0.05483,-0.08745,0.24761,0.00125,0.00487,-0.02837,0.05303,-0.00022,0.85325,-0.11429,-0.07181,0.06494,0.73686,-0.00315,-0.00596,0.33469,0.07664,0.00042,0.68426,-0.09678,0.02119,-0.00528,-0.19143,0.00343,-0.00344,0.32992,0.07322,-0.00001,0.68408,-0.09513,-0.01380,0.00027,0.82433,-0.00919,-0.00498,-0.28548,0.17333,0.00082,0.68458,-0.09661,-0.00110,0.00238,-0.17529,0.00014,-0.00540,-0.30731,0.05964,0.00007,0.68384,-0.09664,-0.01910,0.00223,0.25170,0.00168,-0.00440,0.00750,0.06308,0.00015,0.80374,-0.09496,-0.04253,0.00243
9.7500,975,1,9.7688,7.60,0.72669,0.03216,0.00119,0.27565,0.06841,-0.00071,0.75527,-0.07833,0.04894,-0.01539,-0.19783,0.01320,-0.00339,0.27102,0.10545,-0.02762,0.74041,-0.08990,-0.03061,-0.00374,0.82252,0.03919,-0.00079,-0.37554,0.13686,-0.00134,0.73571,-0.09896,-0.02439,-0.00424,-0.19441,0.03574,-0.01692,-0.34385,0.10068,0.01829,0.72602,-0.09364,0.05483,-0.08745,0.24761,0.00125,0.00487,-0.02837,0.05303,-0.00022,0.85325,-0.11429,-0.07181,0.06494,0.73663,-0.00607,-0.00594,0.33851,0.07636,0.00072,0.67942,-0.09664,0.02093,-0.00523,-0.19130,0.00174,-0.00348,0.33358,0.07319,0.00011,0.67932,-0.09497,-0.01378,0.00025,0.82381,-0.01165,-0.00505,-0.27682,0.17283,0.00120,0.67975,-0.09660,-0.00098,0.00235,-0.17535,-0.00250,-0.00539,-0.30433,0.05955,0.00029,0.67901,-0.09649,-0.01899,0.00221,0.25173,-0.00048,-0.00442,0.01066,0.06296,0.00034,0.79899,-0.09481,-0.04241,0.00242
9.8000,980,1,9.7999,31.12,0.72682,0.01837,0.00332,0.28591,0.11229,-0.00870,0.75152,-0.07077,0.04607,-0.01407,-0.19728,0.01489,-0.00673,0.27682,0.11740,-0.01203,0.73660,-0.07941,-0.03095,0.03597,0.82400,0.03684,-0.00079,-0.36672,0.14005,-0.00134,0.73128,-0.08365,-0.02439,-0.00424,-0.19241,0.04262,-0.01692,-0.33902,0.09237,0.01829,0.72154,-0.08474,0.05483,-0.08745,0.24734,-0.00272,0.00429,-0.02531,0.05613,0.00236,0.84817,-0.09151,-0.07047,0.04187,0.73625,-0.00898,-0.00593,0.34232,0.07594,0.00101,0.67459,-0.09647,0.02067,-0.00517,-0.19126,0.00002,-0.00353,0.33724,0.07311,0.00024,0.67458,-0.09478,-0.01377,0.00024,0.82317,-0.01414,-0.00513,-0.26820,0.17215,0.00159,0.67492,-0.09660,-0.00087,0.00232,-0.17554,-0.00514,-0.00536,-0.30135,0.05936,0.00050,0.67419,-0.09631,-0.01888,0.00218,0.25165,-0.00265,-0.00443,0.01380,0.06274,0.00053,0.79426,-0.09462,-0.04229,0.00240
9.8500,985,1,9.8524,52.48,0.72968,0.02526,0.00113,0.29499,0.09843,0.01857,0.74379,-0.06837,0.04133,-0.03423,-0.19601,0.02076,-0.00390,0.28002,0.11342,-0.00917,0.72878,-0.09069,-0.02888,0.04883,0.82605,0.03438,0.01288,-0.36118,0.13624,0.00205,0.72809,-0.07151,-0.02166,0.04823,-0.19030,0.04136,0.00194,-0.33456,0.08707,0.01261,0.71756,-0.07276,0.04849,-0.15833,0.24715,-0.00469,0.00292,-0.02253,0.05512,0.00075,0.84391,-0.08235,-0.06905,0.02060,0.73573,-0.01188,-0.00590,0.34610,0.07537,0.00131,0.66978,-0.09628,0.02041,-0.00512,-0.19130,-0.00173,-0.00359,0.34089,0.07296,0.00038,0.66985,-0.09456,-0.01376,0.00023,0.82240,-0.01668,-0.00522,-0.25961,0.17127,0.00198,0.67009,-0.09661,-0.00075,0.00229,-0.17587,-0.00776,-0.00533,-0.29839,0.05906,0.00072,0.66938,-0.09609,-0.01877,0.00216,0.25147,-0.00483,-0.00445,0.01693,0.06244,0.00071,0.78953,-0.09441,-0.04217,0.00239
9.9000,990,1,9.8996,47.25,0.73170,0.03369,0.00076,0.29589,0.04534,0.01609,0.73134,-0.09385,0.03993,-0.02764,-0.19548,0.01722,0.00760,0.28713,0.12310,-0.00146,0.72591,-0.07772,-0.02663,0.01681,0.82723,0.02656,0.01288,-0.35185,0.14073,0.00205,0.72320,-0.07359,-0.02166,0.04823,-0.18720,0.04558,-0.00730,-0.33301,0.07771,-0.00296,0.71491,-0.05964,0.03376,-0.14117,0.24799,-0.00791,0.00336,-0.01300,0.09152,-0.00776,0.83716,-0.10137,-0.06640,0.02369,0.73507,-0.01477,-0.00587,0.34985,0.07466,0.00160,0.66497,-0.09606,0.02015,-0.00506,-0.19143,-0.00351,-0.00366,0.34453,0.07274,0.00051,0.66512,-0.09431,-0.01375,0.00022,0.82150,-0.01927,-0.00534,-0.25107,0.17020,0.00238,0.66526,-0.09662,-0.00064,0.00226,-0.17632,-0.01037,-0.00530,-0.29545,0.05865,0.00093,0.66458,-0.09584,-0.01866,0.00214,0.25117,-0.00701,-0.00446,0.02004,0.06204,0.00090,0.78482,-0.09415,-0.04205,0.00237
9.9500,995,1,9.9512,51.61,0.73329,0.03345,0.00350,0.29680,0.03511,0.00272,0.72569,-0.10448,0.03832,-0.03091,-0.19442,0.01542,0.00340,0.29088,0.11787,0.00213,0.71952,-0.08714,-0.02508,0.04099,0.82821,0.01963,0.01238,-0.34295,0.14927,-0.01021,0.71701,-0.09839,-0.01592,0.10649,-0.18484,0.04796,0.00666,-0.32909,0.07965,-0.00701,0.71215,-0.05221,0.02847,-0.06115,0.24800,-0.00735,0.00267,-0.00804,0.09563,-0.00561,0.83125,-0.11550,-0.06060,0.01635,0.73425,-0.01764,-0.00584,0.35357,0.07380,0.00188,0.66017,-0.09581,0.01990,-0.00501,-0.19165,-0.00532,-0.00373,0.34816,0.07245,0.00066,0.66042,-0.09402,-0.01374,0.00021,0.82047,-0.02192,-0.00548,-0.24259,0.16894,0.00279,0.66043,-0.09663,-0.00052,0.00224,-0.17690,-0.01296,-0.00526,-0.29253,0.05815,0.00114,0.65980,-0.09555,-0.01855,0.00212,0.25077,-0.00920,-0.00448,0.02313,0.06156,0.00109,0.78012,-0.09387,-0.04193,0.00235
10.0000,1000,2,10.0001,48.88,0.73573,0.02446,0.00667,0.30146,0.04751,-0.01698,0.71517,-0.10377,0.03470,-0.02137,-0.19398,0.01197,0.00231,0.29746,0.12215,0.00769,0.71594,-0.08351,-0.02125,0.11915,0.82988,0.02146,0.01281,-0.33765,0.13276,-0.00782,0.71422,-0.08684,-0.01346,0.02776,-0.17952,0.05794,0.01411,-0.33061,0.05652,-0.01347,0.71005,-0.05218,0.02514,-0.05093,0.24807,-0.00502,0.00251,-0.00412,0.08858,0.01078,0.82607,-0.10321,-0.05679,-0.01451,0.73573,0.02446,0.00667,0.30146,0.04751,-0.01698,0.71517,-0.10377,0.03470,-0.02137,-0.19398,0.01197,0.00231,0.29746,0.12215,0.00769,0.71594,-0.08351,-0.02125,0.11915,0.82988,0.02146,0.01281,-0.33765,0.13276,-0.00782,0.71422,-0.08684,-0.01346,0.02776,-0.17952,0.05794,0.01411,-0.33061,0.05652,-0.01347,0.71005,-0.05218,0.02514,-0.05093,0.24807,-0.00502,0.00251,-0.00412,0.08858,0.01078,0.82607,-0.10321,-0.05679,-0.01451
10.0500,1005,2,10.0539,53.84,0.73686,0.02042,0.00667,0.30403,0.05565,-0.01698,0.70997,-0.10063,0.03470,-0.02137,-0.19264,0.01508,0.00679,0.30237,0.10781,0.01395,0.70839,-0.10863,-0.01494,0.13348,0.82946,0.00821,0.00983,-0.32850,0.14714,-0.00577,0.70723,-0.09817,-0.01270,-0.00765,-0.17714,0.04868,0.01411,-0.32721,0.06789,-0.01347,0.70727,-0.06404,0.02514,-0.05093,0.24835,-0.00206,0.00270,-0.00075,0.07413,0.01574,0.82021,-0.09705,-0.05388,-0.07473,0.73701,0.02640,0.00155,0.30402,0.05440,-0.01146,0.71012,-0.09915,0.03369,-0.01898,-0.19337,0.01220,-0.00115,0.30349,0.11902,0.00531,0.71145,-0.09536,-0.01570,0.10346,0.83106,0.02514,0.00284,-0.33091,0.13678,-0.00843,0.70946,-0.10245,-0.01216,0.02430,-0.17650,0.06236,0.00455,-0.32764,0.06164,-0.00777,0.70717,-0.06264,0.02276,-0.04443,0.24784,-0.00438,0.00023,0.00019,0.08410,0.00769,0.82093,-0.10242,-0.05745,-0.01188
10.1000,1010,2,10.0999,45.94,0.73686,0.02042,0.01175,0.30403,0.05565,-0.01559,0.70997,-0.10063,0.03454,0.02412,-0.19242,0.01039,0.00276,0.30752,0.10005,0.01734,0.70404,-0.10146,-0.00890,0.08682,0.82936,0.00168,0.00903,-0.31966,0.15084,0.01078,0.70235,-0.09555,-0.01355,-0.06845,-0.17486,0.04245,0.01198,-0.32361,0.07549,-0.01840,0.70376,-0.07460,0.02242,-0.00659,0.24886,0.00541,-0.00038,-0.00030,0.04607,0.01799,0.81426,-0.09018,-0.05972,-0.09778,0.73833,0.02623,-0.00203,0.30686,0.05903,-0.00762,0.70520,-0.09813,0.03280,-0.01690,-0.19279,0.01103,-0.00344,0.30938,0.11679,0.00391,0.70648,-0.10280,-0.01087,0.08977,0.83232,0.02478,-0.00385,-0.32397,0.14091,-0.00829,0.70406,-0.11320,-0.01102,0.02129,-0.17335,0.06291,-0.00189,-0.32448,0.06444,-0.00389,0.70381,-0.07137,0.02069,-0.03874,0.24761,-0.00468,-0.00136,0.00431,0.08086,0.00566,0.81581,-0.10230,-0.05799,-0.00959
10.1500,1015,2,10.7082,608.36,0.73686,0.02042,0.01175,0.30403,0.05565,-0.01559,0.70997,-0.10063,0.03454,0.02412,-0.19193,0.00929,0.00084,0.31225,0.08768,0.03863,0.69935,-0.08702,-0.00427,0.04891,0.82925,-0.00369,0.00904,-0.31148,0.14020,0.04131,0.69825,-0.08381,-0.01597,-0.01825,-0.17298,0.03152,0.01898,-0.31974,0.07880,-0.00847,0.69985,-0.07972,0.02214,-0.01687,0.24907,0.00586,-0.00190,0.00001,0.03362,0.01869,0.80951,-0.06436,-0.06617,-0.10796,0.73961,0.02458,-0.00454,0.30989,0.06207,-0.00493,0.70027,-0.09907,0.03200,-0.01509,-0.19228,0.00896,-0.00492,0.31517,0.11507,0.00318,0.70122,-0.10744,-0.00669,0.07782,0.83350,0.02173,-0.00830,-0.31682,0.14484,-0.00765,0.69820,-0.12065,-0.01003,0.01868,-0.17025,0.06086,-0.00618,-0.32122,0.06566,-0.00125,0.70005,-0.07876,0.01888,-0.03377,0.24736,-0.00564,-0.00249,0.00829,0.07844,0.00434,0.81070,-0.10251,-0.05842,-0.00760
10.2000,1020,2,10.7273,19.10,0.73138,-0.00919,-0.00103,0.32401,-0.01771,0.02666,0.68774,0.00805,0.04937,0.02275,-0.18444,-0.00520,0.00890,0.29921,-0.00713,-0.02879,0.69734,0.02264,0.00904,-0.01917,0.82699,-0.01996,-0.00453,-0.29861,0.05180,0.05720,0.68939,-0.02163,-0.01832,-0.03182,-0.19182,-0.03626,-0.02703,-0.26500,0.02895,0.06254,0.69603,0.12138,-0.06123,-0.25913,0.24657,-0.00201,-0.00350,0.01606,-0.00238,0.00378,0.79978,-0.00124,-0.10497,-0.01814,0.74077,0.02191,-0.00628,0.31305,0.06399,-0.00302,0.69527,-0.10098,0.03129,-0.01351,-0.19190,0.00629,-0.00588,0.32089,0.11360,0.00289,0.69577,-0.11029,-0.00307,0.06738,0.83447,0.01689,-0.01122,-0.30949,0.14837,-0.00669,0.69203,-0.12581,-0.00915,0.01640,-0.16730,0.05709,-0.00899,-0.31793,0.06580,0.00055,0.69595,-0.08504,0.01730,-0.02942,0.24704,-0.00706,-0.00328,0.01216,0.07653,0.00352,0.80556,-0.10288,-0.05875,-0.00587
10.2500,1025,2,10.7463,18.97,0.73092,-0.00732,-0.00103,0.32308,-0.03008,0.02666,0.68820,0.02199,0.04937,0.02275,-0.18421,-0.00966,0.01198,0.29991,0.01257,-0.03634,0.69831,0.02032,0.00789,-0.02623,0.82447,-0.01740,-0.01122,-0.29382,0.00919,0.05369,0.68813,0.00928,-0.01889,-0.02142,-0.19182,-0.03626,-0.04617,-0.26500,0.02895,0.06384,0.69603,0.12138,-0.07123,-0.12760,0.24731,0.00525,0.00147,0.01352,-0.02361,0.01086,0.79978,0.01285,-0.10689,0.02754,0.74179,0.01851,-0.00747,0.31628,0.06511,-0.00164,0.69017,-0.10326,0.03064,-0.01214,-0.19166,0.00325,-0.00649,0.32653,0.11219,0.00289,0.69021,-0.11199,0.00007,0.05828,0.83516,0.01089,-0.01312,-0.30199,0.15137,-0.00553,0.68564,-0.12936,-0.00838,0.01442,-0.16456,0.05221,-0.01078,-0.31465,0.06522,0.00176,0.69156,-0.09040,0.01592,-0.02562,0.24665,-0.00882,-0.00385,0.01595,0.07493,0.00304,0.80041,-0.10328,-0.05901,-0.00438
10.3000,1030,2,10.7566,10.29,0.73092,-0.00732,-0.00628,0.32308,-0.03008,0.02390,0.68820,0.02199,0.05161,0.02652,-0.18421,-0.00966,0.01198,0.29991,0.01257,-0.03634,0.69831,0.02032,0.00789,-0.02623,0.82447,-0.01740,-0.01352,-0.29382,0.00919,0.04374,0.68813,0.00928,-0.01860,-0.06623,-0.19182,-0.03626,-0.04617,-0.26500,0.02895,0.06384,0.69603,0.12138,-0.07123,-0.12760,0.24731,0.00525,0.00147,0.01352,-0.02361,0.01086,0.79978,0.01285,-0.10689,0.02754,0.74262,0.01464,-0.00827,0.31955,0.06566,-0.00062,0.68495,-0.10557,0.03007,-0.01095,-0.19158,-0.00004,-0.00689,0.33211,0.11073,0.00306,0.68458,-0.11294,0.00278,0.05033,0.83554,0.00413,-0.01433,-0.29436,0.15378,-0.00426,0.67911,-0.13174,-0.00771,0.01270,-0.16209,0.04663,-0.01188,-0.31142,0.06414,0.00258,0.68693,-0.09494,0.01473,-0.02229,0.24616,-0.01082,-0.00426,0.01966,0.07351,0.00280,0.79523,-0.10365,-0.05919,-0.00308
10.3500,1035,2,11.5955,838.92,0.73092,-0.00732,-0.00628,0.32308,-0.03008,0.02390,0.68820,0.02199,0.05161,0.02652,-0.18421,-0.00966,0.01198,0.29991,0.01257,-0.03634,0.69831,0.02032,0.00789,-0.02623,0.82447,-0.01740,-0.01352,-0.29382,0.00919,0.04374,0.68813,0.00928,-0.01860,-0.06623,-0.19182,-0.03626,-0.04617,-0.26500,0.02895,0.06384,0.69603,0.12138,-0.07123,-0.12760,0.24731,0.00525,0.00147,0.01352,-0.02361,0.01086,0.79978,0.01285,-0.10689,0.02754,0.74324,0.01045,-0.00877,0.32284,0.06576,0.00015,0.67961,-0.10769,0.02955,-0.00991,-0.19167,-0.00349,-0.00715,0.33761,0.10916,0.00336,0.67892,-0.11339,0.00512,0.04340,0.83557,-0.00310,-0.01510,-0.28663,0.15554,-0.00292,0.67248,-0.13326,-0.00711,0.01120,-0.15990,0.04064,-0.01249,-0.30825,0.06273,0.00312,0.68208,-0.09876,0.01369,-0.01939,0.24556,-0.01298,-0.00455,0.02330,0.07216,0.00271,0.79004,-0.10393,-0.05932,-0.00195
