t,k,ping,wall,tick_ms,mx0,mxd0,mth0,my0,myd0,mph0,mz0,mzd0,mps0,mr0,mx1,mxd1,mth1,my1,myd1,mph1,mz1,mzd1,mps1,mr1,mx2,mxd2,mth2,my2,myd2,mph2,mz2,mzd2,mps2,mr2,mx3,mxd3,mth3,my3,myd3,mph3,mz3,mzd3,mps3,mr3,px0,pxd0,pth0,py0,pyd0,pph0,pz0,pzd0,pps0,pr0,px1,pxd1,pth1,py1,pyd1,pph1,pz1,pzd1,pps1,pr1,px2,pxd2,pth2,py2,pyd2,pph2,pz2,pzd2,pps2,pr2,px3,pxd3,pth3,py3,pyd3,pph3,pz3,pzd3,pps3,pr3
0.0000,0,0,0.0000,0.00,0.55000,0.00000,0.00000,0.36000,0.00000,0.00000,0.55000,0.00000,0.00000,0.00000,-0.35000,0.00000,0.00000,0.36000,0.00000,0.00000,0.55000,0.00000,0.00000,0.00000,0.55000,0.00000,0.00000,-0.28000,0.00000,0.00000,0.55000,0.00000,0.00000,0.00000,-0.35000,0.00000,0.00000,-0.28000,0.00000,0.00000,0.55000,0.00000,0.00000,0.00000,0.55000,0.00000,0.00000,0.36000,0.00000,0.00000,0.55000,0.00000,0.00000,0.00000,-0.35000,0.00000,0.00000,0.36000,0.00000,0.00000,0.55000,0.00000,0.00000,0.00000,0.55000,0.00000,0.00000,-0.28000,0.00000,0.00000,0.55000,0.00000,0.00000,0.00000,-0.35000,0.00000,0.00000,-0.28000,0.00000,0.00000,0.55000,0.00000,0.00000,0.00000
0.0500,5,0,0.0504,50.38,0.55000,0.00000,0.00000,0.36000,0.00000,0.00000,0.55000,0.00000,0.00000,0.00000,-0.35000,0.00000,0.00000,0.36000,0.00000,0.00000,0.55000,0.00000,0.00000,0.00000,0.55000,0.00000,0.00000,-0.28000,0.00000,0.00000,0.55000,0.00000,0.00000,0.00000,-0.35000,0.00000,0.00000,-0.28000,0.00000,0.00000,0.55000,0.00000,0.00000,0.00000,0.54997,-0.00171,-0.00644,0.36000,0.00021,-0.00082,0.55031,0.01205,0.00000,0.00000,-0.35002,-0.00094,-0.00358,0.36001,0.00034,-0.00129,0.55023,0.00905,0.00000,0.00000,0.54998,-0.00094,-0.00358,-0.27999,0.00034,-0.00129,0.55023,0.00905,0.00000,0.00000,-0.35002,-0.00094,-0.00358,-0.27999,0.00034,-0.00129,0.55023,0.00905,0.00000,0.00000
0.1000,10,0,0.1002,49.87,0.55000,0.00000,0.00000,0.36000,0.00000,0.00000,0.55000,0.00000,0.00000,0.00000,-0.35000,0.00000,0.00000,0.36000,0.00000,0.00000,0.55000,0.00000,0.00000,0.00000,0.55000,0.00000,0.00000,-0.28000,0.00000,0.00000,0.55000,0.00000,0.00000,0.00000,-0.35000,0.00000,0.00000,-0.28000,0.00000,0.00000,0.55000,0.00000,0.00000,0.00000,0.54979,-0.00590,-0.01032,0.36003,0.00078,-0.00147,0.55118,0.02239,0.00000,0.00000,-0.35012,-0.00331,-0.00593,0.36004,0.00120,-0.00214,0.55090,0.01772,0.00000,0.00000,0.54988,-0.00331,-0.00593,-0.27996,0.00120,-0.00214,0.55090,0.01772,0.00000,0.00000,-0.35012,-0.00331,-0.00593,-0.27996,0.00120,-0.00214,0.55090,0.01772,0.00000,0.00000
0.1500,15,0,0.1501,49.89,0.55000,0.00000,0.00000,0.36000,0.00000,0.00000,0.55000,0.00000,0.00000,0.00000,-0.35000,0.00000,0.00000,0.36000,0.00000,0.00000,0.55000,0.00000,0.00000,0.00000,0.55000,0.00000,0.00000,-0.28000,0.00000,0.00000,0.55000,0.00000,0.00000,0.00000,-0.35000,0.00000,0.00000,-0.28000,0.00000,0.00000,0.55000,0.00000,0.00000,0.00000,0.54936,-0.01155,-0.01247,0.36009,0.00163,-0.00198,0.55253,0.03141,0.00000,0.00000,-0.35036,-0.00661,-0.00742,0.36013,0.00239,-0.00269,0.55199,0.02592,0.00000,0.00000,0.54964,-0.00661,-0.00742,-0.27987,0.00239,-0.00269,0.55199,0.02592,0.00000,0.00000,-0.35036,-0.00661,-0.00742,-0.27987,0.00239,-0.00269,0.55199,0.02592,0.00000,0.00000
0.2000,20,0,0.2002,50.08,0.55000,0.00000,0.00000,0.36000,0.00000,0.00000,0.55000,0.00000,0.00000,0.00000,-0.35000,0.00000,0.00000,0.36000,0.00000,0.00000,0.55000,0.00000,0.00000,0.00000,0.55000,0.00000,0.00000,-0.28000,0.00000,0.00000,0.55000,0.00000,0.00000,0.00000,-0.35000,0.00000,0.00000,-0.28000,0.00000,0.00000,0.55000,0.00000,0.00000,0.00000,0.54862,-0.01795,-0.01347,0.36019,0.00270,-0.00238,0.55430,0.03939,0.00000,0.00000,-0.35079,-0.01050,-0.00832,0.36029,0.00380,-0.00303,0.55348,0.03363,0.00000,0.00000,0.54921,-0.01050,-0.00832,-0.27971,0.00380,-0.00303,0.55348,0.03363,0.00000,0.00000,-0.35079,-0.01050,-0.00832,-0.27971,0.00380,-0.00303,0.55348,0.03363,0.00000,0.00000
0.2500,25,0,0.2502,50.00,0.55000,0.00000,0.00000,0.36000,0.00000,0.00000,0.55000,0.00000,0.00000,0.00000,-0.35000,0.00000,0.00000,0.36000,0.00000,0.00000,0.55000,0.00000,0.00000,0.00000,0.55000,0.00000,0.00000,-0.28000,0.00000,0.00000,0.55000,0.00000,0.00000,0.00000,-0.35000,0.00000,0.00000,-0.28000,0.00000,0.00000,0.55000,0.00000,0.00000,0.00000,0.54756,-0.02464,-0.01370,0.36036,0.00395,-0.00270,0.55645,0.04652,0.00000,0.00000,-0.35142,-0.01471,-0.00881,0.36051,0.00534,-0.00323,0.55535,0.04084,0.00000,0.00000,0.54858,-0.01471,-0.00881,-0.27949,0.00534,-0.00323,0.55535,0.04084,0.00000,0.00000,-0.35142,-0.01471,-0.00881,-0.27949,0.00534,-0.00323,0.55535,0.04084,0.00000,0.00000
0.3000,30,0,0.3012,51.02,0.55000,0.00000,0.00000,0.36000,0.00000,0.00000,0.55000,0.00000,0.00000,0.00000,-0.35000,0.00000,0.00000,0.36000,0.00000,0.00000,0.55000,0.00000,0.00000,0.00000,0.55000,0.00000,0.00000,-0.28000,0.00000,0.00000,0.55000,0.00000,0.00000,0.00000,-0.35000,0.00000,0.00000,-0.28000,0.00000,0.00000,0.55000,0.00000,0.00000,0.00000,0.54616,-0.03132,-0.01344,0.36059,0.00534,-0.00295,0.55894,0.05295,0.00000,0.00000,-0.35226,-0.01909,-0.00900,0.36082,0.00696,-0.00333,0.55756,0.04755,0.00000,0.00000,0.54774,-0.01909,-0.00900,-0.27918,0.00696,-0.00333,0.55756,0.04755,0.00000,0.00000,-0.35226,-0.01909,-0.00900,-0.27918,0.00696,-0.00333,0.55756,0.04755,0.00000,0.00000
0.3500,35,0,0.3503,49.05,0.55000,0.00000,0.00000,0.36000,0.00000,0.00000,0.55000,0.00000,0.00000,0.00000,-0.35000,0.00000,0.00000,0.36000,0.00000,0.00000,0.55000,0.00000,0.00000,0.00000,0.55000,0.00000,0.00000,-0.28000,0.00000,0.00000,0.55000,0.00000,0.00000,0.00000,-0.35000,0.00000,0.00000,-0.28000,0.00000,0.00000,0.55000,0.00000,0.00000,0.00000,0.54443,-0.03778,-0.01288,0.36089,0.00684,-0.00315,0.56174,0.05878,0.00000,0.00000,-0.35333,-0.02351,-0.00899,0.36121,0.00860,-0.00337,0.56009,0.05378,0.00000,0.00000,0.54667,-0.02351,-0.00899,-0.27879,0.00860,-0.00337,0.56009,0.05378,0.00000,0.00000,-0.35333,-0.02351,-0.00899,-0.27879,0.00860,-0.00337,0.56009,0.05378,0.00000,0.00000
0.4000,40,0,0.4002,49.96,0.55000,0.00000,0.00000,0.36000,0.00000,0.00000,0.55000,0.00000,0.00000,0.00000,-0.35000,0.00000,0.00000,0.36000,0.00000,0.00000,0.55000,0.00000,0.00000,0.00000,0.55000,0.00000,0.00000,-0.28000,0.00000,0.00000,0.55000,0.00000,0.00000,0.00000,-0.35000,0.00000,0.00000,-0.28000,0.00000,0.00000,0.55000,0.00000,0.00000,0.00000,0.54238,-0.04392,-0.01212,0.36128,0.00842,-0.00330,0.56481,0.06407,0.00000,0.00000,-0.35461,-0.02789,-0.00884,0.36168,0.01025,-0.00336,0.56293,0.05955,0.00000,0.00000,0.54539,-0.02789,-0.00884,-0.27832,0.01025,-0.00336,0.56293,0.05955,0.00000,0.00000,-0.35461,-0.02789,-0.00884,-0.27832,0.01025,-0.00336,0.56293,0.05955,0.00000,0.00000
0.4500,45,0,0.4505,50.28,0.55000,0.00000,0.00000,0.36000,0.00000,0.00000,0.55000,0.00000,0.00000,0.00000,-0.35000,0.00000,0.00000,0.36000,0.00000,0.00000,0.55000,0.00000,0.00000,0.00000,0.55000,0.00000,0.00000,-0.28000,0.00000,0.00000,0.55000,0.00000,0.00000,0.00000,-0.35000,0.00000,0.00000,-0.28000,0.00000,0.00000,0.55000,0.00000,0.00000,0.00000,0.54004,-0.04966,-0.01127,0.36174,0.01006,-0.00341,0.56814,0.06890,0.00000,0.00000,-0.35611,-0.03217,-0.00860,0.36223,0.01189,-0.00331,0.56604,0.06487,0.00000,0.00000,0.54389,-0.03217,-0.00860,-0.27777,0.01189,-0.00331,0.56604,0.06487,0.00000,0.00000,-0.35611,-0.03217,-0.00860,-0.27777,0.01189,-0.00331,0.56604,0.06487,0.00000,0.00000
0.5000,50,0,0.5002,49.67,0.55000,0.00000,0.00000,0.36000,0.00000,0.00000,0.55000,0.00000,0.00000,0.00000,-0.35000,0.00000,0.00000,0.36000,0.00000,0.00000,0.55000,0.00000,0.00000,0.00000,0.55000,0.00000,0.00000,-0.28000,0.00000,0.00000,0.55000,0.00000,0.00000,0.00000,-0.35000,0.00000,0.00000,-0.28000,0.00000,0.00000,0.55000,0.00000,0.00000,0.00000,0.53743,-0.05497,-0.01037,0.36228,0.01176,-0.00348,0.57169,0.07330,0.00000,0.00000,-0.35783,-0.03631,-0.00828,0.36287,0.01350,-0.00325,0.56941,0.06977,0.00000,0.00000,0.54217,-0.03631,-0.00828,-0.27713,0.01350,-0.00325,0.56941,0.06977,0.00000,0.00000,-0.35783,-0.03631,-0.00828,-0.27713,0.01350,-0.00325,0.56941,0.06977,0.00000,0.00000
0.5500,55,0,0.5508,50.56,0.55000,0.00000,0.00000,0.36000,0.00000,0.00000,0.55000,0.00000,0.00000,0.00000,-0.35000,0.00000,0.00000,0.36000,0.00000,0.00000,0.55000,0.00000,0.00000,0.00000,0.55000,0.00000,0.00000,-0.28000,0.00000,0.00000,0.55000,0.00000,0.00000,0.00000,-0.35000,0.00000,0.00000,-0.28000,0.00000,0.00000,0.55000,0.00000,0.00000,0.00000,0.53455,-0.05983,-0.00947,0.36291,0.01348,-0.00353,0.57546,0.07731,0.00000,0.00000,-0.35974,-0.04028,-0.00791,0.36358,0.01507,-0.00317,0.57301,0.07427,0.00000,0.00000,0.54026,-0.04028,-0.00791,-0.27642,0.01507,-0.00317,0.57301,0.07427,0.00000,0.00000,-0.35974,-0.04028,-0.00791,-0.27642,0.01507,-0.00317,0.57301,0.07427,0.00000,0.00000
0.6000,60,0,0.6005,49.74,0.55000,0.00000,0.00000,0.36000,0.00000,0.00000,0.55000,0.00000,0.00000,0.00000,-0.35000,0.00000,0.00000,0.36000,0.00000,0.00000,0.55000,0.00000,0.00000,0.00000,0.55000,0.00000,0.00000,-0.28000,0.00000,0.00000,0.55000,0.00000,0.00000,0.00000,-0.35000,0.00000,0.00000,-0.28000,0.00000,0.00000,0.55000,0.00000,0.00000,0.00000,0.53145,-0.06425,-0.00857,0.36363,0.01521,-0.00355,0.57942,0.08097,0.00000,0.00000,-0.36185,-0.04407,-0.00752,0.36438,0.01660,-0.00307,0.57683,0.07840,0.00000,0.00000,0.53815,-0.04407,-0.00752,-0.27562,0.01660,-0.00307,0.57683,0.07840,0.00000,0.00000,-0.36185,-0.04407,-0.00752,-0.27562,0.01660,-0.00307,0.57683,0.07840,0.00000,0.00000
0.6500,65,0,0.6501,49.62,0.55000,0.00000,0.00000,0.36000,0.00000,0.00000,0.55000,0.00000,0.00000,0.00000,-0.35000,0.00000,0.00000,0.36000,0.00000,0.00000,0.55000,0.00000,0.00000,0.00000,0.55000,0.00000,0.00000,-0.28000,0.00000,0.00000,0.55000,0.00000,0.00000,0.00000,-0.35000,0.00000,0.00000,-0.28000,0.00000,0.00000,0.55000,0.00000,0.00000,0.00000,0.52814,-0.06825,-0.00771,0.36443,0.01695,-0.00354,0.58355,0.08431,0.00000,0.00000,-0.36415,-0.04765,-0.00710,0.36524,0.01809,-0.00297,0.58084,0.08217,0.00000,0.00000,0.53585,-0.04765,-0.00710,-0.27476,0.01809,-0.00297,0.58084,0.08217,0.00000,0.00000,-0.36415,-0.04765,-0.00710,-0.27476,0.01809,-0.00297,0.58084,0.08217,0.00000,0.00000
0.7000,70,0,0.7002,50.08,0.55000,0.00000,0.00000,0.36000,0.00000,0.00000,0.55000,0.00000,0.00000,0.00000,-0.35000,0.00000,0.00000,0.36000,0.00000,0.00000,0.55000,0.00000,0.00000,0.00000,0.55000,0.00000,0.00000,-0.28000,0.00000,0.00000,0.55000,0.00000,0.00000,0.00000,-0.35000,0.00000,0.00000,-0.28000,0.00000,0.00000,0.55000,0.00000,0.00000,0.00000,0.52463,-0.07182,-0.00688,0.36533,0.01868,-0.00352,0.58784,0.08734,0.00000,0.00000,-0.36661,-0.05103,-0.00666,0.36618,0.01952,-0.00286,0.58504,0.08562,0.00000,0.00000,0.53339,-0.05103,-0.00666,-0.27382,0.01952,-0.00286,0.58504,0.08562,0.00000,0.00000,-0.36661,-0.05103,-0.00666,-0.27382,0.01952,-0.00286,0.58504,0.08562,0.00000,0.00000
0.7500,75,0,0.7501,49.94,0.55000,0.00000,0.00000,0.36000,0.00000,0.00000,0.55000,0.00000,0.00000,0.00000,-0.35000,0.00000,0.00000,0.36000,0.00000,0.00000,0.55000,0.00000,0.00000,0.00000,0.55000,0.00000,0.00000,-0.28000,0.00000,0.00000,0.55000,0.00000,0.00000,0.00000,-0.35000,0.00000,0.00000,-0.28000,0.00000,0.00000,0.55000,0.00000,0.00000,0.00000,0.52096,-0.07500,-0.00609,0.36630,0.02040,-0.00347,0.59228,0.09010,0.00000,0.00000,-0.36924,-0.05419,-0.00622,0.36719,0.02089,-0.00275,0.58940,0.08875,0.00000,0.00000,0.53076,-0.05419,-0.00622,-0.27281,0.02089,-0.00275,0.58940,0.08875,0.00000,0.00000,-0.36924,-0.05419,-0.00622,-0.27281,0.02089,-0.00275,0.58940,0.08875,0.00000,0.00000
0.8000,80,0,0.8001,49.98,0.55000,0.00000,0.00000,0.36000,0.00000,0.00000,0.55000,0.00000,0.00000,0.00000,-0.35000,0.00000,0.00000,0.36000,0.00000,0.00000,0.55000,0.00000,0.00000,0.00000,0.55000,0.00000,0.00000,-0.28000,0.00000,0.00000,0.55000,0.00000,0.00000,0.00000,-0.35000,0.00000,0.00000,-0.28000,0.00000,0.00000,0.55000,0.00000,0.00000,0.00000,0.51714,-0.07780,-0.00535,0.36737,0.02209,-0.00341,0.59685,0.09259,0.00000,0.00000,-0.37203,-0.05713,-0.00578,0.36827,0.02221,-0.00263,0.59391,0.09160,0.00000,0.00000,0.52797,-0.05713,-0.00578,-0.27173,0.02221,-0.00263,0.59391,0.09160,0.00000,0.00000,-0.37203,-0.05713,-0.00578,-0.27173,0.02221,-0.00263,0.59391,0.09160,0.00000,0.00000
0.8500,85,0,0.8501,49.99,0.55000,0.00000,0.00000,0.36000,0.00000,0.00000,0.55000,0.00000,0.00000,0.00000,-0.35000,0.00000,0.00000,0.36000,0.00000,0.00000,0.55000,0.00000,0.00000,0.00000,0.55000,0.00000,0.00000,-0.28000,0.00000,0.00000,0.55000,0.00000,0.00000,0.00000,-0.35000,0.00000,0.00000,-0.28000,0.00000,0.00000,0.55000,0.00000,0.00000,0.00000,0.51318,-0.08025,-0.00464,0.36851,0.02374,-0.00334,0.60154,0.09484,0.00000,0.00000,-0.37495,-0.05986,-0.00533,0.36941,0.02347,-0.00251,0.59856,0.09417,0.00000,0.00000,0.52505,-0.05986,-0.00533,-0.27059,0.02347,-0.00251,0.59856,0.09417,0.00000,0.00000,-0.37495,-0.05986,-0.00533,-0.27059,0.02347,-0.00251,0.59856,0.09417,0.00000,0.00000
0.9000,90,0,0.9001,50.03,0.55000,0.00000,0.00000,0.36000,0.00000,0.00000,0.55000,0.00000,0.00000,0.00000,-0.35000,0.00000,0.00000,0.36000,0.00000,0.00000,0.55000,0.00000,0.00000,0.00000,0.55000,0.00000,0.00000,-0.28000,0.00000,0.00000,0.55000,0.00000,0.00000,0.00000,-0.35000,0.00000,0.00000,-0.28000,0.00000,0.00000,0.55000,0.00000,0.00000,0.00000,0.50912,-0.08237,-0.00398,0.36974,0.02536,-0.00325,0.60633,0.09687,0.00000,0.00000,-0.37801,-0.06236,-0.00489,0.37062,0.02467,-0.00238,0.60332,0.09649,0.00000,0.00000,0.52199,-0.06236,-0.00489,-0.26938,0.02467,-0.00238,0.60332,0.09649,0.00000,0.00000,-0.37801,-0.06236,-0.00489,-0.26938,0.02467,-0.00238,0.60332,0.09649,0.00000,0.00000
0.9500,95,0,0.9502,50.04,0.55000,0.00000,0.00000,0.36000,0.00000,0.00000,0.55000,0.00000,0.00000,0.00000,-0.35000,0.00000,0.00000,0.36000,0.00000,0.00000,0.55000,0.00000,0.00000,0.00000,0.55000,0.00000,0.00000,-0.28000,0.00000,0.00000,0.55000,0.00000,0.00000,0.00000,-0.35000,0.00000,0.00000,-0.28000,0.00000,0.00000,0.55000,0.00000,0.00000,0.00000,0.50495,-0.08417,-0.00336,0.37105,0.02693,-0.00315,0.61122,0.09869,0.00000,0.00000,-0.38119,-0.06465,-0.00444,0.37188,0.02581,-0.00225,0.60820,0.09857,0.00000,0.00000,0.51881,-0.06465,-0.00444,-0.26812,0.02581,-0.00225,0.60820,0.09857,0.00000,0.00000,-0.38119,-0.06465,-0.00444,-0.26812,0.02581,-0.00225,0.60820,0.09857,0.00000,0.00000
1.0000,100,1,1.0003,50.09,0.55000,0.00000,0.00000,0.36000,0.00000,0.00000,0.55000,0.00000,0.00000,0.00000,-0.35000,0.00000,0.00000,0.36000,0.00000,0.00000,0.55000,0.00000,0.00000,0.00000,0.55000,0.00000,0.00000,-0.28000,0.00000,0.00000,0.55000,0.00000,0.00000,0.00000,-0.35000,0.00000,0.00000,-0.28000,0.00000,0.00000,0.55000,0.00000,0.00000,0.00000,0.55000,0.00000,0.00000,0.36000,0.00000,0.00000,0.55000,0.00000,0.00000,0.00000,-0.35000,0.00000,0.00000,0.36000,0.00000,0.00000,0.55000,0.00000,0.00000,0.00000,0.55000,0.00000,0.00000,-0.28000,0.00000,0.00000,0.55000,0.00000,0.00000,0.00000,-0.35000,0.00000,0.00000,-0.28000,0.00000,0.00000,0.55000,0.00000,0.00000,0.00000
1.0500,105,1,1.0504,50.15,0.55000,0.00000,0.00000,0.36000,0.00000,0.00000,0.55000,0.00000,0.00000,0.00000,-0.35000,0.00000,0.00000,0.36000,0.00000,0.00000,0.55000,0.00000,0.00000,0.00000,0.55000,0.00000,0.00000,-0.28000,0.00000,0.00000,0.55000,0.00000,0.00000,0.00000,-0.35000,0.00000,0.00000,-0.28000,0.00000,0.00000,0.55000,0.00000,0.00000,0.00000,0.54997,-0.00150,-0.00564,0.36001,0.00060,-0.00228,0.55052,0.02029,0.00000,0.00000,-0.35001,-0.00070,-0.00267,0.36001,0.00038,-0.00145,0.55036,0.01438,0.00000,0.00000,0.54999,-0.00070,-0.00267,-0.27999,0.00038,-0.00145,0.55036,0.01438,0.00000,0.00000,-0.35001,-0.00070,-0.00267,-0.27999,0.00038,-0.00145,0.55036,0.01438,0.00000,0.00000
1.1000,110,1,1.1004,50.01,0.55000,0.00000,0.00000,0.36000,0.00000,0.00000,0.55000,0.00000,0.00000,0.00000,-0.35000,0.00000,0.00000,0.36000,0.00000,0.00000,0.55000,0.00000,0.00000,0.00000,0.55000,0.00000,0.00000,-0.28000,0.00000,0.00000,0.55000,0.00000,0.00000,0.00000,-0.35000,0.00000,0.00000,-0.28000,0.00000,0.00000,0.55000,0.00000,0.00000,0.00000,0.54981,-0.00516,-0.00897,0.36007,0.00210,-0.00372,0.55197,0.03723,0.00000,0.00000,-0.35009,-0.00246,-0.00440,0.36005,0.00134,-0.00238,0.55143,0.02804,0.00000,0.00000,0.54991,-0.00246,-0.00440,-0.27995,0.00134,-0.00238,0.55143,0.02804,0.00000,0.00000,-0.35009,-0.00246,-0.00440,-0.27995,0.00134,-0.00238,0.55143,0.02804,0.00000,0.00000
1.1500,115,1,1.1504,49.99,0.55000,0.00000,0.00000,0.36000,0.00000,0.00000,0.55000,0.00000,0.00000,0.00000,-0.35000,0.00000,0.00000,0.36000,0.00000,0.00000,0.55000,0.00000,0.00000,0.00000,0.55000,0.00000,0.00000,-0.28000,0.00000,0.00000,0.55000,0.00000,0.00000,0.00000,-0.35000,0.00000,0.00000,-0.28000,0.00000,0.00000,0.55000,0.00000,0.00000,0.00000,0.54944,-0.01005,-0.01076,0.36023,0.00416,-0.00458,0.55420,0.05163,0.00000,0.00000,-0.35027,-0.00491,-0.00549,0.36015,0.00266,-0.00297,0.55315,0.04085,0.00000,0.00000,0.54973,-0.00491,-0.00549,-0.27985,0.00266,-0.00297,0.55315,0.04085,0.00000,0.00000,-0.35027,-0.00491,-0.00549,-0.27985,0.00266,-0.00297,0.55315,0.04085,0.00000,0.00000
1.2000,120,1,1.2003,49.83,0.55000,0.00000,0.00000,0.36000,0.00000,0.00000,0.55000,0.00000,0.00000,0.00000,-0.35000,0.00000,0.00000,0.36000,0.00000,0.00000,0.55000,0.00000,0.00000,0.00000,0.55000,0.00000,0.00000,-0.28000,0.00000,0.00000,0.55000,0.00000,0.00000,0.00000,-0.35000,0.00000,0.00000,-0.28000,0.00000,0.00000,0.55000,0.00000,0.00000,0.00000,0.54880,-0.01554,-0.01152,0.36050,0.00653,-0.00506,0.55710,0.06403,0.00000,0.00000,-0.35059,-0.00778,-0.00613,0.36032,0.00421,-0.00330,0.55550,0.05276,0.00000,0.00000,0.54941,-0.00778,-0.00613,-0.27968,0.00421,-0.00330,0.55550,0.05276,0.00000,0.00000,-0.35059,-0.00778,-0.00613,-0.27968,0.00421,-0.00330,0.55550,0.05276,0.00000,0.00000
1.2500,125,1,1.2504,50.18,0.55000,0.00000,0.00000,0.36000,0.00000,0.00000,0.55000,0.00000,0.00000,0.00000,-0.35000,0.00000,0.00000,0.36000,0.00000,0.00000,0.55000,0.00000,0.00000,0.00000,0.55000,0.00000,0.00000,-0.28000,0.00000,0.00000,0.55000,0.00000,0.00000,0.00000,-0.35000,0.00000,0.00000,-0.28000,0.00000,0.00000,0.55000,0.00000,0.00000,0.00000,0.54788,-0.02123,-0.01160,0.36089,0.00907,-0.00526,0.56058,0.07483,0.00000,0.00000,-0.35105,-0.01088,-0.00645,0.36057,0.00588,-0.00347,0.55841,0.06374,0.00000,0.00000,0.54895,-0.01088,-0.00645,-0.27943,0.00588,-0.00347,0.55841,0.06374,0.00000,0.00000,-0.35105,-0.01088,-0.00645,-0.27943,0.00588,-0.00347,0.55841,0.06374,0.00000,0.00000
1.3000,130,1,1.3003,49.86,0.55000,0.00000,0.00000,0.36000,0.00000,0.00000,0.55000,0.00000,0.00000,0.00000,-0.35000,0.00000,0.00000,0.36000,0.00000,0.00000,0.55000,0.00000,0.00000,0.00000,0.55000,0.00000,0.00000,-0.28000,0.00000,0.00000,0.55000,0.00000,0.00000,0.00000,-0.35000,0.00000,0.00000,-0.28000,0.00000,0.00000,0.55000,0.00000,0.00000,0.00000,0.54668,-0.02685,-0.01124,0.36140,0.01166,-0.00528,0.56456,0.08430,0.00000,0.00000,-0.35168,-0.01407,-0.00655,0.36091,0.00759,-0.00352,0.56185,0.07381,0.00000,0.00000,0.54832,-0.01407,-0.00655,-0.27909,0.00759,-0.00352,0.56185,0.07381,0.00000,0.00000,-0.35168,-0.01407,-0.00655,-0.27909,0.00759,-0.00352,0.56185,0.07381,0.00000,0.00000
1.3500,135,1,1.3504,50.07,0.55000,0.00000,0.00000,0.36000,0.00000,0.00000,0.55000,0.00000,0.00000,0.00000,-0.35000,0.00000,0.00000,0.36000,0.00000,0.00000,0.55000,0.00000,0.00000,0.00000,0.55000,0.00000,0.00000,-0.28000,0.00000,0.00000,0.55000,0.00000,0.00000,0.00000,-0.35000,0.00000,0.00000,-0.28000,0.00000,0.00000,0.55000,0.00000,0.00000,0.00000,0.54520,-0.03222,-0.01062,0.36205,0.01424,-0.00519,0.56899,0.09265,0.00000,0.00000,-0.35246,-0.01728,-0.00650,0.36133,0.00932,-0.00349,0.56578,0.08299,0.00000,0.00000,0.54754,-0.01728,-0.00650,-0.27867,0.00932,-0.00349,0.56578,0.08299,0.00000,0.00000,-0.35246,-0.01728,-0.00650,-0.27867,0.00932,-0.00349,0.56578,0.08299,0.00000,0.00000
1.4000,140,1,1.4003,49.89,0.55000,0.00000,0.00000,0.36000,0.00000,0.00000,0.55000,0.00000,0.00000,0.00000,-0.35000,0.00000,0.00000,0.36000,0.00000,0.00000,0.55000,0.00000,0.00000,0.00000,0.55000,0.00000,0.00000,-0.28000,0.00000,0.00000,0.55000,0.00000,0.00000,0.00000,-0.35000,0.00000,0.00000,-0.28000,0.00000,0.00000,0.55000,0.00000,0.00000,0.00000,0.54346,-0.03724,-0.00984,0.36283,0.01674,-0.00501,0.57381,0.10004,0.00000,0.00000,-0.35340,-0.02043,-0.00634,0.36184,0.01101,-0.00339,0.57014,0.09132,0.00000,0.00000,0.54660,-0.02043,-0.00634,-0.27816,0.01101,-0.00339,0.57014,0.09132,0.00000,0.00000,-0.35340,-0.02043,-0.00634,-0.27816,0.01101,-0.00339,0.57014,0.09132,0.00000,0.00000
1.4500,145,1,1.4504,50.14,0.55000,0.00000,0.00000,0.36000,0.00000,0.00000,0.55000,0.00000,0.00000,0.00000,-0.35000,0.00000,0.00000,0.36000,0.00000,0.00000,0.55000,0.00000,0.00000,0.00000,0.55000,0.00000,0.00000,-0.28000,0.00000,0.00000,0.55000,0.00000,0.00000,0.00000,-0.35000,0.00000,0.00000,-0.28000,0.00000,0.00000,0.55000,0.00000,0.00000,0.00000,0.54148,-0.04186,-0.00898,0.36372,0.01914,-0.00478,0.57898,0.10657,0.00000,0.00000,-0.35450,-0.02348,-0.00610,0.36243,0.01264,-0.00326,0.57490,0.09885,0.00000,0.00000,0.54550,-0.02348,-0.00610,-0.27757,0.01264,-0.00326,0.57490,0.09885,0.00000,0.00000,-0.35450,-0.02348,-0.00610,-0.27757,0.01264,-0.00326,0.57490,0.09885,0.00000,0.00000
1.5000,150,1,1.5005,50.10,0.55000,0.00000,0.00000,0.36000,0.00000,0.00000,0.55000,0.00000,0.00000,0.00000,-0.35000,0.00000,0.00000,0.36000,0.00000,0.00000,0.55000,0.00000,0.00000,0.00000,0.55000,0.00000,0.00000,-0.28000,0.00000,0.00000,0.55000,0.00000,0.00000,0.00000,-0.35000,0.00000,0.00000,-0.28000,0.00000,0.00000,0.55000,0.00000,0.00000,0.00000,0.53928,-0.04605,-0.00809,0.36474,0.02142,-0.00451,0.58446,0.11233,0.00000,0.00000,-0.35575,-0.02640,-0.00580,0.36310,0.01420,-0.00310,0.58001,0.10561,0.00000,0.00000,0.54425,-0.02640,-0.00580,-0.27690,0.01420,-0.00310,0.58001,0.10561,0.00000,0.00000,-0.35575,-0.02640,-0.00580,-0.27690,0.01420,-0.00310,0.58001,0.10561,0.00000,0.00000
1.5500,155,1,1.5504,49.91,0.55000,0.00000,0.00000,0.36000,0.00000,0.00000,0.55000,0.00000,0.00000,0.00000,-0.35000,0.00000,0.00000,0.36000,0.00000,0.00000,0.55000,0.00000,0.00000,0.00000,0.55000,0.00000,0.00000,-0.28000,0.00000,0.00000,0.55000,0.00000,0.00000,0.00000,-0.35000,0.00000,0.00000,-0.28000,0.00000,0.00000,0.55000,0.00000,0.00000,0.00000,0.53689,-0.04979,-0.00719,0.36586,0.02357,-0.00423,0.59020,0.11742,0.00000,0.00000,-0.35714,-0.02917,-0.00547,0.36385,0.01568,-0.00292,0.58545,0.11165,0.00000,0.00000,0.54286,-0.02917,-0.00547,-0.27615,0.01568,-0.00292,0.58545,0.11165,0.00000,0.00000,-0.35714,-0.02917,-0.00547,-0.27615,0.01568,-0.00292,0.58545,0.11165,0.00000,0.00000
1.6000,160,1,1.6005,50.06,0.55000,0.00000,0.00000,0.36000,0.00000,0.00000,0.55000,0.00000,0.00000,0.00000,-0.35000,0.00000,0.00000,0.36000,0.00000,0.00000,0.55000,0.00000,0.00000,0.00000,0.55000,0.00000,0.00000,-0.28000,0.00000,0.00000,0.55000,0.00000,0.00000,0.00000,-0.35000,0.00000,0.00000,-0.28000,0.00000,0.00000,0.55000,0.00000,0.00000,0.00000,0.53431,-0.05311,-0.00632,0.36709,0.02557,-0.00393,0.59619,0.12188,0.00000,0.00000,-0.35866,-0.03176,-0.00511,0.36467,0.01706,-0.00272,0.59117,0.11702,0.00000,0.00000,0.54134,-0.03176,-0.00511,-0.27533,0.01706,-0.00272,0.59117,0.11702,0.00000,0.00000,-0.35866,-0.03176,-0.00511,-0.27533,0.01706,-0.00272,0.59117,0.11702,0.00000,0.00000
1.6500,165,1,1.6504,49.89,0.55000,0.00000,0.00000,0.36000,0.00000,0.00000,0.55000,0.00000,0.00000,0.00000,-0.35000,0.00000,0.00000,0.36000,0.00000,0.00000,0.55000,0.00000,0.00000,0.00000,0.55000,0.00000,0.00000,-0.28000,0.00000,0.00000,0.55000,0.00000,0.00000,0.00000,-0.35000,0.00000,0.00000,-0.28000,0.00000,0.00000,0.55000,0.00000,0.00000,0.00000,0.53158,-0.05600,-0.00547,0.36842,0.02742,-0.00362,0.60238,0.12577,0.00000,0.00000,-0.36031,-0.03418,-0.00474,0.36555,0.01834,-0.00251,0.59714,0.12177,0.00000,0.00000,0.53969,-0.03418,-0.00474,-0.27445,0.01834,-0.00251,0.59714,0.12177,0.00000,0.00000,-0.36031,-0.03418,-0.00474,-0.27445,0.01834,-0.00251,0.59714,0.12177,0.00000,0.00000
1.7000,170,1,1.7004,50.06,0.55000,0.00000,0.00000,0.36000,0.00000,0.00000,0.55000,0.00000,0.00000,0.00000,-0.35000,0.00000,0.00000,0.36000,0.00000,0.00000,0.55000,0.00000,0.00000,0.00000,0.55000,0.00000,0.00000,-0.28000,0.00000,0.00000,0.55000,0.00000,0.00000,0.00000,-0.35000,0.00000,0.00000,-0.28000,0.00000,0.00000,0.55000,0.00000,0.00000,0.00000,0.52872,-0.05848,-0.00467,0.36983,0.02912,-0.00331,0.60876,0.12915,0.00000,0.00000,-0.36208,-0.03641,-0.00435,0.36650,0.01952,-0.00230,0.60333,0.12592,0.00000,0.00000,0.53792,-0.03641,-0.00435,-0.27350,0.01952,-0.00230,0.60333,0.12592,0.00000,0.00000,-0.36208,-0.03641,-0.00435,-0.27350,0.01952,-0.00230,0.60333,0.12592,0.00000,0.00000
1.7500,175,1,1.7502,49.80,0.55000,0.00000,0.00000,0.36000,0.00000,0.00000,0.55000,0.00000,0.00000,0.00000,-0.35000,0.00000,0.00000,0.36000,0.00000,0.00000,0.55000,0.00000,0.00000,0.00000,0.55000,0.00000,0.00000,-0.28000,0.00000,0.00000,0.55000,0.00000,0.00000,0.00000,-0.35000,0.00000,0.00000,-0.28000,0.00000,0.00000,0.55000,0.00000,0.00000,0.00000,0.52574,-0.06058,-0.00390,0.37133,0.03067,-0.00300,0.61529,0.13204,0.00000,0.00000,-0.36395,-0.03844,-0.00396,0.36750,0.02060,-0.00207,0.60972,0.12954,0.00000,0.00000,0.53605,-0.03844,-0.00396,-0.27250,0.02060,-0.00207,0.60972,0.12954,0.00000,0.00000,-0.36395,-0.03844,-0.00396,-0.27250,0.02060,-0.00207,0.60972,0.12954,0.00000,0.00000
1.8000,180,1,1.8004,50.21,0.55000,0.00000,0.00000,0.36000,0.00000,0.00000,0.55000,0.00000,0.00000,0.00000,-0.35000,0.00000,0.00000,0.36000,0.00000,0.00000,0.55000,0.00000,0.00000,0.00000,0.55000,0.00000,0.00000,-0.28000,0.00000,0.00000,0.55000,0.00000,0.00000,0.00000,-0.35000,0.00000,0.00000,-0.28000,0.00000,0.00000,0.55000,0.00000,0.00000,0.00000,0.52267,-0.06232,-0.00318,0.37290,0.03206,-0.00269,0.62195,0.13449,0.00000,0.00000,-0.36592,-0.04029,-0.00356,0.36856,0.02156,-0.00185,0.61628,0.13264,0.00000,0.00000,0.53408,-0.04029,-0.00356,-0.27144,0.02156,-0.00185,0.61628,0.13264,0.00000,0.00000,-0.36592,-0.04029,-0.00356,-0.27144,0.02156,-0.00185,0.61628,0.13264,0.00000,0.00000
1.8500,185,1,1.8502,49.79,0.55000,0.00000,0.00000,0.36000,0.00000,0.00000,0.55000,0.00000,0.00000,0.00000,-0.35000,0.00000,0.00000,0.36000,0.00000,0.00000,0.55000,0.00000,0.00000,0.00000,0.55000,0.00000,0.00000,-0.28000,0.00000,0.00000,0.55000,0.00000,0.00000,0.00000,-0.35000,0.00000,0.00000,-0.28000,0.00000,0.00000,0.55000,0.00000,0.00000,0.00000,0.51951,-0.06370,-0.00249,0.37453,0.03331,-0.00238,0.62873,0.13653,0.00000,0.00000,-0.36797,-0.04194,-0.00317,0.36966,0.02241,-0.00162,0.62298,0.13527,0.00000,0.00000,0.53203,-0.04194,-0.00317,-0.27034,0.02241,-0.00162,0.62298,0.13527,0.00000,0.00000,-0.36797,-0.04194,-0.00317,-0.27034,0.02241,-0.00162,0.62298,0.13527,0.00000,0.00000
1.9000,190,1,1.9005,50.24,0.55000,0.00000,0.00000,0.36000,0.00000,0.00000,0.55000,0.00000,0.00000,0.00000,-0.35000,0.00000,0.00000,0.36000,0.00000,0.00000,0.55000,0.00000,0.00000,0.00000,0.55000,0.00000,0.00000,-0.28000,0.00000,0.00000,0.55000,0.00000,0.00000,0.00000,-0.35000,0.00000,0.00000,-0.28000,0.00000,0.00000,0.55000,0.00000,0.00000,0.00000,0.51630,-0.06477,-0.00185,0.37622,0.03440,-0.00208,0.63560,0.13819,0.00000,0.00000,-0.37011,-0.04340,-0.00278,0.37080,0.02315,-0.00139,0.62980,0.13747,0.00000,0.00000,0.52989,-0.04340,-0.00278,-0.26920,0.02315,-0.00139,0.62980,0.13747,0.00000,0.00000,-0.37011,-0.04340,-0.00278,-0.26920,0.02315,-0.00139,0.62980,0.13747,0.00000,0.00000
1.9500,195,1,1.9502,49.78,0.55000,0.00000,0.00000,0.36000,0.00000,0.00000,0.55000,0.00000,0.00000,0.00000,-0.35000,0.00000,0.00000,0.36000,0.00000,0.00000,0.55000,0.00000,0.00000,0.00000,0.55000,0.00000,0.00000,-0.28000,0.00000,0.00000,0.55000,0.00000,0.00000,0.00000,-0.35000,0.00000,0.00000,-0.28000,0.00000,0.00000,0.55000,0.00000,0.00000,0.00000,0.51304,-0.06552,-0.00124,0.37797,0.03535,-0.00177,0.64254,0.13950,0.00000,0.00000,-0.37231,-0.04467,-0.00239,0.37197,0.02377,-0.00116,0.63672,0.13926,0.00000,0.00000,0.52769,-0.04467,-0.00239,-0.26803,0.02377,-0.00116,0.63672,0.13926,0.00000,0.00000,-0.37231,-0.04467,-0.00239,-0.26803,0.02377,-0.00116,0.63672,0.13926,0.00000,0.00000
2.0000,200,2,2.0006,50.35,0.55000,0.00000,0.00000,0.36000,0.00000,0.00000,0.55000,0.00000,0.00000,0.00000,-0.35000,0.00000,0.00000,0.36000,0.00000,0.00000,0.55000,0.00000,0.00000,0.00000,0.55000,0.00000,0.00000,-0.28000,0.00000,0.00000,0.55000,0.00000,0.00000,0.00000,-0.35000,0.00000,0.00000,-0.28000,0.00000,0.00000,0.55000,0.00000,0.00000,0.00000,0.55000,0.00000,0.00000,0.36000,0.00000,0.00000,0.55000,0.00000,0.00000,0.00000,-0.35000,0.00000,0.00000,0.36000,0.00000,0.00000,0.55000,0.00000,0.00000,0.00000,0.55000,0.00000,0.00000,-0.28000,0.00000,0.00000,0.55000,0.00000,0.00000,0.00000,-0.35000,0.00000,0.00000,-0.28000,0.00000,0.00000,0.55000,0.00000,0.00000,0.00000
2.0500,205,2,2.0502,49.63,0.55000,0.00000,0.00000,0.36000,0.00000,0.00000,0.55000,0.00000,0.00000,0.00000,-0.35000,0.00000,0.00000,0.36000,0.00000,0.00000,0.55000,0.00000,0.00000,0.00000,0.55000,0.00000,0.00000,-0.28000,0.00000,0.00000,0.55000,0.00000,0.00000,0.00000,-0.35000,0.00000,0.00000,-0.28000,0.00000,0.00000,0.55000,0.00000,0.00000,0.00000,0.54998,-0.00111,-0.00415,0.36001,0.00071,-0.00268,0.55072,0.02798,0.00000,0.00000,-0.35001,-0.00035,-0.00133,0.36000,0.00016,-0.00061,0.55048,0.01907,0.00000,0.00000,0.54999,-0.00035,-0.00133,-0.28000,0.00016,-0.00061,0.55048,0.01907,0.00000,0.00000,-0.35001,-0.00035,-0.00133,-0.28000,0.00016,-0.00061,0.55048,0.01907,0.00000,0.00000
2.1000,210,2,2.1004,50.23,0.55000,0.00000,0.00000,0.36000,0.00000,0.00000,0.55000,0.00000,0.00000,0.00000,-0.35000,0.00000,0.00000,0.36000,0.00000,0.00000,0.55000,0.00000,0.00000,0.00000,0.55000,0.00000,0.00000,-0.28000,0.00000,0.00000,0.55000,0.00000,0.00000,0.00000,-0.35000,0.00000,0.00000,-0.28000,0.00000,0.00000,0.55000,0.00000,0.00000,0.00000,0.54986,-0.00377,-0.00649,0.36009,0.00244,-0.00421,0.55272,0.05097,0.00000,0.00000,-0.35004,-0.00123,-0.00218,0.36002,0.00056,-0.00099,0.55189,0.03709,0.00000,0.00000,0.54996,-0.00123,-0.00218,-0.27998,0.00056,-0.00099,0.55189,0.03709,0.00000,0.00000,-0.35004,-0.00123,-0.00218,-0.27998,0.00056,-0.00099,0.55189,0.03709,0.00000,0.00000
2.1500,215,2,2.1504,49.98,0.55000,0.00000,0.00000,0.36000,0.00000,0.00000,0.55000,0.00000,0.00000,0.00000,-0.35000,0.00000,0.00000,0.36000,0.00000,0.00000,0.55000,0.00000,0.00000,0.00000,0.55000,0.00000,0.00000,-0.28000,0.00000,0.00000,0.55000,0.00000,0.00000,0.00000,-0.35000,0.00000,0.00000,-0.28000,0.00000,0.00000,0.55000,0.00000,0.00000,0.00000,0.54959,-0.00727,-0.00762,0.36027,0.00472,-0.00498,0.55576,0.07019,0.00000,0.00000,-0.35013,-0.00244,-0.00270,0.36006,0.00110,-0.00119,0.55417,0.05389,0.00000,0.00000,0.54987,-0.00244,-0.00270,-0.27994,0.00110,-0.00119,0.55417,0.05389,0.00000,0.00000,-0.35013,-0.00244,-0.00270,-0.27994,0.00110,-0.00119,0.55417,0.05389,0.00000,0.00000
2.2000,220,2,2.2003,49.83,0.55000,0.00000,0.00000,0.36000,0.00000,0.00000,0.55000,0.00000,0.00000,0.00000,-0.35000,0.00000,0.00000,0.36000,0.00000,0.00000,0.55000,0.00000,0.00000,0.00000,0.55000,0.00000,0.00000,-0.28000,0.00000,0.00000,0.55000,0.00000,0.00000,0.00000,-0.35000,0.00000,0.00000,-0.28000,0.00000,0.00000,0.55000,0.00000,0.00000,0.00000,0.54913,-0.01112,-0.00796,0.36056,0.00724,-0.00524,0.55969,0.08646,0.00000,0.00000,-0.35029,-0.00384,-0.00298,0.36013,0.00171,-0.00128,0.55726,0.06937,0.00000,0.00000,0.54971,-0.00384,-0.00298,-0.27987,0.00171,-0.00128,0.55726,0.06937,0.00000,0.00000,-0.35029,-0.00384,-0.00298,-0.27987,0.00171,-0.00128,0.55726,0.06937,0.00000,0.00000
2.2500,225,2,2.2505,50.23,0.55000,0.00000,0.00000,0.36000,0.00000,0.00000,0.55000,0.00000,0.00000,0.00000,-0.35000,0.00000,0.00000,0.36000,0.00000,0.00000,0.55000,0.00000,0.00000,0.00000,0.55000,0.00000,0.00000,-0.28000,0.00000,0.00000,0.55000,0.00000,0.00000,0.00000,-0.35000,0.00000,0.00000,-0.28000,0.00000,0.00000,0.55000,0.00000,0.00000,0.00000,0.54848,-0.01499,-0.00777,0.36099,0.00980,-0.00515,0.56436,0.10037,0.00000,0.00000,-0.35052,-0.00533,-0.00310,0.36023,0.00234,-0.00128,0.56108,0.08350,0.00000,0.00000,0.54948,-0.00533,-0.00310,-0.27977,0.00234,-0.00128,0.56108,0.08350,0.00000,0.00000,-0.35052,-0.00533,-0.00310,-0.27977,0.00234,-0.00128,0.56108,0.08350,0.00000,0.00000
2.3000,230,2,2.3004,49.90,0.55000,0.00000,0.00000,0.36000,0.00000,0.00000,0.55000,0.00000,0.00000,0.00000,-0.35000,0.00000,0.00000,0.36000,0.00000,0.00000,0.55000,0.00000,0.00000,0.00000,0.55000,0.00000,0.00000,-0.28000,0.00000,0.00000,0.55000,0.00000,0.00000,0.00000,-0.35000,0.00000,0.00000,-0.28000,0.00000,0.00000,0.55000,0.00000,0.00000,0.00000,0.54763,-0.01869,-0.00726,0.36154,0.01226,-0.00486,0.56969,0.11233,0.00000,0.00000,-0.35082,-0.00685,-0.00309,0.36037,0.00296,-0.00122,0.56558,0.09629,0.00000,0.00000,0.54918,-0.00685,-0.00309,-0.27963,0.00296,-0.00122,0.56558,0.09629,0.00000,0.00000,-0.35082,-0.00685,-0.00309,-0.27963,0.00296,-0.00122,0.56558,0.09629,0.00000,0.00000
2.3500,235,2,2.3504,50.03,0.55000,0.00000,0.00000,0.36000,0.00000,0.00000,0.55000,0.00000,0.00000,0.00000,-0.35000,0.00000,0.00000,0.36000,0.00000,0.00000,0.55000,0.00000,0.00000,0.00000,0.55000,0.00000,0.00000,-0.28000,0.00000,0.00000,0.55000,0.00000,0.00000,0.00000,-0.35000,0.00000,0.00000,-0.28000,0.00000,0.00000,0.55000,0.00000,0.00000,0.00000,0.54661,-0.02208,-0.00655,0.36221,0.01454,-0.00442,0.57557,0.12265,0.00000,0.00000,-0.35120,-0.00835,-0.00301,0.36053,0.00353,-0.00112,0.57069,0.10779,0.00000,0.00000,0.54880,-0.00835,-0.00301,-0.27947,0.00353,-0.00112,0.57069,0.10779,0.00000,0.00000,-0.35120,-0.00835,-0.00301,-0.27947,0.00353,-0.00112,0.57069,0.10779,0.00000,0.00000
2.4000,240,2,2.4004,49.99,0.55000,0.00000,0.00000,0.36000,0.00000,0.00000,0.55000,0.00000,0.00000,0.00000,-0.35000,0.00000,0.00000,0.36000,0.00000,0.00000,0.55000,0.00000,0.00000,0.00000,0.55000,0.00000,0.00000,-0.28000,0.00000,0.00000,0.55000,0.00000,0.00000,0.00000,-0.35000,0.00000,0.00000,-0.28000,0.00000,0.00000,0.55000,0.00000,0.00000,0.00000,0.54543,-0.02510,-0.00573,0.36299,0.01659,-0.00390,0.58193,0.13155,0.00000,0.00000,-0.35166,-0.00979,-0.00286,0.36072,0.00405,-0.00098,0.57634,0.11803,0.00000,0.00000,0.54834,-0.00979,-0.00286,-0.27928,0.00405,-0.00098,0.57634,0.11803,0.00000,0.00000,-0.35166,-0.00979,-0.00286,-0.27928,0.00405,-0.00098,0.57634,0.11803,0.00000,0.00000
2.4500,245,2,2.4504,50.03,0.55000,0.00000,0.00000,0.36000,0.00000,0.00000,0.55000,0.00000,0.00000,0.00000,-0.35000,0.00000,0.00000,0.36000,0.00000,0.00000,0.55000,0.00000,0.00000,0.00000,0.55000,0.00000,0.00000,-0.28000,0.00000,0.00000,0.55000,0.00000,0.00000,0.00000,-0.35000,0.00000,0.00000,-0.28000,0.00000,0.00000,0.55000,0.00000,0.00000,0.00000,0.54411,-0.02769,-0.00485,0.36387,0.01836,-0.00334,0.58870,0.13921,0.00000,0.00000,-0.35218,-0.01115,-0.00267,0.36093,0.00449,-0.00082,0.58248,0.12709,0.00000,0.00000,0.54782,-0.01115,-0.00267,-0.27907,0.00449,-0.00082,0.58248,0.12709,0.00000,0.00000,-0.35218,-0.01115,-0.00267,-0.27907,0.00449,-0.00082,0.58248,0.12709,0.00000,0.00000
2.5000,250,2,2.5002,49.82,0.55000,0.00000,0.00000,0.36000,0.00000,0.00000,0.55000,0.00000,0.00000,0.00000,-0.35000,0.00000,0.00000,0.36000,0.00000,0.00000,0.55000,0.00000,0.00000,0.00000,0.55000,0.00000,0.00000,-0.28000,0.00000,0.00000,0.55000,0.00000,0.00000,0.00000,-0.35000,0.00000,0.00000,-0.28000,0.00000,0.00000,0.55000,0.00000,0.00000,0.00000,0.54267,-0.02985,-0.00396,0.36482,0.01986,-0.00275,0.59583,0.14576,0.00000,0.00000,-0.35277,-0.01241,-0.00246,0.36117,0.00485,-0.00064,0.58903,0.13503,0.00000,0.00000,0.54723,-0.01241,-0.00246,-0.27883,0.00485,-0.00064,0.58903,0.13503,0.00000,0.00000,-0.35277,-0.01241,-0.00246,-0.27883,0.00485,-0.00064,0.58903,0.13503,0.00000,0.00000
2.5500,255,2,2.5505,50.29,0.55000,0.00000,0.00000,0.36000,0.00000,0.00000,0.55000,0.00000,0.00000,0.00000,-0.35000,0.00000,0.00000,0.36000,0.00000,0.00000,0.55000,0.00000,0.00000,0.00000,0.55000,0.00000,0.00000,-0.28000,0.00000,0.00000,0.55000,0.00000,0.00000,0.00000,-0.35000,0.00000,0.00000,-0.28000,0.00000,0.00000,0.55000,0.00000,0.00000,0.00000,0.54113,-0.03158,-0.00308,0.36585,0.02106,-0.00216,0.60326,0.15132,0.00000,0.00000,-0.35342,-0.01356,-0.00222,0.36141,0.00512,-0.00045,0.59596,0.14192,0.00000,0.00000,0.54658,-0.01356,-0.00222,-0.27859,0.00512,-0.00045,0.59596,0.14192,0.00000,0.00000,-0.35342,-0.01356,-0.00222,-0.27859,0.00512,-0.00045,0.59596,0.14192,0.00000,0.00000
2.6000,260,2,2.6004,49.91,0.55000,0.00000,0.00000,0.36000,0.00000,0.00000,0.55000,0.00000,0.00000,0.00000,-0.35000,0.00000,0.00000,0.36000,0.00000,0.00000,0.55000,0.00000,0.00000,0.00000,0.55000,0.00000,0.00000,-0.28000,0.00000,0.00000,0.55000,0.00000,0.00000,0.00000,-0.35000,0.00000,0.00000,-0.28000,0.00000,0.00000,0.55000,0.00000,0.00000,0.00000,0.53952,-0.03288,-0.00222,0.36693,0.02198,-0.00157,0.61095,0.15598,0.00000,0.00000,-0.35413,-0.01459,-0.00198,0.36168,0.00529,-0.00025,0.60321,0.14781,0.00000,0.00000,0.54587,-0.01459,-0.00198,-0.27832,0.00529,-0.00025,0.60321,0.14781,0.00000,0.00000,-0.35413,-0.01459,-0.00198,-0.27832,0.00529,-0.00025,0.60321,0.14781,0.00000,0.00000
2.6500,265,2,2.6504,49.99,0.55000,0.00000,0.00000,0.36000,0.00000,0.00000,0.55000,0.00000,0.00000,0.00000,-0.35000,0.00000,0.00000,0.36000,0.00000,0.00000,0.55000,0.00000,0.00000,0.00000,0.55000,0.00000,0.00000,-0.28000,0.00000,0.00000,0.55000,0.00000,0.00000,0.00000,-0.35000,0.00000,0.00000,-0.28000,0.00000,0.00000,0.55000,0.00000,0.00000,0.00000,0.53785,-0.03377,-0.00140,0.36804,0.02261,-0.00099,0.61885,0.15982,0.00000,0.00000,-0.35488,-0.01550,-0.00172,0.36194,0.00536,-0.00005,0.61073,0.15277,0.00000,0.00000,0.54512,-0.01550,-0.00172,-0.27806,0.00536,-0.00005,0.61073,0.15277,0.00000,0.00000,-0.35488,-0.01550,-0.00172,-0.27806,0.00536,-0.00005,0.61073,0.15277,0.00000,0.00000
2.7000,270,2,2.7004,50.00,0.55000,0.00000,0.00000,0.36000,0.00000,0.00000,0.55000,0.00000,0.00000,0.00000,-0.35000,0.00000,0.00000,0.36000,0.00000,0.00000,0.55000,0.00000,0.00000,0.00000,0.55000,0.00000,0.00000,-0.28000,0.00000,0.00000,0.55000,0.00000,0.00000,0.00000,-0.35000,0.00000,0.00000,-0.28000,0.00000,0.00000,0.55000,0.00000,0.00000,0.00000,0.53615,-0.03427,-0.00064,0.36918,0.02295,-0.00043,0.62692,0.16290,0.00000,0.00000,-0.35567,-0.01628,-0.00146,0.36221,0.00533,0.00016,0.61847,0.15685,0.00000,0.00000,0.54433,-0.01628,-0.00146,-0.27779,0.00533,0.00016,0.61847,0.15685,0.00000,0.00000,-0.35567,-0.01628,-0.00146,-0.27779,0.00533,0.00016,0.61847,0.15685,0.00000,0.00000
2.7500,275,2,2.7505,50.09,0.55000,0.00000,0.00000,0.36000,0.00000,0.00000,0.55000,0.00000,0.00000,0.00000,-0.35000,0.00000,0.00000,0.36000,0.00000,0.00000,0.55000,0.00000,0.00000,0.00000,0.55000,0.00000,0.00000,-0.28000,0.00000,0.00000,0.55000,0.00000,0.00000,0.00000,-0.35000,0.00000,0.00000,-0.28000,0.00000,0.00000,0.55000,0.00000,0.00000,0.00000,0.53443,-0.03441,0.00005,0.37033,0.02303,0.00012,0.63513,0.16526,0.00000,0.00000,-0.35651,-0.01694,-0.00121,0.36247,0.00520,0.00037,0.62640,0.16012,0.00000,0.00000,0.54349,-0.01694,-0.00121,-0.27753,0.00520,0.00037,0.62640,0.16012,0.00000,0.00000,-0.35651,-0.01694,-0.00121,-0.27753,0.00520,0.00037,0.62640,0.16012,0.00000,0.00000
2.8000,280,2,2.8005,49.94,0.55000,0.00000,0.00000,0.36000,0.00000,0.00000,0.55000,0.00000,0.00000,0.00000,-0.35000,0.00000,0.00000,0.36000,0.00000,0.00000,0.55000,0.00000,0.00000,0.00000,0.55000,0.00000,0.00000,-0.28000,0.00000,0.00000,0.55000,0.00000,0.00000,0.00000,-0.35000,0.00000,0.00000,-0.28000,0.00000,0.00000,0.55000,0.00000,0.00000,0.00000,0.53271,-0.03423,0.00067,0.37148,0.02284,0.00065,0.64343,0.16692,0.00000,0.00000,-0.35737,-0.01747,-0.00095,0.36273,0.00497,0.00058,0.63447,0.16262,0.00000,0.00000,0.54263,-0.01747,-0.00095,-0.27727,0.00497,0.00058,0.63447,0.16262,0.00000,0.00000,-0.35737,-0.01747,-0.00095,-0.27727,0.00497,0.00058,0.63447,0.16262,0.00000,0.00000
2.8500,285,2,2.8504,49.97,0.55000,0.00000,0.00000,0.36000,0.00000,0.00000,0.55000,0.00000,0.00000,0.00000,-0.35000,0.00000,0.00000,0.36000,0.00000,0.00000,0.55000,0.00000,0.00000,0.00000,0.55000,0.00000,0.00000,-0.28000,0.00000,0.00000,0.55000,0.00000,0.00000,0.00000,-0.35000,0.00000,0.00000,-0.28000,0.00000,0.00000,0.55000,0.00000,0.00000,0.00000,0.53101,-0.03376,0.00122,0.37261,0.02240,0.00114,0.65181,0.16791,0.00000,0.00000,-0.35825,-0.01787,-0.00070,0.36297,0.00463,0.00079,0.64265,0.16440,0.00000,0.00000,0.54175,-0.01787,-0.00070,-0.27703,0.00463,0.00079,0.64265,0.16440,0.00000,0.00000,-0.35825,-0.01787,-0.00070,-0.27703,0.00463,0.00079,0.64265,0.16440,0.00000,0.00000
2.9000,290,2,2.9005,50.04,0.55000,0.00000,0.00000,0.36000,0.00000,0.00000,0.55000,0.00000,0.00000,0.00000,-0.35000,0.00000,0.00000,0.36000,0.00000,0.00000,0.55000,0.00000,0.00000,0.00000,0.55000,0.00000,0.00000,-0.28000,0.00000,0.00000,0.55000,0.00000,0.00000,0.00000,-0.35000,0.00000,0.00000,-0.28000,0.00000,0.00000,0.55000,0.00000,0.00000,0.00000,0.52934,-0.03304,0.00170,0.37372,0.02172,0.00162,0.66021,0.16826,0.00000,0.00000,-0.35915,-0.01816,-0.00046,0.36319,0.00420,0.00099,0.65090,0.16551,0.00000,0.00000,0.54085,-0.01816,-0.00046,-0.27681,0.00420,0.00099,0.65090,0.16551,0.00000,0.00000,-0.35915,-0.01816,-0.00046,-0.27681,0.00420,0.00099,0.65090,0.16551,0.00000,0.00000
2.9500,295,2,2.9504,49.97,0.55000,0.00000,0.00000,0.36000,0.00000,0.00000,0.55000,0.00000,0.00000,0.00000,-0.35000,0.00000,0.00000,0.36000,0.00000,0.00000,0.55000,0.00000,0.00000,0.00000,0.55000,0.00000,0.00000,-0.28000,0.00000,0.00000,0.55000,0.00000,0.00000,0.00000,-0.35000,0.00000,0.00000,-0.28000,0.00000,0.00000,0.55000,0.00000,0.00000,0.00000,0.52771,-0.03210,0.00212,0.37478,0.02081,0.00206,0.66862,0.16802,0.00000,0.00000,-0.36006,-0.01833,-0.00022,0.36339,0.00366,0.00120,0.65919,0.16600,0.00000,0.00000,0.53994,-0.01833,-0.00022,-0.27661,0.00366,0.00120,0.65919,0.16600,0.00000,0.00000,-0.36006,-0.01833,-0.00022,-0.27661,0.00366,0.00120,0.65919,0.16600,0.00000,0.00000
3.0000,300,3,3.0004,49.98,0.55000,0.00000,0.00000,0.36000,0.00000,0.00000,0.55000,0.00000,0.00000,0.00000,-0.35000,0.00000,0.00000,0.36000,0.00000,0.00000,0.55000,0.00000,0.00000,0.00000,0.55000,0.00000,0.00000,-0.28000,0.00000,0.00000,0.55000,0.00000,0.00000,0.00000,-0.35000,0.00000,0.00000,-0.28000,0.00000,0.00000,0.55000,0.00000,0.00000,0.00000,0.55000,0.00000,0.00000,0.36000,0.00000,0.00000,0.55000,0.00000,0.00000,0.00000,-0.35000,0.00000,0.00000,0.36000,0.00000,0.00000,0.55000,0.00000,0.00000,0.00000,0.55000,0.00000,0.00000,-0.28000,0.00000,0.00000,0.55000,0.00000,0.00000,0.00000,-0.35000,0.00000,0.00000,-0.28000,0.00000,0.00000,0.55000,0.00000,0.00000,0.00000
3.0500,305,3,3.0502,49.80,0.55000,0.00000,0.00000,0.36000,0.00000,0.00000,0.55000,0.00000,0.00000,0.00000,-0.35000,0.00000,0.00000,0.36000,0.00000,0.00000,0.55000,0.00000,0.00000,0.00000,0.55000,0.00000,0.00000,-0.28000,0.00000,0.00000,0.55000,0.00000,0.00000,0.00000,-0.35000,0.00000,0.00000,-0.28000,0.00000,0.00000,0.55000,0.00000,0.00000,0.00000,0.54999,-0.00034,-0.00124,0.36000,0.00025,-0.00088,0.55085,0.03267,0.00000,0.00000,-0.35000,-0.00002,-0.00008,0.36000,-0.00025,0.00095,0.55052,0.02073,0.00000,0.00000,0.55000,-0.00002,-0.00008,-0.28000,-0.00025,0.00095,0.55052,0.02073,0.00000,0.00000,-0.35000,-0.00002,-0.00008,-0.28000,-0.00025,0.00095,0.55052,0.02073,0.00000,0.00000
3.1000,310,3,3.1002,49.98,0.55000,0.00000,0.00000,0.36000,0.00000,0.00000,0.55000,0.00000,0.00000,0.00000,-0.35000,0.00000,0.00000,0.36000,0.00000,0.00000,0.55000,0.00000,0.00000,0.00000,0.55000,0.00000,0.00000,-0.28000,0.00000,0.00000,0.55000,0.00000,0.00000,0.00000,-0.35000,0.00000,0.00000,-0.28000,0.00000,0.00000,0.55000,0.00000,0.00000,0.00000,0.54996,-0.00111,-0.00183,0.36003,0.00077,-0.00116,0.55316,0.05876,0.00000,0.00000,-0.35000,-0.00007,-0.00011,0.35997,-0.00089,0.00160,0.55205,0.04023,0.00000,0.00000,0.55000,-0.00007,-0.00011,-0.28003,-0.00089,0.00160,0.55205,0.04023,0.00000,0.00000,-0.35000,-0.00007,-0.00011,-0.28003,-0.00089,0.00160,0.55205,0.04023,0.00000,0.00000
3.1500,315,3,3.1504,50.22,0.55000,0.00000,0.00000,0.36000,0.00000,0.00000,0.55000,0.00000,0.00000,0.00000,-0.35000,0.00000,0.00000,0.36000,0.00000,0.00000,0.55000,0.00000,0.00000,0.00000,0.55000,0.00000,0.00000,-0.28000,0.00000,0.00000,0.55000,0.00000,0.00000,0.00000,-0.35000,0.00000,0.00000,-0.28000,0.00000,0.00000,0.55000,0.00000,0.00000,0.00000,0.54988,-0.00207,-0.00202,0.36008,0.00132,-0.00107,0.55664,0.07990,0.00000,0.00000,-0.35001,-0.00013,-0.00011,0.35990,-0.00179,0.00205,0.55452,0.05824,0.00000,0.00000,0.54999,-0.00013,-0.00011,-0.28010,-0.00179,0.00205,0.55452,0.05824,0.00000,0.00000,-0.35001,-0.00013,-0.00011,-0.28010,-0.00179,0.00205,0.55452,0.05824,0.00000,0.00000
3.2000,320,3,3.2004,49.94,0.55000,0.00000,0.00000,0.36000,0.00000,0.00000,0.55000,0.00000,0.00000,0.00000,-0.35000,0.00000,0.00000,0.36000,0.00000,0.00000,0.55000,0.00000,0.00000,0.00000,0.55000,0.00000,0.00000,-0.28000,0.00000,0.00000,0.55000,0.00000,0.00000,0.00000,-0.35000,0.00000,0.00000,-0.28000,0.00000,0.00000,0.55000,0.00000,0.00000,0.00000,0.54975,-0.00305,-0.00194,0.36016,0.00177,-0.00074,0.56108,0.09719,0.00000,0.00000,-0.35002,-0.00018,-0.00009,0.35979,-0.00288,0.00236,0.55785,0.07464,0.00000,0.00000,0.54998,-0.00018,-0.00009,-0.28021,-0.00288,0.00236,0.55785,0.07464,0.00000,0.00000,-0.35002,-0.00018,-0.00009,-0.28021,-0.00288,0.00236,0.55785,0.07464,0.00000,0.00000
3.2500,325,3,3.2504,50.03,0.55000,0.00000,0.00000,0.36000,0.00000,0.00000,0.55000,0.00000,0.00000,0.00000,-0.35000,0.00000,0.00000,0.36000,0.00000,0.00000,0.55000,0.00000,0.00000,0.00000,0.55000,0.00000,0.00000,-0.28000,0.00000,0.00000,0.55000,0.00000,0.00000,0.00000,-0.35000,0.00000,0.00000,-0.28000,0.00000,0.00000,0.55000,0.00000,0.00000,0.00000,0.54958,-0.00395,-0.00171,0.36026,0.00203,-0.00029,0.56631,0.11143,0.00000,0.00000,-0.35003,-0.00021,-0.00004,0.35961,-0.00409,0.00257,0.56196,0.08940,0.00000,0.00000,0.54997,-0.00021,-0.00004,-0.28039,-0.00409,0.00257,0.56196,0.08940,0.00000,0.00000,-0.35003,-0.00021,-0.00004,-0.28039,-0.00409,0.00257,0.56196,0.08940,0.00000,0.00000
3.3000,330,3,3.3003,49.86,0.55000,0.00000,0.00000,0.36000,0.00000,0.00000,0.55000,0.00000,0.00000,0.00000,-0.35000,0.00000,0.00000,0.36000,0.00000,0.00000,0.55000,0.00000,0.00000,0.00000,0.55000,0.00000,0.00000,-0.28000,0.00000,0.00000,0.55000,0.00000,0.00000,0.00000,-0.35000,0.00000,0.00000,-0.28000,0.00000,0.00000,0.55000,0.00000,0.00000,0.00000,0.54936,-0.00471,-0.00140,0.36036,0.00205,0.00023,0.57219,0.12319,0.00000,0.00000,-0.35004,-0.00022,0.00002,0.35938,-0.00538,0.00272,0.56676,0.10254,0.00000,0.00000,0.54996,-0.00022,0.00002,-0.28062,-0.00538,0.00272,0.56676,0.10254,0.00000,0.00000,-0.35004,-0.00022,0.00002,-0.28062,-0.00538,0.00272,0.56676,0.10254,0.00000,0.00000
3.3500,335,3,3.3505,50.19,0.55000,0.00000,0.00000,0.36000,0.00000,0.00000,0.55000,0.00000,0.00000,0.00000,-0.35000,0.00000,0.00000,0.36000,0.00000,0.00000,0.55000,0.00000,0.00000,0.00000,0.55000,0.00000,0.00000,-0.28000,0.00000,0.00000,0.55000,0.00000,0.00000,0.00000,-0.35000,0.00000,0.00000,-0.28000,0.00000,0.00000,0.55000,0.00000,0.00000,0.00000,0.54911,-0.00532,-0.00106,0.36046,0.00180,0.00077,0.57860,0.13290,0.00000,0.00000,-0.35005,-0.00019,0.00009,0.35907,-0.00675,0.00283,0.57219,0.11412,0.00000,0.00000,0.54995,-0.00019,0.00009,-0.28093,-0.00675,0.00283,0.57219,0.11412,0.00000,0.00000,-0.35005,-0.00019,0.00009,-0.28093,-0.00675,0.00283,0.57219,0.11412,0.00000,0.00000
3.4000,340,3,3.4003,49.81,0.55000,0.00000,0.00000,0.36000,0.00000,0.00000,0.55000,0.00000,0.00000,0.00000,-0.35000,0.00000,0.00000,0.36000,0.00000,0.00000,0.55000,0.00000,0.00000,0.00000,0.55000,0.00000,0.00000,-0.28000,0.00000,0.00000,0.55000,0.00000,0.00000,0.00000,-0.35000,0.00000,0.00000,-0.28000,0.00000,0.00000,0.55000,0.00000,0.00000,0.00000,0.54883,-0.00575,-0.00071,0.36053,0.00129,0.00130,0.58545,0.14089,0.00000,0.00000,-0.35005,-0.00013,0.00016,0.35870,-0.00815,0.00291,0.57815,0.12423,0.00000,0.00000,0.54995,-0.00013,0.00016,-0.28130,-0.00815,0.00291,0.57815,0.12423,0.00000,0.00000,-0.35005,-0.00013,0.00016,-0.28130,-0.00815,0.00291,0.57815,0.12423,0.00000,0.00000
3.4500,345,3,3.4504,50.09,0.55000,0.00000,0.00000,0.36000,0.00000,0.00000,0.55000,0.00000,0.00000,0.00000,-0.35000,0.00000,0.00000,0.36000,0.00000,0.00000,0.55000,0.00000,0.00000,0.00000,0.55000,0.00000,0.00000,-0.28000,0.00000,0.00000,0.55000,0.00000,0.00000,0.00000,-0.35000,0.00000,0.00000,-0.28000,0.00000,0.00000,0.55000,0.00000,0.00000,0.00000,0.54854,-0.00602,-0.00038,0.36058,0.00053,0.00179,0.59266,0.14744,0.00000,0.00000,-0.35006,-0.00003,0.00024,0.35826,-0.00960,0.00297,0.58459,0.13296,0.00000,0.00000,0.54994,-0.00003,0.00024,-0.28174,-0.00960,0.00297,0.58459,0.13296,0.00000,0.00000,-0.35006,-0.00003,0.00024,-0.28174,-0.00960,0.00297,0.58459,0.13296,0.00000,0.00000
3.5000,350,3,3.5002,49.81,0.55000,0.00000,0.00000,0.36000,0.00000,0.00000,0.55000,0.00000,0.00000,0.00000,-0.35000,0.00000,0.00000,0.36000,0.00000,0.00000,0.55000,0.00000,0.00000,0.00000,0.55000,0.00000,0.00000,-0.28000,0.00000,0.00000,0.55000,0.00000,0.00000,0.00000,-0.35000,0.00000,0.00000,-0.28000,0.00000,0.00000,0.55000,0.00000,0.00000,0.00000,0.54823,-0.00613,-0.00007,0.36058,-0.00046,0.00225,0.60017,0.15277,0.00000,0.00000,-0.35006,0.00011,0.00033,0.35774,-0.01107,0.00302,0.59142,0.14041,0.00000,0.00000,0.54994,0.00011,0.00033,-0.28226,-0.01107,0.00302,0.59142,0.14041,0.00000,0.00000,-0.35006,0.00011,0.00033,-0.28226,-0.01107,0.00302,0.59142,0.14041,0.00000,0.00000
3.5500,355,3,3.5504,50.26,0.55000,0.00000,0.00000,0.36000,0.00000,0.00000,0.55000,0.00000,0.00000,0.00000,-0.35000,0.00000,0.00000,0.36000,0.00000,0.00000,0.55000,0.00000,0.00000,0.00000,0.55000,0.00000,0.00000,-0.28000,0.00000,0.00000,0.55000,0.00000,0.00000,0.00000,-0.35000,0.00000,0.00000,-0.28000,0.00000,0.00000,0.55000,0.00000,0.00000,0.00000,0.54793,-0.00609,0.00022,0.36053,-0.00167,0.00267,0.60792,0.15709,0.00000,0.00000,-0.35005,0.00029,0.00042,0.35715,-0.01256,0.00306,0.59861,0.14667,0.00000,0.00000,0.54995,0.00029,0.00042,-0.28285,-0.01256,0.00306,0.59861,0.14667,0.00000,0.00000,-0.35005,0.00029,0.00042,-0.28285,-0.01256,0.00306,0.59861,0.14667,0.00000,0.00000
3.6000,360,3,3.6004,50.01,0.55000,0.00000,0.00000,0.36000,0.00000,0.00000,0.55000,0.00000,0.00000,0.00000,-0.35000,0.00000,0.00000,0.36000,0.00000,0.00000,0.55000,0.00000,0.00000,0.00000,0.55000,0.00000,0.00000,-0.28000,0.00000,0.00000,0.55000,0.00000,0.00000,0.00000,-0.35000,0.00000,0.00000,-0.28000,0.00000,0.00000,0.55000,0.00000,0.00000,0.00000,0.54762,-0.00592,0.00047,0.36041,-0.00308,0.00307,0.61586,0.16050,0.00000,0.00000,-0.35003,0.00052,0.00051,0.35649,-0.01406,0.00309,0.60607,0.15183,0.00000,0.00000,0.54997,0.00052,0.00051,-0.28351,-0.01406,0.00309,0.60607,0.15183,0.00000,0.00000,-0.35003,0.00052,0.00051,-0.28351,-0.01406,0.00309,0.60607,0.15183,0.00000,0.00000
3.6500,365,3,3.6504,49.94,0.55000,0.00000,0.00000,0.36000,0.00000,0.00000,0.55000,0.00000,0.00000,0.00000,-0.35000,0.00000,0.00000,0.36000,0.00000,0.00000,0.55000,0.00000,0.00000,0.00000,0.55000,0.00000,0.00000,-0.28000,0.00000,0.00000,0.55000,0.00000,0.00000,0.00000,-0.35000,0.00000,0.00000,-0.28000,0.00000,0.00000,0.55000,0.00000,0.00000,0.00000,0.54734,-0.00563,0.00070,0.36022,-0.00468,0.00345,0.62396,0.16304,0.00000,0.00000,-0.34999,0.00079,0.00060,0.35574,-0.01559,0.00312,0.61377,0.15599,0.00000,0.00000,0.55001,0.00079,0.00060,-0.28426,-0.01559,0.00312,0.61377,0.15599,0.00000,0.00000,-0.34999,0.00079,0.00060,-0.28426,-0.01559,0.00312,0.61377,0.15599,0.00000,0.00000
3.7000,370,3,3.7004,50.03,0.55000,0.00000,0.00000,0.36000,0.00000,0.00000,0.55000,0.00000,0.00000,0.00000,-0.35000,0.00000,0.00000,0.36000,0.00000,0.00000,0.55000,0.00000,0.00000,0.00000,0.55000,0.00000,0.00000,-0.28000,0.00000,0.00000,0.55000,0.00000,0.00000,0.00000,-0.35000,0.00000,0.00000,-0.28000,0.00000,0.00000,0.55000,0.00000,0.00000,0.00000,0.54706,-0.00524,0.00089,0.35994,-0.00645,0.00379,0.63216,0.16479,0.00000,0.00000,-0.34995,0.00110,0.00068,0.35493,-0.01712,0.00314,0.62166,0.15921,0.00000,0.00000,0.55005,0.00110,0.00068,-0.28507,-0.01712,0.00314,0.62166,0.15921,0.00000,0.00000,-0.34995,0.00110,0.00068,-0.28507,-0.01712,0.00314,0.62166,0.15921,0.00000,0.00000
3.7500,375,3,3.7504,49.96,0.55000,0.00000,0.00000,0.36000,0.00000,0.00000,0.55000,0.00000,0.00000,0.00000,-0.35000,0.00000,0.00000,0.36000,0.00000,0.00000,0.55000,0.00000,0.00000,0.00000,0.55000,0.00000,0.00000,-0.28000,0.00000,0.00000,0.55000,0.00000,0.00000,0.00000,-0.35000,0.00000,0.00000,-0.28000,0.00000,0.00000,0.55000,0.00000,0.00000,0.00000,0.54681,-0.00476,0.00105,0.35957,-0.00839,0.00408,0.64042,0.16580,0.00000,0.00000,-0.34988,0.00146,0.00077,0.35403,-0.01867,0.00315,0.62968,0.16158,0.00000,0.00000,0.55012,0.00146,0.00077,-0.28597,-0.01867,0.00315,0.62968,0.16158,0.00000,0.00000,-0.34988,0.00146,0.00077,-0.28597,-0.01867,0.00315,0.62968,0.16158,0.00000,0.00000
3.8000,380,3,3.8004,50.05,0.55000,0.00000,0.00000,0.36000,0.00000,0.00000,0.55000,0.00000,0.00000,0.00000,-0.35000,0.00000,0.00000,0.36000,0.00000,0.00000,0.55000,0.00000,0.00000,0.00000,0.55000,0.00000,0.00000,-0.28000,0.00000,0.00000,0.55000,0.00000,0.00000,0.00000,-0.35000,0.00000,0.00000,-0.28000,0.00000,0.00000,0.55000,0.00000,0.00000,0.00000,0.54659,-0.00421,0.00119,0.35910,-0.01045,0.00433,0.64872,0.16614,0.00000,0.00000,-0.34980,0.00186,0.00086,0.35306,-0.02022,0.00316,0.63780,0.16317,0.00000,0.00000,0.55020,0.00186,0.00086,-0.28694,-0.02022,0.00316,0.63780,0.16317,0.00000,0.00000,-0.34980,0.00186,0.00086,-0.28694,-0.02022,0.00316,0.63780,0.16317,0.00000,0.00000
3.8500,385,3,3.8505,50.04,0.55000,0.00000,0.00000,0.36000,0.00000,0.00000,0.55000,0.00000,0.00000,0.00000,-0.35000,0.00000,0.00000,0.36000,0.00000,0.00000,0.55000,0.00000,0.00000,0.00000,0.55000,0.00000,0.00000,-0.28000,0.00000,0.00000,0.55000,0.00000,0.00000,0.00000,-0.35000,0.00000,0.00000,-0.28000,0.00000,0.00000,0.55000,0.00000,0.00000,0.00000,0.54639,-0.00360,0.00130,0.35853,-0.01263,0.00454,0.65703,0.16586,0.00000,0.00000,-0.34970,0.00230,0.00094,0.35201,-0.02177,0.00317,0.64598,0.16404,0.00000,0.00000,0.55030,0.00230,0.00094,-0.28799,-0.02177,0.00317,0.64598,0.16404,0.00000,0.00000,-0.34970,0.00230,0.00094,-0.28799,-0.02177,0.00317,0.64598,0.16404,0.00000,0.00000
3.9000,390,3,3.9004,49.97,0.55000,0.00000,0.00000,0.36000,0.00000,0.00000,0.55000,0.00000,0.00000,0.00000,-0.35000,0.00000,0.00000,0.36000,0.00000,0.00000,0.55000,0.00000,0.00000,0.00000,0.55000,0.00000,0.00000,-0.28000,0.00000,0.00000,0.55000,0.00000,0.00000,0.00000,-0.35000,0.00000,0.00000,-0.28000,0.00000,0.00000,0.55000,0.00000,0.00000,0.00000,0.54623,-0.00294,0.00140,0.35784,-0.01490,0.00470,0.66530,0.16504,0.00000,0.00000,-0.34957,0.00279,0.00103,0.35088,-0.02332,0.00317,0.65419,0.16426,0.00000,0.00000,0.55043,0.00279,0.00103,-0.28912,-0.02332,0.00317,0.65419,0.16426,0.00000,0.00000,-0.34957,0.00279,0.00103,-0.28912,-0.02332,0.00317,0.65419,0.16426,0.00000,0.00000
3.9500,395,3,3.9504,50.00,0.55000,0.00000,0.00000,0.36000,0.00000,0.00000,0.55000,0.00000,0.00000,0.00000,-0.35000,0.00000,0.00000,0.36000,0.00000,0.00000,0.55000,0.00000,0.00000,0.00000,0.55000,0.00000,0.00000,-0.28000,0.00000,0.00000,0.55000,0.00000,0.00000,0.00000,-0.35000,0.00000,0.00000,-0.28000,0.00000,0.00000,0.55000,0.00000,0.00000,0.00000,0.54610,-0.00223,0.00148,0.35703,-0.01723,0.00482,0.67352,0.16371,0.00000,0.00000,-0.34942,0.00331,0.00111,0.34968,-0.02488,0.00316,0.66240,0.16390,0.00000,0.00000,0.55058,0.00331,0.00111,-0.29032,-0.02488,0.00316,0.66240,0.16390,0.00000,0.00000,-0.34942,0.00331,0.00111,-0.29032,-0.02488,0.00316,0.66240,0.16390,0.00000,0.00000
4.0000,400,4,4.0006,50.13,0.55000,0.00000,0.00000,0.36000,0.00000,0.00000,0.55000,0.00000,0.00000,0.00000,-0.35000,0.00000,0.00000,0.36000,0.00000,0.00000,0.55000,0.00000,0.00000,0.00000,0.55000,0.00000,0.00000,-0.28000,0.00000,0.00000,0.55000,0.00000,0.00000,0.00000,-0.35000,0.00000,0.00000,-0.28000,0.00000,0.00000,0.55000,0.00000,0.00000,0.00000,0.55000,0.00000,0.00000,0.36000,0.00000,0.00000,0.55000,0.00000,0.00000,0.00000,-0.35000,0.00000,0.00000,0.36000,0.00000,0.00000,0.55000,0.00000,0.00000,0.00000,0.55000,0.00000,0.00000,-0.28000,0.00000,0.00000,0.55000,0.00000,0.00000,0.00000,-0.35000,0.00000,0.00000,-0.28000,0.00000,0.00000,0.55000,0.00000,0.00000,0.00000
4.0500,405,4,4.0504,49.83,0.55000,0.00000,0.00000,0.36000,0.00000,0.00000,0.55000,0.00000,0.00000,0.00000,-0.35000,0.00000,0.00000,0.36000,0.00000,0.00000,0.55000,0.00000,0.00000,0.00000,0.55000,0.00000,0.00000,-0.28000,0.00000,0.00000,0.55000,0.00000,0.00000,0.00000,-0.35000,0.00000,0.00000,-0.28000,0.00000,0.00000,0.55000,0.00000,0.00000,0.00000,0.55000,0.00002,0.00007,0.35999,-0.00053,0.00205,0.55082,0.03139,0.00000,0.00000,-0.35000,0.00019,0.00074,0.35999,-0.00055,0.00210,0.55050,0.01995,0.00000,0.00000,0.55000,0.00019,0.00074,-0.28001,-0.00055,0.00210,0.55050,0.01995,0.00000,0.00000,-0.35000,0.00019,0.00074,-0.28001,-0.00055,0.00210,0.55050,0.01995,0.00000,0.00000
4.1000,410,4,4.1005,50.11,0.55000,0.00000,0.00000,0.36000,0.00000,0.00000,0.55000,0.00000,0.00000,0.00000,-0.35000,0.00000,0.00000,0.36000,0.00000,0.00000,0.55000,0.00000,0.00000,0.00000,0.55000,0.00000,0.00000,-0.28000,0.00000,0.00000,0.55000,0.00000,0.00000,0.00000,-0.35000,0.00000,0.00000,-0.28000,0.00000,0.00000,0.55000,0.00000,0.00000,0.00000,0.55000,0.00008,0.00020,0.35993,-0.00191,0.00347,0.55303,0.05642,0.00000,0.00000,-0.34998,0.00069,0.00125,0.35993,-0.00194,0.00348,0.55197,0.03871,0.00000,0.00000,0.55002,0.00069,0.00125,-0.28007,-0.00194,0.00348,0.55197,0.03871,0.00000,0.00000,-0.34998,0.00069,0.00125,-0.28007,-0.00194,0.00348,0.55197,0.03871,0.00000,0.00000
4.1500,415,4,4.1504,49.91,0.55000,0.00000,0.00000,0.36000,0.00000,0.00000,0.55000,0.00000,0.00000,0.00000,-0.35000,0.00000,0.00000,0.36000,0.00000,0.00000,0.55000,0.00000,0.00000,0.00000,0.55000,0.00000,0.00000,-0.28000,0.00000,0.00000,0.55000,0.00000,0.00000,0.00000,-0.35000,0.00000,0.00000,-0.28000,0.00000,0.00000,0.55000,0.00000,0.00000,0.00000,0.55001,0.00022,0.00036,0.35979,-0.00387,0.00446,0.55638,0.07667,0.00000,0.00000,-0.34992,0.00139,0.00160,0.35979,-0.00388,0.00437,0.55435,0.05603,0.00000,0.00000,0.55008,0.00139,0.00160,-0.28021,-0.00388,0.00437,0.55435,0.05603,0.00000,0.00000,-0.34992,0.00139,0.00160,-0.28021,-0.00388,0.00437,0.55435,0.05603,0.00000,0.00000
4.2000,420,4,4.2004,49.99,0.55000,0.00000,0.00000,0.36000,0.00000,0.00000,0.55000,0.00000,0.00000,0.00000,-0.35000,0.00000,0.00000,0.36000,0.00000,0.00000,0.55000,0.00000,0.00000,0.00000,0.55000,0.00000,0.00000,-0.28000,0.00000,0.00000,0.55000,0.00000,0.00000,0.00000,-0.35000,0.00000,0.00000,-0.28000,0.00000,0.00000,0.55000,0.00000,0.00000,0.00000,0.55003,0.00044,0.00054,0.35954,-0.00623,0.00512,0.56064,0.09324,0.00000,0.00000,-0.34983,0.00224,0.00184,0.35954,-0.00617,0.00492,0.55755,0.07182,0.00000,0.00000,0.55017,0.00224,0.00184,-0.28046,-0.00617,0.00492,0.55755,0.07182,0.00000,0.00000,-0.34983,0.00224,0.00184,-0.28046,-0.00617,0.00492,0.55755,0.07182,0.00000,0.00000
4.2500,425,4,4.2505,50.07,0.55000,0.00000,0.00000,0.36000,0.00000,0.00000,0.55000,0.00000,0.00000,0.00000,-0.35000,0.00000,0.00000,0.36000,0.00000,0.00000,0.55000,0.00000,0.00000,0.00000,0.55000,0.00000,0.00000,-0.28000,0.00000,0.00000,0.55000,0.00000,0.00000,0.00000,-0.35000,0.00000,0.00000,-0.28000,0.00000,0.00000,0.55000,0.00000,0.00000,0.00000,0.55005,0.00075,0.00072,0.35916,-0.00885,0.00555,0.56565,0.10691,0.00000,0.00000,-0.34970,0.00318,0.00201,0.35917,-0.00867,0.00524,0.56151,0.08602,0.00000,0.00000,0.55030,0.00318,0.00201,-0.28083,-0.00867,0.00524,0.56151,0.08602,0.00000,0.00000,-0.34970,0.00318,0.00201,-0.28083,-0.00867,0.00524,0.56151,0.08602,0.00000,0.00000
4.3000,430,4,4.3003,49.79,0.55000,0.00000,0.00000,0.36000,0.00000,0.00000,0.55000,0.00000,0.00000,0.00000,-0.35000,0.00000,0.00000,0.36000,0.00000,0.00000,0.55000,0.00000,0.00000,0.00000,0.55000,0.00000,0.00000,-0.28000,0.00000,0.00000,0.55000,0.00000,0.00000,0.00000,-0.35000,0.00000,0.00000,-0.28000,0.00000,0.00000,0.55000,0.00000,0.00000,0.00000,0.55010,0.00115,0.00091,0.35865,-0.01165,0.00582,0.57129,0.11823,0.00000,0.00000,-0.34951,0.00420,0.00213,0.35867,-0.01128,0.00540,0.56613,0.09869,0.00000,0.00000,0.55049,0.00420,0.00213,-0.28133,-0.01128,0.00540,0.56613,0.09869,0.00000,0.00000,-0.34951,0.00420,0.00213,-0.28133,-0.01128,0.00540,0.56613,0.09869,0.00000,0.00000
4.3500,435,4,4.3502,49.91,0.55000,0.00000,0.00000,0.36000,0.00000,0.00000,0.55000,0.00000,0.00000,0.00000,-0.35000,0.00000,0.00000,0.36000,0.00000,0.00000,0.55000,0.00000,0.00000,0.00000,0.55000,0.00000,0.00000,-0.28000,0.00000,0.00000,0.55000,0.00000,0.00000,0.00000,-0.35000,0.00000,0.00000,-0.28000,0.00000,0.00000,0.55000,0.00000,0.00000,0.00000,0.55017,0.00164,0.00110,0.35800,-0.01454,0.00596,0.57744,0.12761,0.00000,0.00000,-0.34928,0.00527,0.00221,0.35804,-0.01394,0.00545,0.57135,0.10986,0.00000,0.00000,0.55072,0.00527,0.00221,-0.28196,-0.01394,0.00545,0.57135,0.10986,0.00000,0.00000,-0.34928,0.00527,0.00221,-0.28196,-0.01394,0.00545,0.57135,0.10986,0.00000,0.00000
4.4000,440,4,4.4004,50.20,0.55000,0.00000,0.00000,0.36000,0.00000,0.00000,0.55000,0.00000,0.00000,0.00000,-0.35000,0.00000,0.00000,0.36000,0.00000,0.00000,0.55000,0.00000,0.00000,0.00000,0.55000,0.00000,0.00000,-0.28000,0.00000,0.00000,0.55000,0.00000,0.00000,0.00000,-0.35000,0.00000,0.00000,-0.28000,0.00000,0.00000,0.55000,0.00000,0.00000,0.00000,0.55027,0.00223,0.00130,0.35720,-0.01748,0.00600,0.58402,0.13536,0.00000,0.00000,-0.34899,0.00637,0.00228,0.35727,-0.01661,0.00542,0.57709,0.11962,0.00000,0.00000,0.55101,0.00637,0.00228,-0.28273,-0.01661,0.00542,0.57709,0.11962,0.00000,0.00000,-0.34899,0.00637,0.00228,-0.28273,-0.01661,0.00542,0.57709,0.11962,0.00000,0.00000
4.4500,445,4,4.4503,49.92,0.55000,0.00000,0.00000,0.36000,0.00000,0.00000,0.55000,0.00000,0.00000,0.00000,-0.35000,0.00000,0.00000,0.36000,0.00000,0.00000,0.55000,0.00000,0.00000,0.00000,0.55000,0.00000,0.00000,-0.28000,0.00000,0.00000,0.55000,0.00000,0.00000,0.00000,-0.35000,0.00000,0.00000,-0.28000,0.00000,0.00000,0.55000,0.00000,0.00000,0.00000,0.55040,0.00291,0.00149,0.35625,-0.02042,0.00598,0.59096,0.14172,0.00000,0.00000,-0.34864,0.00750,0.00232,0.35638,-0.01925,0.00534,0.58329,0.12807,0.00000,0.00000,0.55136,0.00750,0.00232,-0.28362,-0.01925,0.00534,0.58329,0.12807,0.00000,0.00000,-0.34864,0.00750,0.00232,-0.28362,-0.01925,0.00534,0.58329,0.12807,0.00000,0.00000
4.5000,450,4,4.5002,49.93,0.55000,0.00000,0.00000,0.36000,0.00000,0.00000,0.55000,0.00000,0.00000,0.00000,-0.35000,0.00000,0.00000,0.36000,0.00000,0.00000,0.55000,0.00000,0.00000,0.00000,0.55000,0.00000,0.00000,-0.28000,0.00000,0.00000,0.55000,0.00000,0.00000,0.00000,-0.35000,0.00000,0.00000,-0.28000,0.00000,0.00000,0.55000,0.00000,0.00000,0.00000,0.55056,0.00369,0.00168,0.35515,-0.02333,0.00590,0.59818,0.14688,0.00000,0.00000,-0.34824,0.00865,0.00236,0.35535,-0.02184,0.00522,0.58988,0.13528,0.00000,0.00000,0.55176,0.00865,0.00236,-0.28465,-0.02184,0.00522,0.58988,0.13528,0.00000,0.00000,-0.34824,0.00865,0.00236,-0.28465,-0.02184,0.00522,0.58988,0.13528,0.00000,0.00000
4.5500,455,4,4.5504,50.23,0.55000,0.00000,0.00000,0.36000,0.00000,0.00000,0.55000,0.00000,0.00000,0.00000,-0.35000,0.00000,0.00000,0.36000,0.00000,0.00000,0.55000,0.00000,0.00000,0.00000,0.55000,0.00000,0.00000,-0.28000,0.00000,0.00000,0.55000,0.00000,0.00000,0.00000,-0.35000,0.00000,0.00000,-0.28000,0.00000,0.00000,0.55000,0.00000,0.00000,0.00000,0.55077,0.00456,0.00187,0.35392,-0.02620,0.00577,0.60563,0.15103,0.00000,0.00000,-0.34778,0.00981,0.00239,0.35419,-0.02436,0.00507,0.59680,0.14136,0.00000,0.00000,0.55222,0.00981,0.00239,-0.28581,-0.02436,0.00507,0.59680,0.14136,0.00000,0.00000,-0.34778,0.00981,0.00239,-0.28581,-0.02436,0.00507,0.59680,0.14136,0.00000,0.00000
4.6000,460,4,4.6004,50.00,0.55000,0.00000,0.00000,0.36000,0.00000,0.00000,0.55000,0.00000,0.00000,0.00000,-0.35000,0.00000,0.00000,0.36000,0.00000,0.00000,0.55000,0.00000,0.00000,0.00000,0.55000,0.00000,0.00000,-0.28000,0.00000,0.00000,0.55000,0.00000,0.00000,0.00000,-0.35000,0.00000,0.00000,-0.28000,0.00000,0.00000,0.55000,0.00000,0.00000,0.00000,0.55102,0.00552,0.00205,0.35254,-0.02899,0.00563,0.61326,0.15428,0.00000,0.00000,-0.34726,0.01099,0.00242,0.35291,-0.02681,0.00491,0.60400,0.14640,0.00000,0.00000,0.55274,0.01099,0.00242,-0.28709,-0.02681,0.00491,0.60400,0.14640,0.00000,0.00000,-0.34726,0.01099,0.00242,-0.28709,-0.02681,0.00491,0.60400,0.14640,0.00000,0.00000
4.6500,465,4,4.6505,50.02,0.55000,0.00000,0.00000,0.36000,0.00000,0.00000,0.55000,0.00000,0.00000,0.00000,-0.35000,0.00000,0.00000,0.36000,0.00000,0.00000,0.55000,0.00000,0.00000,0.00000,0.55000,0.00000,0.00000,-0.28000,0.00000,0.00000,0.55000,0.00000,0.00000,0.00000,-0.35000,0.00000,0.00000,-0.28000,0.00000,0.00000,0.55000,0.00000,0.00000,0.00000,0.55132,0.00657,0.00220,0.35102,-0.03171,0.00546,0.62104,0.15672,0.00000,0.00000,-0.34668,0.01218,0.00244,0.35151,-0.02918,0.00473,0.61142,0.15048,0.00000,0.00000,0.55332,0.01218,0.00244,-0.28849,-0.02918,0.00473,0.61142,0.15048,0.00000,0.00000,-0.34668,0.01218,0.00244,-0.28849,-0.02918,0.00473,0.61142,0.15048,0.00000,0.00000
4.7000,470,4,4.7005,50.02,0.55000,0.00000,0.00000,0.36000,0.00000,0.00000,0.55000,0.00000,0.00000,0.00000,-0.35000,0.00000,0.00000,0.36000,0.00000,0.00000,0.55000,0.00000,0.00000,0.00000,0.55000,0.00000,0.00000,-0.28000,0.00000,0.00000,0.55000,0.00000,0.00000,0.00000,-0.35000,0.00000,0.00000,-0.28000,0.00000,0.00000,0.55000,0.00000,0.00000,0.00000,0.55168,0.00768,0.00235,0.34937,-0.03435,0.00528,0.62892,0.15843,0.00000,0.00000,-0.34604,0.01338,0.00246,0.35000,-0.03145,0.00454,0.61903,0.15367,0.00000,0.00000,0.55396,0.01338,0.00246,-0.29000,-0.03145,0.00454,0.61903,0.15367,0.00000,0.00000,-0.34604,0.01338,0.00246,-0.29000,-0.03145,0.00454,0.61903,0.15367,0.00000,0.00000
4.7500,475,4,4.7504,49.96,0.55000,0.00000,0.00000,0.36000,0.00000,0.00000,0.55000,0.00000,0.00000,0.00000,-0.35000,0.00000,0.00000,0.36000,0.00000,0.00000,0.55000,0.00000,0.00000,0.00000,0.55000,0.00000,0.00000,-0.28000,0.00000,0.00000,0.55000,0.00000,0.00000,0.00000,-0.35000,0.00000,0.00000,-0.28000,0.00000,0.00000,0.55000,0.00000,0.00000,0.00000,0.55209,0.00886,0.00247,0.34758,-0.03689,0.00508,0.63687,0.15947,0.00000,0.00000,-0.34534,0.01459,0.00247,0.34837,-0.03363,0.00435,0.62678,0.15606,0.00000,0.00000,0.55466,0.01459,0.00247,-0.29163,-0.03363,0.00435,0.62678,0.15606,0.00000,0.00000,-0.34534,0.01459,0.00247,-0.29163,-0.03363,0.00435,0.62678,0.15606,0.00000,0.00000
4.8000,480,4,4.8004,49.94,0.55000,0.00000,0.00000,0.36000,0.00000,0.00000,0.55000,0.00000,0.00000,0.00000,-0.35000,0.00000,0.00000,0.36000,0.00000,0.00000,0.55000,0.00000,0.00000,0.00000,0.55000,0.00000,0.00000,-0.28000,0.00000,0.00000,0.55000,0.00000,0.00000,0.00000,-0.35000,0.00000,0.00000,-0.28000,0.00000,0.00000,0.55000,0.00000,0.00000,0.00000,0.55256,0.01010,0.00258,0.34568,-0.03933,0.00488,0.64486,0.15991,0.00000,0.00000,-0.34458,0.01581,0.00249,0.34664,-0.03571,0.00415,0.63462,0.15772,0.00000,0.00000,0.55542,0.01581,0.00249,-0.29336,-0.03571,0.00415,0.63462,0.15772,0.00000,0.00000,-0.34458,0.01581,0.00249,-0.29336,-0.03571,0.00415,0.63462,0.15772,0.00000,0.00000
4.8500,485,4,4.8504,50.05,0.55000,0.00000,0.00000,0.36000,0.00000,0.00000,0.55000,0.00000,0.00000,0.00000,-0.35000,0.00000,0.00000,0.36000,0.00000,0.00000,0.55000,0.00000,0.00000,0.00000,0.55000,0.00000,0.00000,-0.28000,0.00000,0.00000,0.55000,0.00000,0.00000,0.00000,-0.35000,0.00000,0.00000,-0.28000,0.00000,0.00000,0.55000,0.00000,0.00000,0.00000,0.55310,0.01139,0.00267,0.34365,-0.04167,0.00467,0.65286,0.15980,0.00000,0.00000,-0.34376,0.01703,0.00250,0.34480,-0.03770,0.00395,0.64254,0.15872,0.00000,0.00000,0.55624,0.01703,0.00250,-0.29520,-0.03770,0.00395,0.64254,0.15872,0.00000,0.00000,-0.34376,0.01703,0.00250,-0.29520,-0.03770,0.00395,0.64254,0.15872,0.00000,0.00000
4.9000,490,4,4.9005,50.03,0.55000,0.00000,0.00000,0.36000,0.00000,0.00000,0.55000,0.00000,0.00000,0.00000,-0.35000,0.00000,0.00000,0.36000,0.00000,0.00000,0.55000,0.00000,0.00000,0.00000,0.55000,0.00000,0.00000,-0.28000,0.00000,0.00000,0.55000,0.00000,0.00000,0.00000,-0.35000,0.00000,0.00000,-0.28000,0.00000,0.00000,0.55000,0.00000,0.00000,0.00000,0.55370,0.01272,0.00275,0.34151,-0.04391,0.00446,0.66083,0.15921,0.00000,0.00000,-0.34288,0.01826,0.00251,0.34287,-0.03958,0.00374,0.65049,0.15910,0.00000,0.00000,0.55712,0.01826,0.00251,-0.29713,-0.03958,0.00374,0.65049,0.15910,0.00000,0.00000,-0.34288,0.01826,0.00251,-0.29713,-0.03958,0.00374,0.65049,0.15910,0.00000,0.00000
4.9500,495,4,4.9504,49.97,0.55000,0.00000,0.00000,0.36000,0.00000,0.00000,0.55000,0.00000,0.00000,0.00000,-0.35000,0.00000,0.00000,0.36000,0.00000,0.00000,0.55000,0.00000,0.00000,0.00000,0.55000,0.00000,0.00000,-0.28000,0.00000,0.00000,0.55000,0.00000,0.00000,0.00000,-0.35000,0.00000,0.00000,-0.28000,0.00000,0.00000,0.55000,0.00000,0.00000,0.00000,0.55437,0.01409,0.00282,0.33926,-0.04604,0.00424,0.66877,0.15817,0.00000,0.00000,-0.34193,0.01950,0.00252,0.34084,-0.04137,0.00353,0.65844,0.15894,0.00000,0.00000,0.55807,0.01950,0.00252,-0.29916,-0.04137,0.00353,0.65844,0.15894,0.00000,0.00000,-0.34193,0.01950,0.00252,-0.29916,-0.04137,0.00353,0.65844,0.15894,0.00000,0.00000
5.0000,500,5,5.0003,49.86,0.55000,0.00000,0.00000,0.36000,0.00000,0.00000,0.55000,0.00000,0.00000,0.00000,-0.35000,0.00000,0.00000,0.36000,0.00000,0.00000,0.55000,0.00000,0.00000,0.00000,0.55000,0.00000,0.00000,-0.28000,0.00000,0.00000,0.55000,0.00000,0.00000,0.00000,-0.35000,0.00000,0.00000,-0.28000,0.00000,0.00000,0.55000,0.00000,0.00000,0.00000,0.55000,0.00000,0.00000,0.36000,0.00000,0.00000,0.55000,0.00000,0.00000,0.00000,-0.35000,0.00000,0.00000,0.36000,0.00000,0.00000,0.55000,0.00000,0.00000,0.00000,0.55000,0.00000,0.00000,-0.28000,0.00000,0.00000,0.55000,0.00000,0.00000,0.00000,-0.35000,0.00000,0.00000,-0.28000,0.00000,0.00000,0.55000,0.00000,0.00000,0.00000
5.0500,505,5,5.0504,50.12,0.55000,0.00000,0.00000,0.36000,0.00000,0.00000,0.55000,0.00000,0.00000,0.00000,-0.35000,0.00000,0.00000,0.36000,0.00000,0.00000,0.55000,0.00000,0.00000,0.00000,0.55000,0.00000,0.00000,-0.28000,0.00000,0.00000,0.55000,0.00000,0.00000,0.00000,-0.35000,0.00000,0.00000,-0.28000,0.00000,0.00000,0.55000,0.00000,0.00000,0.00000,0.55001,0.00034,0.00132,0.35998,-0.00096,0.00364,0.55079,0.03044,0.00000,0.00000,-0.34999,0.00044,0.00167,0.35999,-0.00058,0.00223,0.55049,0.01962,0.00000,0.00000,0.55001,0.00044,0.00167,-0.28001,-0.00058,0.00223,0.55049,0.01962,0.00000,0.00000,-0.34999,0.00044,0.00167,-0.28001,-0.00058,0.00223,0.55049,0.01962,0.00000,0.00000
5.1000,510,5,5.1005,50.07,0.55000,0.00000,0.00000,0.36000,0.00000,0.00000,0.55000,0.00000,0.00000,0.00000,-0.35000,0.00000,0.00000,0.36000,0.00000,0.00000,0.55000,0.00000,0.00000,0.00000,0.55000,0.00000,0.00000,-0.28000,0.00000,0.00000,0.55000,0.00000,0.00000,0.00000,-0.35000,0.00000,0.00000,-0.28000,0.00000,0.00000,0.55000,0.00000,0.00000,0.00000,0.55004,0.00123,0.00225,0.35988,-0.00335,0.00591,0.55294,0.05485,0.00000,0.00000,-0.34995,0.00154,0.00278,0.35993,-0.00206,0.00368,0.55194,0.03806,0.00000,0.00000,0.55005,0.00154,0.00278,-0.28007,-0.00206,0.00368,0.55194,0.03806,0.00000,0.00000,-0.34995,0.00154,0.00278,-0.28007,-0.00206,0.00368,0.55194,0.03806,0.00000,0.00000
5.1500,515,5,5.1503,49.87,0.55000,0.00000,0.00000,0.36000,0.00000,0.00000,0.55000,0.00000,0.00000,0.00000,-0.35000,0.00000,0.00000,0.36000,0.00000,0.00000,0.55000,0.00000,0.00000,0.00000,0.55000,0.00000,0.00000,-0.28000,0.00000,0.00000,0.55000,0.00000,0.00000,0.00000,-0.35000,0.00000,0.00000,-0.28000,0.00000,0.00000,0.55000,0.00000,0.00000,0.00000,0.55014,0.00250,0.00291,0.35963,-0.00661,0.00724,0.55620,0.07472,0.00000,0.00000,-0.34983,0.00310,0.00352,0.35977,-0.00411,0.00459,0.55428,0.05511,0.00000,0.00000,0.55017,0.00310,0.00352,-0.28023,-0.00411,0.00459,0.55428,0.05511,0.00000,0.00000,-0.34983,0.00310,0.00352,-0.28023,-0.00411,0.00459,0.55428,0.05511,0.00000,0.00000
5.2000,520,5,5.2004,50.10,0.55000,0.00000,0.00000,0.36000,0.00000,0.00000,0.55000,0.00000,0.00000,0.00000,-0.35000,0.00000,0.00000,0.36000,0.00000,0.00000,0.55000,0.00000,0.00000,0.00000,0.55000,0.00000,0.00000,-0.28000,0.00000,0.00000,0.55000,0.00000,0.00000,0.00000,-0.35000,0.00000,0.00000,-0.28000,0.00000,0.00000,0.55000,0.00000,0.00000,0.00000,0.55030,0.00405,0.00338,0.35921,-0.01035,0.00793,0.56036,0.09108,0.00000,0.00000,-0.34963,0.00495,0.00399,0.35951,-0.00650,0.00513,0.55743,0.07064,0.00000,0.00000,0.55037,0.00495,0.00399,-0.28049,-0.00650,0.00513,0.55743,0.07064,0.00000,0.00000,-0.34963,0.00495,0.00399,-0.28049,-0.00650,0.00513,0.55743,0.07064,0.00000,0.00000
5.2500,525,5,5.2504,49.94,0.55000,0.00000,0.00000,0.36000,0.00000,0.00000,0.55000,0.00000,0.00000,0.00000,-0.35000,0.00000,0.00000,0.36000,0.00000,0.00000,0.55000,0.00000,0.00000,0.00000,0.55000,0.00000,0.00000,-0.28000,0.00000,0.00000,0.55000,0.00000,0.00000,0.00000,-0.35000,0.00000,0.00000,-0.28000,0.00000,0.00000,0.55000,0.00000,0.00000,0.00000,0.55054,0.00579,0.00371,0.35860,-0.01431,0.00819,0.56526,0.10466,0.00000,0.00000,-0.34933,0.00699,0.00429,0.35912,-0.00910,0.00541,0.56132,0.08464,0.00000,0.00000,0.55067,0.00699,0.00429,-0.28088,-0.00910,0.00541,0.56132,0.08464,0.00000,0.00000,-0.34933,0.00699,0.00429,-0.28088,-0.00910,0.00541,0.56132,0.08464,0.00000,0.00000
5.3000,530,5,5.3004,49.98,0.55000,0.00000,0.00000,0.36000,0.00000,0.00000,0.55000,0.00000,0.00000,0.00000,-0.35000,0.00000,0.00000,0.36000,0.00000,0.00000,0.55000,0.00000,0.00000,0.00000,0.55000,0.00000,0.00000,-0.28000,0.00000,0.00000,0.55000,0.00000,0.00000,0.00000,-0.35000,0.00000,0.00000,-0.28000,0.00000,0.00000,0.55000,0.00000,0.00000,0.00000,0.55088,0.00767,0.00394,0.35778,-0.01834,0.00818,0.57079,0.11597,0.00000,0.00000,-0.34893,0.00914,0.00446,0.35860,-0.01179,0.00551,0.56587,0.09711,0.00000,0.00000,0.55107,0.00914,0.00446,-0.28140,-0.01179,0.00551,0.56587,0.09711,0.00000,0.00000,-0.34893,0.00914,0.00446,-0.28140,-0.01179,0.00551,0.56587,0.09711,0.00000,0.00000
5.3500,535,5,5.3504,50.09,0.55000,0.00000,0.00000,0.36000,0.00000,0.00000,0.55000,0.00000,0.00000,0.00000,-0.35000,0.00000,0.00000,0.36000,0.00000,0.00000,0.55000,0.00000,0.00000,0.00000,0.55000,0.00000,0.00000,-0.28000,0.00000,0.00000,0.55000,0.00000,0.00000,0.00000,-0.35000,0.00000,0.00000,-0.28000,0.00000,0.00000,0.55000,0.00000,0.00000,0.00000,0.55131,0.00965,0.00410,0.35676,-0.02231,0.00798,0.57683,0.12540,0.00000,0.00000,-0.34842,0.01135,0.00454,0.35794,-0.01449,0.00549,0.57100,0.10812,0.00000,0.00000,0.55158,0.01135,0.00454,-0.28206,-0.01449,0.00549,0.57100,0.10812,0.00000,0.00000,-0.34842,0.01135,0.00454,-0.28206,-0.01449,0.00549,0.57100,0.10812,0.00000,0.00000
5.4000,540,5,5.4004,49.99,0.55000,0.00000,0.00000,0.36000,0.00000,0.00000,0.55000,0.00000,0.00000,0.00000,-0.35000,0.00000,0.00000,0.36000,0.00000,0.00000,0.55000,0.00000,0.00000,0.00000,0.55000,0.00000,0.00000,-0.28000,0.00000,0.00000,0.55000,0.00000,0.00000,0.00000,-0.35000,0.00000,0.00000,-0.28000,0.00000,0.00000,0.55000,0.00000,0.00000,0.00000,0.55185,0.01169,0.00421,0.35555,-0.02614,0.00765,0.58330,0.13323,0.00000,0.00000,-0.34779,0.01359,0.00457,0.35715,-0.01716,0.00538,0.57666,0.11774,0.00000,0.00000,0.55221,0.01359,0.00457,-0.28285,-0.01716,0.00538,0.57666,0.11774,0.00000,0.00000,-0.34779,0.01359,0.00457,-0.28285,-0.01716,0.00538,0.57666,0.11774,0.00000,0.00000
5.4500,545,5,5.4504,49.96,0.55000,0.00000,0.00000,0.36000,0.00000,0.00000,0.55000,0.00000,0.00000,0.00000,-0.35000,0.00000,0.00000,0.36000,0.00000,0.00000,0.55000,0.00000,0.00000,0.00000,0.55000,0.00000,0.00000,-0.28000,0.00000,0.00000,0.55000,0.00000,0.00000,0.00000,-0.35000,0.00000,0.00000,-0.28000,0.00000,0.00000,0.55000,0.00000,0.00000,0.00000,0.55248,0.01377,0.00428,0.35415,-0.02980,0.00726,0.59013,0.13967,0.00000,0.00000,-0.34706,0.01583,0.00456,0.35623,-0.01975,0.00520,0.58275,0.12603,0.00000,0.00000,0.55294,0.01583,0.00456,-0.28377,-0.01975,0.00520,0.58275,0.12603,0.00000,0.00000,-0.34706,0.01583,0.00456,-0.28377,-0.01975,0.00520,0.58275,0.12603,0.00000,0.00000
5.5000,550,5,5.5001,49.73,0.55000,0.00000,0.00000,0.36000,0.00000,0.00000,0.55000,0.00000,0.00000,0.00000,-0.35000,0.00000,0.00000,0.36000,0.00000,0.00000,0.55000,0.00000,0.00000,0.00000,0.55000,0.00000,0.00000,-0.28000,0.00000,0.00000,0.55000,0.00000,0.00000,0.00000,-0.35000,0.00000,0.00000,-0.28000,0.00000,0.00000,0.55000,0.00000,0.00000,0.00000,0.55322,0.01588,0.00432,0.35257,-0.03326,0.00682,0.59725,0.14489,0.00000,0.00000,-0.34621,0.01805,0.00452,0.35518,-0.02225,0.00499,0.58924,0.13310,0.00000,0.00000,0.55379,0.01805,0.00452,-0.28482,-0.02225,0.00499,0.58924,0.13310,0.00000,0.00000,-0.34621,0.01805,0.00452,-0.28482,-0.02225,0.00499,0.58924,0.13310,0.00000,0.00000
5.5500,555,5,5.5503,50.14,0.55000,0.00000,0.00000,0.36000,0.00000,0.00000,0.55000,0.00000,0.00000,0.00000,-0.35000,0.00000,0.00000,0.36000,0.00000,0.00000,0.55000,0.00000,0.00000,0.00000,0.55000,0.00000,0.00000,-0.28000,0.00000,0.00000,0.55000,0.00000,0.00000,0.00000,-0.35000,0.00000,0.00000,-0.28000,0.00000,0.00000,0.55000,0.00000,0.00000,0.00000,0.55407,0.01800,0.00433,0.35083,-0.03649,0.00635,0.60460,0.14903,0.00000,0.00000,-0.34525,0.02025,0.00446,0.35400,-0.02464,0.00474,0.59604,0.13901,0.00000,0.00000,0.55475,0.02025,0.00446,-0.28600,-0.02464,0.00474,0.59604,0.13901,0.00000,0.00000,-0.34525,0.02025,0.00446,-0.28600,-0.02464,0.00474,0.59604,0.13901,0.00000,0.00000
5.6000,560,5,5.6005,50.19,0.55000,0.00000,0.00000,0.36000,0.00000,0.00000,0.55000,0.00000,0.00000,0.00000,-0.35000,0.00000,0.00000,0.36000,0.00000,0.00000,0.55000,0.00000,0.00000,0.00000,0.55000,0.00000,0.00000,-0.28000,0.00000,0.00000,0.55000,0.00000,0.00000,0.00000,-0.35000,0.00000,0.00000,-0.28000,0.00000,0.00000,0.55000,0.00000,0.00000,0.00000,0.55502,0.02013,0.00433,0.34893,-0.03948,0.00588,0.61213,0.15221,0.00000,0.00000,-0.34419,0.02242,0.00438,0.35272,-0.02690,0.00447,0.60312,0.14386,0.00000,0.00000,0.55581,0.02242,0.00438,-0.28728,-0.02690,0.00447,0.60312,0.14386,0.00000,0.00000,-0.34419,0.02242,0.00438,-0.28728,-0.02690,0.00447,0.60312,0.14386,0.00000,0.00000
5.6500,565,5,5.6505,50.04,0.55000,0.00000,0.00000,0.36000,0.00000,0.00000,0.55000,0.00000,0.00000,0.00000,-0.35000,0.00000,0.00000,0.36000,0.00000,0.00000,0.55000,0.00000,0.00000,0.00000,0.55000,0.00000,0.00000,-0.28000,0.00000,0.00000,0.55000,0.00000,0.00000,0.00000,-0.35000,0.00000,0.00000,-0.28000,0.00000,0.00000,0.55000,0.00000,0.00000,0.00000,0.55608,0.02224,0.00431,0.34689,-0.04225,0.00540,0.61980,0.15452,0.00000,0.00000,-0.34301,0.02455,0.00430,0.35132,-0.02902,0.00418,0.61041,0.14772,0.00000,0.00000,0.55699,0.02455,0.00430,-0.28868,-0.02902,0.00418,0.61041,0.14772,0.00000,0.00000,-0.34301,0.02455,0.00430,-0.28868,-0.02902,0.00418,0.61041,0.14772,0.00000,0.00000
5.7000,570,5,5.7004,49.95,0.55000,0.00000,0.00000,0.36000,0.00000,0.00000,0.55000,0.00000,0.00000,0.00000,-0.35000,0.00000,0.00000,0.36000,0.00000,0.00000,0.55000,0.00000,0.00000,0.00000,0.55000,0.00000,0.00000,-0.28000,0.00000,0.00000,0.55000,0.00000,0.00000,0.00000,-0.35000,0.00000,0.00000,-0.28000,0.00000,0.00000,0.55000,0.00000,0.00000,0.00000,0.55725,0.02435,0.00428,0.34471,-0.04478,0.00492,0.62757,0.15604,0.00000,0.00000,-0.34173,0.02664,0.00421,0.34982,-0.03100,0.00389,0.61788,0.15067,0.00000,0.00000,0.55827,0.02664,0.00421,-0.29018,-0.03100,0.00389,0.61788,0.15067,0.00000,0.00000,-0.34173,0.02664,0.00421,-0.29018,-0.03100,0.00389,0.61788,0.15067,0.00000,0.00000
5.7500,575,5,5.7504,49.97,0.55000,0.00000,0.00000,0.36000,0.00000,0.00000,0.55000,0.00000,0.00000,0.00000,-0.35000,0.00000,0.00000,0.36000,0.00000,0.00000,0.55000,0.00000,0.00000,0.00000,0.55000,0.00000,0.00000,-0.28000,0.00000,0.00000,0.55000,0.00000,0.00000,0.00000,-0.35000,0.00000,0.00000,-0.28000,0.00000,0.00000,0.55000,0.00000,0.00000,0.00000,0.55852,0.02644,0.00424,0.34241,-0.04708,0.00446,0.63540,0.15685,0.00000,0.00000,-0.34035,0.02868,0.00411,0.34822,-0.03283,0.00358,0.62547,0.15279,0.00000,0.00000,0.55965,0.02868,0.00411,-0.29178,-0.03283,0.00358,0.62547,0.15279,0.00000,0.00000,-0.34035,0.02868,0.00411,-0.29178,-0.03283,0.00358,0.62547,0.15279,0.00000,0.00000
5.8000,580,5,5.8005,50.06,0.55000,0.00000,0.00000,0.36000,0.00000,0.00000,0.55000,0.00000,0.00000,0.00000,-0.35000,0.00000,0.00000,0.36000,0.00000,0.00000,0.55000,0.00000,0.00000,0.00000,0.55000,0.00000,0.00000,-0.28000,0.00000,0.00000,0.55000,0.00000,0.00000,0.00000,-0.35000,0.00000,0.00000,-0.28000,0.00000,0.00000,0.55000,0.00000,0.00000,0.00000,0.55989,0.02851,0.00419,0.34000,-0.04916,0.00400,0.64325,0.15702,0.00000,0.00000,-0.33887,0.03067,0.00401,0.34653,-0.03452,0.00328,0.63314,0.15414,0.00000,0.00000,0.56113,0.03067,0.00401,-0.29347,-0.03452,0.00328,0.63314,0.15414,0.00000,0.00000,-0.33887,0.03067,0.00401,-0.29347,-0.03452,0.00328,0.63314,0.15414,0.00000,0.00000
5.8500,585,5,5.8504,49.98,0.55000,0.00000,0.00000,0.36000,0.00000,0.00000,0.55000,0.00000,0.00000,0.00000,-0.35000,0.00000,0.00000,0.36000,0.00000,0.00000,0.55000,0.00000,0.00000,0.00000,0.55000,0.00000,0.00000,-0.28000,0.00000,0.00000,0.55000,0.00000,0.00000,0.00000,-0.35000,0.00000,0.00000,-0.28000,0.00000,0.00000,0.55000,0.00000,0.00000,0.00000,0.56137,0.03055,0.00414,0.33750,-0.05101,0.00355,0.65109,0.15661,0.00000,0.00000,-0.33728,0.03261,0.00391,0.34477,-0.03605,0.00297,0.64087,0.15478,0.00000,0.00000,0.56272,0.03261,0.00391,-0.29523,-0.03605,0.00297,0.64087,0.15478,0.00000,0.00000,-0.33728,0.03261,0.00391,-0.29523,-0.03605,0.00297,0.64087,0.15478,0.00000,0.00000
5.9000,590,5,5.9004,49.95,0.55000,0.00000,0.00000,0.36000,0.00000,0.00000,0.55000,0.00000,0.00000,0.00000,-0.35000,0.00000,0.00000,0.36000,0.00000,0.00000,0.55000,0.00000,0.00000,0.00000,0.55000,0.00000,0.00000,-0.28000,0.00000,0.00000,0.55000,0.00000,0.00000,0.00000,-0.35000,0.00000,0.00000,-0.28000,0.00000,0.00000,0.55000,0.00000,0.00000,0.00000,0.56295,0.03257,0.00408,0.33491,-0.05264,0.00311,0.65890,0.15567,0.00000,0.00000,-0.33561,0.03451,0.00381,0.34293,-0.03743,0.00265,0.64861,0.15478,0.00000,0.00000,0.56439,0.03451,0.00381,-0.29707,-0.03743,0.00265,0.64861,0.15478,0.00000,0.00000,-0.33561,0.03451,0.00381,-0.29707,-0.03743,0.00265,0.64861,0.15478,0.00000,0.00000
5.9500,595,5,5.9504,50.04,0.55000,0.00000,0.00000,0.36000,0.00000,0.00000,0.55000,0.00000,0.00000,0.00000,-0.35000,0.00000,0.00000,0.36000,0.00000,0.00000,0.55000,0.00000,0.00000,0.00000,0.55000,0.00000,0.00000,-0.28000,0.00000,0.00000,0.55000,0.00000,0.00000,0.00000,-0.35000,0.00000,0.00000,-0.28000,0.00000,0.00000,0.55000,0.00000,0.00000,0.00000,0.56462,0.03455,0.00402,0.33224,-0.05406,0.00268,0.66665,0.15425,0.00000,0.00000,-0.33383,0.03635,0.00370,0.34103,-0.03865,0.00234,0.65634,0.15419,0.00000,0.00000,0.56617,0.03635,0.00370,-0.29897,-0.03865,0.00234,0.65634,0.15419,0.00000,0.00000,-0.33383,0.03635,0.00370,-0.29897,-0.03865,0.00234,0.65634,0.15419,0.00000,0.00000
6.0000,600,6,6.0006,50.13,0.55000,0.00000,0.00000,0.36000,0.00000,0.00000,0.55000,0.00000,0.00000,0.00000,-0.35000,0.00000,0.00000,0.36000,0.00000,0.00000,0.55000,0.00000,0.00000,0.00000,0.55000,0.00000,0.00000,-0.28000,0.00000,0.00000,0.55000,0.00000,0.00000,0.00000,-0.35000,0.00000,0.00000,-0.28000,0.00000,0.00000,0.55000,0.00000,0.00000,0.00000,0.55000,0.00000,0.00000,0.36000,0.00000,0.00000,0.55000,0.00000,0.00000,0.00000,-0.35000,0.00000,0.00000,0.36000,0.00000,0.00000,0.55000,0.00000,0.00000,0.00000,0.55000,0.00000,0.00000,-0.28000,0.00000,0.00000,0.55000,0.00000,0.00000,0.00000,-0.35000,0.00000,0.00000,-0.28000,0.00000,0.00000,0.55000,0.00000,0.00000,0.00000
6.0500,605,6,6.0502,49.67,0.55000,0.00000,0.00000,0.36000,0.00000,0.00000,0.55000,0.00000,0.00000,0.00000,-0.35000,0.00000,0.00000,0.36000,0.00000,0.00000,0.55000,0.00000,0.00000,0.00000,0.55000,0.00000,0.00000,-0.28000,0.00000,0.00000,0.55000,0.00000,0.00000,0.00000,-0.35000,0.00000,0.00000,-0.28000,0.00000,0.00000,0.55000,0.00000,0.00000,0.00000,0.55001,0.00073,0.00277,0.35998,-0.00106,0.00398,0.55076,0.02940,0.00000,0.00000,-0.34999,0.00063,0.00240,0.35999,-0.00035,0.00133,0.55046,0.01843,0.00000,0.00000,0.55001,0.00063,0.00240,-0.28001,-0.00035,0.00133,0.55046,0.01843,0.00000,0.00000,-0.34999,0.00063,0.00240,-0.28001,-0.00035,0.00133,0.55046,0.01843,0.00000,0.00000
6.1000,610,6,6.1004,50.13,0.55000,0.00000,0.00000,0.36000,0.00000,0.00000,0.55000,0.00000,0.00000,0.00000,-0.35000,0.00000,0.00000,0.36000,0.00000,0.00000,0.55000,0.00000,0.00000,0.00000,0.55000,0.00000,0.00000,-0.28000,0.00000,0.00000,0.55000,0.00000,0.00000,0.00000,-0.35000,0.00000,0.00000,-0.28000,0.00000,0.00000,0.55000,0.00000,0.00000,0.00000,0.55009,0.00257,0.00460,0.35987,-0.00363,0.00629,0.55284,0.05278,0.00000,0.00000,-0.34992,0.00222,0.00398,0.35996,-0.00123,0.00218,0.55182,0.03571,0.00000,0.00000,0.55008,0.00222,0.00398,-0.28004,-0.00123,0.00218,0.55182,0.03571,0.00000,0.00000,-0.34992,0.00222,0.00398,-0.28004,-0.00123,0.00218,0.55182,0.03571,0.00000,0.00000
6.1500,615,6,6.1504,50.00,0.55000,0.00000,0.00000,0.36000,0.00000,0.00000,0.55000,0.00000,0.00000,0.00000,-0.35000,0.00000,0.00000,0.36000,0.00000,0.00000,0.55000,0.00000,0.00000,0.00000,0.55000,0.00000,0.00000,-0.28000,0.00000,0.00000,0.55000,0.00000,0.00000,0.00000,-0.35000,0.00000,0.00000,-0.28000,0.00000,0.00000,0.55000,0.00000,0.00000,0.00000,0.55028,0.00513,0.00577,0.35960,-0.00704,0.00748,0.55597,0.07161,0.00000,0.00000,-0.34976,0.00444,0.00501,0.35987,-0.00244,0.00269,0.55401,0.05158,0.00000,0.00000,0.55024,0.00444,0.00501,-0.28013,-0.00244,0.00269,0.55401,0.05158,0.00000,0.00000,-0.34976,0.00444,0.00501,-0.28013,-0.00244,0.00269,0.55401,0.05158,0.00000,0.00000
6.2000,620,6,6.2004,50.03,0.55000,0.00000,0.00000,0.36000,0.00000,0.00000,0.55000,0.00000,0.00000,0.00000,-0.35000,0.00000,0.00000,0.36000,0.00000,0.00000,0.55000,0.00000,0.00000,0.00000,0.55000,0.00000,0.00000,-0.28000,0.00000,0.00000,0.55000,0.00000,0.00000,0.00000,-0.35000,0.00000,0.00000,-0.28000,0.00000,0.00000,0.55000,0.00000,0.00000,0.00000,0.55061,0.00815,0.00649,0.35916,-0.01084,0.00792,0.55994,0.08693,0.00000,0.00000,-0.34947,0.00707,0.00564,0.35971,-0.00383,0.00297,0.55696,0.06594,0.00000,0.00000,0.55053,0.00707,0.00564,-0.28029,-0.00383,0.00297,0.55696,0.06594,0.00000,0.00000,-0.34947,0.00707,0.00564,-0.28029,-0.00383,0.00297,0.55696,0.06594,0.00000,0.00000
6.2500,625,6,6.2504,50.03,0.55000,0.00000,0.00000,0.36000,0.00000,0.00000,0.55000,0.00000,0.00000,0.00000,-0.35000,0.00000,0.00000,0.36000,0.00000,0.00000,0.55000,0.00000,0.00000,0.00000,0.55000,0.00000,0.00000,-0.28000,0.00000,0.00000,0.55000,0.00000,0.00000,0.00000,-0.35000,0.00000,0.00000,-0.28000,0.00000,0.00000,0.55000,0.00000,0.00000,0.00000,0.55110,0.01145,0.00690,0.35852,-0.01473,0.00787,0.56461,0.09946,0.00000,0.00000,-0.34905,0.00994,0.00601,0.35948,-0.00532,0.00308,0.56058,0.07876,0.00000,0.00000,0.55095,0.00994,0.00601,-0.28052,-0.00532,0.00308,0.56058,0.07876,0.00000,0.00000,-0.34905,0.00994,0.00601,-0.28052,-0.00532,0.00308,0.56058,0.07876,0.00000,0.00000
6.3000,630,6,6.3004,50.01,0.55000,0.00000,0.00000,0.36000,0.00000,0.00000,0.55000,0.00000,0.00000,0.00000,-0.35000,0.00000,0.00000,0.36000,0.00000,0.00000,0.55000,0.00000,0.00000,0.00000,0.55000,0.00000,0.00000,-0.28000,0.00000,0.00000,0.55000,0.00000,0.00000,0.00000,-0.35000,0.00000,0.00000,-0.28000,0.00000,0.00000,0.55000,0.00000,0.00000,0.00000,0.55176,0.01489,0.00711,0.35769,-0.01851,0.00751,0.56985,0.10971,0.00000,0.00000,-0.34847,0.01294,0.00619,0.35918,-0.00683,0.00307,0.56481,0.09005,0.00000,0.00000,0.55153,0.01294,0.00619,-0.28082,-0.00683,0.00307,0.56481,0.09005,0.00000,0.00000,-0.34847,0.01294,0.00619,-0.28082,-0.00683,0.00307,0.56481,0.09005,0.00000,0.00000
6.3500,635,6,6.3504,50.00,0.55000,0.00000,0.00000,0.36000,0.00000,0.00000,0.55000,0.00000,0.00000,0.00000,-0.35000,0.00000,0.00000,0.36000,0.00000,0.00000,0.55000,0.00000,0.00000,0.00000,0.55000,0.00000,0.00000,-0.28000,0.00000,0.00000,0.55000,0.00000,0.00000,0.00000,-0.35000,0.00000,0.00000,-0.28000,0.00000,0.00000,0.55000,0.00000,0.00000,0.00000,0.55259,0.01840,0.00718,0.35667,-0.02207,0.00695,0.57555,0.11805,0.00000,0.00000,-0.34775,0.01599,0.00625,0.35880,-0.00831,0.00297,0.56956,0.09985,0.00000,0.00000,0.55225,0.01599,0.00625,-0.28120,-0.00831,0.00297,0.56956,0.09985,0.00000,0.00000,-0.34775,0.01599,0.00625,-0.28120,-0.00831,0.00297,0.56956,0.09985,0.00000,0.00000
6.4000,640,6,6.4004,50.01,0.55000,0.00000,0.00000,0.36000,0.00000,0.00000,0.55000,0.00000,0.00000,0.00000,-0.35000,0.00000,0.00000,0.36000,0.00000,0.00000,0.55000,0.00000,0.00000,0.00000,0.55000,0.00000,0.00000,-0.28000,0.00000,0.00000,0.55000,0.00000,0.00000,0.00000,-0.35000,0.00000,0.00000,-0.28000,0.00000,0.00000,0.55000,0.00000,0.00000,0.00000,0.55360,0.02192,0.00715,0.35549,-0.02532,0.00627,0.58163,0.12476,0.00000,0.00000,-0.34688,0.01905,0.00621,0.35835,-0.00974,0.00282,0.57477,0.10824,0.00000,0.00000,0.55312,0.01905,0.00621,-0.28165,-0.00974,0.00282,0.57477,0.10824,0.00000,0.00000,-0.34688,0.01905,0.00621,-0.28165,-0.00974,0.00282,0.57477,0.10824,0.00000,0.00000
6.4500,645,6,6.4503,49.83,0.55000,0.00000,0.00000,0.36000,0.00000,0.00000,0.55000,0.00000,0.00000,0.00000,-0.35000,0.00000,0.00000,0.36000,0.00000,0.00000,0.55000,0.00000,0.00000,0.00000,0.55000,0.00000,0.00000,-0.28000,0.00000,0.00000,0.55000,0.00000,0.00000,0.00000,-0.35000,0.00000,0.00000,-0.28000,0.00000,0.00000,0.55000,0.00000,0.00000,0.00000,0.55478,0.02541,0.00707,0.35415,-0.02821,0.00553,0.58800,0.13004,0.00000,0.00000,-0.34585,0.02207,0.00611,0.35783,-0.01107,0.00262,0.58036,0.11529,0.00000,0.00000,0.55415,0.02207,0.00611,-0.28217,-0.01107,0.00262,0.58036,0.11529,0.00000,0.00000,-0.34585,0.02207,0.00611,-0.28217,-0.01107,0.00262,0.58036,0.11529,0.00000,0.00000
6.5000,650,6,6.5003,50.07,0.55000,0.00000,0.00000,0.36000,0.00000,0.00000,0.55000,0.00000,0.00000,0.00000,-0.35000,0.00000,0.00000,0.36000,0.00000,0.00000,0.55000,0.00000,0.00000,0.00000,0.55000,0.00000,0.00000,-0.28000,0.00000,0.00000,0.55000,0.00000,0.00000,0.00000,-0.35000,0.00000,0.00000,-0.28000,0.00000,0.00000,0.55000,0.00000,0.00000,0.00000,0.55614,0.02884,0.00694,0.35267,-0.03074,0.00475,0.59461,0.13406,0.00000,0.00000,-0.34467,0.02503,0.00596,0.35724,-0.01230,0.00239,0.58628,0.12108,0.00000,0.00000,0.55533,0.02503,0.00596,-0.28276,-0.01230,0.00239,0.58628,0.12108,0.00000,0.00000,-0.34467,0.02503,0.00596,-0.28276,-0.01230,0.00239,0.58628,0.12108,0.00000,0.00000
6.5500,655,6,6.5505,50.12,0.55000,0.00000,0.00000,0.36000,0.00000,0.00000,0.55000,0.00000,0.00000,0.00000,-0.35000,0.00000,0.00000,0.36000,0.00000,0.00000,0.55000,0.00000,0.00000,0.00000,0.55000,0.00000,0.00000,-0.28000,0.00000,0.00000,0.55000,0.00000,0.00000,0.00000,-0.35000,0.00000,0.00000,-0.28000,0.00000,0.00000,0.55000,0.00000,0.00000,0.00000,0.55767,0.03221,0.00678,0.35108,-0.03287,0.00397,0.60139,0.13694,0.00000,0.00000,-0.34335,0.02791,0.00578,0.35660,-0.01342,0.00215,0.59245,0.12569,0.00000,0.00000,0.55665,0.02791,0.00578,-0.28340,-0.01342,0.00215,0.59245,0.12569,0.00000,0.00000,-0.34335,0.02791,0.00578,-0.28340,-0.01342,0.00215,0.59245,0.12569,0.00000,0.00000
6.6000,660,6,6.6004,49.93,0.55000,0.00000,0.00000,0.36000,0.00000,0.00000,0.55000,0.00000,0.00000,0.00000,-0.35000,0.00000,0.00000,0.36000,0.00000,0.00000,0.55000,0.00000,0.00000,0.00000,0.55000,0.00000,0.00000,-0.28000,0.00000,0.00000,0.55000,0.00000,0.00000,0.00000,-0.35000,0.00000,0.00000,-0.28000,0.00000,0.00000,0.55000,0.00000,0.00000,0.00000,0.55936,0.03550,0.00661,0.34939,-0.03463,0.00319,0.60829,0.13877,0.00000,0.00000,-0.34188,0.03070,0.00559,0.35590,-0.01441,0.00188,0.59883,0.12920,0.00000,0.00000,0.55812,0.03070,0.00559,-0.28410,-0.01441,0.00188,0.59883,0.12920,0.00000,0.00000,-0.34188,0.03070,0.00559,-0.28410,-0.01441,0.00188,0.59883,0.12920,0.00000,0.00000
6.6500,665,6,6.6504,50.06,0.55000,0.00000,0.00000,0.36000,0.00000,0.00000,0.55000,0.00000,0.00000,0.00000,-0.35000,0.00000,0.00000,0.36000,0.00000,0.00000,0.55000,0.00000,0.00000,0.00000,0.55000,0.00000,0.00000,-0.28000,0.00000,0.00000,0.55000,0.00000,0.00000,0.00000,-0.35000,0.00000,0.00000,-0.28000,0.00000,0.00000,0.55000,0.00000,0.00000,0.00000,0.56121,0.03869,0.00641,0.34762,-0.03601,0.00244,0.61525,0.13964,0.00000,0.00000,-0.34028,0.03339,0.00537,0.35516,-0.01527,0.00161,0.60535,0.13170,0.00000,0.00000,0.55972,0.03339,0.00537,-0.28484,-0.01527,0.00161,0.60535,0.13170,0.00000,0.00000,-0.34028,0.03339,0.00537,-0.28484,-0.01527,0.00161,0.60535,0.13170,0.00000,0.00000
6.7000,670,6,6.7004,50.00,0.55000,0.00000,0.00000,0.36000,0.00000,0.00000,0.55000,0.00000,0.00000,0.00000,-0.35000,0.00000,0.00000,0.36000,0.00000,0.00000,0.55000,0.00000,0.00000,0.00000,0.55000,0.00000,0.00000,-0.28000,0.00000,0.00000,0.55000,0.00000,0.00000,0.00000,-0.35000,0.00000,0.00000,-0.28000,0.00000,0.00000,0.55000,0.00000,0.00000,0.00000,0.56323,0.04178,0.00619,0.34579,-0.03703,0.00172,0.62224,0.13968,0.00000,0.00000,-0.33854,0.03597,0.00515,0.35438,-0.01599,0.00134,0.61198,0.13327,0.00000,0.00000,0.56146,0.03597,0.00515,-0.28562,-0.01599,0.00134,0.61198,0.13327,0.00000,0.00000,-0.33854,0.03597,0.00515,-0.28562,-0.01599,0.00134,0.61198,0.13327,0.00000,0.00000
6.7500,675,6,6.7504,50.00,0.55000,0.00000,0.00000,0.36000,0.00000,0.00000,0.55000,0.00000,0.00000,0.00000,-0.35000,0.00000,0.00000,0.36000,0.00000,0.00000,0.55000,0.00000,0.00000,0.00000,0.55000,0.00000,0.00000,-0.28000,0.00000,0.00000,0.55000,0.00000,0.00000,0.00000,-0.35000,0.00000,0.00000,-0.28000,0.00000,0.00000,0.55000,0.00000,0.00000,0.00000,0.56539,0.04476,0.00594,0.34392,-0.03770,0.00103,0.62921,0.13896,0.00000,0.00000,-0.33668,0.03844,0.00491,0.35356,-0.01657,0.00106,0.61867,0.13398,0.00000,0.00000,0.56332,0.03844,0.00491,-0.28644,-0.01657,0.00106,0.61867,0.13398,0.00000,0.00000,-0.33668,0.03844,0.00491,-0.28644,-0.01657,0.00106,0.61867,0.13398,0.00000,0.00000
6.8000,680,6,6.8004,49.98,0.55000,0.00000,0.00000,0.36000,0.00000,0.00000,0.55000,0.00000,0.00000,0.00000,-0.35000,0.00000,0.00000,0.36000,0.00000,0.00000,0.55000,0.00000,0.00000,0.00000,0.55000,0.00000,0.00000,-0.28000,0.00000,0.00000,0.55000,0.00000,0.00000,0.00000,-0.35000,0.00000,0.00000,-0.28000,0.00000,0.00000,0.55000,0.00000,0.00000,0.00000,0.56770,0.04761,0.00568,0.34203,-0.03805,0.00038,0.63612,0.13758,0.00000,0.00000,-0.33470,0.04079,0.00467,0.35272,-0.01702,0.00078,0.62537,0.13391,0.00000,0.00000,0.56530,0.04079,0.00467,-0.28728,-0.01702,0.00078,0.62537,0.13391,0.00000,0.00000,-0.33470,0.04079,0.00467,-0.28728,-0.01702,0.00078,0.62537,0.13391,0.00000,0.00000
6.8500,685,6,6.8505,50.03,0.55000,0.00000,0.00000,0.36000,0.00000,0.00000,0.55000,0.00000,0.00000,0.00000,-0.35000,0.00000,0.00000,0.36000,0.00000,0.00000,0.55000,0.00000,0.00000,0.00000,0.55000,0.00000,0.00000,-0.28000,0.00000,0.00000,0.55000,0.00000,0.00000,0.00000,-0.35000,0.00000,0.00000,-0.28000,0.00000,0.00000,0.55000,0.00000,0.00000,0.00000,0.57015,0.05032,0.00539,0.34013,-0.03809,-0.00022,0.64296,0.13560,0.00000,0.00000,-0.33261,0.04302,0.00442,0.35186,-0.01734,0.00050,0.63205,0.13313,0.00000,0.00000,0.56739,0.04302,0.00442,-0.28814,-0.01734,0.00050,0.63205,0.13313,0.00000,0.00000,-0.33261,0.04302,0.00442,-0.28814,-0.01734,0.00050,0.63205,0.13313,0.00000,0.00000
6.9000,690,6,6.9004,49.96,0.55000,0.00000,0.00000,0.36000,0.00000,0.00000,0.55000,0.00000,0.00000,0.00000,-0.35000,0.00000,0.00000,0.36000,0.00000,0.00000,0.55000,0.00000,0.00000,0.00000,0.55000,0.00000,0.00000,-0.28000,0.00000,0.00000,0.55000,0.00000,0.00000,0.00000,-0.35000,0.00000,0.00000,-0.28000,0.00000,0.00000,0.55000,0.00000,0.00000,0.00000,0.57273,0.05290,0.00510,0.33823,-0.03783,-0.00079,0.64968,0.13309,0.00000,0.00000,-0.33040,0.04512,0.00417,0.35099,-0.01751,0.00022,0.63867,0.13171,0.00000,0.00000,0.56960,0.04512,0.00417,-0.28901,-0.01751,0.00022,0.63867,0.13171,0.00000,0.00000,-0.33040,0.04512,0.00417,-0.28901,-0.01751,0.00022,0.63867,0.13171,0.00000,0.00000
6.9500,695,6,6.9502,49.80,0.55000,0.00000,0.00000,0.36000,0.00000,0.00000,0.55000,0.00000,0.00000,0.00000,-0.35000,0.00000,0.00000,0.36000,0.00000,0.00000,0.55000,0.00000,0.00000,0.00000,0.55000,0.00000,0.00000,-0.28000,0.00000,0.00000,0.55000,0.00000,0.00000,0.00000,-0.35000,0.00000,0.00000,-0.28000,0.00000,0.00000,0.55000,0.00000,0.00000,0.00000,0.57544,0.05532,0.00478,0.33635,-0.03731,-0.00132,0.65626,0.13011,0.00000,0.00000,-0.32810,0.04711,0.00392,0.35011,-0.01756,-0.00005,0.64521,0.12970,0.00000,0.00000,0.57190,0.04711,0.00392,-0.28989,-0.01756,-0.00005,0.64521,0.12970,0.00000,0.00000,-0.32810,0.04711,0.00392,-0.28989,-0.01756,-0.00005,0.64521,0.12970,0.00000,0.00000
7.0000,700,7,7.0003,50.13,0.55000,0.00000,0.00000,0.36000,0.00000,0.00000,0.55000,0.00000,0.00000,0.00000,-0.35000,0.00000,0.00000,0.36000,0.00000,0.00000,0.55000,0.00000,0.00000,0.00000,0.55000,0.00000,0.00000,-0.28000,0.00000,0.00000,0.55000,0.00000,0.00000,0.00000,-0.35000,0.00000,0.00000,-0.28000,0.00000,0.00000,0.55000,0.00000,0.00000,0.00000,0.55000,0.00000,0.00000,0.36000,0.00000,0.00000,0.55000,0.00000,0.00000,0.00000,-0.35000,0.00000,0.00000,0.36000,0.00000,0.00000,0.55000,0.00000,0.00000,0.00000,0.55000,0.00000,0.00000,-0.28000,0.00000,0.00000,0.55000,0.00000,0.00000,0.00000,-0.35000,0.00000,0.00000,-0.28000,0.00000,0.00000,0.55000,0.00000,0.00000,0.00000
7.0500,705,7,7.0502,49.87,0.55000,0.00000,0.00000,0.36000,0.00000,0.00000,0.55000,0.00000,0.00000,0.00000,-0.35000,0.00000,0.00000,0.36000,0.00000,0.00000,0.55000,0.00000,0.00000,0.00000,0.55000,0.00000,0.00000,-0.28000,0.00000,0.00000,0.55000,0.00000,0.00000,0.00000,-0.35000,0.00000,0.00000,-0.28000,0.00000,0.00000,0.55000,0.00000,0.00000,0.00000,0.55002,0.00115,0.00434,0.35999,-0.00054,0.00199,0.55062,0.02385,0.00000,0.00000,-0.34999,0.00063,0.00239,0.36000,0.00006,-0.00023,0.55035,0.01387,0.00000,0.00000,0.55001,0.00063,0.00239,-0.28000,0.00006,-0.00023,0.55035,0.01387,0.00000,0.00000,-0.34999,0.00063,0.00239,-0.28000,0.00006,-0.00023,0.55035,0.01387,0.00000,0.00000
7.1000,710,7,7.1005,50.24,0.55000,0.00000,0.00000,0.36000,0.00000,0.00000,0.55000,0.00000,0.00000,0.00000,-0.35000,0.00000,0.00000,0.36000,0.00000,0.00000,0.55000,0.00000,0.00000,0.00000,0.55000,0.00000,0.00000,-0.28000,0.00000,0.00000,0.55000,0.00000,0.00000,0.00000,-0.35000,0.00000,0.00000,-0.28000,0.00000,0.00000,0.55000,0.00000,0.00000,0.00000,0.55014,0.00398,0.00699,0.35993,-0.00179,0.00296,0.55229,0.04228,0.00000,0.00000,-0.34992,0.00221,0.00396,0.36001,0.00022,-0.00041,0.55137,0.02678,0.00000,0.00000,0.55008,0.00221,0.00396,-0.27999,0.00022,-0.00041,0.55137,0.02678,0.00000,0.00000,-0.34992,0.00221,0.00396,-0.27999,0.00022,-0.00041,0.55137,0.02678,0.00000,0.00000
7.1500,715,7,7.1504,49.99,0.55000,0.00000,0.00000,0.36000,0.00000,0.00000,0.55000,0.00000,0.00000,0.00000,-0.35000,0.00000,0.00000,0.36000,0.00000,0.00000,0.55000,0.00000,0.00000,0.00000,0.55000,0.00000,0.00000,-0.28000,0.00000,0.00000,0.55000,0.00000,0.00000,0.00000,-0.35000,0.00000,0.00000,-0.28000,0.00000,0.00000,0.55000,0.00000,0.00000,0.00000,0.55043,0.00782,0.00850,0.35981,-0.00334,0.00326,0.55478,0.05666,0.00000,0.00000,-0.34976,0.00442,0.00495,0.36002,0.00045,-0.00054,0.55301,0.03851,0.00000,0.00000,0.55024,0.00442,0.00495,-0.27998,0.00045,-0.00054,0.55301,0.03851,0.00000,0.00000,-0.34976,0.00442,0.00495,-0.27998,0.00045,-0.00054,0.55301,0.03851,0.00000,0.00000
7.2000,720,7,7.2004,50.00,0.55000,0.00000,0.00000,0.36000,0.00000,0.00000,0.55000,0.00000,0.00000,0.00000,-0.35000,0.00000,0.00000,0.36000,0.00000,0.00000,0.55000,0.00000,0.00000,0.00000,0.55000,0.00000,0.00000,-0.28000,0.00000,0.00000,0.55000,0.00000,0.00000,0.00000,-0.35000,0.00000,0.00000,-0.28000,0.00000,0.00000,0.55000,0.00000,0.00000,0.00000,0.55093,0.01219,0.00923,0.35960,-0.00492,0.00313,0.55791,0.06793,0.00000,0.00000,-0.34947,0.00701,0.00554,0.36005,0.00075,-0.00066,0.55520,0.04896,0.00000,0.00000,0.55053,0.00701,0.00554,-0.27995,0.00075,-0.00066,0.55520,0.04896,0.00000,0.00000,-0.34947,0.00701,0.00554,-0.27995,0.00075,-0.00066,0.55520,0.04896,0.00000,0.00000
7.2500,725,7,7.2504,50.00,0.55000,0.00000,0.00000,0.36000,0.00000,0.00000,0.55000,0.00000,0.00000,0.00000,-0.35000,0.00000,0.00000,0.36000,0.00000,0.00000,0.55000,0.00000,0.00000,0.00000,0.55000,0.00000,0.00000,-0.28000,0.00000,0.00000,0.55000,0.00000,0.00000,0.00000,-0.35000,0.00000,0.00000,-0.28000,0.00000,0.00000,0.55000,0.00000,0.00000,0.00000,0.55166,0.01678,0.00943,0.35932,-0.00637,0.00274,0.56154,0.07677,0.00000,0.00000,-0.34905,0.00981,0.00586,0.36010,0.00110,-0.00076,0.55788,0.05809,0.00000,0.00000,0.55095,0.00981,0.00586,-0.27990,0.00110,-0.00076,0.55788,0.05809,0.00000,0.00000,-0.34905,0.00981,0.00586,-0.27990,0.00110,-0.00076,0.55788,0.05809,0.00000,0.00000
7.3000,730,7,7.3004,49.94,0.55000,0.00000,0.00000,0.36000,0.00000,0.00000,0.55000,0.00000,0.00000,0.00000,-0.35000,0.00000,0.00000,0.36000,0.00000,0.00000,0.55000,0.00000,0.00000,0.00000,0.55000,0.00000,0.00000,-0.28000,0.00000,0.00000,0.55000,0.00000,0.00000,0.00000,-0.35000,0.00000,0.00000,-0.28000,0.00000,0.00000,0.55000,0.00000,0.00000,0.00000,0.55261,0.02139,0.00929,0.35897,-0.00758,0.00221,0.56555,0.08363,0.00000,0.00000,-0.34849,0.01272,0.00597,0.36016,0.00149,-0.00086,0.56099,0.06593,0.00000,0.00000,0.55151,0.01272,0.00597,-0.27984,0.00149,-0.00086,0.56099,0.06593,0.00000,0.00000,-0.34849,0.01272,0.00597,-0.27984,0.00149,-0.00086,0.56099,0.06593,0.00000,0.00000
7.3500,735,7,7.3503,49.87,0.55000,0.00000,0.00000,0.36000,0.00000,0.00000,0.55000,0.00000,0.00000,0.00000,-0.35000,0.00000,0.00000,0.36000,0.00000,0.00000,0.55000,0.00000,0.00000,0.00000,0.55000,0.00000,0.00000,-0.28000,0.00000,0.00000,0.55000,0.00000,0.00000,0.00000,-0.35000,0.00000,0.00000,-0.28000,0.00000,0.00000,0.55000,0.00000,0.00000,0.00000,0.55379,0.02586,0.00892,0.35856,-0.00852,0.00160,0.56987,0.08886,0.00000,0.00000,-0.34778,0.01565,0.00595,0.36025,0.00194,-0.00095,0.56445,0.07253,0.00000,0.00000,0.55222,0.01565,0.00595,-0.27975,0.00194,-0.00095,0.56445,0.07253,0.00000,0.00000,-0.34778,0.01565,0.00595,-0.27975,0.00194,-0.00095,0.56445,0.07253,0.00000,0.00000
7.4000,740,7,7.4004,50.15,0.55000,0.00000,0.00000,0.36000,0.00000,0.00000,0.55000,0.00000,0.00000,0.00000,-0.35000,0.00000,0.00000,0.36000,0.00000,0.00000,0.55000,0.00000,0.00000,0.00000,0.55000,0.00000,0.00000,-0.28000,0.00000,0.00000,0.55000,0.00000,0.00000,0.00000,-0.35000,0.00000,0.00000,-0.28000,0.00000,0.00000,0.55000,0.00000,0.00000,0.00000,0.55519,0.03012,0.00841,0.35812,-0.00915,0.00098,0.57442,0.09272,0.00000,0.00000,-0.34693,0.01854,0.00584,0.36036,0.00243,-0.00104,0.56822,0.07793,0.00000,0.00000,0.55307,0.01854,0.00584,-0.27964,0.00243,-0.00104,0.56822,0.07793,0.00000,0.00000,-0.34693,0.01854,0.00584,-0.27964,0.00243,-0.00104,0.56822,0.07793,0.00000,0.00000
7.4500,745,7,7.4504,50.04,0.55000,0.00000,0.00000,0.36000,0.00000,0.00000,0.55000,0.00000,0.00000,0.00000,-0.35000,0.00000,0.00000,0.36000,0.00000,0.00000,0.55000,0.00000,0.00000,0.00000,0.55000,0.00000,0.00000,-0.28000,0.00000,0.00000,0.55000,0.00000,0.00000,0.00000,-0.35000,0.00000,0.00000,-0.28000,0.00000,0.00000,0.55000,0.00000,0.00000,0.00000,0.55680,0.03410,0.00781,0.35765,-0.00948,0.00036,0.57912,0.09538,0.00000,0.00000,-0.34593,0.02136,0.00566,0.36049,0.00296,-0.00114,0.57223,0.08221,0.00000,0.00000,0.55407,0.02136,0.00566,-0.27951,0.00296,-0.00114,0.57223,0.08221,0.00000,0.00000,-0.34593,0.02136,0.00566,-0.27951,0.00296,-0.00114,0.57223,0.08221,0.00000,0.00000
7.5000,750,7,7.5004,49.95,0.55000,0.00000,0.00000,0.36000,0.00000,0.00000,0.55000,0.00000,0.00000,0.00000,-0.35000,0.00000,0.00000,0.36000,0.00000,0.00000,0.55000,0.00000,0.00000,0.00000,0.55000,0.00000,0.00000,-0.28000,0.00000,0.00000,0.55000,0.00000,0.00000,0.00000,-0.35000,0.00000,0.00000,-0.28000,0.00000,0.00000,0.55000,0.00000,0.00000,0.00000,0.55860,0.03777,0.00716,0.35718,-0.00951,-0.00024,0.58394,0.09700,0.00000,0.00000,-0.34479,0.02408,0.00543,0.36066,0.00354,-0.00123,0.57642,0.08545,0.00000,0.00000,0.55521,0.02408,0.00543,-0.27934,0.00354,-0.00123,0.57642,0.08545,0.00000,0.00000,-0.34479,0.02408,0.00543,-0.27934,0.00354,-0.00123,0.57642,0.08545,0.00000,0.00000
7.5500,755,7,7.5505,50.07,0.55000,0.00000,0.00000,0.36000,0.00000,0.00000,0.55000,0.00000,0.00000,0.00000,-0.35000,0.00000,0.00000,0.36000,0.00000,0.00000,0.55000,0.00000,0.00000,0.00000,0.55000,0.00000,0.00000,-0.28000,0.00000,0.00000,0.55000,0.00000,0.00000,0.00000,-0.35000,0.00000,0.00000,-0.28000,0.00000,0.00000,0.55000,0.00000,0.00000,0.00000,0.56057,0.04112,0.00649,0.35671,-0.00924,-0.00083,0.58881,0.09767,0.00000,0.00000,-0.34352,0.02668,0.00516,0.36085,0.00417,-0.00132,0.58076,0.08771,0.00000,0.00000,0.55648,0.02668,0.00516,-0.27915,0.00417,-0.00132,0.58076,0.08771,0.00000,0.00000,-0.34352,0.02668,0.00516,-0.27915,0.00417,-0.00132,0.58076,0.08771,0.00000,0.00000
7.6000,760,7,7.6004,49.93,0.55000,0.00000,0.00000,0.36000,0.00000,0.00000,0.55000,0.00000,0.00000,0.00000,-0.35000,0.00000,0.00000,0.36000,0.00000,0.00000,0.55000,0.00000,0.00000,0.00000,0.55000,0.00000,0.00000,-0.28000,0.00000,0.00000,0.55000,0.00000,0.00000,0.00000,-0.35000,0.00000,0.00000,-0.28000,0.00000,0.00000,0.55000,0.00000,0.00000,0.00000,0.56270,0.04413,0.00581,0.35626,-0.00870,-0.00138,0.59369,0.09745,0.00000,0.00000,-0.34213,0.02914,0.00488,0.36107,0.00484,-0.00141,0.58518,0.08908,0.00000,0.00000,0.55787,0.02914,0.00488,-0.27893,0.00484,-0.00141,0.58518,0.08908,0.00000,0.00000,-0.34213,0.02914,0.00488,-0.27893,0.00484,-0.00141,0.58518,0.08908,0.00000,0.00000
7.6500,765,7,7.6504,50.03,0.55000,0.00000,0.00000,0.36000,0.00000,0.00000,0.55000,0.00000,0.00000,0.00000,-0.35000,0.00000,0.00000,0.36000,0.00000,0.00000,0.55000,0.00000,0.00000,0.00000,0.55000,0.00000,0.00000,-0.28000,0.00000,0.00000,0.55000,0.00000,0.00000,0.00000,-0.35000,0.00000,0.00000,-0.28000,0.00000,0.00000,0.55000,0.00000,0.00000,0.00000,0.56498,0.04681,0.00513,0.35584,-0.00789,-0.00190,0.59854,0.09639,0.00000,0.00000,-0.34061,0.03146,0.00458,0.36133,0.00555,-0.00150,0.58965,0.08963,0.00000,0.00000,0.55939,0.03146,0.00458,-0.27867,0.00555,-0.00150,0.58965,0.08963,0.00000,0.00000,-0.34061,0.03146,0.00458,-0.27867,0.00555,-0.00150,0.58965,0.08963,0.00000,0.00000
7.7000,770,7,7.7002,49.80,0.55000,0.00000,0.00000,0.36000,0.00000,0.00000,0.55000,0.00000,0.00000,0.00000,-0.35000,0.00000,0.00000,0.36000,0.00000,0.00000,0.55000,0.00000,0.00000,0.00000,0.55000,0.00000,0.00000,-0.28000,0.00000,0.00000,0.55000,0.00000,0.00000,0.00000,-0.35000,0.00000,0.00000,-0.28000,0.00000,0.00000,0.55000,0.00000,0.00000,0.00000,0.56738,0.04916,0.00446,0.35547,-0.00685,-0.00236,0.60332,0.09461,0.00000,0.00000,-0.33898,0.03363,0.00427,0.36163,0.00631,-0.00159,0.59413,0.08944,0.00000,0.00000,0.56102,0.03363,0.00427,-0.27837,0.00631,-0.00159,0.59413,0.08944,0.00000,0.00000,-0.33898,0.03363,0.00427,-0.27837,0.00631,-0.00159,0.59413,0.08944,0.00000,0.00000
7.7500,775,7,7.7505,50.24,0.55000,0.00000,0.00000,0.36000,0.00000,0.00000,0.55000,0.00000,0.00000,0.00000,-0.35000,0.00000,0.00000,0.36000,0.00000,0.00000,0.55000,0.00000,0.00000,0.00000,0.55000,0.00000,0.00000,-0.28000,0.00000,0.00000,0.55000,0.00000,0.00000,0.00000,-0.35000,0.00000,0.00000,-0.28000,0.00000,0.00000,0.55000,0.00000,0.00000,0.00000,0.56989,0.05119,0.00382,0.35516,-0.00559,-0.00276,0.60799,0.09223,0.00000,0.00000,-0.33725,0.03565,0.00395,0.36196,0.00711,-0.00167,0.59859,0.08859,0.00000,0.00000,0.56275,0.03565,0.00395,-0.27804,0.00711,-0.00167,0.59859,0.08859,0.00000,0.00000,-0.33725,0.03565,0.00395,-0.27804,0.00711,-0.00167,0.59859,0.08859,0.00000,0.00000
7.8000,780,7,7.8004,49.96,0.55000,0.00000,0.00000,0.36000,0.00000,0.00000,0.55000,0.00000,0.00000,0.00000,-0.35000,0.00000,0.00000,0.36000,0.00000,0.00000,0.55000,0.00000,0.00000,0.00000,0.55000,0.00000,0.00000,-0.28000,0.00000,0.00000,0.55000,0.00000,0.00000,0.00000,-0.35000,0.00000,0.00000,-0.28000,0.00000,0.00000,0.55000,0.00000,0.00000,0.00000,0.57249,0.05291,0.00320,0.35492,-0.00415,-0.00311,0.61253,0.08936,0.00000,0.00000,-0.33542,0.03751,0.00364,0.36234,0.00794,-0.00174,0.60298,0.08715,0.00000,0.00000,0.56458,0.03751,0.00364,-0.27766,0.00794,-0.00174,0.60298,0.08715,0.00000,0.00000,-0.33542,0.03751,0.00364,-0.27766,0.00794,-0.00174,0.60298,0.08715,0.00000,0.00000
7.8500,785,7,7.8504,50.00,0.55000,0.00000,0.00000,0.36000,0.00000,0.00000,0.55000,0.00000,0.00000,0.00000,-0.35000,0.00000,0.00000,0.36000,0.00000,0.00000,0.55000,0.00000,0.00000,0.00000,0.55000,0.00000,0.00000,-0.28000,0.00000,0.00000,0.55000,0.00000,0.00000,0.00000,-0.35000,0.00000,0.00000,-0.28000,0.00000,0.00000,0.55000,0.00000,0.00000,0.00000,0.57518,0.05434,0.00261,0.35475,-0.00255,-0.00340,0.61692,0.08609,0.00000,0.00000,-0.33350,0.03922,0.00332,0.36276,0.00881,-0.00181,0.60729,0.08520,0.00000,0.00000,0.56650,0.03922,0.00332,-0.27724,0.00881,-0.00181,0.60729,0.08520,0.00000,0.00000,-0.33350,0.03922,0.00332,-0.27724,0.00881,-0.00181,0.60729,0.08520,0.00000,0.00000
7.9000,790,7,7.9004,50.02,0.55000,0.00000,0.00000,0.36000,0.00000,0.00000,0.55000,0.00000,0.00000,0.00000,-0.35000,0.00000,0.00000,0.36000,0.00000,0.00000,0.55000,0.00000,0.00000,0.00000,0.55000,0.00000,0.00000,-0.28000,0.00000,0.00000,0.55000,0.00000,0.00000,0.00000,-0.35000,0.00000,0.00000,-0.28000,0.00000,0.00000,0.55000,0.00000,0.00000,0.00000,0.57792,0.05548,0.00205,0.35466,-0.00082,-0.00364,0.62113,0.08250,0.00000,0.00000,-0.33150,0.04077,0.00300,0.36322,0.00972,-0.00188,0.61149,0.08279,0.00000,0.00000,0.56850,0.04077,0.00300,-0.27678,0.00972,-0.00188,0.61149,0.08279,0.00000,0.00000,-0.33150,0.04077,0.00300,-0.27678,0.00972,-0.00188,0.61149,0.08279,0.00000,0.00000
7.9500,795,7,7.9504,49.98,0.55000,0.00000,0.00000,0.36000,0.00000,0.00000,0.55000,0.00000,0.00000,0.00000,-0.35000,0.00000,0.00000,0.36000,0.00000,0.00000,0.55000,0.00000,0.00000,0.00000,0.55000,0.00000,0.00000,-0.28000,0.00000,0.00000,0.55000,0.00000,0.00000,0.00000,-0.35000,0.00000,0.00000,-0.28000,0.00000,0.00000,0.55000,0.00000,0.00000,0.00000,0.58072,0.05636,0.00153,0.35467,0.00101,-0.00383,0.62516,0.07866,0.00000,0.00000,-0.32943,0.04216,0.00269,0.36373,0.01066,-0.00194,0.61556,0.08001,0.00000,0.00000,0.57057,0.04216,0.00269,-0.27627,0.01066,-0.00194,0.61556,0.08001,0.00000,0.00000,-0.32943,0.04216,0.00269,-0.27627,0.01066,-0.00194,0.61556,0.08001,0.00000,0.00000
8.0000,800,8,8.0006,50.17,0.55000,0.00000,0.00000,0.36000,0.00000,0.00000,0.55000,0.00000,0.00000,0.00000,-0.35000,0.00000,0.00000,0.36000,0.00000,0.00000,0.55000,0.00000,0.00000,0.00000,0.55000,0.00000,0.00000,-0.28000,0.00000,0.00000,0.55000,0.00000,0.00000,0.00000,-0.35000,0.00000,0.00000,-0.28000,0.00000,0.00000,0.55000,0.00000,0.00000,0.00000,0.55000,0.00000,0.00000,0.36000,0.00000,0.00000,0.55000,0.00000,0.00000,0.00000,-0.35000,0.00000,0.00000,0.36000,0.00000,0.00000,0.55000,0.00000,0.00000,0.00000,0.55000,0.00000,0.00000,-0.28000,0.00000,0.00000,0.55000,0.00000,0.00000,0.00000,-0.35000,0.00000,0.00000,-0.28000,0.00000,0.00000,0.55000,0.00000,0.00000,0.00000
8.0500,805,8,8.0504,49.81,0.55000,0.00000,0.00000,0.36000,0.00000,0.00000,0.55000,0.00000,0.00000,0.00000,-0.35000,0.00000,0.00000,0.36000,0.00000,0.00000,0.55000,0.00000,0.00000,0.00000,0.55000,0.00000,0.00000,-0.28000,0.00000,0.00000,0.55000,0.00000,0.00000,0.00000,-0.35000,0.00000,0.00000,-0.28000,0.00000,0.00000,0.55000,0.00000,0.00000,0.00000,0.55002,0.00092,0.00344,0.36000,0.00022,-0.00088,0.55035,0.01335,0.00000,0.00000,-0.34999,0.00042,0.00161,0.36001,0.00035,-0.00132,0.55018,0.00723,0.00000,0.00000,0.55001,0.00042,0.00161,-0.27999,0.00035,-0.00132,0.55018,0.00723,0.00000,0.00000,-0.34999,0.00042,0.00161,-0.27999,0.00035,-0.00132,0.55018,0.00723,0.00000,0.00000
8.1000,810,8,8.1004,50.03,0.55000,0.00000,0.00000,0.36000,0.00000,0.00000,0.55000,0.00000,0.00000,0.00000,-0.35000,0.00000,0.00000,0.36000,0.00000,0.00000,0.55000,0.00000,0.00000,0.00000,0.55000,0.00000,0.00000,-0.28000,0.00000,0.00000,0.55000,0.00000,0.00000,0.00000,-0.35000,0.00000,0.00000,-0.28000,0.00000,0.00000,0.55000,0.00000,0.00000,0.00000,0.55011,0.00314,0.00543,0.36003,0.00083,-0.00157,0.55128,0.02332,0.00000,0.00000,-0.34995,0.00149,0.00266,0.36004,0.00122,-0.00219,0.55071,0.01390,0.00000,0.00000,0.55005,0.00149,0.00266,-0.27996,0.00122,-0.00219,0.55071,0.01390,0.00000,0.00000,-0.34995,0.00149,0.00266,-0.27996,0.00122,-0.00219,0.55071,0.01390,0.00000,0.00000
8.1500,815,8,8.1504,50.00,0.55000,0.00000,0.00000,0.36000,0.00000,0.00000,0.55000,0.00000,0.00000,0.00000,-0.35000,0.00000,0.00000,0.36000,0.00000,0.00000,0.55000,0.00000,0.00000,0.00000,0.55000,0.00000,0.00000,-0.28000,0.00000,0.00000,0.55000,0.00000,0.00000,0.00000,-0.35000,0.00000,0.00000,-0.28000,0.00000,0.00000,0.55000,0.00000,0.00000,0.00000,0.55034,0.00608,0.00644,0.36009,0.00175,-0.00212,0.55264,0.03080,0.00000,0.00000,-0.34984,0.00297,0.00331,0.36013,0.00245,-0.00276,0.55156,0.01989,0.00000,0.00000,0.55016,0.00297,0.00331,-0.27987,0.00245,-0.00276,0.55156,0.01989,0.00000,0.00000,-0.34984,0.00297,0.00331,-0.27987,0.00245,-0.00276,0.55156,0.01989,0.00000,0.00000
8.2000,820,8,8.2011,50.72,0.55000,0.00000,0.00000,0.36000,0.00000,0.00000,0.55000,0.00000,0.00000,0.00000,-0.35000,0.00000,0.00000,0.36000,0.00000,0.00000,0.55000,0.00000,0.00000,0.00000,0.55000,0.00000,0.00000,-0.28000,0.00000,0.00000,0.55000,0.00000,0.00000,0.00000,-0.35000,0.00000,0.00000,-0.28000,0.00000,0.00000,0.55000,0.00000,0.00000,0.00000,0.55073,0.00935,0.00682,0.36021,0.00290,-0.00256,0.55433,0.03641,0.00000,0.00000,-0.34965,0.00469,0.00368,0.36029,0.00389,-0.00311,0.55269,0.02514,0.00000,0.00000,0.55035,0.00469,0.00368,-0.27971,0.00389,-0.00311,0.55269,0.02514,0.00000,0.00000,-0.34965,0.00469,0.00368,-0.27971,0.00389,-0.00311,0.55269,0.02514,0.00000,0.00000
8.2500,825,8,8.2502,49.07,0.55000,0.00000,0.00000,0.36000,0.00000,0.00000,0.55000,0.00000,0.00000,0.00000,-0.35000,0.00000,0.00000,0.36000,0.00000,0.00000,0.55000,0.00000,0.00000,0.00000,0.55000,0.00000,0.00000,-0.28000,0.00000,0.00000,0.55000,0.00000,0.00000,0.00000,-0.35000,0.00000,0.00000,-0.28000,0.00000,0.00000,0.55000,0.00000,0.00000,0.00000,0.55128,0.01271,0.00680,0.36039,0.00424,-0.00290,0.55626,0.04059,0.00000,0.00000,-0.34937,0.00654,0.00386,0.36053,0.00547,-0.00331,0.55406,0.02963,0.00000,0.00000,0.55063,0.00654,0.00386,-0.27947,0.00547,-0.00331,0.55406,0.02963,0.00000,0.00000,-0.34937,0.00654,0.00386,-0.27947,0.00547,-0.00331,0.55406,0.02963,0.00000,0.00000
8.3000,830,8,8.3004,50.22,0.55000,0.00000,0.00000,0.36000,0.00000,0.00000,0.55000,0.00000,0.00000,0.00000,-0.35000,0.00000,0.00000,0.36000,0.00000,0.00000,0.55000,0.00000,0.00000,0.00000,0.55000,0.00000,0.00000,-0.28000,0.00000,0.00000,0.55000,0.00000,0.00000,0.00000,-0.35000,0.00000,0.00000,-0.28000,0.00000,0.00000,0.55000,0.00000,0.00000,0.00000,0.55200,0.01598,0.00652,0.36063,0.00573,-0.00316,0.55837,0.04366,0.00000,0.00000,-0.34899,0.00845,0.00391,0.36084,0.00712,-0.00342,0.55564,0.03339,0.00000,0.00000,0.55101,0.00845,0.00391,-0.27916,0.00712,-0.00342,0.55564,0.03339,0.00000,0.00000,-0.34899,0.00845,0.00391,-0.27916,0.00712,-0.00342,0.55564,0.03339,0.00000,0.00000
8.3500,835,8,8.3504,49.99,0.55000,0.00000,0.00000,0.36000,0.00000,0.00000,0.55000,0.00000,0.00000,0.00000,-0.35000,0.00000,0.00000,0.36000,0.00000,0.00000,0.55000,0.00000,0.00000,0.00000,0.55000,0.00000,0.00000,-0.28000,0.00000,0.00000,0.55000,0.00000,0.00000,0.00000,-0.35000,0.00000,0.00000,-0.28000,0.00000,0.00000,0.55000,0.00000,0.00000,0.00000,0.55287,0.01908,0.00611,0.36096,0.00732,-0.00335,0.56061,0.04582,0.00000,0.00000,-0.34852,0.01036,0.00386,0.36124,0.00881,-0.00345,0.55739,0.03643,0.00000,0.00000,0.55148,0.01036,0.00386,-0.27876,0.00881,-0.00345,0.55739,0.03643,0.00000,0.00000,-0.34852,0.01036,0.00386,-0.27876,0.00881,-0.00345,0.55739,0.03643,0.00000,0.00000
8.4000,840,8,8.4004,50.02,0.55000,0.00000,0.00000,0.36000,0.00000,0.00000,0.55000,0.00000,0.00000,0.00000,-0.35000,0.00000,0.00000,0.36000,0.00000,0.00000,0.55000,0.00000,0.00000,0.00000,0.55000,0.00000,0.00000,-0.28000,0.00000,0.00000,0.55000,0.00000,0.00000,0.00000,-0.35000,0.00000,0.00000,-0.28000,0.00000,0.00000,0.55000,0.00000,0.00000,0.00000,0.55390,0.02196,0.00562,0.36137,0.00900,-0.00349,0.56294,0.04722,0.00000,0.00000,-0.34796,0.01223,0.00374,0.36172,0.01050,-0.00344,0.55927,0.03881,0.00000,0.00000,0.55204,0.01223,0.00374,-0.27828,0.01050,-0.00344,0.55927,0.03881,0.00000,0.00000,-0.34796,0.01223,0.00374,-0.27828,0.01050,-0.00344,0.55927,0.03881,0.00000,0.00000
8.4500,845,8,8.4504,49.91,0.55000,0.00000,0.00000,0.36000,0.00000,0.00000,0.55000,0.00000,0.00000,0.00000,-0.35000,0.00000,0.00000,0.36000,0.00000,0.00000,0.55000,0.00000,0.00000,0.00000,0.55000,0.00000,0.00000,-0.28000,0.00000,0.00000,0.55000,0.00000,0.00000,0.00000,-0.35000,0.00000,0.00000,-0.28000,0.00000,0.00000,0.55000,0.00000,0.00000,0.00000,0.55507,0.02459,0.00511,0.36186,0.01074,-0.00358,0.56532,0.04798,0.00000,0.00000,-0.34730,0.01403,0.00358,0.36229,0.01218,-0.00340,0.56126,0.04057,0.00000,0.00000,0.55270,0.01403,0.00358,-0.27771,0.01218,-0.00340,0.56126,0.04057,0.00000,0.00000,-0.34730,0.01403,0.00358,-0.27771,0.01218,-0.00340,0.56126,0.04057,0.00000,0.00000
8.5000,850,8,8.5004,50.09,0.55000,0.00000,0.00000,0.36000,0.00000,0.00000,0.55000,0.00000,0.00000,0.00000,-0.35000,0.00000,0.00000,0.36000,0.00000,0.00000,0.55000,0.00000,0.00000,0.00000,0.55000,0.00000,0.00000,-0.28000,0.00000,0.00000,0.55000,0.00000,0.00000,0.00000,-0.35000,0.00000,0.00000,-0.28000,0.00000,0.00000,0.55000,0.00000,0.00000,0.00000,0.55636,0.02698,0.00460,0.36244,0.01251,-0.00364,0.56773,0.04815,0.00000,0.00000,-0.34655,0.01574,0.00339,0.36294,0.01383,-0.00333,0.56332,0.04174,0.00000,0.00000,0.55345,0.01574,0.00339,-0.27706,0.01383,-0.00333,0.56332,0.04174,0.00000,0.00000,-0.34655,0.01574,0.00339,-0.27706,0.01383,-0.00333,0.56332,0.04174,0.00000,0.00000
8.5500,855,8,8.5502,49.81,0.55000,0.00000,0.00000,0.36000,0.00000,0.00000,0.55000,0.00000,0.00000,0.00000,-0.35000,0.00000,0.00000,0.36000,0.00000,0.00000,0.55000,0.00000,0.00000,0.00000,0.55000,0.00000,0.00000,-0.28000,0.00000,0.00000,0.55000,0.00000,0.00000,0.00000,-0.35000,0.00000,0.00000,-0.28000,0.00000,0.00000,0.55000,0.00000,0.00000,0.00000,0.55776,0.02911,0.00409,0.36311,0.01430,-0.00367,0.57013,0.04781,0.00000,0.00000,-0.34573,0.01735,0.00317,0.36367,0.01545,-0.00325,0.56542,0.04238,0.00000,0.00000,0.55427,0.01735,0.00317,-0.27633,0.01545,-0.00325,0.56542,0.04238,0.00000,0.00000,-0.34573,0.01735,0.00317,-0.27633,0.01545,-0.00325,0.56542,0.04238,0.00000,0.00000
8.6000,860,8,8.6005,50.21,0.55000,0.00000,0.00000,0.36000,0.00000,0.00000,0.55000,0.00000,0.00000,0.00000,-0.35000,0.00000,0.00000,0.36000,0.00000,0.00000,0.55000,0.00000,0.00000,0.00000,0.55000,0.00000,0.00000,-0.28000,0.00000,0.00000,0.55000,0.00000,0.00000,0.00000,-0.35000,0.00000,0.00000,-0.28000,0.00000,0.00000,0.55000,0.00000,0.00000,0.00000,0.55926,0.03099,0.00359,0.36387,0.01611,-0.00367,0.57250,0.04702,0.00000,0.00000,-0.34482,0.01885,0.00294,0.36448,0.01701,-0.00315,0.56755,0.04253,0.00000,0.00000,0.55518,0.01885,0.00294,-0.27552,0.01701,-0.00315,0.56755,0.04253,0.00000,0.00000,-0.34482,0.01885,0.00294,-0.27552,0.01701,-0.00315,0.56755,0.04253,0.00000,0.00000
8.6500,865,8,8.6503,49.82,0.55000,0.00000,0.00000,0.36000,0.00000,0.00000,0.55000,0.00000,0.00000,0.00000,-0.35000,0.00000,0.00000,0.36000,0.00000,0.00000,0.55000,0.00000,0.00000,0.00000,0.55000,0.00000,0.00000,-0.28000,0.00000,0.00000,0.55000,0.00000,0.00000,0.00000,-0.35000,0.00000,0.00000,-0.28000,0.00000,0.00000,0.55000,0.00000,0.00000,0.00000,0.56085,0.03264,0.00311,0.36472,0.01790,-0.00365,0.57482,0.04585,0.00000,0.00000,-0.34384,0.02023,0.00270,0.36537,0.01853,-0.00305,0.56967,0.04224,0.00000,0.00000,0.55616,0.02023,0.00270,-0.27463,0.01853,-0.00305,0.56967,0.04224,0.00000,0.00000,-0.34384,0.02023,0.00270,-0.27463,0.01853,-0.00305,0.56967,0.04224,0.00000,0.00000
8.7000,870,8,8.7004,50.12,0.55000,0.00000,0.00000,0.36000,0.00000,0.00000,0.55000,0.00000,0.00000,0.00000,-0.35000,0.00000,0.00000,0.36000,0.00000,0.00000,0.55000,0.00000,0.00000,0.00000,0.55000,0.00000,0.00000,-0.28000,0.00000,0.00000,0.55000,0.00000,0.00000,0.00000,-0.35000,0.00000,0.00000,-0.28000,0.00000,0.00000,0.55000,0.00000,0.00000,0.00000,0.56252,0.03405,0.00265,0.36566,0.01969,-0.00361,0.57708,0.04434,0.00000,0.00000,-0.34280,0.02150,0.00245,0.36634,0.02000,-0.00293,0.57177,0.04155,0.00000,0.00000,0.55720,0.02150,0.00245,-0.27366,0.02000,-0.00293,0.57177,0.04155,0.00000,0.00000,-0.34280,0.02150,0.00245,-0.27366,0.02000,-0.00293,0.57177,0.04155,0.00000,0.00000
8.7500,875,8,8.7503,49.87,0.55000,0.00000,0.00000,0.36000,0.00000,0.00000,0.55000,0.00000,0.00000,0.00000,-0.35000,0.00000,0.00000,0.36000,0.00000,0.00000,0.55000,0.00000,0.00000,0.00000,0.55000,0.00000,0.00000,-0.28000,0.00000,0.00000,0.55000,0.00000,0.00000,0.00000,-0.35000,0.00000,0.00000,-0.28000,0.00000,0.00000,0.55000,0.00000,0.00000,0.00000,0.56426,0.03524,0.00222,0.36669,0.02144,-0.00356,0.57925,0.04254,0.00000,0.00000,-0.34170,0.02264,0.00220,0.36737,0.02141,-0.00282,0.57382,0.04049,0.00000,0.00000,0.55830,0.02264,0.00220,-0.27263,0.02141,-0.00282,0.57382,0.04049,0.00000,0.00000,-0.34170,0.02264,0.00220,-0.27263,0.02141,-0.00282,0.57382,0.04049,0.00000,0.00000
8.8000,880,8,8.8004,50.13,0.55000,0.00000,0.00000,0.36000,0.00000,0.00000,0.55000,0.00000,0.00000,0.00000,-0.35000,0.00000,0.00000,0.36000,0.00000,0.00000,0.55000,0.00000,0.00000,0.00000,0.55000,0.00000,0.00000,-0.28000,0.00000,0.00000,0.55000,0.00000,0.00000,0.00000,-0.35000,0.00000,0.00000,-0.28000,0.00000,0.00000,0.55000,0.00000,0.00000,0.00000,0.56604,0.03623,0.00180,0.36781,0.02317,-0.00349,0.58133,0.04049,0.00000,0.00000,-0.34054,0.02366,0.00195,0.36848,0.02277,-0.00270,0.57581,0.03912,0.00000,0.00000,0.55946,0.02366,0.00195,-0.27152,0.02277,-0.00270,0.57581,0.03912,0.00000,0.00000,-0.34054,0.02366,0.00195,-0.27152,0.02277,-0.00270,0.57581,0.03912,0.00000,0.00000
8.8500,885,8,8.8503,49.89,0.55000,0.00000,0.00000,0.36000,0.00000,0.00000,0.55000,0.00000,0.00000,0.00000,-0.35000,0.00000,0.00000,0.36000,0.00000,0.00000,0.55000,0.00000,0.00000,0.00000,0.55000,0.00000,0.00000,-0.28000,0.00000,0.00000,0.55000,0.00000,0.00000,0.00000,-0.35000,0.00000,0.00000,-0.28000,0.00000,0.00000,0.55000,0.00000,0.00000,0.00000,0.56788,0.03702,0.00141,0.36901,0.02486,-0.00340,0.58330,0.03823,0.00000,0.00000,-0.33933,0.02455,0.00169,0.36965,0.02406,-0.00257,0.57773,0.03747,0.00000,0.00000,0.56067,0.02455,0.00169,-0.27035,0.02406,-0.00257,0.57773,0.03747,0.00000,0.00000,-0.33933,0.02455,0.00169,-0.27035,0.02406,-0.00257,0.57773,0.03747,0.00000,0.00000
8.9000,890,8,8.9004,50.13,0.55000,0.00000,0.00000,0.36000,0.00000,0.00000,0.55000,0.00000,0.00000,0.00000,-0.35000,0.00000,0.00000,0.36000,0.00000,0.00000,0.55000,0.00000,0.00000,0.00000,0.55000,0.00000,0.00000,-0.28000,0.00000,0.00000,0.55000,0.00000,0.00000,0.00000,-0.35000,0.00000,0.00000,-0.28000,0.00000,0.00000,0.55000,0.00000,0.00000,0.00000,0.56974,0.03762,0.00104,0.37029,0.02651,-0.00330,0.58515,0.03577,0.00000,0.00000,-0.33809,0.02532,0.00144,0.37088,0.02529,-0.00244,0.57955,0.03556,0.00000,0.00000,0.56191,0.02532,0.00144,-0.26912,0.02529,-0.00244,0.57955,0.03556,0.00000,0.00000,-0.33809,0.02532,0.00144,-0.26912,0.02529,-0.00244,0.57955,0.03556,0.00000,0.00000
8.9500,895,8,8.9505,50.11,0.55000,0.00000,0.00000,0.36000,0.00000,0.00000,0.55000,0.00000,0.00000,0.00000,-0.35000,0.00000,0.00000,0.36000,0.00000,0.00000,0.55000,0.00000,0.00000,0.00000,0.55000,0.00000,0.00000,-0.28000,0.00000,0.00000,0.55000,0.00000,0.00000,0.00000,-0.35000,0.00000,0.00000,-0.28000,0.00000,0.00000,0.55000,0.00000,0.00000,0.00000,0.57163,0.03804,0.00069,0.37166,0.02810,-0.00320,0.58687,0.03315,0.00000,0.00000,-0.33680,0.02597,0.00119,0.37217,0.02646,-0.00231,0.58128,0.03344,0.00000,0.00000,0.56320,0.02597,0.00119,-0.26783,0.02646,-0.00231,0.58128,0.03344,0.00000,0.00000,-0.33680,0.02597,0.00119,-0.26783,0.02646,-0.00231,0.58128,0.03344,0.00000,0.00000
9.0000,900,9,9.0007,50.18,0.55000,0.00000,0.00000,0.36000,0.00000,0.00000,0.55000,0.00000,0.00000,0.00000,-0.35000,0.00000,0.00000,0.36000,0.00000,0.00000,0.55000,0.00000,0.00000,0.00000,0.55000,0.00000,0.00000,-0.28000,0.00000,0.00000,0.55000,0.00000,0.00000,0.00000,-0.35000,0.00000,0.00000,-0.28000,0.00000,0.00000,0.55000,0.00000,0.00000,0.00000,0.55000,0.00000,0.00000,0.36000,0.00000,0.00000,0.55000,0.00000,0.00000,0.00000,-0.35000,0.00000,0.00000,0.36000,0.00000,0.00000,0.55000,0.00000,0.00000,0.00000,0.55000,0.00000,0.00000,-0.28000,0.00000,0.00000,0.55000,0.00000,0.00000,0.00000,-0.35000,0.00000,0.00000,-0.28000,0.00000,0.00000,0.55000,0.00000,0.00000,0.00000
9.0500,905,9,9.0502,49.49,0.55000,0.00000,0.00000,0.36000,0.00000,0.00000,0.55000,0.00000,0.00000,0.00000,-0.35000,0.00000,0.00000,0.36000,0.00000,0.00000,0.55000,0.00000,0.00000,0.00000,0.55000,0.00000,0.00000,-0.28000,0.00000,0.00000,0.55000,0.00000,0.00000,0.00000,-0.35000,0.00000,0.00000,-0.28000,0.00000,0.00000,0.55000,0.00000,0.00000,0.00000,0.55001,0.00064,0.00242,0.36001,0.00063,-0.00237,0.55014,0.00518,0.00000,0.00000,-0.35000,0.00018,0.00066,0.36001,0.00039,-0.00148,0.55005,0.00196,0.00000,0.00000,0.55000,0.00018,0.00066,-0.27999,0.00039,-0.00148,0.55005,0.00196,0.00000,0.00000,-0.35000,0.00018,0.00066,-0.27999,0.00039,-0.00148,0.55005,0.00196,0.00000,0.00000
9.1000,910,9,9.1004,50.21,0.55000,0.00000,0.00000,0.36000,0.00000,0.00000,0.55000,0.00000,0.00000,0.00000,-0.35000,0.00000,0.00000,0.36000,0.00000,0.00000,0.55000,0.00000,0.00000,0.00000,0.55000,0.00000,0.00000,-0.28000,0.00000,0.00000,0.55000,0.00000,0.00000,0.00000,-0.35000,0.00000,0.00000,-0.28000,0.00000,0.00000,0.55000,0.00000,0.00000,0.00000,0.55008,0.00220,0.00378,0.36008,0.00219,-0.00387,0.55049,0.00866,0.00000,0.00000,-0.34998,0.00061,0.00108,0.36005,0.00136,-0.00243,0.55019,0.00369,0.00000,0.00000,0.55002,0.00061,0.00108,-0.27995,0.00136,-0.00243,0.55019,0.00369,0.00000,0.00000,-0.34998,0.00061,0.00108,-0.27995,0.00136,-0.00243,0.55019,0.00369,0.00000,0.00000
9.1500,915,9,9.1504,50.02,0.55000,0.00000,0.00000,0.36000,0.00000,0.00000,0.55000,0.00000,0.00000,0.00000,-0.35000,0.00000,0.00000,0.36000,0.00000,0.00000,0.55000,0.00000,0.00000,0.00000,0.55000,0.00000,0.00000,-0.28000,0.00000,0.00000,0.55000,0.00000,0.00000,0.00000,-0.35000,0.00000,0.00000,-0.28000,0.00000,0.00000,0.55000,0.00000,0.00000,0.00000,0.55024,0.00424,0.00445,0.36024,0.00432,-0.00476,0.55098,0.01089,0.00000,0.00000,-0.34993,0.00120,0.00131,0.36015,0.00271,-0.00303,0.55041,0.00512,0.00000,0.00000,0.55007,0.00120,0.00131,-0.27985,0.00271,-0.00303,0.55041,0.00512,0.00000,0.00000,-0.34993,0.00120,0.00131,-0.27985,0.00271,-0.00303,0.55041,0.00512,0.00000,0.00000
9.2000,920,9,9.2004,49.97,0.55000,0.00000,0.00000,0.36000,0.00000,0.00000,0.55000,0.00000,0.00000,0.00000,-0.35000,0.00000,0.00000,0.36000,0.00000,0.00000,0.55000,0.00000,0.00000,0.00000,0.55000,0.00000,0.00000,-0.28000,0.00000,0.00000,0.55000,0.00000,0.00000,0.00000,-0.35000,0.00000,0.00000,-0.28000,0.00000,0.00000,0.55000,0.00000,0.00000,0.00000,0.55051,0.00649,0.00465,0.36052,0.00679,-0.00525,0.55156,0.01219,0.00000,0.00000,-0.34986,0.00188,0.00142,0.36032,0.00429,-0.00337,0.55070,0.00621,0.00000,0.00000,0.55014,0.00188,0.00142,-0.27968,0.00429,-0.00337,0.55070,0.00621,0.00000,0.00000,-0.34986,0.00188,0.00142,-0.27968,0.00429,-0.00337,0.55070,0.00621,0.00000,0.00000
9.2500,925,9,9.2502,49.76,0.55000,0.00000,0.00000,0.36000,0.00000,0.00000,0.55000,0.00000,0.00000,0.00000,-0.35000,0.00000,0.00000,0.36000,0.00000,0.00000,0.55000,0.00000,0.00000,0.00000,0.55000,0.00000,0.00000,-0.28000,0.00000,0.00000,0.55000,0.00000,0.00000,0.00000,-0.35000,0.00000,0.00000,-0.28000,0.00000,0.00000,0.55000,0.00000,0.00000,0.00000,0.55089,0.00875,0.00454,0.36092,0.00943,-0.00545,0.55219,0.01279,0.00000,0.00000,-0.34975,0.00258,0.00144,0.36058,0.00600,-0.00355,0.55103,0.00697,0.00000,0.00000,0.55025,0.00258,0.00144,-0.27942,0.00600,-0.00355,0.55103,0.00697,0.00000,0.00000,-0.34975,0.00258,0.00144,-0.27942,0.00600,-0.00355,0.55103,0.00697,0.00000,0.00000
9.3000,930,9,9.3003,50.12,0.55000,0.00000,0.00000,0.36000,0.00000,0.00000,0.55000,0.00000,0.00000,0.00000,-0.35000,0.00000,0.00000,0.36000,0.00000,0.00000,0.55000,0.00000,0.00000,0.00000,0.55000,0.00000,0.00000,-0.28000,0.00000,0.00000,0.55000,0.00000,0.00000,0.00000,-0.35000,0.00000,0.00000,-0.28000,0.00000,0.00000,0.55000,0.00000,0.00000,0.00000,0.55138,0.01092,0.00425,0.36146,0.01211,-0.00547,0.55283,0.01283,0.00000,0.00000,-0.34960,0.00328,0.00140,0.36092,0.00775,-0.00360,0.55139,0.00739,0.00000,0.00000,0.55040,0.00328,0.00140,-0.27908,0.00775,-0.00360,0.55139,0.00739,0.00000,0.00000,-0.34960,0.00328,0.00140,-0.27908,0.00775,-0.00360,0.55139,0.00739,0.00000,0.00000
9.3500,935,9,9.3502,49.98,0.55000,0.00000,0.00000,0.36000,0.00000,0.00000,0.55000,0.00000,0.00000,0.00000,-0.35000,0.00000,0.00000,0.36000,0.00000,0.00000,0.55000,0.00000,0.00000,0.00000,0.55000,0.00000,0.00000,-0.28000,0.00000,0.00000,0.55000,0.00000,0.00000,0.00000,-0.35000,0.00000,0.00000,-0.28000,0.00000,0.00000,0.55000,0.00000,0.00000,0.00000,0.55198,0.01291,0.00385,0.36213,0.01477,-0.00536,0.55347,0.01243,0.00000,0.00000,-0.34942,0.00394,0.00131,0.36136,0.00952,-0.00357,0.55176,0.00750,0.00000,0.00000,0.55058,0.00394,0.00131,-0.27864,0.00952,-0.00357,0.55176,0.00750,0.00000,0.00000,-0.34942,0.00394,0.00131,-0.27864,0.00952,-0.00357,0.55176,0.00750,0.00000,0.00000
9.4000,940,9,9.4004,50.17,0.55000,0.00000,0.00000,0.36000,0.00000,0.00000,0.55000,0.00000,0.00000,0.00000,-0.35000,0.00000,0.00000,0.36000,0.00000,0.00000,0.55000,0.00000,0.00000,0.00000,0.55000,0.00000,0.00000,-0.28000,0.00000,0.00000,0.55000,0.00000,0.00000,0.00000,-0.35000,0.00000,0.00000,-0.28000,0.00000,0.00000,0.55000,0.00000,0.00000,0.00000,0.55267,0.01468,0.00338,0.36294,0.01736,-0.00517,0.55407,0.01169,0.00000,0.00000,-0.34921,0.00456,0.00118,0.36188,0.01125,-0.00348,0.55213,0.00731,0.00000,0.00000,0.55079,0.00456,0.00118,-0.27812,0.01125,-0.00348,0.55213,0.00731,0.00000,0.00000,-0.34921,0.00456,0.00118,-0.27812,0.01125,-0.00348,0.55213,0.00731,0.00000,0.00000
9.4500,945,9,9.4504,50.01,0.55000,0.00000,0.00000,0.36000,0.00000,0.00000,0.55000,0.00000,0.00000,0.00000,-0.35000,0.00000,0.00000,0.36000,0.00000,0.00000,0.55000,0.00000,0.00000,0.00000,0.55000,0.00000,0.00000,-0.28000,0.00000,0.00000,0.55000,0.00000,0.00000,0.00000,-0.35000,0.00000,0.00000,-0.28000,0.00000,0.00000,0.55000,0.00000,0.00000,0.00000,0.55344,0.01621,0.00288,0.36387,0.01984,-0.00493,0.55463,0.01065,0.00000,0.00000,-0.34896,0.00510,0.00104,0.36248,0.01293,-0.00335,0.55249,0.00686,0.00000,0.00000,0.55104,0.00510,0.00104,-0.27752,0.01293,-0.00335,0.55249,0.00686,0.00000,0.00000,-0.34896,0.00510,0.00104,-0.27752,0.01293,-0.00335,0.55249,0.00686,0.00000,0.00000
9.5000,950,9,9.5004,50.00,0.55000,0.00000,0.00000,0.36000,0.00000,0.00000,0.55000,0.00000,0.00000,0.00000,-0.35000,0.00000,0.00000,0.36000,0.00000,0.00000,0.55000,0.00000,0.00000,0.00000,0.55000,0.00000,0.00000,-0.28000,0.00000,0.00000,0.55000,0.00000,0.00000,0.00000,-0.35000,0.00000,0.00000,-0.28000,0.00000,0.00000,0.55000,0.00000,0.00000,0.00000,0.55428,0.01750,0.00237,0.36492,0.02219,-0.00465,0.55513,0.00938,0.00000,0.00000,-0.34870,0.00557,0.00088,0.36317,0.01453,-0.00319,0.55282,0.00616,0.00000,0.00000,0.55130,0.00557,0.00088,-0.27683,0.01453,-0.00319,0.55282,0.00616,0.00000,0.00000,-0.34870,0.00557,0.00088,-0.27683,0.01453,-0.00319,0.55282,0.00616,0.00000,0.00000
9.5500,955,9,9.5502,49.75,0.55000,0.00000,0.00000,0.36000,0.00000,0.00000,0.55000,0.00000,0.00000,0.00000,-0.35000,0.00000,0.00000,0.36000,0.00000,0.00000,0.55000,0.00000,0.00000,0.00000,0.55000,0.00000,0.00000,-0.28000,0.00000,0.00000,0.55000,0.00000,0.00000,0.00000,-0.35000,0.00000,0.00000,-0.28000,0.00000,0.00000,0.55000,0.00000,0.00000,0.00000,0.55519,0.01854,0.00187,0.36608,0.02440,-0.00435,0.55556,0.00792,0.00000,0.00000,-0.34841,0.00596,0.00070,0.36393,0.01606,-0.00301,0.55310,0.00525,0.00000,0.00000,0.55159,0.00596,0.00070,-0.27607,0.01606,-0.00301,0.55310,0.00525,0.00000,0.00000,-0.34841,0.00596,0.00070,-0.27607,0.01606,-0.00301,0.55310,0.00525,0.00000,0.00000
9.6000,960,9,9.6003,50.10,0.55000,0.00000,0.00000,0.36000,0.00000,0.00000,0.55000,0.00000,0.00000,0.00000,-0.35000,0.00000,0.00000,0.36000,0.00000,0.00000,0.55000,0.00000,0.00000,0.00000,0.55000,0.00000,0.00000,-0.28000,0.00000,0.00000,0.55000,0.00000,0.00000,0.00000,-0.35000,0.00000,0.00000,-0.28000,0.00000,0.00000,0.55000,0.00000,0.00000,0.00000,0.55614,0.01934,0.00139,0.36736,0.02646,-0.00404,0.55592,0.00629,0.00000,0.00000,-0.34810,0.00626,0.00052,0.36477,0.01749,-0.00282,0.55334,0.00414,0.00000,0.00000,0.55190,0.00626,0.00052,-0.27523,0.01749,-0.00282,0.55334,0.00414,0.00000,0.00000,-0.34810,0.00626,0.00052,-0.27523,0.01749,-0.00282,0.55334,0.00414,0.00000,0.00000
9.6500,965,9,9.6504,50.15,0.55000,0.00000,0.00000,0.36000,0.00000,0.00000,0.55000,0.00000,0.00000,0.00000,-0.35000,0.00000,0.00000,0.36000,0.00000,0.00000,0.55000,0.00000,0.00000,0.00000,0.55000,0.00000,0.00000,-0.28000,0.00000,0.00000,0.55000,0.00000,0.00000,0.00000,-0.35000,0.00000,0.00000,-0.28000,0.00000,0.00000,0.55000,0.00000,0.00000,0.00000,0.55712,0.01991,0.00093,0.36873,0.02836,-0.00372,0.55619,0.00454,0.00000,0.00000,-0.34778,0.00647,0.00033,0.36568,0.01882,-0.00261,0.55351,0.00287,0.00000,0.00000,0.55222,0.00647,0.00033,-0.27432,0.01882,-0.00261,0.55351,0.00287,0.00000,0.00000,-0.34778,0.00647,0.00033,-0.27432,0.01882,-0.00261,0.55351,0.00287,0.00000,0.00000
9.7000,970,9,9.7004,49.94,0.55000,0.00000,0.00000,0.36000,0.00000,0.00000,0.55000,0.00000,0.00000,0.00000,-0.35000,0.00000,0.00000,0.36000,0.00000,0.00000,0.55000,0.00000,0.00000,0.00000,0.55000,0.00000,0.00000,-0.28000,0.00000,0.00000,0.55000,0.00000,0.00000,0.00000,-0.35000,0.00000,0.00000,-0.28000,0.00000,0.00000,0.55000,0.00000,0.00000,0.00000,0.55812,0.02026,0.00048,0.37019,0.03011,-0.00340,0.55637,0.00268,0.00000,0.00000,-0.34746,0.00658,0.00014,0.36665,0.02004,-0.00239,0.55362,0.00145,0.00000,0.00000,0.55254,0.00658,0.00014,-0.27335,0.02004,-0.00239,0.55362,0.00145,0.00000,0.00000,-0.34746,0.00658,0.00014,-0.27335,0.02004,-0.00239,0.55362,0.00145,0.00000,0.00000
9.7500,975,9,9.7504,50.05,0.55000,0.00000,0.00000,0.36000,0.00000,0.00000,0.55000,0.00000,0.00000,0.00000,-0.35000,0.00000,0.00000,0.36000,0.00000,0.00000,0.55000,0.00000,0.00000,0.00000,0.55000,0.00000,0.00000,-0.28000,0.00000,0.00000,0.55000,0.00000,0.00000,0.00000,-0.35000,0.00000,0.00000,-0.28000,0.00000,0.00000,0.55000,0.00000,0.00000,0.00000,0.55914,0.02039,0.00007,0.37174,0.03170,-0.00308,0.55646,0.00073,0.00000,0.00000,-0.34713,0.00661,-0.00005,0.36768,0.02116,-0.00217,0.55366,-0.00008,0.00000,0.00000,0.55287,0.00661,-0.00005,-0.27232,0.02116,-0.00217,0.55366,-0.00008,0.00000,0.00000,-0.34713,0.00661,-0.00005,-0.27232,0.02116,-0.00217,0.55366,-0.00008,0.00000,0.00000
9.8000,980,9,9.8002,49.82,0.55000,0.00000,0.00000,0.36000,0.00000,0.00000,0.55000,0.00000,0.00000,0.00000,-0.35000,0.00000,0.00000,0.36000,0.00000,0.00000,0.55000,0.00000,0.00000,0.00000,0.55000,0.00000,0.00000,-0.28000,0.00000,0.00000,0.55000,0.00000,0.00000,0.00000,-0.35000,0.00000,0.00000,-0.28000,0.00000,0.00000,0.55000,0.00000,0.00000,0.00000,0.56016,0.02032,-0.00033,0.37336,0.03314,-0.00276,0.55644,-0.00128,0.00000,0.00000,-0.34680,0.00653,-0.00025,0.36877,0.02218,-0.00195,0.55361,-0.00172,0.00000,0.00000,0.55320,0.00653,-0.00025,-0.27123,0.02218,-0.00195,0.55361,-0.00172,0.00000,0.00000,-0.34680,0.00653,-0.00025,-0.27123,0.02218,-0.00195,0.55361,-0.00172,0.00000,0.00000
9.8500,985,9,9.8504,50.18,0.55000,0.00000,0.00000,0.36000,0.00000,0.00000,0.55000,0.00000,0.00000,0.00000,-0.35000,0.00000,0.00000,0.36000,0.00000,0.00000,0.55000,0.00000,0.00000,0.00000,0.55000,0.00000,0.00000,-0.28000,0.00000,0.00000,0.55000,0.00000,0.00000,0.00000,-0.35000,0.00000,0.00000,-0.28000,0.00000,0.00000,0.55000,0.00000,0.00000,0.00000,0.56117,0.02007,-0.00070,0.37505,0.03441,-0.00245,0.55633,-0.00334,0.00000,0.00000,-0.34647,0.00636,-0.00044,0.36990,0.02308,-0.00172,0.55348,-0.00343,0.00000,0.00000,0.55353,0.00636,-0.00044,-0.27010,0.02308,-0.00172,0.55348,-0.00343,0.00000,0.00000,-0.34647,0.00636,-0.00044,-0.27010,0.02308,-0.00172,0.55348,-0.00343,0.00000,0.00000
9.9000,990,9,9.9003,49.82,0.55000,0.00000,0.00000,0.36000,0.00000,0.00000,0.55000,0.00000,0.00000,0.00000,-0.35000,0.00000,0.00000,0.36000,0.00000,0.00000,0.55000,0.00000,0.00000,0.00000,0.55000,0.00000,0.00000,-0.28000,0.00000,0.00000,0.55000,0.00000,0.00000,0.00000,-0.35000,0.00000,0.00000,-0.28000,0.00000,0.00000,0.55000,0.00000,0.00000,0.00000,0.56216,0.01964,-0.00106,0.37680,0.03554,-0.00213,0.55611,-0.00543,0.00000,0.00000,-0.34616,0.00610,-0.00063,0.37107,0.02386,-0.00149,0.55327,-0.00521,0.00000,0.00000,0.55384,0.00610,-0.00063,-0.26893,0.02386,-0.00149,0.55327,-0.00521,0.00000,0.00000,-0.34616,0.00610,-0.00063,-0.26893,0.02386,-0.00149,0.55327,-0.00521,0.00000,0.00000
9.9500,995,9,9.9502,49.99,0.55000,0.00000,0.00000,0.36000,0.00000,0.00000,0.55000,0.00000,0.00000,0.00000,-0.35000,0.00000,0.00000,0.36000,0.00000,0.00000,0.55000,0.00000,0.00000,0.00000,0.55000,0.00000,0.00000,-0.28000,0.00000,0.00000,0.55000,0.00000,0.00000,0.00000,-0.35000,0.00000,0.00000,-0.28000,0.00000,0.00000,0.55000,0.00000,0.00000,0.00000,0.56313,0.01904,-0.00139,0.37860,0.03650,-0.00182,0.55579,-0.00753,0.00000,0.00000,-0.34587,0.00575,-0.00081,0.37228,0.02454,-0.00126,0.55296,-0.00703,0.00000,0.00000,0.55413,0.00575,-0.00081,-0.26772,0.02454,-0.00126,0.55296,-0.00703,0.00000,0.00000,-0.34587,0.00575,-0.00081,-0.26772,0.02454,-0.00126,0.55296,-0.00703,0.00000,0.00000
10.0000,1000,10,10.0005,50.21,0.55000,0.00000,0.00000,0.36000,0.00000,0.00000,0.55000,0.00000,0.00000,0.00000,-0.35000,0.00000,0.00000,0.36000,0.00000,0.00000,0.55000,0.00000,0.00000,0.00000,0.55000,0.00000,0.00000,-0.28000,0.00000,0.00000,0.55000,0.00000,0.00000,0.00000,-0.35000,0.00000,0.00000,-0.28000,0.00000,0.00000,0.55000,0.00000,0.00000,0.00000,0.55000,0.00000,0.00000,0.36000,0.00000,0.00000,0.55000,0.00000,0.00000,0.00000,-0.35000,0.00000,0.00000,0.36000,0.00000,0.00000,0.55000,0.00000,0.00000,0.00000,0.55000,0.00000,0.00000,-0.28000,0.00000,0.00000,0.55000,0.00000,0.00000,0.00000,-0.35000,0.00000,0.00000,-0.28000,0.00000,0.00000,0.55000,0.00000,0.00000,0.00000
10.0500,1005,10,10.0503,49.87,0.55000,0.00000,0.00000,0.36000,0.00000,0.00000,0.55000,0.00000,0.00000,0.00000,-0.35000,0.00000,0.00000,0.36000,0.00000,0.00000,0.55000,0.00000,0.00000,0.00000,0.55000,0.00000,0.00000,-0.28000,0.00000,0.00000,0.55000,0.00000,0.00000,0.00000,-0.35000,0.00000,0.00000,-0.28000,0.00000,0.00000,0.55000,0.00000,0.00000,0.00000,0.55000,0.00025,0.00090,0.36001,0.00074,-0.00277,0.54994,-0.00247,0.00000,0.00000,-0.35000,-0.00017,-0.00065,0.36000,0.00018,-0.00067,0.54993,-0.00268,0.00000,0.00000,0.55000,-0.00017,-0.00065,-0.28000,0.00018,-0.00067,0.54993,-0.00268,0.00000,0.00000,-0.35000,-0.00017,-0.00065,-0.28000,0.00018,-0.00067,0.54993,-0.00268,0.00000,0.00000
10.1000,1010,10,10.1003,49.95,0.55000,0.00000,0.00000,0.36000,0.00000,0.00000,0.55000,0.00000,0.00000,0.00000,-0.35000,0.00000,0.00000,0.36000,0.00000,0.00000,0.55000,0.00000,0.00000,0.00000,0.55000,0.00000,0.00000,-0.28000,0.00000,0.00000,0.55000,0.00000,0.00000,0.00000,-0.35000,0.00000,0.00000,-0.28000,0.00000,0.00000,0.55000,0.00000,0.00000,0.00000,0.55003,0.00080,0.00126,0.36009,0.00252,-0.00435,0.54975,-0.00500,0.00000,0.00000,-0.35002,-0.00060,-0.00110,0.36002,0.00061,-0.00108,0.54973,-0.00527,0.00000,0.00000,0.54998,-0.00060,-0.00110,-0.27998,0.00061,-0.00108,0.54973,-0.00527,0.00000,0.00000,-0.35002,-0.00060,-0.00110,-0.27998,0.00061,-0.00108,0.54973,-0.00527,0.00000,0.00000
10.1500,1015,10,10.1504,50.14,0.55000,0.00000,0.00000,0.36000,0.00000,0.00000,0.55000,0.00000,0.00000,0.00000,-0.35000,0.00000,0.00000,0.36000,0.00000,0.00000,0.55000,0.00000,0.00000,0.00000,0.55000,0.00000,0.00000,-0.28000,0.00000,0.00000,0.55000,0.00000,0.00000,0.00000,-0.35000,0.00000,0.00000,-0.28000,0.00000,0.00000,0.55000,0.00000,0.00000,0.00000,0.55009,0.00143,0.00126,0.36027,0.00488,-0.00515,0.54944,-0.00755,0.00000,0.00000,-0.35007,-0.00123,-0.00142,0.36007,0.00121,-0.00132,0.54941,-0.00778,0.00000,0.00000,0.54993,-0.00123,-0.00142,-0.27993,0.00121,-0.00132,0.54941,-0.00778,0.00000,0.00000,-0.35007,-0.00123,-0.00142,-0.27993,0.00121,-0.00132,0.54941,-0.00778,0.00000,0.00000
10.2000,1020,10,10.2002,49.80,0.55000,0.00000,0.00000,0.36000,0.00000,0.00000,0.55000,0.00000,0.00000,0.00000,-0.35000,0.00000,0.00000,0.36000,0.00000,0.00000,0.55000,0.00000,0.00000,0.00000,0.55000,0.00000,0.00000,-0.28000,0.00000,0.00000,0.55000,0.00000,0.00000,0.00000,-0.35000,0.00000,0.00000,-0.28000,0.00000,0.00000,0.55000,0.00000,0.00000,0.00000,0.55017,0.00200,0.00104,0.36058,0.00749,-0.00542,0.54900,-0.01008,0.00000,0.00000,-0.35015,-0.00198,-0.00166,0.36014,0.00189,-0.00143,0.54896,-0.01021,0.00000,0.00000,0.54985,-0.00198,-0.00166,-0.27986,0.00189,-0.00143,0.54896,-0.01021,0.00000,0.00000,-0.35015,-0.00198,-0.00166,-0.27986,0.00189,-0.00143,0.54896,-0.01021,0.00000,0.00000
10.2500,1025,10,10.2501,49.90,0.55000,0.00000,0.00000,0.36000,0.00000,0.00000,0.55000,0.00000,0.00000,0.00000,-0.35000,0.00000,0.00000,0.36000,0.00000,0.00000,0.55000,0.00000,0.00000,0.00000,0.55000,0.00000,0.00000,-0.28000,0.00000,0.00000,0.55000,0.00000,0.00000,0.00000,-0.35000,0.00000,0.00000,-0.28000,0.00000,0.00000,0.55000,0.00000,0.00000,0.00000,0.55028,0.00242,0.00067,0.36102,0.01014,-0.00534,0.54843,-0.01255,0.00000,0.00000,-0.35027,-0.00284,-0.00183,0.36026,0.00259,-0.00144,0.54839,-0.01255,0.00000,0.00000,0.54973,-0.00284,-0.00183,-0.27974,0.00259,-0.00144,0.54839,-0.01255,0.00000,0.00000,-0.35027,-0.00284,-0.00183,-0.27974,0.00259,-0.00144,0.54839,-0.01255,0.00000,0.00000
10.3000,1030,10,10.3002,50.09,0.55000,0.00000,0.00000,0.36000,0.00000,0.00000,0.55000,0.00000,0.00000,0.00000,-0.35000,0.00000,0.00000,0.36000,0.00000,0.00000,0.55000,0.00000,0.00000,0.00000,0.55000,0.00000,0.00000,-0.28000,0.00000,0.00000,0.55000,0.00000,0.00000,0.00000,-0.35000,0.00000,0.00000,-0.28000,0.00000,0.00000,0.55000,0.00000,0.00000,0.00000,0.55041,0.00265,0.00022,0.36159,0.01269,-0.00503,0.54774,-0.01495,0.00000,0.00000,-0.35043,-0.00378,-0.00197,0.36040,0.00329,-0.00140,0.54770,-0.01480,0.00000,0.00000,0.54957,-0.00378,-0.00197,-0.27960,0.00329,-0.00140,0.54770,-0.01480,0.00000,0.00000,-0.35043,-0.00378,-0.00197,-0.27960,0.00329,-0.00140,0.54770,-0.01480,0.00000,0.00000
10.3500,1035,10,10.3504,50.14,0.55000,0.00000,0.00000,0.36000,0.00000,0.00000,0.55000,0.00000,0.00000,0.00000,-0.35000,0.00000,0.00000,0.36000,0.00000,0.00000,0.55000,0.00000,0.00000,0.00000,0.55000,0.00000,0.00000,-0.28000,0.00000,0.00000,0.55000,0.00000,0.00000,0.00000,-0.35000,0.00000,0.00000,-0.28000,0.00000,0.00000,0.55000,0.00000,0.00000,0.00000,0.55054,0.00264,-0.00027,0.36229,0.01505,-0.00459,0.54694,-0.01727,0.00000,0.00000,-0.35065,-0.00477,-0.00208,0.36058,0.00395,-0.00130,0.54691,-0.01695,0.00000,0.00000,0.54935,-0.00477,-0.00208,-0.27942,0.00395,-0.00130,0.54691,-0.01695,0.00000,0.00000,-0.35065,-0.00477,-0.00208,-0.27942,0.00395,-0.00130,0.54691,-0.01695,0.00000,0.00000
10.4000,1040,10,10.4002,49.84,0.55000,0.00000,0.00000,0.36000,0.00000,0.00000,0.55000,0.00000,0.00000,0.00000,-0.35000,0.00000,0.00000,0.36000,0.00000,0.00000,0.55000,0.00000,0.00000,0.00000,0.55000,0.00000,0.00000,-0.28000,0.00000,0.00000,0.55000,0.00000,0.00000,0.00000,-0.35000,0.00000,0.00000,-0.28000,0.00000,0.00000,0.55000,0.00000,0.00000,0.00000,0.55067,0.00238,-0.00077,0.36310,0.01717,-0.00406,0.54602,-0.01949,0.00000,0.00000,-0.35091,-0.00582,-0.00218,0.36080,0.00456,-0.00117,0.54601,-0.01900,0.00000,0.00000,0.54909,-0.00582,-0.00218,-0.27920,0.00456,-0.00117,0.54601,-0.01900,0.00000,0.00000,-0.35091,-0.00582,-0.00218,-0.27920,0.00456,-0.00117,0.54601,-0.01900,0.00000,0.00000
10.4500,1045,10,10.4502,50.04,0.55000,0.00000,0.00000,0.36000,0.00000,0.00000,0.55000,0.00000,0.00000,0.00000,-0.35000,0.00000,0.00000,0.36000,0.00000,0.00000,0.55000,0.00000,0.00000,0.00000,0.55000,0.00000,0.00000,-0.28000,0.00000,0.00000,0.55000,0.00000,0.00000,0.00000,-0.35000,0.00000,0.00000,-0.28000,0.00000,0.00000,0.55000,0.00000,0.00000,0.00000,0.55078,0.00188,-0.00128,0.36400,0.01902,-0.00348,0.54499,-0.02161,0.00000,0.00000,-0.35123,-0.00691,-0.00226,0.36104,0.00510,-0.00102,0.54501,-0.02093,0.00000,0.00000,0.54877,-0.00691,-0.00226,-0.27896,0.00510,-0.00102,0.54501,-0.02093,0.00000,0.00000,-0.35123,-0.00691,-0.00226,-0.27896,0.00510,-0.00102,0.54501,-0.02093,0.00000,0.00000
10.5000,1050,10,10.5005,50.25,0.55000,0.00000,0.00000,0.36000,0.00000,0.00000,0.55000,0.00000,0.00000,0.00000,-0.35000,0.00000,0.00000,0.36000,0.00000,0.00000,0.55000,0.00000,0.00000,0.00000,0.55000,0.00000,0.00000,-0.28000,0.00000,0.00000,0.55000,0.00000,0.00000,0.00000,-0.35000,0.00000,0.00000,-0.28000,0.00000,0.00000,0.55000,0.00000,0.00000,0.00000,0.55085,0.00112,-0.00178,0.36499,0.02059,-0.00288,0.54386,-0.02362,0.00000,0.00000,-0.35160,-0.00803,-0.00233,0.36131,0.00556,-0.00085,0.54392,-0.02275,0.00000,0.00000,0.54840,-0.00803,-0.00233,-0.27869,0.00556,-0.00085,0.54392,-0.02275,0.00000,0.00000,-0.35160,-0.00803,-0.00233,-0.27869,0.00556,-0.00085,0.54392,-0.02275,0.00000,0.00000
10.5500,1055,10,10.5501,49.61,0.55000,0.00000,0.00000,0.36000,0.00000,0.00000,0.55000,0.00000,0.00000,0.00000,-0.35000,0.00000,0.00000,0.36000,0.00000,0.00000,0.55000,0.00000,0.00000,0.00000,0.55000,0.00000,0.00000,-0.28000,0.00000,0.00000,0.55000,0.00000,0.00000,0.00000,-0.35000,0.00000,0.00000,-0.28000,0.00000,0.00000,0.55000,0.00000,0.00000,0.00000,0.55089,0.00013,-0.00226,0.36606,0.02185,-0.00228,0.54263,-0.02552,0.00000,0.00000,-0.35203,-0.00920,-0.00240,0.36159,0.00593,-0.00067,0.54274,-0.02444,0.00000,0.00000,0.54797,-0.00920,-0.00240,-0.27841,0.00593,-0.00067,0.54274,-0.02444,0.00000,0.00000,-0.35203,-0.00920,-0.00240,-0.27841,0.00593,-0.00067,0.54274,-0.02444,0.00000,0.00000
10.6000,1060,10,10.6005,50.37,0.55000,0.00000,0.00000,0.36000,0.00000,0.00000,0.55000,0.00000,0.00000,0.00000,-0.35000,0.00000,0.00000,0.36000,0.00000,0.00000,0.55000,0.00000,0.00000,0.00000,0.55000,0.00000,0.00000,-0.28000,0.00000,0.00000,0.55000,0.00000,0.00000,0.00000,-0.35000,0.00000,0.00000,-0.28000,0.00000,0.00000,0.55000,0.00000,0.00000,0.00000,0.55086,-0.00109,-0.00272,0.36717,0.02282,-0.00168,0.54131,-0.02730,0.00000,0.00000,-0.35252,-0.01039,-0.00246,0.36190,0.00622,-0.00048,0.54148,-0.02600,0.00000,0.00000,0.54748,-0.01039,-0.00246,-0.27810,0.00622,-0.00048,0.54148,-0.02600,0.00000,0.00000,-0.35252,-0.01039,-0.00246,-0.27810,0.00622,-0.00048,0.54148,-0.02600,0.00000,0.00000
10.6500,1065,10,10.6504,49.95,0.55000,0.00000,0.00000,0.36000,0.00000,0.00000,0.55000,0.00000,0.00000,0.00000,-0.35000,0.00000,0.00000,0.36000,0.00000,0.00000,0.55000,0.00000,0.00000,0.00000,0.55000,0.00000,0.00000,-0.28000,0.00000,0.00000,0.55000,0.00000,0.00000,0.00000,-0.35000,0.00000,0.00000,-0.28000,0.00000,0.00000,0.55000,0.00000,0.00000,0.00000,0.55077,-0.00252,-0.00312,0.36833,0.02350,-0.00109,0.53990,-0.02895,0.00000,0.00000,-0.35307,-0.01161,-0.00252,0.36221,0.00640,-0.00028,0.54014,-0.02742,0.00000,0.00000,0.54693,-0.01161,-0.00252,-0.27779,0.00640,-0.00028,0.54014,-0.02742,0.00000,0.00000,-0.35307,-0.01161,-0.00252,-0.27779,0.00640,-0.00028,0.54014,-0.02742,0.00000,0.00000
10.7000,1070,10,10.7003,49.86,0.55000,0.00000,0.00000,0.36000,0.00000,0.00000,0.55000,0.00000,0.00000,0.00000,-0.35000,0.00000,0.00000,0.36000,0.00000,0.00000,0.55000,0.00000,0.00000,0.00000,0.55000,0.00000,0.00000,-0.28000,0.00000,0.00000,0.55000,0.00000,0.00000,0.00000,-0.35000,0.00000,0.00000,-0.28000,0.00000,0.00000,0.55000,0.00000,0.00000,0.00000,0.55061,-0.00414,-0.00348,0.36952,0.02389,-0.00052,0.53842,-0.03044,0.00000,0.00000,-0.35368,-0.01286,-0.00257,0.36254,0.00649,-0.00008,0.53874,-0.02868,0.00000,0.00000,0.54632,-0.01286,-0.00257,-0.27746,0.00649,-0.00008,0.53874,-0.02868,0.00000,0.00000,-0.35368,-0.01286,-0.00257,-0.27746,0.00649,-0.00008,0.53874,-0.02868,0.00000,0.00000
10.7500,1075,10,10.7503,50.02,0.55000,0.00000,0.00000,0.36000,0.00000,0.00000,0.55000,0.00000,0.00000,0.00000,-0.35000,0.00000,0.00000,0.36000,0.00000,0.00000,0.55000,0.00000,0.00000,0.00000,0.55000,0.00000,0.00000,-0.28000,0.00000,0.00000,0.55000,0.00000,0.00000,0.00000,-0.35000,0.00000,0.00000,-0.28000,0.00000,0.00000,0.55000,0.00000,0.00000,0.00000,0.55036,-0.00593,-0.00378,0.37072,0.02401,0.00003,0.53686,-0.03174,0.00000,0.00000,-0.35436,-0.01414,-0.00262,0.36286,0.00648,0.00013,0.53727,-0.02979,0.00000,0.00000,0.54564,-0.01414,-0.00262,-0.27714,0.00648,0.00013,0.53727,-0.02979,0.00000,0.00000,-0.35436,-0.01414,-0.00262,-0.27714,0.00648,0.00013,0.53727,-0.02979,0.00000,0.00000
10.8000,1080,10,10.8006,50.27,0.55000,0.00000,0.00000,0.36000,0.00000,0.00000,0.55000,0.00000,0.00000,0.00000,-0.35000,0.00000,0.00000,0.36000,0.00000,0.00000,0.55000,0.00000,0.00000,0.00000,0.55000,0.00000,0.00000,-0.28000,0.00000,0.00000,0.55000,0.00000,0.00000,0.00000,-0.35000,0.00000,0.00000,-0.28000,0.00000,0.00000,0.55000,0.00000,0.00000,0.00000,0.55001,-0.00785,-0.00403,0.37192,0.02386,0.00056,0.53525,-0.03282,0.00000,0.00000,-0.35510,-0.01543,-0.00267,0.36318,0.00636,0.00033,0.53576,-0.03074,0.00000,0.00000,0.54490,-0.01543,-0.00267,-0.27682,0.00636,0.00033,0.53576,-0.03074,0.00000,0.00000,-0.35510,-0.01543,-0.00267,-0.27682,0.00636,0.00033,0.53576,-0.03074,0.00000,0.00000
10.8500,1085,10,10.8504,49.83,0.55000,0.00000,0.00000,0.36000,0.00000,0.00000,0.55000,0.00000,0.00000,0.00000,-0.35000,0.00000,0.00000,0.36000,0.00000,0.00000,0.55000,0.00000,0.00000,0.00000,0.55000,0.00000,0.00000,-0.28000,0.00000,0.00000,0.55000,0.00000,0.00000,0.00000,-0.35000,0.00000,0.00000,-0.28000,0.00000,0.00000,0.55000,0.00000,0.00000,0.00000,0.54957,-0.00988,-0.00423,0.37310,0.02347,0.00105,0.53358,-0.03368,0.00000,0.00000,-0.35590,-0.01675,-0.00270,0.36350,0.00615,0.00053,0.53420,-0.03151,0.00000,0.00000,0.54410,-0.01675,-0.00270,-0.27650,0.00615,0.00053,0.53420,-0.03151,0.00000,0.00000,-0.35590,-0.01675,-0.00270,-0.27650,0.00615,0.00053,0.53420,-0.03151,0.00000,0.00000
10.9000,1090,10,10.9005,50.07,0.55000,0.00000,0.00000,0.36000,0.00000,0.00000,0.55000,0.00000,0.00000,0.00000,-0.35000,0.00000,0.00000,0.36000,0.00000,0.00000,0.55000,0.00000,0.00000,0.00000,0.55000,0.00000,0.00000,-0.28000,0.00000,0.00000,0.55000,0.00000,0.00000,0.00000,-0.35000,0.00000,0.00000,-0.28000,0.00000,0.00000,0.55000,0.00000,0.00000,0.00000,0.54902,-0.01199,-0.00438,0.37426,0.02284,0.00152,0.53188,-0.03431,0.00000,0.00000,-0.35677,-0.01809,-0.00274,0.36380,0.00585,0.00073,0.53261,-0.03212,0.00000,0.00000,0.54323,-0.01809,-0.00274,-0.27620,0.00585,0.00073,0.53261,-0.03212,0.00000,0.00000,-0.35677,-0.01809,-0.00274,-0.27620,0.00585,0.00073,0.53261,-0.03212,0.00000,0.00000
10.9500,1095,10,10.9504,49.96,0.55000,0.00000,0.00000,0.36000,0.00000,0.00000,0.55000,0.00000,0.00000,0.00000,-0.35000,0.00000,0.00000,0.36000,0.00000,0.00000,0.55000,0.00000,0.00000,0.00000,0.55000,0.00000,0.00000,-0.28000,0.00000,0.00000,0.55000,0.00000,0.00000,0.00000,-0.35000,0.00000,0.00000,-0.28000,0.00000,0.00000,0.55000,0.00000,0.00000,0.00000,0.54837,-0.01417,-0.00449,0.37538,0.02198,0.00195,0.53016,-0.03471,0.00000,0.00000,-0.35771,-0.01944,-0.00276,0.36408,0.00544,0.00092,0.53099,-0.03255,0.00000,0.00000,0.54229,-0.01944,-0.00276,-0.27592,0.00544,0.00092,0.53099,-0.03255,0.00000,0.00000,-0.35771,-0.01944,-0.00276,-0.27592,0.00544,0.00092,0.53099,-0.03255,0.00000,0.00000
11.0000,1100,11,11.0005,50.10,0.55000,0.00000,0.00000,0.36000,0.00000,0.00000,0.55000,0.00000,0.00000,0.00000,-0.35000,0.00000,0.00000,0.36000,0.00000,0.00000,0.55000,0.00000,0.00000,0.00000,0.55000,0.00000,0.00000,-0.28000,0.00000,0.00000,0.55000,0.00000,0.00000,0.00000,-0.35000,0.00000,0.00000,-0.28000,0.00000,0.00000,0.55000,0.00000,0.00000,0.00000,0.55000,0.00000,0.00000,0.36000,0.00000,0.00000,0.55000,0.00000,0.00000,0.00000,-0.35000,0.00000,0.00000,0.36000,0.00000,0.00000,0.55000,0.00000,0.00000,0.00000,0.55000,0.00000,0.00000,-0.28000,0.00000,0.00000,0.55000,0.00000,0.00000,0.00000,-0.35000,0.00000,0.00000,-0.28000,0.00000,0.00000,0.55000,0.00000,0.00000,0.00000
11.0500,1105,11,11.0503,49.75,0.55000,0.00000,0.00000,0.36000,0.00000,0.00000,0.55000,0.00000,0.00000,0.00000,-0.35000,0.00000,0.00000,0.36000,0.00000,0.00000,0.55000,0.00000,0.00000,0.00000,0.55000,0.00000,0.00000,-0.28000,0.00000,0.00000,0.55000,0.00000,0.00000,0.00000,-0.35000,0.00000,0.00000,-0.28000,0.00000,0.00000,0.55000,0.00000,0.00000,0.00000,0.54999,-0.00050,-0.00191,0.36000,0.00026,-0.00095,0.54982,-0.00676,0.00000,0.00000,-0.35001,-0.00046,-0.00175,0.36000,-0.00020,0.00077,0.54990,-0.00413,0.00000,0.00000,0.54999,-0.00046,-0.00175,-0.28000,-0.00020,0.00077,0.54990,-0.00413,0.00000,0.00000,-0.35001,-0.00046,-0.00175,-0.28000,-0.00020,0.00077,0.54990,-0.00413,0.00000,0.00000
11.1000,1110,11,11.1002,49.92,0.55000,0.00000,0.00000,0.36000,0.00000,0.00000,0.55000,0.00000,0.00000,0.00000,-0.35000,0.00000,0.00000,0.36000,0.00000,0.00000,0.55000,0.00000,0.00000,0.00000,0.55000,0.00000,0.00000,-0.28000,0.00000,0.00000,0.55000,0.00000,0.00000,0.00000,-0.35000,0.00000,0.00000,-0.28000,0.00000,0.00000,0.55000,0.00000,0.00000,0.00000,0.54994,-0.00177,-0.00322,0.36003,0.00083,-0.00129,0.54935,-0.01206,0.00000,0.00000,-0.35006,-0.00162,-0.00292,0.35997,-0.00071,0.00129,0.54959,-0.00799,0.00000,0.00000,0.54994,-0.00162,-0.00292,-0.28003,-0.00071,0.00129,0.54959,-0.00799,0.00000,0.00000,-0.35006,-0.00162,-0.00292,-0.28003,-0.00071,0.00129,0.54959,-0.00799,0.00000,0.00000
11.1500,1115,11,11.1504,50.18,0.55000,0.00000,0.00000,0.36000,0.00000,0.00000,0.55000,0.00000,0.00000,0.00000,-0.35000,0.00000,0.00000,0.36000,0.00000,0.00000,0.55000,0.00000,0.00000,0.00000,0.55000,0.00000,0.00000,-0.28000,0.00000,0.00000,0.55000,0.00000,0.00000,0.00000,-0.35000,0.00000,0.00000,-0.28000,0.00000,0.00000,0.55000,0.00000,0.00000,0.00000,0.54981,-0.00358,-0.00409,0.36009,0.00146,-0.00124,0.54864,-0.01624,0.00000,0.00000,-0.35018,-0.00325,-0.00369,0.35992,-0.00144,0.00165,0.54910,-0.01152,0.00000,0.00000,0.54982,-0.00325,-0.00369,-0.28008,-0.00144,0.00165,0.54910,-0.01152,0.00000,0.00000,-0.35018,-0.00325,-0.00369,-0.28008,-0.00144,0.00165,0.54910,-0.01152,0.00000,0.00000
11.2000,1120,11,11.2004,50.05,0.55000,0.00000,0.00000,0.36000,0.00000,0.00000,0.55000,0.00000,0.00000,0.00000,-0.35000,0.00000,0.00000,0.36000,0.00000,0.00000,0.55000,0.00000,0.00000,0.00000,0.55000,0.00000,0.00000,-0.28000,0.00000,0.00000,0.55000,0.00000,0.00000,0.00000,-0.35000,0.00000,0.00000,-0.28000,0.00000,0.00000,0.55000,0.00000,0.00000,0.00000,0.54957,-0.00574,-0.00467,0.36018,0.00201,-0.00096,0.54774,-0.01955,0.00000,0.00000,-0.35039,-0.00519,-0.00418,0.35983,-0.00231,0.00190,0.54845,-0.01471,0.00000,0.00000,0.54961,-0.00519,-0.00418,-0.28017,-0.00231,0.00190,0.54845,-0.01471,0.00000,0.00000,-0.35039,-0.00519,-0.00418,-0.28017,-0.00231,0.00190,0.54845,-0.01471,0.00000,0.00000
11.2500,1125,11,11.2501,49.70,0.55000,0.00000,0.00000,0.36000,0.00000,0.00000,0.55000,0.00000,0.00000,0.00000,-0.35000,0.00000,0.00000,0.36000,0.00000,0.00000,0.55000,0.00000,0.00000,0.00000,0.55000,0.00000,0.00000,-0.28000,0.00000,0.00000,0.55000,0.00000,0.00000,0.00000,-0.35000,0.00000,0.00000,-0.28000,0.00000,0.00000,0.55000,0.00000,0.00000,0.00000,0.54923,-0.00813,-0.00502,0.36029,0.00238,-0.00055,0.54669,-0.02217,0.00000,0.00000,-0.35070,-0.00733,-0.00449,0.35969,-0.00329,0.00207,0.54764,-0.01754,0.00000,0.00000,0.54930,-0.00733,-0.00449,-0.28031,-0.00329,0.00207,0.54764,-0.01754,0.00000,0.00000,-0.35070,-0.00733,-0.00449,-0.28031,-0.00329,0.00207,0.54764,-0.01754,0.00000,0.00000
11.3000,1130,11,11.3004,50.25,0.55000,0.00000,0.00000,0.36000,0.00000,0.00000,0.55000,0.00000,0.00000,0.00000,-0.35000,0.00000,0.00000,0.36000,0.00000,0.00000,0.55000,0.00000,0.00000,0.00000,0.55000,0.00000,0.00000,-0.28000,0.00000,0.00000,0.55000,0.00000,0.00000,0.00000,-0.35000,0.00000,0.00000,-0.28000,0.00000,0.00000,0.55000,0.00000,0.00000,0.00000,0.54876,-0.01064,-0.00522,0.36041,0.00254,-0.00007,0.54553,-0.02423,0.00000,0.00000,-0.35112,-0.00958,-0.00466,0.35950,-0.00433,0.00219,0.54670,-0.02003,0.00000,0.00000,0.54888,-0.00958,-0.00466,-0.28050,-0.00433,0.00219,0.54670,-0.02003,0.00000,0.00000,-0.35112,-0.00958,-0.00466,-0.28050,-0.00433,0.00219,0.54670,-0.02003,0.00000,0.00000
11.3500,1135,11,11.3504,50.06,0.55000,0.00000,0.00000,0.36000,0.00000,0.00000,0.55000,0.00000,0.00000,0.00000,-0.35000,0.00000,0.00000,0.36000,0.00000,0.00000,0.55000,0.00000,0.00000,0.00000,0.55000,0.00000,0.00000,-0.28000,0.00000,0.00000,0.55000,0.00000,0.00000,0.00000,-0.35000,0.00000,0.00000,-0.28000,0.00000,0.00000,0.55000,0.00000,0.00000,0.00000,0.54816,-0.01322,-0.00530,0.36054,0.00245,0.00043,0.54428,-0.02586,0.00000,0.00000,-0.35166,-0.01189,-0.00475,0.35925,-0.00543,0.00228,0.54564,-0.02219,0.00000,0.00000,0.54834,-0.01189,-0.00475,-0.28075,-0.00543,0.00228,0.54564,-0.02219,0.00000,0.00000,-0.35166,-0.01189,-0.00475,-0.28075,-0.00543,0.00228,0.54564,-0.02219,0.00000,0.00000
11.4000,1140,11,11.4005,50.02,0.55000,0.00000,0.00000,0.36000,0.00000,0.00000,0.55000,0.00000,0.00000,0.00000,-0.35000,0.00000,0.00000,0.36000,0.00000,0.00000,0.55000,0.00000,0.00000,0.00000,0.55000,0.00000,0.00000,-0.28000,0.00000,0.00000,0.55000,0.00000,0.00000,0.00000,-0.35000,0.00000,0.00000,-0.28000,0.00000,0.00000,0.55000,0.00000,0.00000,0.00000,0.54744,-0.01583,-0.00529,0.36065,0.00211,0.00092,0.54295,-0.02715,0.00000,0.00000,-0.35231,-0.01422,-0.00476,0.35895,-0.00656,0.00234,0.54448,-0.02404,0.00000,0.00000,0.54769,-0.01422,-0.00476,-0.28105,-0.00656,0.00234,0.54448,-0.02404,0.00000,0.00000,-0.35231,-0.01422,-0.00476,-0.28105,-0.00656,0.00234,0.54448,-0.02404,0.00000,0.00000
11.4500,1145,11,11.4504,49.96,0.55000,0.00000,0.00000,0.36000,0.00000,0.00000,0.55000,0.00000,0.00000,0.00000,-0.35000,0.00000,0.00000,0.36000,0.00000,0.00000,0.55000,0.00000,0.00000,0.00000,0.55000,0.00000,0.00000,-0.28000,0.00000,0.00000,0.55000,0.00000,0.00000,0.00000,-0.35000,0.00000,0.00000,-0.28000,0.00000,0.00000,0.55000,0.00000,0.00000,0.00000,0.54658,-0.01841,-0.00523,0.36074,0.00155,0.00139,0.54157,-0.02822,0.00000,0.00000,-0.35308,-0.01655,-0.00474,0.35860,-0.00772,0.00239,0.54324,-0.02562,0.00000,0.00000,0.54692,-0.01655,-0.00474,-0.28140,-0.00772,0.00239,0.54324,-0.02562,0.00000,0.00000,-0.35308,-0.01655,-0.00474,-0.28140,-0.00772,0.00239,0.54324,-0.02562,0.00000,0.00000
11.5000,1150,11,11.5004,50.02,0.55000,0.00000,0.00000,0.36000,0.00000,0.00000,0.55000,0.00000,0.00000,0.00000,-0.35000,0.00000,0.00000,0.36000,0.00000,0.00000,0.55000,0.00000,0.00000,0.00000,0.55000,0.00000,0.00000,-0.28000,0.00000,0.00000,0.55000,0.00000,0.00000,0.00000,-0.35000,0.00000,0.00000,-0.28000,0.00000,0.00000,0.55000,0.00000,0.00000,0.00000,0.54560,-0.02095,-0.00513,0.36080,0.00076,0.00183,0.54013,-0.02913,0.00000,0.00000,-0.35397,-0.01886,-0.00468,0.35818,-0.00891,0.00243,0.54193,-0.02694,0.00000,0.00000,0.54603,-0.01886,-0.00468,-0.28182,-0.00891,0.00243,0.54193,-0.02694,0.00000,0.00000,-0.35397,-0.01886,-0.00468,-0.28182,-0.00891,0.00243,0.54193,-0.02694,0.00000,0.00000
11.5500,1155,11,11.5502,49.77,0.55000,0.00000,0.00000,0.36000,0.00000,0.00000,0.55000,0.00000,0.00000,0.00000,-0.35000,0.00000,0.00000,0.36000,0.00000,0.00000,0.55000,0.00000,0.00000,0.00000,0.55000,0.00000,0.00000,-0.28000,0.00000,0.00000,0.55000,0.00000,0.00000,0.00000,-0.35000,0.00000,0.00000,-0.28000,0.00000,0.00000,0.55000,0.00000,0.00000,0.00000,0.54449,-0.02343,-0.00499,0.36082,-0.00025,0.00225,0.53866,-0.02988,0.00000,0.00000,-0.35497,-0.02114,-0.00460,0.35771,-0.01011,0.00246,0.54055,-0.02802,0.00000,0.00000,0.54503,-0.02114,-0.00460,-0.28229,-0.01011,0.00246,0.54055,-0.02802,0.00000,0.00000,-0.35497,-0.02114,-0.00460,-0.28229,-0.01011,0.00246,0.54055,-0.02802,0.00000,0.00000
11.6000,1160,11,11.6005,50.24,0.55000,0.00000,0.00000,0.36000,0.00000,0.00000,0.55000,0.00000,0.00000,0.00000,-0.35000,0.00000,0.00000,0.36000,0.00000,0.00000,0.55000,0.00000,0.00000,0.00000,0.55000,0.00000,0.00000,-0.28000,0.00000,0.00000,0.55000,0.00000,0.00000,0.00000,-0.35000,0.00000,0.00000,-0.28000,0.00000,0.00000,0.55000,0.00000,0.00000,0.00000,0.54325,-0.02584,-0.00483,0.36077,-0.00145,0.00266,0.53715,-0.03046,0.00000,0.00000,-0.35608,-0.02338,-0.00451,0.35717,-0.01132,0.00249,0.53913,-0.02887,0.00000,0.00000,0.54392,-0.02338,-0.00451,-0.28283,-0.01132,0.00249,0.53913,-0.02887,0.00000,0.00000,-0.35608,-0.02338,-0.00451,-0.28283,-0.01132,0.00249,0.53913,-0.02887,0.00000,0.00000
11.6500,1165,11,11.6504,49.96,0.55000,0.00000,0.00000,0.36000,0.00000,0.00000,0.55000,0.00000,0.00000,0.00000,-0.35000,0.00000,0.00000,0.36000,0.00000,0.00000,0.55000,0.00000,0.00000,0.00000,0.55000,0.00000,0.00000,-0.28000,0.00000,0.00000,0.55000,0.00000,0.00000,0.00000,-0.35000,0.00000,0.00000,-0.28000,0.00000,0.00000,0.55000,0.00000,0.00000,0.00000,0.54190,-0.02816,-0.00465,0.36067,-0.00285,0.00302,0.53561,-0.03086,0.00000,0.00000,-0.35730,-0.02556,-0.00441,0.35657,-0.01255,0.00251,0.53767,-0.02952,0.00000,0.00000,0.54270,-0.02556,-0.00441,-0.28343,-0.01255,0.00251,0.53767,-0.02952,0.00000,0.00000,-0.35730,-0.02556,-0.00441,-0.28343,-0.01255,0.00251,0.53767,-0.02952,0.00000,0.00000
11.7000,1170,11,11.7004,49.95,0.55000,0.00000,0.00000,0.36000,0.00000,0.00000,0.55000,0.00000,0.00000,0.00000,-0.35000,0.00000,0.00000,0.36000,0.00000,0.00000,0.55000,0.00000,0.00000,0.00000,0.55000,0.00000,0.00000,-0.28000,0.00000,0.00000,0.55000,0.00000,0.00000,0.00000,-0.35000,0.00000,0.00000,-0.28000,0.00000,0.00000,0.55000,0.00000,0.00000,0.00000,0.54044,-0.03040,-0.00446,0.36049,-0.00441,0.00334,0.53406,-0.03107,0.00000,0.00000,-0.35864,-0.02770,-0.00430,0.35592,-0.01379,0.00253,0.53618,-0.02997,0.00000,0.00000,0.54136,-0.02770,-0.00430,-0.28408,-0.01379,0.00253,0.53618,-0.02997,0.00000,0.00000,-0.35864,-0.02770,-0.00430,-0.28408,-0.01379,0.00253,0.53618,-0.02997,0.00000,0.00000
11.7500,1175,11,11.7503,49.89,0.55000,0.00000,0.00000,0.36000,0.00000,0.00000,0.55000,0.00000,0.00000,0.00000,-0.35000,0.00000,0.00000,0.36000,0.00000,0.00000,0.55000,0.00000,0.00000,0.00000,0.55000,0.00000,0.00000,-0.28000,0.00000,0.00000,0.55000,0.00000,0.00000,0.00000,-0.35000,0.00000,0.00000,-0.28000,0.00000,0.00000,0.55000,0.00000,0.00000,0.00000,0.53886,-0.03254,-0.00426,0.36022,-0.00611,0.00361,0.53251,-0.03111,0.00000,0.00000,-0.36007,-0.02978,-0.00418,0.35520,-0.01503,0.00254,0.53467,-0.03025,0.00000,0.00000,0.53993,-0.02978,-0.00418,-0.28480,-0.01503,0.00254,0.53467,-0.03025,0.00000,0.00000,-0.36007,-0.02978,-0.00418,-0.28480,-0.01503,0.00254,0.53467,-0.03025,0.00000,0.00000
11.8000,1180,11,11.8004,50.17,0.55000,0.00000,0.00000,0.36000,0.00000,0.00000,0.55000,0.00000,0.00000,0.00000,-0.35000,0.00000,0.00000,0.36000,0.00000,0.00000,0.55000,0.00000,0.00000,0.00000,0.55000,0.00000,0.00000,-0.28000,0.00000,0.00000,0.55000,0.00000,0.00000,0.00000,-0.35000,0.00000,0.00000,-0.28000,0.00000,0.00000,0.55000,0.00000,0.00000,0.00000,0.53719,-0.03457,-0.00405,0.35987,-0.00794,0.00384,0.53096,-0.03098,0.00000,0.00000,-0.36161,-0.03180,-0.00406,0.35441,-0.01628,0.00254,0.53316,-0.03035,0.00000,0.00000,0.53839,-0.03180,-0.00406,-0.28559,-0.01628,0.00254,0.53316,-0.03035,0.00000,0.00000,-0.36161,-0.03180,-0.00406,-0.28559,-0.01628,0.00254,0.53316,-0.03035,0.00000,0.00000
11.8500,1185,11,11.8504,49.99,0.55000,0.00000,0.00000,0.36000,0.00000,0.00000,0.55000,0.00000,0.00000,0.00000,-0.35000,0.00000,0.00000,0.36000,0.00000,0.00000,0.55000,0.00000,0.00000,0.00000,0.55000,0.00000,0.00000,-0.28000,0.00000,0.00000,0.55000,0.00000,0.00000,0.00000,-0.35000,0.00000,0.00000,-0.28000,0.00000,0.00000,0.55000,0.00000,0.00000,0.00000,0.53541,-0.03651,-0.00385,0.35943,-0.00987,0.00402,0.52941,-0.03071,0.00000,0.00000,-0.36325,-0.03376,-0.00394,0.35357,-0.01752,0.00254,0.53164,-0.03029,0.00000,0.00000,0.53675,-0.03376,-0.00394,-0.28643,-0.01752,0.00254,0.53164,-0.03029,0.00000,0.00000,-0.36325,-0.03376,-0.00394,-0.28643,-0.01752,0.00254,0.53164,-0.03029,0.00000,0.00000
11.9000,1190,11,11.9003,49.85,0.55000,0.00000,0.00000,0.36000,0.00000,0.00000,0.55000,0.00000,0.00000,0.00000,-0.35000,0.00000,0.00000,0.36000,0.00000,0.00000,0.55000,0.00000,0.00000,0.00000,0.55000,0.00000,0.00000,-0.28000,0.00000,0.00000,0.55000,0.00000,0.00000,0.00000,-0.35000,0.00000,0.00000,-0.28000,0.00000,0.00000,0.55000,0.00000,0.00000,0.00000,0.53354,-0.03835,-0.00364,0.35888,-0.01188,0.00416,0.52789,-0.03029,0.00000,0.00000,-0.36499,-0.03567,-0.00382,0.35266,-0.01877,0.00254,0.53013,-0.03010,0.00000,0.00000,0.53501,-0.03567,-0.00382,-0.28734,-0.01877,0.00254,0.53013,-0.03010,0.00000,0.00000,-0.36499,-0.03567,-0.00382,-0.28734,-0.01877,0.00254,0.53013,-0.03010,0.00000,0.00000
11.9500,1195,11,11.9504,50.14,0.55000,0.00000,0.00000,0.36000,0.00000,0.00000,0.55000,0.00000,0.00000,0.00000,-0.35000,0.00000,0.00000,0.36000,0.00000,0.00000,0.55000,0.00000,0.00000,0.00000,0.55000,0.00000,0.00000,-0.28000,0.00000,0.00000,0.55000,0.00000,0.00000,0.00000,-0.35000,0.00000,0.00000,-0.28000,0.00000,0.00000,0.55000,0.00000,0.00000,0.00000,0.53158,-0.04008,-0.00344,0.35824,-0.01394,0.00426,0.52639,-0.02974,0.00000,0.00000,-0.36682,-0.03751,-0.00370,0.35169,-0.02001,0.00253,0.52863,-0.02977,0.00000,0.00000,0.53318,-0.03751,-0.00370,-0.28831,-0.02001,0.00253,0.52863,-0.02977,0.00000,0.00000,-0.36682,-0.03751,-0.00370,-0.28831,-0.02001,0.00253,0.52863,-0.02977,0.00000,0.00000
12.0000,1200,12,12.0004,49.95,0.55000,0.00000,0.00000,0.36000,0.00000,0.00000,0.55000,0.00000,0.00000,0.00000,-0.35000,0.00000,0.00000,0.36000,0.00000,0.00000,0.55000,0.00000,0.00000,0.00000,0.55000,0.00000,0.00000,-0.28000,0.00000,0.00000,0.55000,0.00000,0.00000,0.00000,-0.35000,0.00000,0.00000,-0.28000,0.00000,0.00000,0.55000,0.00000,0.00000,0.00000,0.55000,0.00000,0.00000,0.36000,0.00000,0.00000,0.55000,0.00000,0.00000,0.00000,-0.35000,0.00000,0.00000,0.36000,0.00000,0.00000,0.55000,0.00000,0.00000,0.00000,0.55000,0.00000,0.00000,-0.28000,0.00000,0.00000,0.55000,0.00000,0.00000,0.00000,-0.35000,0.00000,0.00000,-0.28000,0.00000,0.00000,0.55000,0.00000,0.00000,0.00000
12.0500,1205,12,12.0502,49.82,0.55000,0.00000,0.00000,0.36000,0.00000,0.00000,0.55000,0.00000,0.00000,0.00000,-0.35000,0.00000,0.00000,0.36000,0.00000,0.00000,0.55000,0.00000,0.00000,0.00000,0.55000,0.00000,0.00000,-0.28000,0.00000,0.00000,0.55000,0.00000,0.00000,0.00000,-0.35000,0.00000,0.00000,-0.28000,0.00000,0.00000,0.55000,0.00000,0.00000,0.00000,0.54999,-0.00077,-0.00292,0.35999,-0.00046,0.00178,0.54986,-0.00542,0.00000,0.00000,-0.35001,-0.00061,-0.00232,0.35999,-0.00044,0.00166,0.54992,-0.00334,0.00000,0.00000,0.54999,-0.00061,-0.00232,-0.28001,-0.00044,0.00166,0.54992,-0.00334,0.00000,0.00000,-0.35001,-0.00061,-0.00232,-0.28001,-0.00044,0.00166,0.54992,-0.00334,0.00000,0.00000
12.1000,1210,12,12.1003,50.08,0.55000,0.00000,0.00000,0.36000,0.00000,0.00000,0.55000,0.00000,0.00000,0.00000,-0.35000,0.00000,0.00000,0.36000,0.00000,0.00000,0.55000,0.00000,0.00000,0.00000,0.55000,0.00000,0.00000,-0.28000,0.00000,0.00000,0.55000,0.00000,0.00000,0.00000,-0.35000,0.00000,0.00000,-0.28000,0.00000,0.00000,0.55000,0.00000,0.00000,0.00000,0.54990,-0.00269,-0.00477,0.35994,-0.00166,0.00301,0.54948,-0.00962,0.00000,0.00000,-0.35008,-0.00215,-0.00387,0.35995,-0.00154,0.00275,0.54967,-0.00644,0.00000,0.00000,0.54992,-0.00215,-0.00387,-0.28005,-0.00154,0.00275,0.54967,-0.00644,0.00000,0.00000,-0.35008,-0.00215,-0.00387,-0.28005,-0.00154,0.00275,0.54967,-0.00644,0.00000,0.00000
12.1500,1215,12,12.1505,50.18,0.55000,0.00000,0.00000,0.36000,0.00000,0.00000,0.55000,0.00000,0.00000,0.00000,-0.35000,0.00000,0.00000,0.36000,0.00000,0.00000,0.55000,0.00000,0.00000,0.00000,0.55000,0.00000,0.00000,-0.28000,0.00000,0.00000,0.55000,0.00000,0.00000,0.00000,-0.35000,0.00000,0.00000,-0.28000,0.00000,0.00000,0.55000,0.00000,0.00000,0.00000,0.54971,-0.00533,-0.00588,0.35982,-0.00336,0.00385,0.54891,-0.01292,0.00000,0.00000,-0.35024,-0.00431,-0.00488,0.35983,-0.00307,0.00345,0.54928,-0.00928,0.00000,0.00000,0.54976,-0.00431,-0.00488,-0.28017,-0.00307,0.00345,0.54928,-0.00928,0.00000,0.00000,-0.35024,-0.00431,-0.00488,-0.28017,-0.00307,0.00345,0.54928,-0.00928,0.00000,0.00000
12.2000,1220,12,12.2004,49.97,0.55000,0.00000,0.00000,0.36000,0.00000,0.00000,0.55000,0.00000,0.00000,0.00000,-0.35000,0.00000,0.00000,0.36000,0.00000,0.00000,0.55000,0.00000,0.00000,0.00000,0.55000,0.00000,0.00000,-0.28000,0.00000,0.00000,0.55000,0.00000,0.00000,0.00000,-0.35000,0.00000,0.00000,-0.28000,0.00000,0.00000,0.55000,0.00000,0.00000,0.00000,0.54936,-0.00838,-0.00650,0.35960,-0.00539,0.00440,0.54820,-0.01551,0.00000,0.00000,-0.35051,-0.00688,-0.00552,0.35963,-0.00488,0.00388,0.54875,-0.01182,0.00000,0.00000,0.54949,-0.00688,-0.00552,-0.28037,-0.00488,0.00388,0.54875,-0.01182,0.00000,0.00000,-0.35051,-0.00688,-0.00552,-0.28037,-0.00488,0.00388,0.54875,-0.01182,0.00000,0.00000
12.2500,1225,12,12.2501,49.67,0.55000,0.00000,0.00000,0.36000,0.00000,0.00000,0.55000,0.00000,0.00000,0.00000,-0.35000,0.00000,0.00000,0.36000,0.00000,0.00000,0.55000,0.00000,0.00000,0.00000,0.55000,0.00000,0.00000,-0.28000,0.00000,0.00000,0.55000,0.00000,0.00000,0.00000,-0.35000,0.00000,0.00000,-0.28000,0.00000,0.00000,0.55000,0.00000,0.00000,0.00000,0.54886,-0.01166,-0.00680,0.35927,-0.00764,0.00475,0.54737,-0.01757,0.00000,0.00000,-0.35093,-0.00969,-0.00590,0.35934,-0.00685,0.00412,0.54810,-0.01407,0.00000,0.00000,0.54907,-0.00969,-0.00590,-0.28066,-0.00685,0.00412,0.54810,-0.01407,0.00000,0.00000,-0.35093,-0.00969,-0.00590,-0.28066,-0.00685,0.00412,0.54810,-0.01407,0.00000,0.00000
12.3000,1230,12,12.3004,50.27,0.55000,0.00000,0.00000,0.36000,0.00000,0.00000,0.55000,0.00000,0.00000,0.00000,-0.35000,0.00000,0.00000,0.36000,0.00000,0.00000,0.55000,0.00000,0.00000,0.00000,0.55000,0.00000,0.00000,-0.28000,0.00000,0.00000,0.55000,0.00000,0.00000,0.00000,-0.35000,0.00000,0.00000,-0.28000,0.00000,0.00000,0.55000,0.00000,0.00000,0.00000,0.54820,-0.01502,-0.00688,0.35883,-0.01003,0.00495,0.54645,-0.01918,0.00000,0.00000,-0.35149,-0.01264,-0.00611,0.35895,-0.00890,0.00424,0.54735,-0.01604,0.00000,0.00000,0.54851,-0.01264,-0.00611,-0.28105,-0.00890,0.00424,0.54735,-0.01604,0.00000,0.00000,-0.35149,-0.01264,-0.00611,-0.28105,-0.00890,0.00424,0.54735,-0.01604,0.00000,0.00000
12.3500,1235,12,12.3504,50.07,0.55000,0.00000,0.00000,0.36000,0.00000,0.00000,0.55000,0.00000,0.00000,0.00000,-0.35000,0.00000,0.00000,0.36000,0.00000,0.00000,0.55000,0.00000,0.00000,0.00000,0.55000,0.00000,0.00000,-0.28000,0.00000,0.00000,0.55000,0.00000,0.00000,0.00000,-0.35000,0.00000,0.00000,-0.28000,0.00000,0.00000,0.55000,0.00000,0.00000,0.00000,0.54736,-0.01839,-0.00684,0.35827,-0.01249,0.00504,0.54546,-0.02045,0.00000,0.00000,-0.35219,-0.01566,-0.00619,0.35845,-0.01099,0.00426,0.54650,-0.01775,0.00000,0.00000,0.54781,-0.01566,-0.00619,-0.28155,-0.01099,0.00426,0.54650,-0.01775,0.00000,0.00000,-0.35219,-0.01566,-0.00619,-0.28155,-0.01099,0.00426,0.54650,-0.01775,0.00000,0.00000
12.4000,1240,12,12.4003,49.85,0.55000,0.00000,0.00000,0.36000,0.00000,0.00000,0.55000,0.00000,0.00000,0.00000,-0.35000,0.00000,0.00000,0.36000,0.00000,0.00000,0.55000,0.00000,0.00000,0.00000,0.55000,0.00000,0.00000,-0.28000,0.00000,0.00000,0.55000,0.00000,0.00000,0.00000,-0.35000,0.00000,0.00000,-0.28000,0.00000,0.00000,0.55000,0.00000,0.00000,0.00000,0.54636,-0.02171,-0.00671,0.35758,-0.01497,0.00505,0.54441,-0.02144,0.00000,0.00000,-0.35305,-0.01870,-0.00619,0.35785,-0.01307,0.00422,0.54557,-0.01920,0.00000,0.00000,0.54695,-0.01870,-0.00619,-0.28215,-0.01307,0.00422,0.54557,-0.01920,0.00000,0.00000,-0.35305,-0.01870,-0.00619,-0.28215,-0.01307,0.00422,0.54557,-0.01920,0.00000,0.00000
12.4500,1245,12,12.4503,50.05,0.55000,0.00000,0.00000,0.36000,0.00000,0.00000,0.55000,0.00000,0.00000,0.00000,-0.35000,0.00000,0.00000,0.36000,0.00000,0.00000,0.55000,0.00000,0.00000,0.00000,0.55000,0.00000,0.00000,-0.28000,0.00000,0.00000,0.55000,0.00000,0.00000,0.00000,-0.35000,0.00000,0.00000,-0.28000,0.00000,0.00000,0.55000,0.00000,0.00000,0.00000,0.54519,-0.02496,-0.00654,0.35677,-0.01743,0.00500,0.54332,-0.02222,0.00000,0.00000,-0.35406,-0.02172,-0.00613,0.35714,-0.01512,0.00414,0.54458,-0.02042,0.00000,0.00000,0.54594,-0.02172,-0.00613,-0.28286,-0.01512,0.00414,0.54458,-0.02042,0.00000,0.00000,-0.35406,-0.02172,-0.00613,-0.28286,-0.01512,0.00414,0.54458,-0.02042,0.00000,0.00000
12.5000,1250,12,12.5005,50.20,0.55000,0.00000,0.00000,0.36000,0.00000,0.00000,0.55000,0.00000,0.00000,0.00000,-0.35000,0.00000,0.00000,0.36000,0.00000,0.00000,0.55000,0.00000,0.00000,0.00000,0.55000,0.00000,0.00000,-0.28000,0.00000,0.00000,0.55000,0.00000,0.00000,0.00000,-0.35000,0.00000,0.00000,-0.28000,0.00000,0.00000,0.55000,0.00000,0.00000,0.00000,0.54386,-0.02812,-0.00634,0.35584,-0.01986,0.00490,0.54219,-0.02283,0.00000,0.00000,-0.35522,-0.02470,-0.00602,0.35634,-0.01713,0.00402,0.54354,-0.02144,0.00000,0.00000,0.54478,-0.02470,-0.00602,-0.28366,-0.01713,0.00402,0.54354,-0.02144,0.00000,0.00000,-0.35522,-0.02470,-0.00602,-0.28366,-0.01713,0.00402,0.54354,-0.02144,0.00000,0.00000
12.5500,1255,12,12.5504,49.82,0.55000,0.00000,0.00000,0.36000,0.00000,0.00000,0.55000,0.00000,0.00000,0.00000,-0.35000,0.00000,0.00000,0.36000,0.00000,0.00000,0.55000,0.00000,0.00000,0.00000,0.55000,0.00000,0.00000,-0.28000,0.00000,0.00000,0.55000,0.00000,0.00000,0.00000,-0.35000,0.00000,0.00000,-0.28000,0.00000,0.00000,0.55000,0.00000,0.00000,0.00000,0.54238,-0.03118,-0.00613,0.35479,-0.02223,0.00477,0.54103,-0.02332,0.00000,0.00000,-0.35653,-0.02762,-0.00589,0.35543,-0.01907,0.00389,0.54244,-0.02226,0.00000,0.00000,0.54347,-0.02762,-0.00589,-0.28457,-0.01907,0.00389,0.54244,-0.02226,0.00000,0.00000,-0.35653,-0.02762,-0.00589,-0.28457,-0.01907,0.00389,0.54244,-0.02226,0.00000,0.00000
12.6000,1260,12,12.6004,50.02,0.55000,0.00000,0.00000,0.36000,0.00000,0.00000,0.55000,0.00000,0.00000,0.00000,-0.35000,0.00000,0.00000,0.36000,0.00000,0.00000,0.55000,0.00000,0.00000,0.00000,0.55000,0.00000,0.00000,-0.28000,0.00000,0.00000,0.55000,0.00000,0.00000,0.00000,-0.35000,0.00000,0.00000,-0.28000,0.00000,0.00000,0.55000,0.00000,0.00000,0.00000,0.54075,-0.03413,-0.00590,0.35362,-0.02453,0.00462,0.53986,-0.02367,0.00000,0.00000,-0.35798,-0.03048,-0.00574,0.35443,-0.02094,0.00374,0.54131,-0.02290,0.00000,0.00000,0.54202,-0.03048,-0.00574,-0.28557,-0.02094,0.00374,0.54131,-0.02290,0.00000,0.00000,-0.35798,-0.03048,-0.00574,-0.28557,-0.02094,0.00374,0.54131,-0.02290,0.00000,0.00000
12.6500,1265,12,12.6504,50.05,0.55000,0.00000,0.00000,0.36000,0.00000,0.00000,0.55000,0.00000,0.00000,0.00000,-0.35000,0.00000,0.00000,0.36000,0.00000,0.00000,0.55000,0.00000,0.00000,0.00000,0.55000,0.00000,0.00000,-0.28000,0.00000,0.00000,0.55000,0.00000,0.00000,0.00000,-0.35000,0.00000,0.00000,-0.28000,0.00000,0.00000,0.55000,0.00000,0.00000,0.00000,0.53897,-0.03697,-0.00567,0.35234,-0.02676,0.00445,0.53867,-0.02391,0.00000,0.00000,-0.35958,-0.03325,-0.00558,0.35334,-0.02273,0.00358,0.54016,-0.02338,0.00000,0.00000,0.54042,-0.03325,-0.00558,-0.28666,-0.02273,0.00358,0.54016,-0.02338,0.00000,0.00000,-0.35958,-0.03325,-0.00558,-0.28666,-0.02273,0.00358,0.54016,-0.02338,0.00000,0.00000
12.7000,1270,12,12.7004,49.98,0.55000,0.00000,0.00000,0.36000,0.00000,0.00000,0.55000,0.00000,0.00000,0.00000,-0.35000,0.00000,0.00000,0.36000,0.00000,0.00000,0.55000,0.00000,0.00000,0.00000,0.55000,0.00000,0.00000,-0.28000,0.00000,0.00000,0.55000,0.00000,0.00000,0.00000,-0.35000,0.00000,0.00000,-0.28000,0.00000,0.00000,0.55000,0.00000,0.00000,0.00000,0.53705,-0.03969,-0.00544,0.35095,-0.02890,0.00427,0.53747,-0.02402,0.00000,0.00000,-0.36131,-0.03595,-0.00541,0.35216,-0.02445,0.00341,0.53898,-0.02370,0.00000,0.00000,0.53869,-0.03595,-0.00541,-0.28784,-0.02445,0.00341,0.53898,-0.02370,0.00000,0.00000,-0.36131,-0.03595,-0.00541,-0.28784,-0.02445,0.00341,0.53898,-0.02370,0.00000,0.00000
12.7500,1275,12,12.7504,50.00,0.55000,0.00000,0.00000,0.36000,0.00000,0.00000,0.55000,0.00000,0.00000,0.00000,-0.35000,0.00000,0.00000,0.36000,0.00000,0.00000,0.55000,0.00000,0.00000,0.00000,0.55000,0.00000,0.00000,-0.28000,0.00000,0.00000,0.55000,0.00000,0.00000,0.00000,-0.35000,0.00000,0.00000,-0.28000,0.00000,0.00000,0.55000,0.00000,0.00000,0.00000,0.53500,-0.04230,-0.00521,0.34945,-0.03095,0.00408,0.53627,-0.02403,0.00000,0.00000,-0.36317,-0.03856,-0.00523,0.35090,-0.02608,0.00323,0.53779,-0.02389,0.00000,0.00000,0.53683,-0.03856,-0.00523,-0.28910,-0.02608,0.00323,0.53779,-0.02389,0.00000,0.00000,-0.36317,-0.03856,-0.00523,-0.28910,-0.02608,0.00323,0.53779,-0.02389,0.00000,0.00000
12.8000,1280,12,12.8004,50.00,0.55000,0.00000,0.00000,0.36000,0.00000,0.00000,0.55000,0.00000,0.00000,0.00000,-0.35000,0.00000,0.00000,0.36000,0.00000,0.00000,0.55000,0.00000,0.00000,0.00000,0.55000,0.00000,0.00000,-0.28000,0.00000,0.00000,0.55000,0.00000,0.00000,0.00000,-0.35000,0.00000,0.00000,-0.28000,0.00000,0.00000,0.55000,0.00000,0.00000,0.00000,0.53282,-0.04480,-0.00498,0.34785,-0.03290,0.00389,0.53507,-0.02393,0.00000,0.00000,-0.36516,-0.04108,-0.00505,0.34955,-0.02762,0.00305,0.53659,-0.02394,0.00000,0.00000,0.53484,-0.04108,-0.00505,-0.29045,-0.02762,0.00305,0.53659,-0.02394,0.00000,0.00000,-0.36516,-0.04108,-0.00505,-0.29045,-0.02762,0.00305,0.53659,-0.02394,0.00000,0.00000
12.8500,1285,12,12.8504,50.01,0.55000,0.00000,0.00000,0.36000,0.00000,0.00000,0.55000,0.00000,0.00000,0.00000,-0.35000,0.00000,0.00000,0.36000,0.00000,0.00000,0.55000,0.00000,0.00000,0.00000,0.55000,0.00000,0.00000,-0.28000,0.00000,0.00000,0.55000,0.00000,0.00000,0.00000,-0.35000,0.00000,0.00000,-0.28000,0.00000,0.00000,0.55000,0.00000,0.00000,0.00000,0.53052,-0.04719,-0.00476,0.34616,-0.03476,0.00369,0.53388,-0.02373,0.00000,0.00000,-0.36728,-0.04351,-0.00486,0.34814,-0.02907,0.00287,0.53540,-0.02387,0.00000,0.00000,0.53272,-0.04351,-0.00486,-0.29186,-0.02907,0.00287,0.53540,-0.02387,0.00000,0.00000,-0.36728,-0.04351,-0.00486,-0.29186,-0.02907,0.00287,0.53540,-0.02387,0.00000,0.00000
12.9000,1290,12,12.9002,49.79,0.55000,0.00000,0.00000,0.36000,0.00000,0.00000,0.55000,0.00000,0.00000,0.00000,-0.35000,0.00000,0.00000,0.36000,0.00000,0.00000,0.55000,0.00000,0.00000,0.00000,0.55000,0.00000,0.00000,-0.28000,0.00000,0.00000,0.55000,0.00000,0.00000,0.00000,-0.35000,0.00000,0.00000,-0.28000,0.00000,0.00000,0.55000,0.00000,0.00000,0.00000,0.52811,-0.04947,-0.00454,0.34438,-0.03652,0.00348,0.53270,-0.02344,0.00000,0.00000,-0.36951,-0.04585,-0.00468,0.34665,-0.03043,0.00268,0.53421,-0.02369,0.00000,0.00000,0.53049,-0.04585,-0.00468,-0.29335,-0.03043,0.00268,0.53421,-0.02369,0.00000,0.00000,-0.36951,-0.04585,-0.00468,-0.29335,-0.03043,0.00268,0.53421,-0.02369,0.00000,0.00000
12.9500,1295,12,12.9504,50.21,0.55000,0.00000,0.00000,0.36000,0.00000,0.00000,0.55000,0.00000,0.00000,0.00000,-0.35000,0.00000,0.00000,0.36000,0.00000,0.00000,0.55000,0.00000,0.00000,0.00000,0.55000,0.00000,0.00000,-0.28000,0.00000,0.00000,0.55000,0.00000,0.00000,0.00000,-0.35000,0.00000,0.00000,-0.28000,0.00000,0.00000,0.55000,0.00000,0.00000,0.00000,0.52558,-0.05164,-0.00433,0.34251,-0.03817,0.00327,0.53154,-0.02306,0.00000,0.00000,-0.37186,-0.04809,-0.00449,0.34509,-0.03170,0.00249,0.53303,-0.02340,0.00000,0.00000,0.52814,-0.04809,-0.00449,-0.29491,-0.03170,0.00249,0.53303,-0.02340,0.00000,0.00000,-0.37186,-0.04809,-0.00449,-0.29491,-0.03170,0.00249,0.53303,-0.02340,0.00000,0.00000
13.0000,1300,13,13.0003,49.92,0.55000,0.00000,0.00000,0.36000,0.00000,0.00000,0.55000,0.00000,0.00000,0.00000,-0.35000,0.00000,0.00000,0.36000,0.00000,0.00000,0.55000,0.00000,0.00000,0.00000,0.55000,0.00000,0.00000,-0.28000,0.00000,0.00000,0.55000,0.00000,0.00000,0.00000,-0.35000,0.00000,0.00000,-0.28000,0.00000,0.00000,0.55000,0.00000,0.00000,0.00000,0.55000,0.00000,0.00000,0.36000,0.00000,0.00000,0.55000,0.00000,0.00000,0.00000,-0.35000,0.00000,0.00000,0.36000,0.00000,0.00000,0.55000,0.00000,0.00000,0.00000,0.55000,0.00000,0.00000,-0.28000,0.00000,0.00000,0.55000,0.00000,0.00000,0.00000,-0.35000,0.00000,0.00000,-0.28000,0.00000,0.00000,0.55000,0.00000,0.00000,0.00000
13.0500,1305,13,13.0503,49.98,0.55000,0.00000,0.00000,0.36000,0.00000,0.00000,0.55000,0.00000,0.00000,0.00000,-0.35000,0.00000,0.00000,0.36000,0.00000,0.00000,0.55000,0.00000,0.00000,0.00000,0.55000,0.00000,0.00000,-0.28000,0.00000,0.00000,0.55000,0.00000,0.00000,0.00000,-0.35000,0.00000,0.00000,-0.28000,0.00000,0.00000,0.55000,0.00000,0.00000,0.00000,0.54998,-0.00101,-0.00384,0.35999,-0.00081,0.00308,0.54989,-0.00419,0.00000,0.00000,-0.35001,-0.00074,-0.00283,0.35999,-0.00040,0.00151,0.54993,-0.00260,0.00000,0.00000,0.54999,-0.00074,-0.00283,-0.28001,-0.00040,0.00151,0.54993,-0.00260,0.00000,0.00000,-0.35001,-0.00074,-0.00283,-0.28001,-0.00040,0.00151,0.54993,-0.00260,0.00000,0.00000
13.1000,1310,13,13.1002,49.87,0.55000,0.00000,0.00000,0.36000,0.00000,0.00000,0.55000,0.00000,0.00000,0.00000,-0.35000,0.00000,0.00000,0.36000,0.00000,0.00000,0.55000,0.00000,0.00000,0.00000,0.55000,0.00000,0.00000,-0.28000,0.00000,0.00000,0.55000,0.00000,0.00000,0.00000,-0.35000,0.00000,0.00000,-0.28000,0.00000,0.00000,0.55000,0.00000,0.00000,0.00000,0.54987,-0.00354,-0.00627,0.35990,-0.00283,0.00496,0.54960,-0.00747,0.00000,0.00000,-0.35009,-0.00262,-0.00470,0.35995,-0.00140,0.00249,0.54974,-0.00499,0.00000,0.00000,0.54991,-0.00262,-0.00470,-0.28005,-0.00140,0.00249,0.54974,-0.00499,0.00000,0.00000,-0.35009,-0.00262,-0.00470,-0.28005,-0.00140,0.00249,0.54974,-0.00499,0.00000,0.00000
13.1500,1315,13,13.1504,50.24,0.55000,0.00000,0.00000,0.36000,0.00000,0.00000,0.55000,0.00000,0.00000,0.00000,-0.35000,0.00000,0.00000,0.36000,0.00000,0.00000,0.55000,0.00000,0.00000,0.00000,0.55000,0.00000,0.00000,-0.28000,0.00000,0.00000,0.55000,0.00000,0.00000,0.00000,-0.35000,0.00000,0.00000,-0.28000,0.00000,0.00000,0.55000,0.00000,0.00000,0.00000,0.54961,-0.00700,-0.00773,0.35969,-0.00555,0.00603,0.54916,-0.01005,0.00000,0.00000,-0.35029,-0.00524,-0.00591,0.35985,-0.00278,0.00310,0.54944,-0.00714,0.00000,0.00000,0.54971,-0.00524,-0.00591,-0.28015,-0.00278,0.00310,0.54944,-0.00714,0.00000,0.00000,-0.35029,-0.00524,-0.00591,-0.28015,-0.00278,0.00310,0.54944,-0.00714,0.00000,0.00000
13.2000,1320,13,13.2003,49.91,0.55000,0.00000,0.00000,0.36000,0.00000,0.00000,0.55000,0.00000,0.00000,0.00000,-0.35000,0.00000,0.00000,0.36000,0.00000,0.00000,0.55000,0.00000,0.00000,0.00000,0.55000,0.00000,0.00000,-0.28000,0.00000,0.00000,0.55000,0.00000,0.00000,0.00000,-0.35000,0.00000,0.00000,-0.28000,0.00000,0.00000,0.55000,0.00000,0.00000,0.00000,0.54916,-0.01101,-0.00854,0.35934,-0.00865,0.00655,0.54860,-0.01209,0.00000,0.00000,-0.35062,-0.00834,-0.00666,0.35967,-0.00440,0.00345,0.54903,-0.00902,0.00000,0.00000,0.54938,-0.00834,-0.00666,-0.28033,-0.00440,0.00345,0.54903,-0.00902,0.00000,0.00000,-0.35062,-0.00834,-0.00666,-0.28033,-0.00440,0.00345,0.54903,-0.00902,0.00000,0.00000
13.2500,1325,13,13.2501,49.75,0.55000,0.00000,0.00000,0.36000,0.00000,0.00000,0.55000,0.00000,0.00000,0.00000,-0.35000,0.00000,0.00000,0.36000,0.00000,0.00000,0.55000,0.00000,0.00000,0.00000,0.55000,0.00000,0.00000,-0.28000,0.00000,0.00000,0.55000,0.00000,0.00000,0.00000,-0.35000,0.00000,0.00000,-0.28000,0.00000,0.00000,0.55000,0.00000,0.00000,0.00000,0.54851,-0.01531,-0.00891,0.35882,-0.01192,0.00671,0.54795,-0.01369,0.00000,0.00000,-0.35113,-0.01173,-0.00710,0.35940,-0.00614,0.00363,0.54854,-0.01063,0.00000,0.00000,0.54887,-0.01173,-0.00710,-0.28060,-0.00614,0.00363,0.54854,-0.01063,0.00000,0.00000,-0.35113,-0.01173,-0.00710,-0.28060,-0.00614,0.00363,0.54854,-0.01063,0.00000,0.00000
13.3000,1330,13,13.3004,50.33,0.55000,0.00000,0.00000,0.36000,0.00000,0.00000,0.55000,0.00000,0.00000,0.00000,-0.35000,0.00000,0.00000,0.36000,0.00000,0.00000,0.55000,0.00000,0.00000,0.00000,0.55000,0.00000,0.00000,-0.28000,0.00000,0.00000,0.55000,0.00000,0.00000,0.00000,-0.35000,0.00000,0.00000,-0.28000,0.00000,0.00000,0.55000,0.00000,0.00000,0.00000,0.54763,-0.01970,-0.00898,0.35815,-0.01519,0.00662,0.54724,-0.01492,0.00000,0.00000,-0.35180,-0.01527,-0.00732,0.35905,-0.00794,0.00367,0.54798,-0.01197,0.00000,0.00000,0.54820,-0.01527,-0.00732,-0.28095,-0.00794,0.00367,0.54798,-0.01197,0.00000,0.00000,-0.35180,-0.01527,-0.00732,-0.28095,-0.00794,0.00367,0.54798,-0.01197,0.00000,0.00000
13.3500,1335,13,13.3505,50.09,0.55000,0.00000,0.00000,0.36000,0.00000,0.00000,0.55000,0.00000,0.00000,0.00000,-0.35000,0.00000,0.00000,0.36000,0.00000,0.00000,0.55000,0.00000,0.00000,0.00000,0.55000,0.00000,0.00000,-0.28000,0.00000,0.00000,0.55000,0.00000,0.00000,0.00000,-0.35000,0.00000,0.00000,-0.28000,0.00000,0.00000,0.55000,0.00000,0.00000,0.00000,0.54654,-0.02409,-0.00887,0.35731,-0.01838,0.00637,0.54647,-0.01583,0.00000,0.00000,-0.35265,-0.01888,-0.00738,0.35861,-0.00973,0.00363,0.54735,-0.01305,0.00000,0.00000,0.54735,-0.01888,-0.00738,-0.28139,-0.00973,0.00363,0.54735,-0.01305,0.00000,0.00000,-0.35265,-0.01888,-0.00738,-0.28139,-0.00973,0.00363,0.54735,-0.01305,0.00000,0.00000
13.4000,1340,13,13.4004,49.91,0.55000,0.00000,0.00000,0.36000,0.00000,0.00000,0.55000,0.00000,0.00000,0.00000,-0.35000,0.00000,0.00000,0.36000,0.00000,0.00000,0.55000,0.00000,0.00000,0.00000,0.55000,0.00000,0.00000,-0.28000,0.00000,0.00000,0.55000,0.00000,0.00000,0.00000,-0.35000,0.00000,0.00000,-0.28000,0.00000,0.00000,0.55000,0.00000,0.00000,0.00000,0.54522,-0.02838,-0.00863,0.35631,-0.02143,0.00603,0.54566,-0.01646,0.00000,0.00000,-0.35369,-0.02249,-0.00733,0.35808,-0.01149,0.00352,0.54668,-0.01387,0.00000,0.00000,0.54631,-0.02249,-0.00733,-0.28192,-0.01149,0.00352,0.54668,-0.01387,0.00000,0.00000,-0.35369,-0.02249,-0.00733,-0.28192,-0.01149,0.00352,0.54668,-0.01387,0.00000,0.00000
13.4500,1345,13,13.4504,50.00,0.55000,0.00000,0.00000,0.36000,0.00000,0.00000,0.55000,0.00000,0.00000,0.00000,-0.35000,0.00000,0.00000,0.36000,0.00000,0.00000,0.55000,0.00000,0.00000,0.00000,0.55000,0.00000,0.00000,-0.28000,0.00000,0.00000,0.55000,0.00000,0.00000,0.00000,-0.35000,0.00000,0.00000,-0.28000,0.00000,0.00000,0.55000,0.00000,0.00000,0.00000,0.54370,-0.03254,-0.00831,0.35517,-0.02429,0.00563,0.54483,-0.01684,0.00000,0.00000,-0.35490,-0.02606,-0.00722,0.35746,-0.01318,0.00337,0.54597,-0.01445,0.00000,0.00000,0.54510,-0.02606,-0.00722,-0.28254,-0.01318,0.00337,0.54597,-0.01445,0.00000,0.00000,-0.35490,-0.02606,-0.00722,-0.28254,-0.01318,0.00337,0.54597,-0.01445,0.00000,0.00000
13.5000,1350,13,13.5004,49.97,0.55000,0.00000,0.00000,0.36000,0.00000,0.00000,0.55000,0.00000,0.00000,0.00000,-0.35000,0.00000,0.00000,0.36000,0.00000,0.00000,0.55000,0.00000,0.00000,0.00000,0.55000,0.00000,0.00000,-0.28000,0.00000,0.00000,0.55000,0.00000,0.00000,0.00000,-0.35000,0.00000,0.00000,-0.28000,0.00000,0.00000,0.55000,0.00000,0.00000,0.00000,0.54197,-0.03653,-0.00795,0.35388,-0.02694,0.00519,0.54398,-0.01700,0.00000,0.00000,-0.35629,-0.02956,-0.00705,0.35676,-0.01479,0.00319,0.54523,-0.01479,0.00000,0.00000,0.54371,-0.02956,-0.00705,-0.28324,-0.01479,0.00319,0.54523,-0.01479,0.00000,0.00000,-0.35629,-0.02956,-0.00705,-0.28324,-0.01479,0.00319,0.54523,-0.01479,0.00000,0.00000
13.5500,1355,13,13.5503,49.91,0.55000,0.00000,0.00000,0.36000,0.00000,0.00000,0.55000,0.00000,0.00000,0.00000,-0.35000,0.00000,0.00000,0.36000,0.00000,0.00000,0.55000,0.00000,0.00000,0.00000,0.55000,0.00000,0.00000,-0.28000,0.00000,0.00000,0.55000,0.00000,0.00000,0.00000,-0.35000,0.00000,0.00000,-0.28000,0.00000,0.00000,0.55000,0.00000,0.00000,0.00000,0.54005,-0.04033,-0.00757,0.35248,-0.02938,0.00473,0.54313,-0.01694,0.00000,0.00000,-0.35786,-0.03297,-0.00684,0.35599,-0.01631,0.00299,0.54449,-0.01490,0.00000,0.00000,0.54214,-0.03297,-0.00684,-0.28401,-0.01631,0.00299,0.54449,-0.01490,0.00000,0.00000,-0.35786,-0.03297,-0.00684,-0.28401,-0.01631,0.00299,0.54449,-0.01490,0.00000,0.00000
13.6000,1360,13,13.6004,50.14,0.55000,0.00000,0.00000,0.36000,0.00000,0.00000,0.55000,0.00000,0.00000,0.00000,-0.35000,0.00000,0.00000,0.36000,0.00000,0.00000,0.55000,0.00000,0.00000,0.00000,0.55000,0.00000,0.00000,-0.28000,0.00000,0.00000,0.55000,0.00000,0.00000,0.00000,-0.35000,0.00000,0.00000,-0.28000,0.00000,0.00000,0.55000,0.00000,0.00000,0.00000,0.53794,-0.04395,-0.00718,0.35095,-0.03158,0.00427,0.54229,-0.01669,0.00000,0.00000,-0.35959,-0.03627,-0.00661,0.35513,-0.01772,0.00277,0.54375,-0.01479,0.00000,0.00000,0.54041,-0.03627,-0.00661,-0.28487,-0.01772,0.00277,0.54375,-0.01479,0.00000,0.00000,-0.35959,-0.03627,-0.00661,-0.28487,-0.01772,0.00277,0.54375,-0.01479,0.00000,0.00000
13.6500,1365,13,13.6504,49.96,0.55000,0.00000,0.00000,0.36000,0.00000,0.00000,0.55000,0.00000,0.00000,0.00000,-0.35000,0.00000,0.00000,0.36000,0.00000,0.00000,0.55000,0.00000,0.00000,0.00000,0.55000,0.00000,0.00000,-0.28000,0.00000,0.00000,0.55000,0.00000,0.00000,0.00000,-0.35000,0.00000,0.00000,-0.28000,0.00000,0.00000,0.55000,0.00000,0.00000,0.00000,0.53566,-0.04738,-0.00679,0.34932,-0.03356,0.00381,0.54146,-0.01625,0.00000,0.00000,-0.36148,-0.03945,-0.00636,0.35422,-0.01902,0.00254,0.54302,-0.01447,0.00000,0.00000,0.53852,-0.03945,-0.00636,-0.28578,-0.01902,0.00254,0.54302,-0.01447,0.00000,0.00000,-0.36148,-0.03945,-0.00636,-0.28578,-0.01902,0.00254,0.54302,-0.01447,0.00000,0.00000
13.7000,1370,13,13.7003,49.86,0.55000,0.00000,0.00000,0.36000,0.00000,0.00000,0.55000,0.00000,0.00000,0.00000,-0.35000,0.00000,0.00000,0.36000,0.00000,0.00000,0.55000,0.00000,0.00000,0.00000,0.55000,0.00000,0.00000,-0.28000,0.00000,0.00000,0.55000,0.00000,0.00000,0.00000,-0.35000,0.00000,0.00000,-0.28000,0.00000,0.00000,0.55000,0.00000,0.00000,0.00000,0.53321,-0.05062,-0.00641,0.34760,-0.03532,0.00335,0.54067,-0.01563,0.00000,0.00000,-0.36353,-0.04251,-0.00611,0.35323,-0.02020,0.00230,0.54230,-0.01395,0.00000,0.00000,0.53647,-0.04251,-0.00611,-0.28677,-0.02020,0.00230,0.54230,-0.01395,0.00000,0.00000,-0.36353,-0.04251,-0.00611,-0.28677,-0.02020,0.00230,0.54230,-0.01395,0.00000,0.00000
13.7500,1375,13,13.7505,50.21,0.55000,0.00000,0.00000,0.36000,0.00000,0.00000,0.55000,0.00000,0.00000,0.00000,-0.35000,0.00000,0.00000,0.36000,0.00000,0.00000,0.55000,0.00000,0.00000,0.00000,0.55000,0.00000,0.00000,-0.28000,0.00000,0.00000,0.55000,0.00000,0.00000,0.00000,-0.35000,0.00000,0.00000,-0.28000,0.00000,0.00000,0.55000,0.00000,0.00000,0.00000,0.53060,-0.05367,-0.00604,0.34579,-0.03685,0.00290,0.53990,-0.01485,0.00000,0.00000,-0.36573,-0.04544,-0.00584,0.35220,-0.02127,0.00205,0.54162,-0.01324,0.00000,0.00000,0.53427,-0.04544,-0.00584,-0.28780,-0.02127,0.00205,0.54162,-0.01324,0.00000,0.00000,-0.36573,-0.04544,-0.00584,-0.28780,-0.02127,0.00205,0.54162,-0.01324,0.00000,0.00000
13.8000,1380,13,13.8005,49.99,0.55000,0.00000,0.00000,0.36000,0.00000,0.00000,0.55000,0.00000,0.00000,0.00000,-0.35000,0.00000,0.00000,0.36000,0.00000,0.00000,0.55000,0.00000,0.00000,0.00000,0.55000,0.00000,0.00000,-0.28000,0.00000,0.00000,0.55000,0.00000,0.00000,0.00000,-0.35000,0.00000,0.00000,-0.28000,0.00000,0.00000,0.55000,0.00000,0.00000,0.00000,0.52785,-0.05654,-0.00568,0.34392,-0.03817,0.00246,0.53918,-0.01390,0.00000,0.00000,-0.36807,-0.04824,-0.00557,0.35111,-0.02222,0.00180,0.54098,-0.01233,0.00000,0.00000,0.53193,-0.04824,-0.00557,-0.28889,-0.02222,0.00180,0.54098,-0.01233,0.00000,0.00000,-0.36807,-0.04824,-0.00557,-0.28889,-0.02222,0.00180,0.54098,-0.01233,0.00000,0.00000
13.8500,1385,13,13.8505,50.01,0.55000,0.00000,0.00000,0.36000,0.00000,0.00000,0.55000,0.00000,0.00000,0.00000,-0.35000,0.00000,0.00000,0.36000,0.00000,0.00000,0.55000,0.00000,0.00000,0.00000,0.55000,0.00000,0.00000,-0.28000,0.00000,0.00000,0.55000,0.00000,0.00000,0.00000,-0.35000,0.00000,0.00000,-0.28000,0.00000,0.00000,0.55000,0.00000,0.00000,0.00000,0.52495,-0.05924,-0.00533,0.34198,-0.03927,0.00203,0.53852,-0.01279,0.00000,0.00000,-0.37055,-0.05090,-0.00529,0.34998,-0.02304,0.00155,0.54039,-0.01124,0.00000,0.00000,0.52945,-0.05090,-0.00529,-0.29002,-0.02304,0.00155,0.54039,-0.01124,0.00000,0.00000,-0.37055,-0.05090,-0.00529,-0.29002,-0.02304,0.00155,0.54039,-0.01124,0.00000,0.00000
13.9000,1390,13,13.9003,49.86,0.55000,0.00000,0.00000,0.36000,0.00000,0.00000,0.55000,0.00000,0.00000,0.00000,-0.35000,0.00000,0.00000,0.36000,0.00000,0.00000,0.55000,0.00000,0.00000,0.00000,0.55000,0.00000,0.00000,-0.28000,0.00000,0.00000,0.55000,0.00000,0.00000,0.00000,-0.35000,0.00000,0.00000,-0.28000,0.00000,0.00000,0.55000,0.00000,0.00000,0.00000,0.52192,-0.06177,-0.00500,0.33999,-0.04016,0.00161,0.53791,-0.01153,0.00000,0.00000,-0.37316,-0.05343,-0.00502,0.34881,-0.02374,0.00130,0.53986,-0.00997,0.00000,0.00000,0.52684,-0.05343,-0.00502,-0.29119,-0.02374,0.00130,0.53986,-0.00997,0.00000,0.00000,-0.37316,-0.05343,-0.00502,-0.29119,-0.02374,0.00130,0.53986,-0.00997,0.00000,0.00000
13.9500,1395,13,13.9504,50.08,0.55000,0.00000,0.00000,0.36000,0.00000,0.00000,0.55000,0.00000,0.00000,0.00000,-0.35000,0.00000,0.00000,0.36000,0.00000,0.00000,0.55000,0.00000,0.00000,0.00000,0.55000,0.00000,0.00000,-0.28000,0.00000,0.00000,0.55000,0.00000,0.00000,0.00000,-0.35000,0.00000,0.00000,-0.28000,0.00000,0.00000,0.55000,0.00000,0.00000,0.00000,0.51878,-0.06414,-0.00468,0.33797,-0.04085,0.00119,0.53737,-0.01011,0.00000,0.00000,-0.37589,-0.05582,-0.00474,0.34761,-0.02432,0.00105,0.53940,-0.00852,0.00000,0.00000,0.52411,-0.05582,-0.00474,-0.29239,-0.02432,0.00105,0.53940,-0.00852,0.00000,0.00000,-0.37589,-0.05582,-0.00474,-0.29239,-0.02432,0.00105,0.53940,-0.00852,0.00000,0.00000
14.0000,1400,14,14.0004,49.97,0.55000,0.00000,0.00000,0.36000,0.00000,0.00000,0.55000,0.00000,0.00000,0.00000,-0.35000,0.00000,0.00000,0.36000,0.00000,0.00000,0.55000,0.00000,0.00000,0.00000,0.55000,0.00000,0.00000,-0.28000,0.00000,0.00000,0.55000,0.00000,0.00000,0.00000,-0.35000,0.00000,0.00000,-0.28000,0.00000,0.00000,0.55000,0.00000,0.00000,0.00000,0.55000,0.00000,0.00000,0.36000,0.00000,0.00000,0.55000,0.00000,0.00000,0.00000,-0.35000,0.00000,0.00000,0.36000,0.00000,0.00000,0.55000,0.00000,0.00000,0.00000,0.55000,0.00000,0.00000,-0.28000,0.00000,0.00000,0.55000,0.00000,0.00000,0.00000,-0.35000,0.00000,0.00000,-0.28000,0.00000,0.00000,0.55000,0.00000,0.00000,0.00000
14.0500,1405,14,14.0504,49.99,0.55000,0.00000,0.00000,0.36000,0.00000,0.00000,0.55000,0.00000,0.00000,0.00000,-0.35000,0.00000,0.00000,0.36000,0.00000,0.00000,0.55000,0.00000,0.00000,0.00000,0.55000,0.00000,0.00000,-0.28000,0.00000,0.00000,0.55000,0.00000,0.00000,0.00000,-0.35000,0.00000,0.00000,-0.28000,0.00000,0.00000,0.55000,0.00000,0.00000,0.00000,0.54998,-0.00125,-0.00475,0.35999,-0.00078,0.00292,0.54997,-0.00119,0.00000,0.00000,-0.35001,-0.00077,-0.00293,0.36000,-0.00012,0.00045,0.55002,0.00078,0.00000,0.00000,0.54999,-0.00077,-0.00293,-0.28000,-0.00012,0.00045,0.55002,0.00078,0.00000,0.00000,-0.35001,-0.00077,-0.00293,-0.28000,-0.00012,0.00045,0.55002,0.00078,0.00000,0.00000
14.1000,1410,14,14.1002,49.83,0.55000,0.00000,0.00000,0.36000,0.00000,0.00000,0.55000,0.00000,0.00000,0.00000,-0.35000,0.00000,0.00000,0.36000,0.00000,0.00000,0.55000,0.00000,0.00000,0.00000,0.55000,0.00000,0.00000,-0.28000,0.00000,0.00000,0.55000,0.00000,0.00000,0.00000,-0.35000,0.00000,0.00000,-0.28000,0.00000,0.00000,0.55000,0.00000,0.00000,0.00000,0.54984,-0.00436,-0.00770,0.35990,-0.00265,0.00453,0.54989,-0.00154,0.00000,0.00000,-0.35010,-0.00271,-0.00486,0.35999,-0.00042,0.00074,0.55008,0.00169,0.00000,0.00000,0.54990,-0.00271,-0.00486,-0.28001,-0.00042,0.00074,0.55008,0.00169,0.00000,0.00000,-0.35010,-0.00271,-0.00486,-0.28001,-0.00042,0.00074,0.55008,0.00169,0.00000,0.00000
14.1500,1415,14,14.1507,50.46,0.55000,0.00000,0.00000,0.36000,0.00000,0.00000,0.55000,0.00000,0.00000,0.00000,-0.35000,0.00000,0.00000,0.36000,0.00000,0.00000,0.55000,0.00000,0.00000,0.00000,0.55000,0.00000,0.00000,-0.28000,0.00000,0.00000,0.55000,0.00000,0.00000,0.00000,-0.35000,0.00000,0.00000,-0.28000,0.00000,0.00000,0.55000,0.00000,0.00000,0.00000,0.54952,-0.00860,-0.00942,0.35971,-0.00508,0.00526,0.54982,-0.00125,0.00000,0.00000,-0.35030,-0.00542,-0.00609,0.35995,-0.00082,0.00089,0.55019,0.00279,0.00000,0.00000,0.54970,-0.00542,-0.00609,-0.28005,-0.00082,0.00089,0.55019,0.00279,0.00000,0.00000,-0.35030,-0.00542,-0.00609,-0.28005,-0.00082,0.00089,0.55019,0.00279,0.00000,0.00000
14.2000,1420,14,14.2004,49.73,0.55000,0.00000,0.00000,0.36000,0.00000,0.00000,0.55000,0.00000,0.00000,0.00000,-0.35000,0.00000,0.00000,0.36000,0.00000,0.00000,0.55000,0.00000,0.00000,0.00000,0.55000,0.00000,0.00000,-0.28000,0.00000,0.00000,0.55000,0.00000,0.00000,0.00000,-0.35000,0.00000,0.00000,-0.28000,0.00000,0.00000,0.55000,0.00000,0.00000,0.00000,0.54897,-0.01348,-0.01033,0.35939,-0.00772,0.00541,0.54978,-0.00044,0.00000,0.00000,-0.35065,-0.00861,-0.00685,0.35990,-0.00128,0.00096,0.55036,0.00409,0.00000,0.00000,0.54935,-0.00861,-0.00685,-0.28010,-0.00128,0.00096,0.55036,0.00409,0.00000,0.00000,-0.35065,-0.00861,-0.00685,-0.28010,-0.00128,0.00096,0.55036,0.00409,0.00000,0.00000
14.2500,1425,14,14.2501,49.68,0.55000,0.00000,0.00000,0.36000,0.00000,0.00000,0.55000,0.00000,0.00000,0.00000,-0.35000,0.00000,0.00000,0.36000,0.00000,0.00000,0.55000,0.00000,0.00000,0.00000,0.55000,0.00000,0.00000,-0.28000,0.00000,0.00000,0.55000,0.00000,0.00000,0.00000,-0.35000,0.00000,0.00000,-0.28000,0.00000,0.00000,0.55000,0.00000,0.00000,0.00000,0.54817,-0.01865,-0.01069,0.35894,-0.01033,0.00518,0.54979,0.00079,0.00000,0.00000,-0.35116,-0.01208,-0.00726,0.35983,-0.00175,0.00096,0.55060,0.00562,0.00000,0.00000,0.54884,-0.01208,-0.00726,-0.28017,-0.00175,0.00096,0.55060,0.00562,0.00000,0.00000,-0.35116,-0.01208,-0.00726,-0.28017,-0.00175,0.00096,0.55060,0.00562,0.00000,0.00000
14.3000,1430,14,14.3004,50.33,0.55000,0.00000,0.00000,0.36000,0.00000,0.00000,0.55000,0.00000,0.00000,0.00000,-0.35000,0.00000,0.00000,0.36000,0.00000,0.00000,0.55000,0.00000,0.00000,0.00000,0.55000,0.00000,0.00000,-0.28000,0.00000,0.00000,0.55000,0.00000,0.00000,0.00000,-0.35000,0.00000,0.00000,-0.28000,0.00000,0.00000,0.55000,0.00000,0.00000,0.00000,0.54711,-0.02390,-0.01069,0.35836,-0.01277,0.00471,0.54986,0.00240,0.00000,0.00000,-0.35186,-0.01570,-0.00744,0.35973,-0.00222,0.00092,0.55093,0.00738,0.00000,0.00000,0.54814,-0.01570,-0.00744,-0.28027,-0.00222,0.00092,0.55093,0.00738,0.00000,0.00000,-0.35186,-0.01570,-0.00744,-0.28027,-0.00222,0.00092,0.55093,0.00738,0.00000,0.00000
14.3500,1435,14,14.3504,49.98,0.55000,0.00000,0.00000,0.36000,0.00000,0.00000,0.55000,0.00000,0.00000,0.00000,-0.35000,0.00000,0.00000,0.36000,0.00000,0.00000,0.55000,0.00000,0.00000,0.00000,0.55000,0.00000,0.00000,-0.28000,0.00000,0.00000,0.55000,0.00000,0.00000,0.00000,-0.35000,0.00000,0.00000,-0.28000,0.00000,0.00000,0.55000,0.00000,0.00000,0.00000,0.54578,-0.02910,-0.01046,0.35767,-0.01493,0.00409,0.55003,0.00435,0.00000,0.00000,-0.35273,-0.01935,-0.00746,0.35961,-0.00265,0.00084,0.55135,0.00939,0.00000,0.00000,0.54727,-0.01935,-0.00746,-0.28039,-0.00265,0.00084,0.55135,0.00939,0.00000,0.00000,-0.35273,-0.01935,-0.00746,-0.28039,-0.00265,0.00084,0.55135,0.00939,0.00000,0.00000
14.4000,1440,14,14.4004,49.98,0.55000,0.00000,0.00000,0.36000,0.00000,0.00000,0.55000,0.00000,0.00000,0.00000,-0.35000,0.00000,0.00000,0.36000,0.00000,0.00000,0.55000,0.00000,0.00000,0.00000,0.55000,0.00000,0.00000,-0.28000,0.00000,0.00000,0.55000,0.00000,0.00000,0.00000,-0.35000,0.00000,0.00000,-0.28000,0.00000,0.00000,0.55000,0.00000,0.00000,0.00000,0.54420,-0.03414,-0.01008,0.35687,-0.01676,0.00338,0.55030,0.00662,0.00000,0.00000,-0.35379,-0.02299,-0.00736,0.35946,-0.00304,0.00074,0.55187,0.01165,0.00000,0.00000,0.54621,-0.02299,-0.00736,-0.28054,-0.00304,0.00074,0.55187,0.01165,0.00000,0.00000,-0.35379,-0.02299,-0.00736,-0.28054,-0.00304,0.00074,0.55187,0.01165,0.00000,0.00000
14.4500,1445,14,14.4504,50.04,0.55000,0.00000,0.00000,0.36000,0.00000,0.00000,0.55000,0.00000,0.00000,0.00000,-0.35000,0.00000,0.00000,0.36000,0.00000,0.00000,0.55000,0.00000,0.00000,0.00000,0.55000,0.00000,0.00000,-0.28000,0.00000,0.00000,0.55000,0.00000,0.00000,0.00000,-0.35000,0.00000,0.00000,-0.28000,0.00000,0.00000,0.55000,0.00000,0.00000,0.00000,0.54237,-0.03897,-0.00961,0.35600,-0.01824,0.00263,0.55070,0.00923,0.00000,0.00000,-0.35503,-0.02656,-0.00718,0.35930,-0.00337,0.00062,0.55251,0.01414,0.00000,0.00000,0.54497,-0.02656,-0.00718,-0.28070,-0.00337,0.00062,0.55251,0.01414,0.00000,0.00000,-0.35503,-0.02656,-0.00718,-0.28070,-0.00337,0.00062,0.55251,0.01414,0.00000,0.00000
14.5000,1450,14,14.5004,49.98,0.55000,0.00000,0.00000,0.36000,0.00000,0.00000,0.55000,0.00000,0.00000,0.00000,-0.35000,0.00000,0.00000,0.36000,0.00000,0.00000,0.55000,0.00000,0.00000,0.00000,0.55000,0.00000,0.00000,-0.28000,0.00000,0.00000,0.55000,0.00000,0.00000,0.00000,-0.35000,0.00000,0.00000,-0.28000,0.00000,0.00000,0.55000,0.00000,0.00000,0.00000,0.54031,-0.04356,-0.00910,0.35506,-0.01934,0.00185,0.55123,0.01220,0.00000,0.00000,-0.35645,-0.03002,-0.00694,0.35913,-0.00364,0.00049,0.55329,0.01686,0.00000,0.00000,0.54355,-0.03002,-0.00694,-0.28087,-0.00364,0.00049,0.55329,0.01686,0.00000,0.00000,-0.35645,-0.03002,-0.00694,-0.28087,-0.00364,0.00049,0.55329,0.01686,0.00000,0.00000
14.5500,1455,14,14.5506,50.14,0.55000,0.00000,0.00000,0.36000,0.00000,0.00000,0.55000,0.00000,0.00000,0.00000,-0.35000,0.00000,0.00000,0.36000,0.00000,0.00000,0.55000,0.00000,0.00000,0.00000,0.55000,0.00000,0.00000,-0.28000,0.00000,0.00000,0.55000,0.00000,0.00000,0.00000,-0.35000,0.00000,0.00000,-0.28000,0.00000,0.00000,0.55000,0.00000,0.00000,0.00000,0.53802,-0.04789,-0.00857,0.35407,-0.02006,0.00108,0.55193,0.01559,0.00000,0.00000,-0.35803,-0.03336,-0.00666,0.35894,-0.00385,0.00034,0.55420,0.01980,0.00000,0.00000,0.54197,-0.03336,-0.00666,-0.28106,-0.00385,0.00034,0.55420,0.01980,0.00000,0.00000,-0.35803,-0.03336,-0.00666,-0.28106,-0.00385,0.00034,0.55420,0.01980,0.00000,0.00000
14.6000,1460,14,14.6004,49.81,0.55000,0.00000,0.00000,0.36000,0.00000,0.00000,0.55000,0.00000,0.00000,0.00000,-0.35000,0.00000,0.00000,0.36000,0.00000,0.00000,0.55000,0.00000,0.00000,0.00000,0.55000,0.00000,0.00000,-0.28000,0.00000,0.00000,0.55000,0.00000,0.00000,0.00000,-0.35000,0.00000,0.00000,-0.28000,0.00000,0.00000,0.55000,0.00000,0.00000,0.00000,0.53552,-0.05196,-0.00800,0.35306,-0.02040,0.00032,0.55280,0.01941,0.00000,0.00000,-0.35978,-0.03656,-0.00636,0.35874,-0.00398,0.00020,0.55527,0.02294,0.00000,0.00000,0.54022,-0.03656,-0.00636,-0.28126,-0.00398,0.00020,0.55527,0.02294,0.00000,0.00000,-0.35978,-0.03656,-0.00636,-0.28126,-0.00398,0.00020,0.55527,0.02294,0.00000,0.00000
14.6500,1465,14,14.6505,50.09,0.55000,0.00000,0.00000,0.36000,0.00000,0.00000,0.55000,0.00000,0.00000,0.00000,-0.35000,0.00000,0.00000,0.36000,0.00000,0.00000,0.55000,0.00000,0.00000,0.00000,0.55000,0.00000,0.00000,-0.28000,0.00000,0.00000,0.55000,0.00000,0.00000,0.00000,-0.35000,0.00000,0.00000,-0.28000,0.00000,0.00000,0.55000,0.00000,0.00000,0.00000,0.53283,-0.05574,-0.00741,0.35204,-0.02038,-0.00039,0.55387,0.02357,0.00000,0.00000,-0.36168,-0.03960,-0.00603,0.35854,-0.00404,0.00005,0.55650,0.02624,0.00000,0.00000,0.53832,-0.03960,-0.00603,-0.28146,-0.00404,0.00005,0.55650,0.02624,0.00000,0.00000,-0.36168,-0.03960,-0.00603,-0.28146,-0.00404,0.00005,0.55650,0.02624,0.00000,0.00000
14.7000,1470,14,14.7002,49.76,0.55000,0.00000,0.00000,0.36000,0.00000,0.00000,0.55000,0.00000,0.00000,0.00000,-0.35000,0.00000,0.00000,0.36000,0.00000,0.00000,0.55000,0.00000,0.00000,0.00000,0.55000,0.00000,0.00000,-0.28000,0.00000,0.00000,0.55000,0.00000,0.00000,0.00000,-0.35000,0.00000,0.00000,-0.28000,0.00000,0.00000,0.55000,0.00000,0.00000,0.00000,0.52995,-0.05922,-0.00679,0.35103,-0.02003,-0.00104,0.55516,0.02792,0.00000,0.00000,-0.36374,-0.04248,-0.00570,0.35834,-0.00403,-0.00010,0.55790,0.02967,0.00000,0.00000,0.53626,-0.04248,-0.00570,-0.28166,-0.00403,-0.00010,0.55790,0.02967,0.00000,0.00000,-0.36374,-0.04248,-0.00570,-0.28166,-0.00403,-0.00010,0.55790,0.02967,0.00000,0.00000
14.7500,1475,14,14.7504,50.20,0.55000,0.00000,0.00000,0.36000,0.00000,0.00000,0.55000,0.00000,0.00000,0.00000,-0.35000,0.00000,0.00000,0.36000,0.00000,0.00000,0.55000,0.00000,0.00000,0.00000,0.55000,0.00000,0.00000,-0.28000,0.00000,0.00000,0.55000,0.00000,0.00000,0.00000,-0.35000,0.00000,0.00000,-0.28000,0.00000,0.00000,0.55000,0.00000,0.00000,0.00000,0.52691,-0.06239,-0.00615,0.35004,-0.01937,-0.00164,0.55667,0.03235,0.00000,0.00000,-0.36593,-0.04518,-0.00535,0.35814,-0.00395,-0.00024,0.55947,0.03319,0.00000,0.00000,0.53407,-0.04518,-0.00535,-0.28186,-0.00395,-0.00024,0.55947,0.03319,0.00000,0.00000,-0.36593,-0.04518,-0.00535,-0.28186,-0.00395,-0.00024,0.55947,0.03319,0.00000,0.00000
14.8000,1480,14,14.8003,49.92,0.55000,0.00000,0.00000,0.36000,0.00000,0.00000,0.55000,0.00000,0.00000,0.00000,-0.35000,0.00000,0.00000,0.36000,0.00000,0.00000,0.55000,0.00000,0.00000,0.00000,0.55000,0.00000,0.00000,-0.28000,0.00000,0.00000,0.55000,0.00000,0.00000,0.00000,-0.35000,0.00000,0.00000,-0.28000,0.00000,0.00000,0.55000,0.00000,0.00000,0.00000,0.52372,-0.06526,-0.00551,0.34909,-0.01843,-0.00217,0.55839,0.03675,0.00000,0.00000,-0.36825,-0.04772,-0.00499,0.35795,-0.00379,-0.00038,0.56122,0.03676,0.00000,0.00000,0.53175,-0.04772,-0.00499,-0.28205,-0.00379,-0.00038,0.56122,0.03676,0.00000,0.00000,-0.36825,-0.04772,-0.00499,-0.28205,-0.00379,-0.00038,0.56122,0.03676,0.00000,0.00000
14.8500,1485,14,14.8505,50.14,0.55000,0.00000,0.00000,0.36000,0.00000,0.00000,0.55000,0.00000,0.00000,0.00000,-0.35000,0.00000,0.00000,0.36000,0.00000,0.00000,0.55000,0.00000,0.00000,0.00000,0.55000,0.00000,0.00000,-0.28000,0.00000,0.00000,0.55000,0.00000,0.00000,0.00000,-0.35000,0.00000,0.00000,-0.28000,0.00000,0.00000,0.55000,0.00000,0.00000,0.00000,0.52039,-0.06780,-0.00487,0.34820,-0.01725,-0.00262,0.56034,0.04107,0.00000,0.00000,-0.37070,-0.05008,-0.00464,0.35776,-0.00357,-0.00051,0.56315,0.04035,0.00000,0.00000,0.52930,-0.05008,-0.00464,-0.28224,-0.00357,-0.00051,0.56315,0.04035,0.00000,0.00000,-0.37070,-0.05008,-0.00464,-0.28224,-0.00357,-0.00051,0.56315,0.04035,0.00000,0.00000
14.9000,1490,14,14.9004,49.93,0.55000,0.00000,0.00000,0.36000,0.00000,0.00000,0.55000,0.00000,0.00000,0.00000,-0.35000,0.00000,0.00000,0.36000,0.00000,0.00000,0.55000,0.00000,0.00000,0.00000,0.55000,0.00000,0.00000,-0.28000,0.00000,0.00000,0.55000,0.00000,0.00000,0.00000,-0.35000,0.00000,0.00000,-0.28000,0.00000,0.00000,0.55000,0.00000,0.00000,0.00000,0.51694,-0.07004,-0.00424,0.34737,-0.01587,-0.00300,0.56250,0.04522,0.00000,0.00000,-0.37326,-0.05227,-0.00428,0.35759,-0.00329,-0.00064,0.56525,0.04391,0.00000,0.00000,0.52674,-0.05227,-0.00428,-0.28241,-0.00329,-0.00064,0.56525,0.04391,0.00000,0.00000,-0.37326,-0.05227,-0.00428,-0.28241,-0.00329,-0.00064,0.56525,0.04391,0.00000,0.00000
14.9500,1495,14,14.9505,50.07,0.55000,0.00000,0.00000,0.36000,0.00000,0.00000,0.55000,0.00000,0.00000,0.00000,-0.35000,0.00000,0.00000,0.36000,0.00000,0.00000,0.55000,0.00000,0.00000,0.00000,0.55000,0.00000,0.00000,-0.28000,0.00000,0.00000,0.55000,0.00000,0.00000,0.00000,-0.35000,0.00000,0.00000,-0.28000,0.00000,0.00000,0.55000,0.00000,0.00000,0.00000,0.51339,-0.07196,-0.00362,0.34662,-0.01433,-0.00330,0.56486,0.04917,0.00000,0.00000,-0.37592,-0.05428,-0.00392,0.35743,-0.00295,-0.00076,0.56754,0.04743,0.00000,0.00000,0.52408,-0.05428,-0.00392,-0.28257,-0.00295,-0.00076,0.56754,0.04743,0.00000,0.00000,-0.37592,-0.05428,-0.00392,-0.28257,-0.00295,-0.00076,0.56754,0.04743,0.00000,0.00000
15.0000,1500,15,15.0005,50.02,0.55000,0.00000,0.00000,0.36000,0.00000,0.00000,0.55000,0.00000,0.00000,0.00000,-0.35000,0.00000,0.00000,0.36000,0.00000,0.00000,0.55000,0.00000,0.00000,0.00000,0.55000,0.00000,0.00000,-0.28000,0.00000,0.00000,0.55000,0.00000,0.00000,0.00000,-0.35000,0.00000,0.00000,-0.28000,0.00000,0.00000,0.55000,0.00000,0.00000,0.00000,0.55000,0.00000,0.00000,0.36000,0.00000,0.00000,0.55000,0.00000,0.00000,0.00000,-0.35000,0.00000,0.00000,0.36000,0.00000,0.00000,0.55000,0.00000,0.00000,0.00000,0.55000,0.00000,0.00000,-0.28000,0.00000,0.00000,0.55000,0.00000,0.00000,0.00000,-0.35000,0.00000,0.00000,-0.28000,0.00000,0.00000,0.55000,0.00000,0.00000,0.00000
15.0500,1505,15,15.0502,49.73,0.55000,0.00000,0.00000,0.36000,0.00000,0.00000,0.55000,0.00000,0.00000,0.00000,-0.35000,0.00000,0.00000,0.36000,0.00000,0.00000,0.55000,0.00000,0.00000,0.00000,0.55000,0.00000,0.00000,-0.28000,0.00000,0.00000,0.55000,0.00000,0.00000,0.00000,-0.35000,0.00000,0.00000,-0.28000,0.00000,0.00000,0.55000,0.00000,0.00000,0.00000,0.54998,-0.00132,-0.00498,0.36000,-0.00001,0.00002,0.55029,0.01151,0.00000,0.00000,-0.35001,-0.00060,-0.00228,0.36000,0.00015,-0.00056,0.55023,0.00926,0.00000,0.00000,0.54999,-0.00060,-0.00228,-0.28000,0.00015,-0.00056,0.55023,0.00926,0.00000,0.00000,-0.35001,-0.00060,-0.00228,-0.28000,0.00015,-0.00056,0.55023,0.00926,0.00000,0.00000
15.1000,1510,15,15.1002,49.99,0.55000,0.00000,0.00000,0.36000,0.00000,0.00000,0.55000,0.00000,0.00000,0.00000,-0.35000,0.00000,0.00000,0.36000,0.00000,0.00000,0.55000,0.00000,0.00000,0.00000,0.55000,0.00000,0.00000,-0.28000,0.00000,0.00000,0.55000,0.00000,0.00000,0.00000,-0.35000,0.00000,0.00000,-0.28000,0.00000,0.00000,0.55000,0.00000,0.00000,0.00000,0.54984,-0.00455,-0.00792,0.36000,-0.00000,-0.00009,0.55113,0.02158,0.00000,0.00000,-0.35007,-0.00211,-0.00378,0.36002,0.00052,-0.00093,0.55092,0.01814,0.00000,0.00000,0.54993,-0.00211,-0.00378,-0.27998,0.00052,-0.00093,0.55092,0.01814,0.00000,0.00000,-0.35007,-0.00211,-0.00378,-0.27998,0.00052,-0.00093,0.55092,0.01814,0.00000,0.00000
15.1500,1515,15,15.1504,50.22,0.55000,0.00000,0.00000,0.36000,0.00000,0.00000,0.55000,0.00000,0.00000,0.00000,-0.35000,0.00000,0.00000,0.36000,0.00000,0.00000,0.55000,0.00000,0.00000,0.00000,0.55000,0.00000,0.00000,-0.28000,0.00000,0.00000,0.55000,0.00000,0.00000,0.00000,-0.35000,0.00000,0.00000,-0.28000,0.00000,0.00000,0.55000,0.00000,0.00000,0.00000,0.54950,-0.00887,-0.00949,0.36000,0.00009,-0.00027,0.55243,0.03051,0.00000,0.00000,-0.35023,-0.00421,-0.00472,0.36006,0.00103,-0.00116,0.55204,0.02660,0.00000,0.00000,0.54977,-0.00421,-0.00472,-0.27994,0.00103,-0.00116,0.55204,0.02660,0.00000,0.00000,-0.35023,-0.00421,-0.00472,-0.27994,0.00103,-0.00116,0.55204,0.02660,0.00000,0.00000
15.2000,1520,15,15.2005,50.03,0.55000,0.00000,0.00000,0.36000,0.00000,0.00000,0.55000,0.00000,0.00000,0.00000,-0.35000,0.00000,0.00000,0.36000,0.00000,0.00000,0.55000,0.00000,0.00000,0.00000,0.55000,0.00000,0.00000,-0.28000,0.00000,0.00000,0.55000,0.00000,0.00000,0.00000,-0.35000,0.00000,0.00000,-0.28000,0.00000,0.00000,0.55000,0.00000,0.00000,0.00000,0.54894,-0.01372,-0.01016,0.36001,0.00027,-0.00047,0.55416,0.03856,0.00000,0.00000,-0.35050,-0.00668,-0.00529,0.36012,0.00164,-0.00131,0.55357,0.03461,0.00000,0.00000,0.54950,-0.00668,-0.00529,-0.27988,0.00164,-0.00131,0.55357,0.03461,0.00000,0.00000,-0.35050,-0.00668,-0.00529,-0.27988,0.00164,-0.00131,0.55357,0.03461,0.00000,0.00000
15.2500,1525,15,15.2502,49.71,0.55000,0.00000,0.00000,0.36000,0.00000,0.00000,0.55000,0.00000,0.00000,0.00000,-0.35000,0.00000,0.00000,0.36000,0.00000,0.00000,0.55000,0.00000,0.00000,0.00000,0.55000,0.00000,0.00000,-0.28000,0.00000,0.00000,0.55000,0.00000,0.00000,0.00000,-0.35000,0.00000,0.00000,-0.28000,0.00000,0.00000,0.55000,0.00000,0.00000,0.00000,0.54813,-0.01874,-0.01023,0.36003,0.00055,-0.00068,0.55628,0.04593,0.00000,0.00000,-0.35090,-0.00936,-0.00558,0.36022,0.00231,-0.00140,0.55549,0.04218,0.00000,0.00000,0.54910,-0.00936,-0.00558,-0.27978,0.00231,-0.00140,0.55549,0.04218,0.00000,0.00000,-0.35090,-0.00936,-0.00558,-0.27978,0.00231,-0.00140,0.55549,0.04218,0.00000,0.00000
15.3000,1530,15,15.3005,50.27,0.55000,0.00000,0.00000,0.36000,0.00000,0.00000,0.55000,0.00000,0.00000,0.00000,-0.35000,0.00000,0.00000,0.36000,0.00000,0.00000,0.55000,0.00000,0.00000,0.00000,0.55000,0.00000,0.00000,-0.28000,0.00000,0.00000,0.55000,0.00000,0.00000,0.00000,-0.35000,0.00000,0.00000,-0.28000,0.00000,0.00000,0.55000,0.00000,0.00000,0.00000,0.54707,-0.02369,-0.00991,0.36007,0.00094,-0.00091,0.55875,0.05272,0.00000,0.00000,-0.35144,-0.01212,-0.00569,0.36035,0.00301,-0.00144,0.55778,0.04932,0.00000,0.00000,0.54856,-0.01212,-0.00569,-0.27965,0.00301,-0.00144,0.55778,0.04932,0.00000,0.00000,-0.35144,-0.01212,-0.00569,-0.27965,0.00301,-0.00144,0.55778,0.04932,0.00000,0.00000
15.3500,1535,15,15.3503,49.83,0.55000,0.00000,0.00000,0.36000,0.00000,0.00000,0.55000,0.00000,0.00000,0.00000,-0.35000,0.00000,0.00000,0.36000,0.00000,0.00000,0.55000,0.00000,0.00000,0.00000,0.55000,0.00000,0.00000,-0.28000,0.00000,0.00000,0.55000,0.00000,0.00000,0.00000,-0.35000,0.00000,0.00000,-0.28000,0.00000,0.00000,0.55000,0.00000,0.00000,0.00000,0.54576,-0.02842,-0.00933,0.36013,0.00144,-0.00112,0.56154,0.05903,0.00000,0.00000,-0.35212,-0.01491,-0.00566,0.36052,0.00372,-0.00146,0.56042,0.05603,0.00000,0.00000,0.54788,-0.01491,-0.00566,-0.27948,0.00372,-0.00146,0.56042,0.05603,0.00000,0.00000,-0.35212,-0.01491,-0.00566,-0.27948,0.00372,-0.00146,0.56042,0.05603,0.00000,0.00000
15.4000,1540,15,15.4005,50.20,0.55000,0.00000,0.00000,0.36000,0.00000,0.00000,0.55000,0.00000,0.00000,0.00000,-0.35000,0.00000,0.00000,0.36000,0.00000,0.00000,0.55000,0.00000,0.00000,0.00000,0.55000,0.00000,0.00000,-0.28000,0.00000,0.00000,0.55000,0.00000,0.00000,0.00000,-0.35000,0.00000,0.00000,-0.28000,0.00000,0.00000,0.55000,0.00000,0.00000,0.00000,0.54423,-0.03282,-0.00861,0.36021,0.00204,-0.00133,0.56464,0.06491,0.00000,0.00000,-0.35293,-0.01766,-0.00554,0.36073,0.00443,-0.00145,0.56338,0.06234,0.00000,0.00000,0.54707,-0.01766,-0.00554,-0.27927,0.00443,-0.00145,0.56338,0.06234,0.00000,0.00000,-0.35293,-0.01766,-0.00554,-0.27927,0.00443,-0.00145,0.56338,0.06234,0.00000,0.00000
15.4500,1545,15,15.4503,49.80,0.55000,0.00000,0.00000,0.36000,0.00000,0.00000,0.55000,0.00000,0.00000,0.00000,-0.35000,0.00000,0.00000,0.36000,0.00000,0.00000,0.55000,0.00000,0.00000,0.00000,0.55000,0.00000,0.00000,-0.28000,0.00000,0.00000,0.55000,0.00000,0.00000,0.00000,-0.35000,0.00000,0.00000,-0.28000,0.00000,0.00000,0.55000,0.00000,0.00000,0.00000,0.54249,-0.03685,-0.00780,0.36033,0.00274,-0.00152,0.56803,0.07043,0.00000,0.00000,-0.35388,-0.02034,-0.00535,0.36097,0.00514,-0.00144,0.56665,0.06827,0.00000,0.00000,0.54612,-0.02034,-0.00535,-0.27903,0.00514,-0.00144,0.56665,0.06827,0.00000,0.00000,-0.35388,-0.02034,-0.00535,-0.27903,0.00514,-0.00144,0.56665,0.06827,0.00000,0.00000
15.5000,1550,15,15.5005,50.17,0.55000,0.00000,0.00000,0.36000,0.00000,0.00000,0.55000,0.00000,0.00000,0.00000,-0.35000,0.00000,0.00000,0.36000,0.00000,0.00000,0.55000,0.00000,0.00000,0.00000,0.55000,0.00000,0.00000,-0.28000,0.00000,0.00000,0.55000,0.00000,0.00000,0.00000,-0.35000,0.00000,0.00000,-0.28000,0.00000,0.00000,0.55000,0.00000,0.00000,0.00000,0.54055,-0.04047,-0.00696,0.36049,0.00353,-0.00168,0.57168,0.07564,0.00000,0.00000,-0.35496,-0.02291,-0.00512,0.36124,0.00584,-0.00141,0.57020,0.07383,0.00000,0.00000,0.54504,-0.02291,-0.00512,-0.27876,0.00584,-0.00141,0.57020,0.07383,0.00000,0.00000,-0.35496,-0.02291,-0.00512,-0.27876,0.00584,-0.00141,0.57020,0.07383,0.00000,0.00000
15.5500,1555,15,15.5504,49.98,0.55000,0.00000,0.00000,0.36000,0.00000,0.00000,0.55000,0.00000,0.00000,0.00000,-0.35000,0.00000,0.00000,0.36000,0.00000,0.00000,0.55000,0.00000,0.00000,0.00000,0.55000,0.00000,0.00000,-0.28000,0.00000,0.00000,0.55000,0.00000,0.00000,0.00000,-0.35000,0.00000,0.00000,-0.28000,0.00000,0.00000,0.55000,0.00000,0.00000,0.00000,0.53845,-0.04368,-0.00611,0.36068,0.00439,-0.00182,0.57559,0.08058,0.00000,0.00000,-0.35617,-0.02536,-0.00486,0.36155,0.00652,-0.00137,0.57402,0.07904,0.00000,0.00000,0.54383,-0.02536,-0.00486,-0.27845,0.00652,-0.00137,0.57402,0.07904,0.00000,0.00000,-0.35617,-0.02536,-0.00486,-0.27845,0.00652,-0.00137,0.57402,0.07904,0.00000,0.00000
15.6000,1560,15,15.6002,49.79,0.55000,0.00000,0.00000,0.36000,0.00000,0.00000,0.55000,0.00000,0.00000,0.00000,-0.35000,0.00000,0.00000,0.36000,0.00000,0.00000,0.55000,0.00000,0.00000,0.00000,0.55000,0.00000,0.00000,-0.28000,0.00000,0.00000,0.55000,0.00000,0.00000,0.00000,-0.35000,0.00000,0.00000,-0.28000,0.00000,0.00000,0.55000,0.00000,0.00000,0.00000,0.53619,-0.04647,-0.00530,0.36093,0.00531,-0.00193,0.57973,0.08523,0.00000,0.00000,-0.35750,-0.02767,-0.00458,0.36189,0.00718,-0.00133,0.57810,0.08391,0.00000,0.00000,0.54250,-0.02767,-0.00458,-0.27811,0.00718,-0.00133,0.57810,0.08391,0.00000,0.00000,-0.35750,-0.02767,-0.00458,-0.27811,0.00718,-0.00133,0.57810,0.08391,0.00000,0.00000
15.6500,1565,15,15.6504,50.21,0.55000,0.00000,0.00000,0.36000,0.00000,0.00000,0.55000,0.00000,0.00000,0.00000,-0.35000,0.00000,0.00000,0.36000,0.00000,0.00000,0.55000,0.00000,0.00000,0.00000,0.55000,0.00000,0.00000,-0.28000,0.00000,0.00000,0.55000,0.00000,0.00000,0.00000,-0.35000,0.00000,0.00000,-0.28000,0.00000,0.00000,0.55000,0.00000,0.00000,0.00000,0.53381,-0.04888,-0.00453,0.36122,0.00628,-0.00201,0.58411,0.08960,0.00000,0.00000,-0.35893,-0.02985,-0.00428,0.36227,0.00783,-0.00129,0.58241,0.08845,0.00000,0.00000,0.54107,-0.02985,-0.00428,-0.27773,0.00783,-0.00129,0.58241,0.08845,0.00000,0.00000,-0.35893,-0.02985,-0.00428,-0.27773,0.00783,-0.00129,0.58241,0.08845,0.00000,0.00000
15.7000,1570,15,15.7005,50.05,0.55000,0.00000,0.00000,0.36000,0.00000,0.00000,0.55000,0.00000,0.00000,0.00000,-0.35000,0.00000,0.00000,0.36000,0.00000,0.00000,0.55000,0.00000,0.00000,0.00000,0.55000,0.00000,0.00000,-0.28000,0.00000,0.00000,0.55000,0.00000,0.00000,0.00000,-0.35000,0.00000,0.00000,-0.28000,0.00000,0.00000,0.55000,0.00000,0.00000,0.00000,0.53131,-0.05092,-0.00380,0.36156,0.00728,-0.00206,0.58869,0.09366,0.00000,0.00000,-0.36048,-0.03187,-0.00398,0.36267,0.00845,-0.00124,0.58694,0.09268,0.00000,0.00000,0.53952,-0.03187,-0.00398,-0.27733,0.00845,-0.00124,0.58694,0.09268,0.00000,0.00000,-0.36048,-0.03187,-0.00398,-0.27733,0.00845,-0.00124,0.58694,0.09268,0.00000,0.00000
15.7500,1575,15,15.7504,49.94,0.55000,0.00000,0.00000,0.36000,0.00000,0.00000,0.55000,0.00000,0.00000,0.00000,-0.35000,0.00000,0.00000,0.36000,0.00000,0.00000,0.55000,0.00000,0.00000,0.00000,0.55000,0.00000,0.00000,-0.28000,0.00000,0.00000,0.55000,0.00000,0.00000,0.00000,-0.35000,0.00000,0.00000,-0.28000,0.00000,0.00000,0.55000,0.00000,0.00000,0.00000,0.52872,-0.05262,-0.00314,0.36194,0.00829,-0.00208,0.59347,0.09742,0.00000,0.00000,-0.36212,-0.03375,-0.00367,0.36311,0.00904,-0.00118,0.59167,0.09660,0.00000,0.00000,0.53788,-0.03375,-0.00367,-0.27689,0.00904,-0.00118,0.59167,0.09660,0.00000,0.00000,-0.36212,-0.03375,-0.00367,-0.27689,0.00904,-0.00118,0.59167,0.09660,0.00000,0.00000
15.8000,1580,15,15.8004,50.01,0.55000,0.00000,0.00000,0.36000,0.00000,0.00000,0.55000,0.00000,0.00000,0.00000,-0.35000,0.00000,0.00000,0.36000,0.00000,0.00000,0.55000,0.00000,0.00000,0.00000,0.55000,0.00000,0.00000,-0.28000,0.00000,0.00000,0.55000,0.00000,0.00000,0.00000,-0.35000,0.00000,0.00000,-0.28000,0.00000,0.00000,0.55000,0.00000,0.00000,0.00000,0.52605,-0.05401,-0.00253,0.36238,0.00931,-0.00208,0.59842,0.10087,0.00000,0.00000,-0.36385,-0.03547,-0.00336,0.36358,0.00960,-0.00112,0.59659,0.10022,0.00000,0.00000,0.53615,-0.03547,-0.00336,-0.27642,0.00960,-0.00112,0.59659,0.10022,0.00000,0.00000,-0.36385,-0.03547,-0.00336,-0.27642,0.00960,-0.00112,0.59659,0.10022,0.00000,0.00000
15.8500,1585,15,15.8504,49.99,0.55000,0.00000,0.00000,0.36000,0.00000,0.00000,0.55000,0.00000,0.00000,0.00000,-0.35000,0.00000,0.00000,0.36000,0.00000,0.00000,0.55000,0.00000,0.00000,0.00000,0.55000,0.00000,0.00000,-0.28000,0.00000,0.00000,0.55000,0.00000,0.00000,0.00000,-0.35000,0.00000,0.00000,-0.28000,0.00000,0.00000,0.55000,0.00000,0.00000,0.00000,0.52332,-0.05511,-0.00197,0.36288,0.01033,-0.00205,0.60355,0.10404,0.00000,0.00000,-0.36566,-0.03705,-0.00305,0.36407,0.01014,-0.00106,0.60169,0.10356,0.00000,0.00000,0.53434,-0.03705,-0.00305,-0.27593,0.01014,-0.00106,0.60169,0.10356,0.00000,0.00000,-0.36566,-0.03705,-0.00305,-0.27593,0.01014,-0.00106,0.60169,0.10356,0.00000,0.00000
15.9000,1590,15,15.9002,49.75,0.55000,0.00000,0.00000,0.36000,0.00000,0.00000,0.55000,0.00000,0.00000,0.00000,-0.35000,0.00000,0.00000,0.36000,0.00000,0.00000,0.55000,0.00000,0.00000,0.00000,0.55000,0.00000,0.00000,-0.28000,0.00000,0.00000,0.55000,0.00000,0.00000,0.00000,-0.35000,0.00000,0.00000,-0.28000,0.00000,0.00000,0.55000,0.00000,0.00000,0.00000,0.52055,-0.05595,-0.00147,0.36342,0.01132,-0.00201,0.60882,0.10691,0.00000,0.00000,-0.36755,-0.03847,-0.00275,0.36459,0.01065,-0.00100,0.60695,0.10662,0.00000,0.00000,0.53245,-0.03847,-0.00275,-0.27541,0.01065,-0.00100,0.60695,0.10662,0.00000,0.00000,-0.36755,-0.03847,-0.00275,-0.27541,0.01065,-0.00100,0.60695,0.10662,0.00000,0.00000
15.9500,1595,15,15.9504,50.25,0.55000,0.00000,0.00000,0.36000,0.00000,0.00000,0.55000,0.00000,0.00000,0.00000,-0.35000,0.00000,0.00000,0.36000,0.00000,0.00000,0.55000,0.00000,0.00000,0.00000,0.55000,0.00000,0.00000,-0.28000,0.00000,0.00000,0.55000,0.00000,0.00000,0.00000,-0.35000,0.00000,0.00000,-0.28000,0.00000,0.00000,0.55000,0.00000,0.00000,0.00000,0.51773,-0.05656,-0.00103,0.36401,0.01229,-0.00194,0.61423,0.10951,0.00000,0.00000,-0.36951,-0.03974,-0.00245,0.36514,0.01112,-0.00093,0.61235,0.10941,0.00000,0.00000,0.53049,-0.03974,-0.00245,-0.27486,0.01112,-0.00093,0.61235,0.10941,0.00000,0.00000,-0.36951,-0.03974,-0.00245,-0.27486,0.01112,-0.00093,0.61235,0.10941,0.00000,0.00000
16.0000,1600,16,16.0002,49.82,0.55000,0.00000,0.00000,0.36000,0.00000,0.00000,0.55000,0.00000,0.00000,0.00000,-0.35000,0.00000,0.00000,0.36000,0.00000,0.00000,0.55000,0.00000,0.00000,0.00000,0.55000,0.00000,0.00000,-0.28000,0.00000,0.00000,0.55000,0.00000,0.00000,0.00000,-0.35000,0.00000,0.00000,-0.28000,0.00000,0.00000,0.55000,0.00000,0.00000,0.00000,0.55000,0.00000,0.00000,0.36000,0.00000,0.00000,0.55000,0.00000,0.00000,0.00000,-0.35000,0.00000,0.00000,0.36000,0.00000,0.00000,0.55000,0.00000,0.00000,0.00000,0.55000,0.00000,0.00000,-0.28000,0.00000,0.00000,0.55000,0.00000,0.00000,0.00000,-0.35000,0.00000,0.00000,-0.28000,0.00000,0.00000,0.55000,0.00000,0.00000,0.00000
16.0500,1605,16,16.0502,49.97,0.55000,0.00000,0.00000,0.36000,0.00000,0.00000,0.55000,0.00000,0.00000,0.00000,-0.35000,0.00000,0.00000,0.36000,0.00000,0.00000,0.55000,0.00000,0.00000,0.00000,0.55000,0.00000,0.00000,-0.28000,0.00000,0.00000,0.55000,0.00000,0.00000,0.00000,-0.35000,0.00000,0.00000,-0.28000,0.00000,0.00000,0.55000,0.00000,0.00000,0.00000,0.54998,-0.00096,-0.00361,0.36001,0.00032,-0.00122,0.55058,0.02252,0.00000,0.00000,-0.35001,-0.00036,-0.00137,0.36000,0.00015,-0.00056,0.55041,0.01645,0.00000,0.00000,0.54999,-0.00036,-0.00137,-0.28000,0.00015,-0.00056,0.55041,0.01645,0.00000,0.00000,-0.35001,-0.00036,-0.00137,-0.28000,0.00015,-0.00056,0.55041,0.01645,0.00000,0.00000
16.1000,1610,16,16.1004,50.21,0.55000,0.00000,0.00000,0.36000,0.00000,0.00000,0.55000,0.00000,0.00000,0.00000,-0.35000,0.00000,0.00000,0.36000,0.00000,0.00000,0.55000,0.00000,0.00000,0.00000,0.55000,0.00000,0.00000,-0.28000,0.00000,0.00000,0.55000,0.00000,0.00000,0.00000,-0.35000,0.00000,0.00000,-0.28000,0.00000,0.00000,0.55000,0.00000,0.00000,0.00000,0.54988,-0.00329,-0.00570,0.36004,0.00112,-0.00197,0.55219,0.04147,0.00000,0.00000,-0.35004,-0.00126,-0.00226,0.36002,0.00052,-0.00092,0.55163,0.03204,0.00000,0.00000,0.54996,-0.00126,-0.00226,-0.27998,0.00052,-0.00092,0.55163,0.03204,0.00000,0.00000,-0.35004,-0.00126,-0.00226,-0.27998,0.00052,-0.00092,0.55163,0.03204,0.00000,0.00000
16.1500,1615,16,16.1505,50.07,0.55000,0.00000,0.00000,0.36000,0.00000,0.00000,0.55000,0.00000,0.00000,0.00000,-0.35000,0.00000,0.00000,0.36000,0.00000,0.00000,0.55000,0.00000,0.00000,0.00000,0.55000,0.00000,0.00000,-0.28000,0.00000,0.00000,0.55000,0.00000,0.00000,0.00000,-0.35000,0.00000,0.00000,-0.28000,0.00000,0.00000,0.55000,0.00000,0.00000,0.00000,0.54964,-0.00639,-0.00676,0.36012,0.00220,-0.00241,0.55468,0.05767,0.00000,0.00000,-0.35014,-0.00252,-0.00283,0.36006,0.00103,-0.00114,0.55360,0.04665,0.00000,0.00000,0.54986,-0.00252,-0.00283,-0.27994,0.00103,-0.00114,0.55360,0.04665,0.00000,0.00000,-0.35014,-0.00252,-0.00283,-0.27994,0.00103,-0.00114,0.55360,0.04665,0.00000,0.00000
16.2000,1620,16,16.2004,49.95,0.55000,0.00000,0.00000,0.36000,0.00000,0.00000,0.55000,0.00000,0.00000,0.00000,-0.35000,0.00000,0.00000,0.36000,0.00000,0.00000,0.55000,0.00000,0.00000,0.00000,0.55000,0.00000,0.00000,-0.28000,0.00000,0.00000,0.55000,0.00000,0.00000,0.00000,-0.35000,0.00000,0.00000,-0.28000,0.00000,0.00000,0.55000,0.00000,0.00000,0.00000,0.54924,-0.00982,-0.00715,0.36026,0.00345,-0.00263,0.55792,0.07170,0.00000,0.00000,-0.35030,-0.00400,-0.00316,0.36012,0.00162,-0.00125,0.55628,0.06022,0.00000,0.00000,0.54970,-0.00400,-0.00316,-0.27988,0.00162,-0.00125,0.55628,0.06022,0.00000,0.00000,-0.35030,-0.00400,-0.00316,-0.27988,0.00162,-0.00125,0.55628,0.06022,0.00000,0.00000
16.2500,1625,16,16.2502,49.76,0.55000,0.00000,0.00000,0.36000,0.00000,0.00000,0.55000,0.00000,0.00000,0.00000,-0.35000,0.00000,0.00000,0.36000,0.00000,0.00000,0.55000,0.00000,0.00000,0.00000,0.55000,0.00000,0.00000,-0.28000,0.00000,0.00000,0.55000,0.00000,0.00000,0.00000,-0.35000,0.00000,0.00000,-0.28000,0.00000,0.00000,0.55000,0.00000,0.00000,0.00000,0.54866,-0.01333,-0.00710,0.36047,0.00476,-0.00270,0.56182,0.08398,0.00000,0.00000,-0.35054,-0.00559,-0.00333,0.36022,0.00224,-0.00130,0.55961,0.07272,0.00000,0.00000,0.54946,-0.00559,-0.00333,-0.27978,0.00224,-0.00130,0.55961,0.07272,0.00000,0.00000,-0.35054,-0.00559,-0.00333,-0.27978,0.00224,-0.00130,0.55961,0.07272,0.00000,0.00000
16.3000,1630,16,16.3007,50.49,0.55000,0.00000,0.00000,0.36000,0.00000,0.00000,0.55000,0.00000,0.00000,0.00000,-0.35000,0.00000,0.00000,0.36000,0.00000,0.00000,0.55000,0.00000,0.00000,0.00000,0.55000,0.00000,0.00000,-0.28000,0.00000,0.00000,0.55000,0.00000,0.00000,0.00000,-0.35000,0.00000,0.00000,-0.28000,0.00000,0.00000,0.55000,0.00000,0.00000,0.00000,0.54791,-0.01674,-0.00677,0.36074,0.00608,-0.00267,0.56630,0.09478,0.00000,0.00000,-0.35086,-0.00724,-0.00338,0.36035,0.00288,-0.00129,0.56353,0.08418,0.00000,0.00000,0.54914,-0.00724,-0.00338,-0.27965,0.00288,-0.00129,0.56353,0.08418,0.00000,0.00000,-0.35086,-0.00724,-0.00338,-0.27965,0.00288,-0.00129,0.56353,0.08418,0.00000,0.00000
16.3500,1635,16,16.3504,49.74,0.55000,0.00000,0.00000,0.36000,0.00000,0.00000,0.55000,0.00000,0.00000,0.00000,-0.35000,0.00000,0.00000,0.36000,0.00000,0.00000,0.55000,0.00000,0.00000,0.00000,0.55000,0.00000,0.00000,-0.28000,0.00000,0.00000,0.55000,0.00000,0.00000,0.00000,-0.35000,0.00000,0.00000,-0.28000,0.00000,0.00000,0.55000,0.00000,0.00000,0.00000,0.54699,-0.01994,-0.00626,0.36108,0.00737,-0.00257,0.57128,0.10434,0.00000,0.00000,-0.35126,-0.00890,-0.00335,0.36051,0.00351,-0.00125,0.56801,0.09461,0.00000,0.00000,0.54874,-0.00890,-0.00335,-0.27949,0.00351,-0.00125,0.56801,0.09461,0.00000,0.00000,-0.35126,-0.00890,-0.00335,-0.27949,0.00351,-0.00125,0.56801,0.09461,0.00000,0.00000
16.4000,1640,16,16.4005,50.08,0.55000,0.00000,0.00000,0.36000,0.00000,0.00000,0.55000,0.00000,0.00000,0.00000,-0.35000,0.00000,0.00000,0.36000,0.00000,0.00000,0.55000,0.00000,0.00000,0.00000,0.55000,0.00000,0.00000,-0.28000,0.00000,0.00000,0.55000,0.00000,0.00000,0.00000,-0.35000,0.00000,0.00000,-0.28000,0.00000,0.00000,0.55000,0.00000,0.00000,0.00000,0.54592,-0.02287,-0.00566,0.36148,0.00860,-0.00243,0.57671,0.11279,0.00000,0.00000,-0.35175,-0.01052,-0.00327,0.36070,0.00411,-0.00119,0.57298,0.10406,0.00000,0.00000,0.54825,-0.01052,-0.00327,-0.27930,0.00411,-0.00119,0.57298,0.10406,0.00000,0.00000,-0.35175,-0.01052,-0.00327,-0.27930,0.00411,-0.00119,0.57298,0.10406,0.00000,0.00000
16.4500,1645,16,16.4501,49.61,0.55000,0.00000,0.00000,0.36000,0.00000,0.00000,0.55000,0.00000,0.00000,0.00000,-0.35000,0.00000,0.00000,0.36000,0.00000,0.00000,0.55000,0.00000,0.00000,0.00000,0.55000,0.00000,0.00000,-0.28000,0.00000,0.00000,0.55000,0.00000,0.00000,0.00000,-0.35000,0.00000,0.00000,-0.28000,0.00000,0.00000,0.55000,0.00000,0.00000,0.00000,0.54471,-0.02549,-0.00501,0.36193,0.00975,-0.00225,0.58254,0.12027,0.00000,0.00000,-0.35232,-0.01210,-0.00314,0.36092,0.00467,-0.00111,0.57840,0.11257,0.00000,0.00000,0.54768,-0.01210,-0.00314,-0.27908,0.00467,-0.00111,0.57840,0.11257,0.00000,0.00000,-0.35232,-0.01210,-0.00314,-0.27908,0.00467,-0.00111,0.57840,0.11257,0.00000,0.00000
16.5000,1650,16,16.5005,50.40,0.55000,0.00000,0.00000,0.36000,0.00000,0.00000,0.55000,0.00000,0.00000,0.00000,-0.35000,0.00000,0.00000,0.36000,0.00000,0.00000,0.55000,0.00000,0.00000,0.00000,0.55000,0.00000,0.00000,-0.28000,0.00000,0.00000,0.55000,0.00000,0.00000,0.00000,-0.35000,0.00000,0.00000,-0.28000,0.00000,0.00000,0.55000,0.00000,0.00000,0.00000,0.54337,-0.02779,-0.00435,0.36245,0.01080,-0.00205,0.58872,0.12687,0.00000,0.00000,-0.35296,-0.01360,-0.00299,0.36116,0.00520,-0.00102,0.58422,0.12020,0.00000,0.00000,0.54704,-0.01360,-0.00299,-0.27884,0.00520,-0.00102,0.58422,0.12020,0.00000,0.00000,-0.35296,-0.01360,-0.00299,-0.27884,0.00520,-0.00102,0.58422,0.12020,0.00000,0.00000
16.5500,1655,16,16.5504,49.91,0.55000,0.00000,0.00000,0.36000,0.00000,0.00000,0.55000,0.00000,0.00000,0.00000,-0.35000,0.00000,0.00000,0.36000,0.00000,0.00000,0.55000,0.00000,0.00000,0.00000,0.55000,0.00000,0.00000,-0.28000,0.00000,0.00000,0.55000,0.00000,0.00000,0.00000,-0.35000,0.00000,0.00000,-0.28000,0.00000,0.00000,0.55000,0.00000,0.00000,0.00000,0.54193,-0.02976,-0.00369,0.36301,0.01175,-0.00183,0.59522,0.13268,0.00000,0.00000,-0.35368,-0.01503,-0.00282,0.36144,0.00567,-0.00092,0.59040,0.12697,0.00000,0.00000,0.54632,-0.01503,-0.00282,-0.27856,0.00567,-0.00092,0.59040,0.12697,0.00000,0.00000,-0.35368,-0.01503,-0.00282,-0.27856,0.00567,-0.00092,0.59040,0.12697,0.00000,0.00000
16.6000,1660,16,16.6001,49.69,0.55000,0.00000,0.00000,0.36000,0.00000,0.00000,0.55000,0.00000,0.00000,0.00000,-0.35000,0.00000,0.00000,0.36000,0.00000,0.00000,0.55000,0.00000,0.00000,0.00000,0.55000,0.00000,0.00000,-0.28000,0.00000,0.00000,0.55000,0.00000,0.00000,0.00000,-0.35000,0.00000,0.00000,-0.28000,0.00000,0.00000,0.55000,0.00000,0.00000,0.00000,0.54040,-0.03141,-0.00304,0.36362,0.01259,-0.00160,0.60198,0.13775,0.00000,0.00000,-0.35446,-0.01637,-0.00264,0.36173,0.00609,-0.00081,0.59690,0.13295,0.00000,0.00000,0.54554,-0.01637,-0.00264,-0.27827,0.00609,-0.00081,0.59690,0.13295,0.00000,0.00000,-0.35446,-0.01637,-0.00264,-0.27827,0.00609,-0.00081,0.59690,0.13295,0.00000,0.00000
16.6500,1665,16,16.6504,50.30,0.55000,0.00000,0.00000,0.36000,0.00000,0.00000,0.55000,0.00000,0.00000,0.00000,-0.35000,0.00000,0.00000,0.36000,0.00000,0.00000,0.55000,0.00000,0.00000,0.00000,0.55000,0.00000,0.00000,-0.28000,0.00000,0.00000,0.55000,0.00000,0.00000,0.00000,-0.35000,0.00000,0.00000,-0.28000,0.00000,0.00000,0.55000,0.00000,0.00000,0.00000,0.53880,-0.03274,-0.00242,0.36427,0.01332,-0.00136,0.60898,0.14216,0.00000,0.00000,-0.35531,-0.01761,-0.00244,0.36204,0.00646,-0.00069,0.60369,0.13818,0.00000,0.00000,0.54469,-0.01761,-0.00244,-0.27796,0.00646,-0.00069,0.60369,0.13818,0.00000,0.00000,-0.35531,-0.01761,-0.00244,-0.27796,0.00646,-0.00069,0.60369,0.13818,0.00000,0.00000
16.7000,1670,16,16.7002,49.81,0.55000,0.00000,0.00000,0.36000,0.00000,0.00000,0.55000,0.00000,0.00000,0.00000,-0.35000,0.00000,0.00000,0.36000,0.00000,0.00000,0.55000,0.00000,0.00000,0.00000,0.55000,0.00000,0.00000,-0.28000,0.00000,0.00000,0.55000,0.00000,0.00000,0.00000,-0.35000,0.00000,0.00000,-0.28000,0.00000,0.00000,0.55000,0.00000,0.00000,0.00000,0.53713,-0.03378,-0.00182,0.36495,0.01393,-0.00112,0.61619,0.14594,0.00000,0.00000,-0.35622,-0.01877,-0.00225,0.36238,0.00677,-0.00057,0.61071,0.14269,0.00000,0.00000,0.54378,-0.01877,-0.00225,-0.27762,0.00677,-0.00057,0.61071,0.14269,0.00000,0.00000,-0.35622,-0.01877,-0.00225,-0.27762,0.00677,-0.00057,0.61071,0.14269,0.00000,0.00000
16.7500,1675,16,16.7505,50.29,0.55000,0.00000,0.00000,0.36000,0.00000,0.00000,0.55000,0.00000,0.00000,0.00000,-0.35000,0.00000,0.00000,0.36000,0.00000,0.00000,0.55000,0.00000,0.00000,0.00000,0.55000,0.00000,0.00000,-0.28000,0.00000,0.00000,0.55000,0.00000,0.00000,0.00000,-0.35000,0.00000,0.00000,-0.28000,0.00000,0.00000,0.55000,0.00000,0.00000,0.00000,0.53542,-0.03453,-0.00126,0.36566,0.01442,-0.00087,0.62356,0.14914,0.00000,0.00000,-0.35719,-0.01982,-0.00205,0.36272,0.00703,-0.00045,0.61794,0.14653,0.00000,0.00000,0.54281,-0.01982,-0.00205,-0.27728,0.00703,-0.00045,0.61794,0.14653,0.00000,0.00000,-0.35719,-0.01982,-0.00205,-0.27728,0.00703,-0.00045,0.61794,0.14653,0.00000,0.00000
16.8000,1680,16,16.8005,50.03,0.55000,0.00000,0.00000,0.36000,0.00000,0.00000,0.55000,0.00000,0.00000,0.00000,-0.35000,0.00000,0.00000,0.36000,0.00000,0.00000,0.55000,0.00000,0.00000,0.00000,0.55000,0.00000,0.00000,-0.28000,0.00000,0.00000,0.55000,0.00000,0.00000,0.00000,-0.35000,0.00000,0.00000,-0.28000,0.00000,0.00000,0.55000,0.00000,0.00000,0.00000,0.53368,-0.03502,-0.00072,0.36639,0.01479,-0.00062,0.63109,0.15182,0.00000,0.00000,-0.35820,-0.02078,-0.00185,0.36308,0.00722,-0.00033,0.62535,0.14972,0.00000,0.00000,0.54180,-0.02078,-0.00185,-0.27692,0.00722,-0.00033,0.62535,0.14972,0.00000,0.00000,-0.35820,-0.02078,-0.00185,-0.27692,0.00722,-0.00033,0.62535,0.14972,0.00000,0.00000
16.8500,1685,16,16.8502,49.68,0.55000,0.00000,0.00000,0.36000,0.00000,0.00000,0.55000,0.00000,0.00000,0.00000,-0.35000,0.00000,0.00000,0.36000,0.00000,0.00000,0.55000,0.00000,0.00000,0.00000,0.55000,0.00000,0.00000,-0.28000,0.00000,0.00000,0.55000,0.00000,0.00000,0.00000,-0.35000,0.00000,0.00000,-0.28000,0.00000,0.00000,0.55000,0.00000,0.00000,0.00000,0.53193,-0.03525,-0.00022,0.36714,0.01503,-0.00037,0.63874,0.15403,0.00000,0.00000,-0.35926,-0.02164,-0.00166,0.36344,0.00735,-0.00021,0.63290,0.15231,0.00000,0.00000,0.54074,-0.02164,-0.00166,-0.27656,0.00735,-0.00021,0.63290,0.15231,0.00000,0.00000,-0.35926,-0.02164,-0.00166,-0.27656,0.00735,-0.00021,0.63290,0.15231,0.00000,0.00000
16.9000,1690,16,16.9004,50.21,0.55000,0.00000,0.00000,0.36000,0.00000,0.00000,0.55000,0.00000,0.00000,0.00000,-0.35000,0.00000,0.00000,0.36000,0.00000,0.00000,0.55000,0.00000,0.00000,0.00000,0.55000,0.00000,0.00000,-0.28000,0.00000,0.00000,0.55000,0.00000,0.00000,0.00000,-0.35000,0.00000,0.00000,-0.28000,0.00000,0.00000,0.55000,0.00000,0.00000,0.00000,0.53016,-0.03524,0.00023,0.36789,0.01515,-0.00012,0.64649,0.15577,0.00000,0.00000,-0.36036,-0.02241,-0.00147,0.36381,0.00743,-0.00009,0.64057,0.15431,0.00000,0.00000,0.53964,-0.02241,-0.00147,-0.27619,0.00743,-0.00009,0.64057,0.15431,0.00000,0.00000,-0.36036,-0.02241,-0.00147,-0.27619,0.00743,-0.00009,0.64057,0.15431,0.00000,0.00000
16.9500,1695,16,16.9503,49.85,0.55000,0.00000,0.00000,0.36000,0.00000,0.00000,0.55000,0.00000,0.00000,0.00000,-0.35000,0.00000,0.00000,0.36000,0.00000,0.00000,0.55000,0.00000,0.00000,0.00000,0.55000,0.00000,0.00000,-0.28000,0.00000,0.00000,0.55000,0.00000,0.00000,0.00000,-0.35000,0.00000,0.00000,-0.28000,0.00000,0.00000,0.55000,0.00000,0.00000,0.00000,0.52841,-0.03503,0.00064,0.36865,0.01515,0.00012,0.65431,0.15703,0.00000,0.00000,-0.36150,-0.02309,-0.00129,0.36418,0.00744,0.00003,0.64833,0.15574,0.00000,0.00000,0.53850,-0.02309,-0.00129,-0.27582,0.00744,0.00003,0.64833,0.15574,0.00000,0.00000,-0.36150,-0.02309,-0.00129,-0.27582,0.00744,0.00003,0.64833,0.15574,0.00000,0.00000
17.0000,1700,17,17.0006,50.29,0.55000,0.00000,0.00000,0.36000,0.00000,0.00000,0.55000,0.00000,0.00000,0.00000,-0.35000,0.00000,0.00000,0.36000,0.00000,0.00000,0.55000,0.00000,0.00000,0.00000,0.55000,0.00000,0.00000,-0.28000,0.00000,0.00000,0.55000,0.00000,0.00000,0.00000,-0.35000,0.00000,0.00000,-0.28000,0.00000,0.00000,0.55000,0.00000,0.00000,0.00000,0.55000,0.00000,0.00000,0.36000,0.00000,0.00000,0.55000,0.00000,0.00000,0.00000,-0.35000,0.00000,0.00000,0.36000,0.00000,0.00000,0.55000,0.00000,0.00000,0.00000,0.55000,0.00000,0.00000,-0.28000,0.00000,0.00000,0.55000,0.00000,0.00000,0.00000,-0.35000,0.00000,0.00000,-0.28000,0.00000,0.00000,0.55000,0.00000,0.00000,0.00000
17.0500,1705,17,17.0502,49.64,0.55000,0.00000,0.00000,0.36000,0.00000,0.00000,0.55000,0.00000,0.00000,0.00000,-0.35000,0.00000,0.00000,0.36000,0.00000,0.00000,0.55000,0.00000,0.00000,0.00000,0.55000,0.00000,0.00000,-0.28000,0.00000,0.00000,0.55000,0.00000,0.00000,0.00000,-0.35000,0.00000,0.00000,-0.28000,0.00000,0.00000,0.55000,0.00000,0.00000,0.00000,0.54999,-0.00044,-0.00165,0.36000,0.00023,-0.00084,0.55081,0.03132,0.00000,0.00000,-0.35000,-0.00016,-0.00062,0.36000,-0.00004,0.00014,0.55052,0.02066,0.00000,0.00000,0.55000,-0.00016,-0.00062,-0.28000,-0.00004,0.00014,0.55052,0.02066,0.00000,0.00000,-0.35000,-0.00016,-0.00062,-0.28000,-0.00004,0.00014,0.55052,0.02066,0.00000,0.00000
17.1000,1710,17,17.1005,50.24,0.55000,0.00000,0.00000,0.36000,0.00000,0.00000,0.55000,0.00000,0.00000,0.00000,-0.35000,0.00000,0.00000,0.36000,0.00000,0.00000,0.55000,0.00000,0.00000,0.00000,0.55000,0.00000,0.00000,-0.28000,0.00000,0.00000,0.55000,0.00000,0.00000,0.00000,-0.35000,0.00000,0.00000,-0.28000,0.00000,0.00000,0.55000,0.00000,0.00000,0.00000,0.54995,-0.00149,-0.00253,0.36003,0.00075,-0.00124,0.55303,0.05678,0.00000,0.00000,-0.35002,-0.00057,-0.00102,0.36000,-0.00013,0.00024,0.55204,0.04001,0.00000,0.00000,0.54998,-0.00057,-0.00102,-0.28000,-0.00013,0.00024,0.55204,0.04001,0.00000,0.00000,-0.35002,-0.00057,-0.00102,-0.28000,-0.00013,0.00024,0.55204,0.04001,0.00000,0.00000
17.1500,1715,17,17.1503,49.84,0.55000,0.00000,0.00000,0.36000,0.00000,0.00000,0.55000,0.00000,0.00000,0.00000,-0.35000,0.00000,0.00000,0.36000,0.00000,0.00000,0.55000,0.00000,0.00000,0.00000,0.55000,0.00000,0.00000,-0.28000,0.00000,0.00000,0.55000,0.00000,0.00000,0.00000,-0.35000,0.00000,0.00000,-0.28000,0.00000,0.00000,0.55000,0.00000,0.00000,0.00000,0.54984,-0.00285,-0.00291,0.36008,0.00140,-0.00135,0.55641,0.07773,0.00000,0.00000,-0.35006,-0.00114,-0.00128,0.35999,-0.00027,0.00033,0.55450,0.05783,0.00000,0.00000,0.54994,-0.00114,-0.00128,-0.28001,-0.00027,0.00033,0.55450,0.05783,0.00000,0.00000,-0.35006,-0.00114,-0.00128,-0.28001,-0.00027,0.00033,0.55450,0.05783,0.00000,0.00000
17.2000,1720,17,17.2003,49.99,0.55000,0.00000,0.00000,0.36000,0.00000,0.00000,0.55000,0.00000,0.00000,0.00000,-0.35000,0.00000,0.00000,0.36000,0.00000,0.00000,0.55000,0.00000,0.00000,0.00000,0.55000,0.00000,0.00000,-0.28000,0.00000,0.00000,0.55000,0.00000,0.00000,0.00000,-0.35000,0.00000,0.00000,-0.28000,0.00000,0.00000,0.55000,0.00000,0.00000,0.00000,0.54966,-0.00430,-0.00296,0.36017,0.00204,-0.00127,0.56075,0.09511,0.00000,0.00000,-0.35014,-0.00181,-0.00144,0.35997,-0.00045,0.00041,0.55780,0.07399,0.00000,0.00000,0.54986,-0.00181,-0.00144,-0.28003,-0.00045,0.00041,0.55780,0.07399,0.00000,0.00000,-0.35014,-0.00181,-0.00144,-0.28003,-0.00045,0.00041,0.55780,0.07399,0.00000,0.00000
17.2500,1725,17,17.2501,49.84,0.55000,0.00000,0.00000,0.36000,0.00000,0.00000,0.55000,0.00000,0.00000,0.00000,-0.35000,0.00000,0.00000,0.36000,0.00000,0.00000,0.55000,0.00000,0.00000,0.00000,0.55000,0.00000,0.00000,-0.28000,0.00000,0.00000,0.55000,0.00000,0.00000,0.00000,-0.35000,0.00000,0.00000,-0.28000,0.00000,0.00000,0.55000,0.00000,0.00000,0.00000,0.54941,-0.00572,-0.00283,0.36028,0.00262,-0.00108,0.56588,0.10958,0.00000,0.00000,-0.35024,-0.00254,-0.00153,0.35994,-0.00067,0.00048,0.56187,0.08845,0.00000,0.00000,0.54976,-0.00254,-0.00153,-0.28006,-0.00067,0.00048,0.56187,0.08845,0.00000,0.00000,-0.35024,-0.00254,-0.00153,-0.28006,-0.00067,0.00048,0.56187,0.08845,0.00000,0.00000
17.3000,1730,17,17.3003,50.22,0.55000,0.00000,0.00000,0.36000,0.00000,0.00000,0.55000,0.00000,0.00000,0.00000,-0.35000,0.00000,0.00000,0.36000,0.00000,0.00000,0.55000,0.00000,0.00000,0.00000,0.55000,0.00000,0.00000,-0.28000,0.00000,0.00000,0.55000,0.00000,0.00000,0.00000,-0.35000,0.00000,0.00000,-0.28000,0.00000,0.00000,0.55000,0.00000,0.00000,0.00000,0.54909,-0.00705,-0.00258,0.36043,0.00309,-0.00082,0.57167,0.12161,0.00000,0.00000,-0.35039,-0.00331,-0.00157,0.35990,-0.00092,0.00054,0.56662,0.10122,0.00000,0.00000,0.54961,-0.00331,-0.00157,-0.28010,-0.00092,0.00054,0.56662,0.10122,0.00000,0.00000,-0.35039,-0.00331,-0.00157,-0.28010,-0.00092,0.00054,0.56662,0.10122,0.00000,0.00000
17.3500,1735,17,17.3501,49.80,0.55000,0.00000,0.00000,0.36000,0.00000,0.00000,0.55000,0.00000,0.00000,0.00000,-0.35000,0.00000,0.00000,0.36000,0.00000,0.00000,0.55000,0.00000,0.00000,0.00000,0.55000,0.00000,0.00000,-0.28000,0.00000,0.00000,0.55000,0.00000,0.00000,0.00000,-0.35000,0.00000,0.00000,-0.28000,0.00000,0.00000,0.55000,0.00000,0.00000,0.00000,0.54871,-0.00824,-0.00227,0.36059,0.00343,-0.00054,0.57800,0.13155,0.00000,0.00000,-0.35058,-0.00408,-0.00157,0.35985,-0.00120,0.00061,0.57196,0.11232,0.00000,0.00000,0.54942,-0.00408,-0.00157,-0.28015,-0.00120,0.00061,0.57196,0.11232,0.00000,0.00000,-0.35058,-0.00408,-0.00157,-0.28015,-0.00120,0.00061,0.57196,0.11232,0.00000,0.00000
17.4000,1740,17,17.4001,49.94,0.55000,0.00000,0.00000,0.36000,0.00000,0.00000,0.55000,0.00000,0.00000,0.00000,-0.35000,0.00000,0.00000,0.36000,0.00000,0.00000,0.55000,0.00000,0.00000,0.00000,0.55000,0.00000,0.00000,-0.28000,0.00000,0.00000,0.55000,0.00000,0.00000,0.00000,-0.35000,0.00000,0.00000,-0.28000,0.00000,0.00000,0.55000,0.00000,0.00000,0.00000,0.54827,-0.00928,-0.00195,0.36077,0.00362,-0.00024,0.58479,0.13964,0.00000,0.00000,-0.35080,-0.00485,-0.00156,0.35978,-0.00152,0.00067,0.57782,0.12182,0.00000,0.00000,0.54920,-0.00485,-0.00156,-0.28022,-0.00152,0.00067,0.57782,0.12182,0.00000,0.00000,-0.35080,-0.00485,-0.00156,-0.28022,-0.00152,0.00067,0.57782,0.12182,0.00000,0.00000
17.4500,1745,17,17.4504,50.34,0.55000,0.00000,0.00000,0.36000,0.00000,0.00000,0.55000,0.00000,0.00000,0.00000,-0.35000,0.00000,0.00000,0.36000,0.00000,0.00000,0.55000,0.00000,0.00000,0.00000,0.55000,0.00000,0.00000,-0.28000,0.00000,0.00000,0.55000,0.00000,0.00000,0.00000,-0.35000,0.00000,0.00000,-0.28000,0.00000,0.00000,0.55000,0.00000,0.00000,0.00000,0.54778,-0.01015,-0.00163,0.36095,0.00366,0.00005,0.59194,0.14609,0.00000,0.00000,-0.35106,-0.00560,-0.00152,0.35970,-0.00186,0.00073,0.58412,0.12977,0.00000,0.00000,0.54894,-0.00560,-0.00152,-0.28030,-0.00186,0.00073,0.58412,0.12977,0.00000,0.00000,-0.35106,-0.00560,-0.00152,-0.28030,-0.00186,0.00073,0.58412,0.12977,0.00000,0.00000
17.5000,1750,17,17.5003,49.90,0.55000,0.00000,0.00000,0.36000,0.00000,0.00000,0.55000,0.00000,0.00000,0.00000,-0.35000,0.00000,0.00000,0.36000,0.00000,0.00000,0.55000,0.00000,0.00000,0.00000,0.55000,0.00000,0.00000,-0.28000,0.00000,0.00000,0.55000,0.00000,0.00000,0.00000,-0.35000,0.00000,0.00000,-0.28000,0.00000,0.00000,0.55000,0.00000,0.00000,0.00000,0.54725,-0.01088,-0.00134,0.36113,0.00357,0.00033,0.59937,0.15106,0.00000,0.00000,-0.35136,-0.00634,-0.00147,0.35959,-0.00223,0.00080,0.59077,0.13626,0.00000,0.00000,0.54864,-0.00634,-0.00147,-0.28041,-0.00223,0.00080,0.59077,0.13626,0.00000,0.00000,-0.35136,-0.00634,-0.00147,-0.28041,-0.00223,0.00080,0.59077,0.13626,0.00000,0.00000
17.5500,1755,17,17.5504,50.11,0.55000,0.00000,0.00000,0.36000,0.00000,0.00000,0.55000,0.00000,0.00000,0.00000,-0.35000,0.00000,0.00000,0.36000,0.00000,0.00000,0.55000,0.00000,0.00000,0.00000,0.55000,0.00000,0.00000,-0.28000,0.00000,0.00000,0.55000,0.00000,0.00000,0.00000,-0.35000,0.00000,0.00000,-0.28000,0.00000,0.00000,0.55000,0.00000,0.00000,0.00000,0.54670,-0.01147,-0.00107,0.36131,0.00335,0.00058,0.60702,0.15469,0.00000,0.00000,-0.35169,-0.00705,-0.00142,0.35947,-0.00264,0.00086,0.59772,0.14135,0.00000,0.00000,0.54831,-0.00705,-0.00142,-0.28053,-0.00264,0.00086,0.59772,0.14135,0.00000,0.00000,-0.35169,-0.00705,-0.00142,-0.28053,-0.00264,0.00086,0.59772,0.14135,0.00000,0.00000
17.6000,1760,17,17.6001,49.65,0.55000,0.00000,0.00000,0.36000,0.00000,0.00000,0.55000,0.00000,0.00000,0.00000,-0.35000,0.00000,0.00000,0.36000,0.00000,0.00000,0.55000,0.00000,0.00000,0.00000,0.55000,0.00000,0.00000,-0.28000,0.00000,0.00000,0.55000,0.00000,0.00000,0.00000,-0.35000,0.00000,0.00000,-0.28000,0.00000,0.00000,0.55000,0.00000,0.00000,0.00000,0.54611,-0.01193,-0.00084,0.36146,0.00300,0.00082,0.61482,0.15711,0.00000,0.00000,-0.35206,-0.00773,-0.00136,0.35933,-0.00308,0.00092,0.60489,0.14512,0.00000,0.00000,0.54794,-0.00773,-0.00136,-0.28067,-0.00308,0.00092,0.60489,0.14512,0.00000,0.00000,-0.35206,-0.00773,-0.00136,-0.28067,-0.00308,0.00092,0.60489,0.14512,0.00000,0.00000
17.6500,1765,17,17.6501,50.01,0.55000,0.00000,0.00000,0.36000,0.00000,0.00000,0.55000,0.00000,0.00000,0.00000,-0.35000,0.00000,0.00000,0.36000,0.00000,0.00000,0.55000,0.00000,0.00000,0.00000,0.55000,0.00000,0.00000,-0.28000,0.00000,0.00000,0.55000,0.00000,0.00000,0.00000,-0.35000,0.00000,0.00000,-0.28000,0.00000,0.00000,0.55000,0.00000,0.00000,0.00000,0.54550,-0.01229,-0.00064,0.36160,0.00255,0.00102,0.62272,0.15842,0.00000,0.00000,-0.35247,-0.00838,-0.00130,0.35916,-0.00354,0.00098,0.61221,0.14764,0.00000,0.00000,0.54753,-0.00838,-0.00130,-0.28084,-0.00354,0.00098,0.61221,0.14764,0.00000,0.00000,-0.35247,-0.00838,-0.00130,-0.28084,-0.00354,0.00098,0.61221,0.14764,0.00000,0.00000
17.7000,1770,17,17.7004,50.29,0.55000,0.00000,0.00000,0.36000,0.00000,0.00000,0.55000,0.00000,0.00000,0.00000,-0.35000,0.00000,0.00000,0.36000,0.00000,0.00000,0.55000,0.00000,0.00000,0.00000,0.55000,0.00000,0.00000,-0.28000,0.00000,0.00000,0.55000,0.00000,0.00000,0.00000,-0.35000,0.00000,0.00000,-0.28000,0.00000,0.00000,0.55000,0.00000,0.00000,0.00000,0.54488,-0.01257,-0.00047,0.36172,0.00200,0.00121,0.63065,0.15873,0.00000,0.00000,-0.35290,-0.00901,-0.00125,0.35897,-0.00404,0.00104,0.61963,0.14897,0.00000,0.00000,0.54710,-0.00901,-0.00125,-0.28103,-0.00404,0.00104,0.61963,0.14897,0.00000,0.00000,-0.35290,-0.00901,-0.00125,-0.28103,-0.00404,0.00104,0.61963,0.14897,0.00000,0.00000
17.7500,1775,17,17.7502,49.86,0.55000,0.00000,0.00000,0.36000,0.00000,0.00000,0.55000,0.00000,0.00000,0.00000,-0.35000,0.00000,0.00000,0.36000,0.00000,0.00000,0.55000,0.00000,0.00000,0.00000,0.55000,0.00000,0.00000,-0.28000,0.00000,0.00000,0.55000,0.00000,0.00000,0.00000,-0.35000,0.00000,0.00000,-0.28000,0.00000,0.00000,0.55000,0.00000,0.00000,0.00000,0.54425,-0.01276,-0.00033,0.36180,0.00136,0.00140,0.63857,0.15809,0.00000,0.00000,-0.35337,-0.00960,-0.00119,0.35876,-0.00456,0.00110,0.62709,0.14916,0.00000,0.00000,0.54663,-0.00960,-0.00119,-0.28124,-0.00456,0.00110,0.62709,0.14916,0.00000,0.00000,-0.35337,-0.00960,-0.00119,-0.28124,-0.00456,0.00110,0.62709,0.14916,0.00000,0.00000
17.8000,1780,17,17.8002,50.00,0.55000,0.00000,0.00000,0.36000,0.00000,0.00000,0.55000,0.00000,0.00000,0.00000,-0.35000,0.00000,0.00000,0.36000,0.00000,0.00000,0.55000,0.00000,0.00000,0.00000,0.55000,0.00000,0.00000,-0.28000,0.00000,0.00000,0.55000,0.00000,0.00000,0.00000,-0.35000,0.00000,0.00000,-0.28000,0.00000,0.00000,0.55000,0.00000,0.00000,0.00000,0.54361,-0.01289,-0.00021,0.36185,0.00063,0.00158,0.64644,0.15651,0.00000,0.00000,-0.35386,-0.01017,-0.00113,0.35852,-0.00511,0.00116,0.63453,0.14828,0.00000,0.00000,0.54614,-0.01017,-0.00113,-0.28148,-0.00511,0.00116,0.63453,0.14828,0.00000,0.00000,-0.35386,-0.01017,-0.00113,-0.28148,-0.00511,0.00116,0.63453,0.14828,0.00000,0.00000
17.8500,1785,17,17.8501,49.88,0.55000,0.00000,0.00000,0.36000,0.00000,0.00000,0.55000,0.00000,0.00000,0.00000,-0.35000,0.00000,0.00000,0.36000,0.00000,0.00000,0.55000,0.00000,0.00000,0.00000,0.55000,0.00000,0.00000,-0.28000,0.00000,0.00000,0.55000,0.00000,0.00000,0.00000,-0.35000,0.00000,0.00000,-0.28000,0.00000,0.00000,0.55000,0.00000,0.00000,0.00000,0.54296,-0.01297,-0.00012,0.36186,-0.00019,0.00176,0.65421,0.15401,0.00000,0.00000,-0.35438,-0.01071,-0.00108,0.35825,-0.00570,0.00121,0.64190,0.14638,0.00000,0.00000,0.54562,-0.01071,-0.00108,-0.28175,-0.00570,0.00121,0.64190,0.14638,0.00000,0.00000,-0.35438,-0.01071,-0.00108,-0.28175,-0.00570,0.00121,0.64190,0.14638,0.00000,0.00000
17.9000,1790,17,17.9004,50.30,0.55000,0.00000,0.00000,0.36000,0.00000,0.00000,0.55000,0.00000,0.00000,0.00000,-0.35000,0.00000,0.00000,0.36000,0.00000,0.00000,0.55000,0.00000,0.00000,0.00000,0.55000,0.00000,0.00000,-0.28000,0.00000,0.00000,0.55000,0.00000,0.00000,0.00000,-0.35000,0.00000,0.00000,-0.28000,0.00000,0.00000,0.55000,0.00000,0.00000,0.00000,0.54231,-0.01301,-0.00005,0.36183,-0.00110,0.00193,0.66183,0.15060,0.00000,0.00000,-0.35493,-0.01123,-0.00102,0.35795,-0.00630,0.00126,0.64915,0.14349,0.00000,0.00000,0.54507,-0.01123,-0.00102,-0.28205,-0.00630,0.00126,0.64915,0.14349,0.00000,0.00000,-0.35493,-0.01123,-0.00102,-0.28205,-0.00630,0.00126,0.64915,0.14349,0.00000,0.00000
17.9500,1795,17,17.9505,50.07,0.55000,0.00000,0.00000,0.36000,0.00000,0.00000,0.55000,0.00000,0.00000,0.00000,-0.35000,0.00000,0.00000,0.36000,0.00000,0.00000,0.55000,0.00000,0.00000,0.00000,0.55000,0.00000,0.00000,-0.28000,0.00000,0.00000,0.55000,0.00000,0.00000,0.00000,-0.35000,0.00000,0.00000,-0.28000,0.00000,0.00000,0.55000,0.00000,0.00000,0.00000,0.54166,-0.01302,0.00000,0.36175,-0.00208,0.00210,0.66925,0.14626,0.00000,0.00000,-0.35550,-0.01172,-0.00097,0.35762,-0.00693,0.00131,0.65623,0.13967,0.00000,0.00000,0.54450,-0.01172,-0.00097,-0.28238,-0.00693,0.00131,0.65623,0.13967,0.00000,0.00000,-0.35550,-0.01172,-0.00097,-0.28238,-0.00693,0.00131,0.65623,0.13967,0.00000,0.00000
18.0000,1800,18,18.0006,50.06,0.55000,0.00000,0.00000,0.36000,0.00000,0.00000,0.55000,0.00000,0.00000,0.00000,-0.35000,0.00000,0.00000,0.36000,0.00000,0.00000,0.55000,0.00000,0.00000,0.00000,0.55000,0.00000,0.00000,-0.28000,0.00000,0.00000,0.55000,0.00000,0.00000,0.00000,-0.35000,0.00000,0.00000,-0.28000,0.00000,0.00000,0.55000,0.00000,0.00000,0.00000,0.55000,0.00000,0.00000,0.36000,0.00000,0.00000,0.55000,0.00000,0.00000,0.00000,-0.35000,0.00000,0.00000,0.36000,0.00000,0.00000,0.55000,0.00000,0.00000,0.00000,0.55000,0.00000,0.00000,-0.28000,0.00000,0.00000,0.55000,0.00000,0.00000,0.00000,-0.35000,0.00000,0.00000,-0.28000,0.00000,0.00000,0.55000,0.00000,0.00000,0.00000
18.0500,1805,18,18.0502,49.68,0.55000,0.00000,0.00000,0.36000,0.00000,0.00000,0.55000,0.00000,0.00000,0.00000,-0.35000,0.00000,0.00000,0.36000,0.00000,0.00000,0.55000,0.00000,0.00000,0.00000,0.55000,0.00000,0.00000,-0.28000,0.00000,0.00000,0.55000,0.00000,0.00000,0.00000,-0.35000,0.00000,0.00000,-0.28000,0.00000,0.00000,0.55000,0.00000,0.00000,0.00000,0.55000,-0.00014,-0.00052,0.36000,-0.00016,0.00062,0.55069,0.02613,0.00000,0.00000,-0.35000,-0.00012,-0.00044,0.36000,-0.00020,0.00075,0.55031,0.01228,0.00000,0.00000,0.55000,-0.00012,-0.00044,-0.28000,-0.00020,0.00075,0.55031,0.01228,0.00000,0.00000,-0.35000,-0.00012,-0.00044,-0.28000,-0.00020,0.00075,0.55031,0.01228,0.00000,0.00000
18.1000,1810,18,18.1004,50.21,0.55000,0.00000,0.00000,0.36000,0.00000,0.00000,0.55000,0.00000,0.00000,0.00000,-0.35000,0.00000,0.00000,0.36000,0.00000,0.00000,0.55000,0.00000,0.00000,0.00000,0.55000,0.00000,0.00000,-0.28000,0.00000,0.00000,0.55000,0.00000,0.00000,0.00000,-0.35000,0.00000,0.00000,-0.28000,0.00000,0.00000,0.55000,0.00000,0.00000,0.00000,0.54998,-0.00048,-0.00085,0.35998,-0.00059,0.00114,0.55249,0.04479,0.00000,0.00000,-0.35001,-0.00041,-0.00074,0.35998,-0.00069,0.00125,0.55121,0.02335,0.00000,0.00000,0.54999,-0.00041,-0.00074,-0.28002,-0.00069,0.00125,0.55121,0.02335,0.00000,0.00000,-0.35001,-0.00041,-0.00074,-0.28002,-0.00069,0.00125,0.55121,0.02335,0.00000,0.00000
18.1500,1815,18,18.1503,49.86,0.55000,0.00000,0.00000,0.36000,0.00000,0.00000,0.55000,0.00000,0.00000,0.00000,-0.35000,0.00000,0.00000,0.36000,0.00000,0.00000,0.55000,0.00000,0.00000,0.00000,0.55000,0.00000,0.00000,-0.28000,0.00000,0.00000,0.55000,0.00000,0.00000,0.00000,-0.35000,0.00000,0.00000,-0.28000,0.00000,0.00000,0.55000,0.00000,0.00000,0.00000,0.54995,-0.00095,-0.00108,0.35993,-0.00126,0.00156,0.55507,0.05773,0.00000,0.00000,-0.35005,-0.00082,-0.00093,0.35992,-0.00139,0.00158,0.55262,0.03293,0.00000,0.00000,0.54995,-0.00082,-0.00093,-0.28008,-0.00139,0.00158,0.55262,0.03293,0.00000,0.00000,-0.35005,-0.00082,-0.00093,-0.28008,-0.00139,0.00158,0.55262,0.03293,0.00000,0.00000
18.2000,1820,18,18.2002,49.93,0.55000,0.00000,0.00000,0.36000,0.00000,0.00000,0.55000,0.00000,0.00000,0.00000,-0.35000,0.00000,0.00000,0.36000,0.00000,0.00000,0.55000,0.00000,0.00000,0.00000,0.55000,0.00000,0.00000,-0.28000,0.00000,0.00000,0.55000,0.00000,0.00000,0.00000,-0.35000,0.00000,0.00000,-0.28000,0.00000,0.00000,0.55000,0.00000,0.00000,0.00000,0.54989,-0.00153,-0.00126,0.35985,-0.00211,0.00189,0.55819,0.06631,0.00000,0.00000,-0.35010,-0.00131,-0.00105,0.35983,-0.00223,0.00180,0.55447,0.04088,0.00000,0.00000,0.54990,-0.00131,-0.00105,-0.28017,-0.00223,0.00180,0.55447,0.04088,0.00000,0.00000,-0.35010,-0.00131,-0.00105,-0.28017,-0.00223,0.00180,0.55447,0.04088,0.00000,0.00000
18.2500,1825,18,18.2501,49.86,0.55000,0.00000,0.00000,0.36000,0.00000,0.00000,0.55000,0.00000,0.00000,0.00000,-0.35000,0.00000,0.00000,0.36000,0.00000,0.00000,0.55000,0.00000,0.00000,0.00000,0.55000,0.00000,0.00000,-0.28000,0.00000,0.00000,0.55000,0.00000,0.00000,0.00000,-0.35000,0.00000,0.00000,-0.28000,0.00000,0.00000,0.55000,0.00000,0.00000,0.00000,0.54979,-0.00218,-0.00140,0.35972,-0.00310,0.00215,0.56165,0.07150,0.00000,0.00000,-0.35018,-0.00185,-0.00113,0.35970,-0.00315,0.00194,0.55668,0.04719,0.00000,0.00000,0.54982,-0.00185,-0.00113,-0.28030,-0.00315,0.00194,0.55668,0.04719,0.00000,0.00000,-0.35018,-0.00185,-0.00113,-0.28030,-0.00315,0.00194,0.55668,0.04719,0.00000,0.00000
18.3000,1830,18,18.3002,50.11,0.55000,0.00000,0.00000,0.36000,0.00000,0.00000,0.55000,0.00000,0.00000,0.00000,-0.35000,0.00000,0.00000,0.36000,0.00000,0.00000,0.55000,0.00000,0.00000,0.00000,0.55000,0.00000,0.00000,-0.28000,0.00000,0.00000,0.55000,0.00000,0.00000,0.00000,-0.35000,0.00000,0.00000,-0.28000,0.00000,0.00000,0.55000,0.00000,0.00000,0.00000,0.54967,-0.00290,-0.00151,0.35954,-0.00421,0.00235,0.56530,0.07403,0.00000,0.00000,-0.35028,-0.00241,-0.00117,0.35952,-0.00412,0.00202,0.55917,0.05190,0.00000,0.00000,0.54972,-0.00241,-0.00117,-0.28048,-0.00412,0.00202,0.55917,0.05190,0.00000,0.00000,-0.35028,-0.00241,-0.00117,-0.28048,-0.00412,0.00202,0.55917,0.05190,0.00000,0.00000
18.3500,1835,18,18.3505,50.29,0.55000,0.00000,0.00000,0.36000,0.00000,0.00000,0.55000,0.00000,0.00000,0.00000,-0.35000,0.00000,0.00000,0.36000,0.00000,0.00000,0.55000,0.00000,0.00000,0.00000,0.55000,0.00000,0.00000,-0.28000,0.00000,0.00000,0.55000,0.00000,0.00000,0.00000,-0.35000,0.00000,0.00000,-0.28000,0.00000,0.00000,0.55000,0.00000,0.00000,0.00000,0.54950,-0.00366,-0.00162,0.35930,-0.00540,0.00250,0.56902,0.07445,0.00000,0.00000,-0.35042,-0.00299,-0.00118,0.35929,-0.00512,0.00206,0.56185,0.05510,0.00000,0.00000,0.54958,-0.00299,-0.00118,-0.28071,-0.00512,0.00206,0.56185,0.05510,0.00000,0.00000,-0.35042,-0.00299,-0.00118,-0.28071,-0.00512,0.00206,0.56185,0.05510,0.00000,0.00000
18.4000,1840,18,18.4004,49.92,0.55000,0.00000,0.00000,0.36000,0.00000,0.00000,0.55000,0.00000,0.00000,0.00000,-0.35000,0.00000,0.00000,0.36000,0.00000,0.00000,0.55000,0.00000,0.00000,0.00000,0.55000,0.00000,0.00000,-0.28000,0.00000,0.00000,0.55000,0.00000,0.00000,0.00000,-0.35000,0.00000,0.00000,-0.28000,0.00000,0.00000,0.55000,0.00000,0.00000,0.00000,0.54930,-0.00448,-0.00171,0.35900,-0.00665,0.00259,0.57271,0.07318,0.00000,0.00000,-0.35058,-0.00357,-0.00118,0.35901,-0.00613,0.00208,0.56465,0.05691,0.00000,0.00000,0.54942,-0.00357,-0.00118,-0.28099,-0.00613,0.00208,0.56465,0.05691,0.00000,0.00000,-0.35058,-0.00357,-0.00118,-0.28099,-0.00613,0.00208,0.56465,0.05691,0.00000,0.00000
18.4500,1845,18,18.4504,50.01,0.55000,0.00000,0.00000,0.36000,0.00000,0.00000,0.55000,0.00000,0.00000,0.00000,-0.35000,0.00000,0.00000,0.36000,0.00000,0.00000,0.55000,0.00000,0.00000,0.00000,0.55000,0.00000,0.00000,-0.28000,0.00000,0.00000,0.55000,0.00000,0.00000,0.00000,-0.35000,0.00000,0.00000,-0.28000,0.00000,0.00000,0.55000,0.00000,0.00000,0.00000,0.54905,-0.00534,-0.00178,0.35863,-0.00794,0.00265,0.57631,0.07059,0.00000,0.00000,-0.35078,-0.00414,-0.00116,0.35867,-0.00715,0.00207,0.56752,0.05747,0.00000,0.00000,0.54922,-0.00414,-0.00116,-0.28133,-0.00715,0.00207,0.56752,0.05747,0.00000,0.00000,-0.35078,-0.00414,-0.00116,-0.28133,-0.00715,0.00207,0.56752,0.05747,0.00000,0.00000
18.5000,1850,18,18.5005,50.08,0.55000,0.00000,0.00000,0.36000,0.00000,0.00000,0.55000,0.00000,0.00000,0.00000,-0.35000,0.00000,0.00000,0.36000,0.00000,0.00000,0.55000,0.00000,0.00000,0.00000,0.55000,0.00000,0.00000,-0.28000,0.00000,0.00000,0.55000,0.00000,0.00000,0.00000,-0.35000,0.00000,0.00000,-0.28000,0.00000,0.00000,0.55000,0.00000,0.00000,0.00000,0.54877,-0.00623,-0.00184,0.35820,-0.00925,0.00267,0.57975,0.06695,0.00000,0.00000,-0.35100,-0.00471,-0.00114,0.35829,-0.00816,0.00205,0.57038,0.05690,0.00000,0.00000,0.54900,-0.00471,-0.00114,-0.28171,-0.00816,0.00205,0.57038,0.05690,0.00000,0.00000,-0.35100,-0.00471,-0.00114,-0.28171,-0.00816,0.00205,0.57038,0.05690,0.00000,0.00000
18.5500,1855,18,18.5504,49.91,0.55000,0.00000,0.00000,0.36000,0.00000,0.00000,0.55000,0.00000,0.00000,0.00000,-0.35000,0.00000,0.00000,0.36000,0.00000,0.00000,0.55000,0.00000,0.00000,0.00000,0.55000,0.00000,0.00000,-0.28000,0.00000,0.00000,0.55000,0.00000,0.00000,0.00000,-0.35000,0.00000,0.00000,-0.28000,0.00000,0.00000,0.55000,0.00000,0.00000,0.00000,0.54843,-0.00713,-0.00186,0.35771,-0.01056,0.00266,0.58299,0.06252,0.00000,0.00000,-0.35125,-0.00526,-0.00111,0.35786,-0.00917,0.00203,0.57319,0.05535,0.00000,0.00000,0.54875,-0.00526,-0.00111,-0.28214,-0.00917,0.00203,0.57319,0.05535,0.00000,0.00000,-0.35125,-0.00526,-0.00111,-0.28214,-0.00917,0.00203,0.57319,0.05535,0.00000,0.00000
18.6000,1860,18,18.6002,49.78,0.55000,0.00000,0.00000,0.36000,0.00000,0.00000,0.55000,0.00000,0.00000,0.00000,-0.35000,0.00000,0.00000,0.36000,0.00000,0.00000,0.55000,0.00000,0.00000,0.00000,0.55000,0.00000,0.00000,-0.28000,0.00000,0.00000,0.55000,0.00000,0.00000,0.00000,-0.35000,0.00000,0.00000,-0.28000,0.00000,0.00000,0.55000,0.00000,0.00000,0.00000,0.54805,-0.00805,-0.00186,0.35715,-0.01186,0.00263,0.58600,0.05749,0.00000,0.00000,-0.35152,-0.00580,-0.00107,0.35737,-0.01015,0.00199,0.57590,0.05293,0.00000,0.00000,0.54848,-0.00580,-0.00107,-0.28263,-0.01015,0.00199,0.57590,0.05293,0.00000,0.00000,-0.35152,-0.00580,-0.00107,-0.28263,-0.01015,0.00199,0.57590,0.05293,0.00000,0.00000
18.6500,1865,18,18.6505,50.29,0.55000,0.00000,0.00000,0.36000,0.00000,0.00000,0.55000,0.00000,0.00000,0.00000,-0.35000,0.00000,0.00000,0.36000,0.00000,0.00000,0.55000,0.00000,0.00000,0.00000,0.55000,0.00000,0.00000,-0.28000,0.00000,0.00000,0.55000,0.00000,0.00000,0.00000,-0.35000,0.00000,0.00000,-0.28000,0.00000,0.00000,0.55000,0.00000,0.00000,0.00000,0.54763,-0.00896,-0.00182,0.35652,-0.01314,0.00258,0.58873,0.05203,0.00000,0.00000,-0.35183,-0.00631,-0.00103,0.35684,-0.01112,0.00195,0.57847,0.04978,0.00000,0.00000,0.54817,-0.00631,-0.00103,-0.28316,-0.01112,0.00195,0.57847,0.04978,0.00000,0.00000,-0.35183,-0.00631,-0.00103,-0.28316,-0.01112,0.00195,0.57847,0.04978,0.00000,0.00000
18.7000,1870,18,18.7003,49.84,0.55000,0.00000,0.00000,0.36000,0.00000,0.00000,0.55000,0.00000,0.00000,0.00000,-0.35000,0.00000,0.00000,0.36000,0.00000,0.00000,0.55000,0.00000,0.00000,0.00000,0.55000,0.00000,0.00000,-0.28000,0.00000,0.00000,0.55000,0.00000,0.00000,0.00000,-0.35000,0.00000,0.00000,-0.28000,0.00000,0.00000,0.55000,0.00000,0.00000,0.00000,0.54716,-0.00983,-0.00175,0.35583,-0.01439,0.00252,0.59119,0.04629,0.00000,0.00000,-0.35215,-0.00681,-0.00099,0.35626,-0.01207,0.00191,0.58087,0.04599,0.00000,0.00000,0.54785,-0.00681,-0.00099,-0.28374,-0.01207,0.00191,0.58087,0.04599,0.00000,0.00000,-0.35215,-0.00681,-0.00099,-0.28374,-0.01207,0.00191,0.58087,0.04599,0.00000,0.00000
18.7500,1875,18,18.7505,50.14,0.55000,0.00000,0.00000,0.36000,0.00000,0.00000,0.55000,0.00000,0.00000,0.00000,-0.35000,0.00000,0.00000,0.36000,0.00000,0.00000,0.55000,0.00000,0.00000,0.00000,0.55000,0.00000,0.00000,-0.28000,0.00000,0.00000,0.55000,0.00000,0.00000,0.00000,-0.35000,0.00000,0.00000,-0.28000,0.00000,0.00000,0.55000,0.00000,0.00000,0.00000,0.54664,-0.01066,-0.00163,0.35508,-0.01561,0.00246,0.59336,0.04037,0.00000,0.00000,-0.35251,-0.00728,-0.00094,0.35564,-0.01299,0.00186,0.58306,0.04166,0.00000,0.00000,0.54749,-0.00728,-0.00094,-0.28436,-0.01299,0.00186,0.58306,0.04166,0.00000,0.00000,-0.35251,-0.00728,-0.00094,-0.28436,-0.01299,0.00186,0.58306,0.04166,0.00000,0.00000
18.8000,1880,18,18.8004,49.93,0.55000,0.00000,0.00000,0.36000,0.00000,0.00000,0.55000,0.00000,0.00000,0.00000,-0.35000,0.00000,0.00000,0.36000,0.00000,0.00000,0.55000,0.00000,0.00000,0.00000,0.55000,0.00000,0.00000,-0.28000,0.00000,0.00000,0.55000,0.00000,0.00000,0.00000,-0.35000,0.00000,0.00000,-0.28000,0.00000,0.00000,0.55000,0.00000,0.00000,0.00000,0.54609,-0.01142,-0.00146,0.35427,-0.01680,0.00239,0.59523,0.03435,0.00000,0.00000,-0.35288,-0.00773,-0.00089,0.35496,-0.01389,0.00181,0.58503,0.03687,0.00000,0.00000,0.54712,-0.00773,-0.00089,-0.28504,-0.01389,0.00181,0.58503,0.03687,0.00000,0.00000,-0.35288,-0.00773,-0.00089,-0.28504,-0.01389,0.00181,0.58503,0.03687,0.00000,0.00000
18.8500,1885,18,18.8504,50.03,0.55000,0.00000,0.00000,0.36000,0.00000,0.00000,0.55000,0.00000,0.00000,0.00000,-0.35000,0.00000,0.00000,0.36000,0.00000,0.00000,0.55000,0.00000,0.00000,0.00000,0.55000,0.00000,0.00000,-0.28000,0.00000,0.00000,0.55000,0.00000,0.00000,0.00000,-0.35000,0.00000,0.00000,-0.28000,0.00000,0.00000,0.55000,0.00000,0.00000,0.00000,0.54550,-0.01209,-0.00127,0.35340,-0.01796,0.00233,0.59680,0.02827,0.00000,0.00000,-0.35328,-0.00816,-0.00084,0.35425,-0.01477,0.00176,0.58674,0.03168,0.00000,0.00000,0.54672,-0.00816,-0.00084,-0.28575,-0.01477,0.00176,0.58674,0.03168,0.00000,0.00000,-0.35328,-0.00816,-0.00084,-0.28575,-0.01477,0.00176,0.58674,0.03168,0.00000,0.00000
18.9000,1890,18,18.9004,49.99,0.55000,0.00000,0.00000,0.36000,0.00000,0.00000,0.55000,0.00000,0.00000,0.00000,-0.35000,0.00000,0.00000,0.36000,0.00000,0.00000,0.55000,0.00000,0.00000,0.00000,0.55000,0.00000,0.00000,-0.28000,0.00000,0.00000,0.55000,0.00000,0.00000,0.00000,-0.35000,0.00000,0.00000,-0.28000,0.00000,0.00000,0.55000,0.00000,0.00000,0.00000,0.54488,-0.01266,-0.00107,0.35248,-0.01908,0.00226,0.59805,0.02211,0.00000,0.00000,-0.35370,-0.00856,-0.00079,0.35349,-0.01561,0.00170,0.58819,0.02616,0.00000,0.00000,0.54630,-0.00856,-0.00079,-0.28651,-0.01561,0.00170,0.58819,0.02616,0.00000,0.00000,-0.35370,-0.00856,-0.00079,-0.28651,-0.01561,0.00170,0.58819,0.02616,0.00000,0.00000
18.9500,1895,18,18.9504,50.00,0.55000,0.00000,0.00000,0.36000,0.00000,0.00000,0.55000,0.00000,0.00000,0.00000,-0.35000,0.00000,0.00000,0.36000,0.00000,0.00000,0.55000,0.00000,0.00000,0.00000,0.55000,0.00000,0.00000,-0.28000,0.00000,0.00000,0.55000,0.00000,0.00000,0.00000,-0.35000,0.00000,0.00000,-0.28000,0.00000,0.00000,0.55000,0.00000,0.00000,0.00000,0.54424,-0.01314,-0.00088,0.35150,-0.02018,0.00220,0.59900,0.01585,0.00000,0.00000,-0.35413,-0.00893,-0.00074,0.35269,-0.01643,0.00164,0.58935,0.02034,0.00000,0.00000,0.54587,-0.00893,-0.00074,-0.28731,-0.01643,0.00164,0.58935,0.02034,0.00000,0.00000,-0.35413,-0.00893,-0.00074,-0.28731,-0.01643,0.00164,0.58935,0.02034,0.00000,0.00000
19.0000,1900,19,19.0006,50.15,0.55000,0.00000,0.00000,0.36000,0.00000,0.00000,0.55000,0.00000,0.00000,0.00000,-0.35000,0.00000,0.00000,0.36000,0.00000,0.00000,0.55000,0.00000,0.00000,0.00000,0.55000,0.00000,0.00000,-0.28000,0.00000,0.00000,0.55000,0.00000,0.00000,0.00000,-0.35000,0.00000,0.00000,-0.28000,0.00000,0.00000,0.55000,0.00000,0.00000,0.00000,0.55000,0.00000,0.00000,0.36000,0.00000,0.00000,0.55000,0.00000,0.00000,0.00000,-0.35000,0.00000,0.00000,0.36000,0.00000,0.00000,0.55000,0.00000,0.00000,0.00000,0.55000,0.00000,0.00000,-0.28000,0.00000,0.00000,0.55000,0.00000,0.00000,0.00000,-0.35000,0.00000,0.00000,-0.28000,0.00000,0.00000,0.55000,0.00000,0.00000,0.00000
19.0500,1905,19,19.0502,49.64,0.55000,0.00000,0.00000,0.36000,0.00000,0.00000,0.55000,0.00000,0.00000,0.00000,-0.35000,0.00000,0.00000,0.36000,0.00000,0.00000,0.55000,0.00000,0.00000,0.00000,0.55000,0.00000,0.00000,-0.28000,0.00000,0.00000,0.55000,0.00000,0.00000,0.00000,-0.35000,0.00000,0.00000,-0.28000,0.00000,0.00000,0.55000,0.00000,0.00000,0.00000,0.55000,-0.00016,-0.00059,0.35999,-0.00035,0.00132,0.54998,-0.00103,0.00000,0.00000,-0.35000,-0.00003,-0.00011,0.36000,-0.00011,0.00042,0.54990,-0.00420,0.00000,0.00000,0.55000,-0.00003,-0.00011,-0.28000,-0.00011,0.00042,0.54990,-0.00420,0.00000,0.00000,-0.35000,-0.00003,-0.00011,-0.28000,-0.00011,0.00042,0.54990,-0.00420,0.00000,0.00000
19.1000,1910,19,19.1005,50.26,0.55000,0.00000,0.00000,0.36000,0.00000,0.00000,0.55000,0.00000,0.00000,0.00000,-0.35000,0.00000,0.00000,0.36000,0.00000,0.00000,0.55000,0.00000,0.00000,0.00000,0.55000,0.00000,0.00000,-0.28000,0.00000,0.00000,0.55000,0.00000,0.00000,0.00000,-0.35000,0.00000,0.00000,-0.28000,0.00000,0.00000,0.55000,0.00000,0.00000,0.00000,0.54998,-0.00053,-0.00089,0.35996,-0.00121,0.00212,0.54987,-0.00363,0.00000,0.00000,-0.35000,-0.00010,-0.00018,0.35999,-0.00039,0.00070,0.54958,-0.00863,0.00000,0.00000,0.55000,-0.00010,-0.00018,-0.28001,-0.00039,0.00070,0.54958,-0.00863,0.00000,0.00000,-0.35000,-0.00010,-0.00018,-0.28001,-0.00039,0.00070,0.54958,-0.00863,0.00000,0.00000
19.1500,1915,19,19.1502,49.74,0.55000,0.00000,0.00000,0.36000,0.00000,0.00000,0.55000,0.00000,0.00000,0.00000,-0.35000,0.00000,0.00000,0.36000,0.00000,0.00000,0.55000,0.00000,0.00000,0.00000,0.55000,0.00000,0.00000,-0.28000,0.00000,0.00000,0.55000,0.00000,0.00000,0.00000,-0.35000,0.00000,0.00000,-0.28000,0.00000,0.00000,0.55000,0.00000,0.00000,0.00000,0.54994,-0.00100,-0.00099,0.35987,-0.00237,0.00258,0.54960,-0.00740,0.00000,0.00000,-0.35001,-0.00020,-0.00022,0.35996,-0.00078,0.00089,0.54903,-0.01336,0.00000,0.00000,0.54999,-0.00020,-0.00022,-0.28004,-0.00078,0.00089,0.54903,-0.01336,0.00000,0.00000,-0.35001,-0.00020,-0.00022,-0.28004,-0.00078,0.00089,0.54903,-0.01336,0.00000,0.00000
19.2000,1920,19,19.2005,50.27,0.55000,0.00000,0.00000,0.36000,0.00000,0.00000,0.55000,0.00000,0.00000,0.00000,-0.35000,0.00000,0.00000,0.36000,0.00000,0.00000,0.55000,0.00000,0.00000,0.00000,0.55000,0.00000,0.00000,-0.28000,0.00000,0.00000,0.55000,0.00000,0.00000,0.00000,-0.35000,0.00000,0.00000,-0.28000,0.00000,0.00000,0.55000,0.00000,0.00000,0.00000,0.54988,-0.00148,-0.00097,0.35972,-0.00370,0.00281,0.54912,-0.01209,0.00000,0.00000,-0.35002,-0.00031,-0.00025,0.35991,-0.00125,0.00100,0.54823,-0.01842,0.00000,0.00000,0.54998,-0.00031,-0.00025,-0.28009,-0.00125,0.00100,0.54823,-0.01842,0.00000,0.00000,-0.35002,-0.00031,-0.00025,-0.28009,-0.00125,0.00100,0.54823,-0.01842,0.00000,0.00000
19.2500,1925,19,19.2502,49.75,0.55000,0.00000,0.00000,0.36000,0.00000,0.00000,0.55000,0.00000,0.00000,0.00000,-0.35000,0.00000,0.00000,0.36000,0.00000,0.00000,0.55000,0.00000,0.00000,0.00000,0.55000,0.00000,0.00000,-0.28000,0.00000,0.00000,0.55000,0.00000,0.00000,0.00000,-0.35000,0.00000,0.00000,-0.28000,0.00000,0.00000,0.55000,0.00000,0.00000,0.00000,0.54980,-0.00194,-0.00088,0.35950,-0.00511,0.00288,0.54838,-0.01751,0.00000,0.00000,-0.35004,-0.00044,-0.00026,0.35983,-0.00175,0.00106,0.54718,-0.02383,0.00000,0.00000,0.54996,-0.00044,-0.00026,-0.28017,-0.00175,0.00106,0.54718,-0.02383,0.00000,0.00000,-0.35004,-0.00044,-0.00026,-0.28017,-0.00175,0.00106,0.54718,-0.02383,0.00000,0.00000
19.3000,1930,19,19.3005,50.23,0.55000,0.00000,0.00000,0.36000,0.00000,0.00000,0.55000,0.00000,0.00000,0.00000,-0.35000,0.00000,0.00000,0.36000,0.00000,0.00000,0.55000,0.00000,0.00000,0.00000,0.55000,0.00000,0.00000,-0.28000,0.00000,0.00000,0.55000,0.00000,0.00000,0.00000,-0.35000,0.00000,0.00000,-0.28000,0.00000,0.00000,0.55000,0.00000,0.00000,0.00000,0.54969,-0.00233,-0.00073,0.35921,-0.00652,0.00285,0.54735,-0.02358,0.00000,0.00000,-0.35007,-0.00057,-0.00026,0.35973,-0.00228,0.00108,0.54585,-0.02958,0.00000,0.00000,0.54993,-0.00057,-0.00026,-0.28027,-0.00228,0.00108,0.54585,-0.02958,0.00000,0.00000,-0.35007,-0.00057,-0.00026,-0.28027,-0.00228,0.00108,0.54585,-0.02958,0.00000,0.00000
19.3500,1935,19,19.3505,50.02,0.55000,0.00000,0.00000,0.36000,0.00000,0.00000,0.55000,0.00000,0.00000,0.00000,-0.35000,0.00000,0.00000,0.36000,0.00000,0.00000,0.55000,0.00000,0.00000,0.00000,0.55000,0.00000,0.00000,-0.28000,0.00000,0.00000,0.55000,0.00000,0.00000,0.00000,-0.35000,0.00000,0.00000,-0.28000,0.00000,0.00000,0.55000,0.00000,0.00000,0.00000,0.54956,-0.00265,-0.00057,0.35885,-0.00789,0.00274,0.54601,-0.03025,0.00000,0.00000,-0.35010,-0.00069,-0.00025,0.35960,-0.00280,0.00107,0.54422,-0.03566,0.00000,0.00000,0.54990,-0.00069,-0.00025,-0.28040,-0.00280,0.00107,0.54422,-0.03566,0.00000,0.00000,-0.35010,-0.00069,-0.00025,-0.28040,-0.00280,0.00107,0.54422,-0.03566,0.00000,0.00000
19.4000,1940,19,19.4005,50.01,0.55000,0.00000,0.00000,0.36000,0.00000,0.00000,0.55000,0.00000,0.00000,0.00000,-0.35000,0.00000,0.00000,0.36000,0.00000,0.00000,0.55000,0.00000,0.00000,0.00000,0.55000,0.00000,0.00000,-0.28000,0.00000,0.00000,0.55000,0.00000,0.00000,0.00000,-0.35000,0.00000,0.00000,-0.28000,0.00000,0.00000,0.55000,0.00000,0.00000,0.00000,0.54942,-0.00289,-0.00039,0.35842,-0.00920,0.00258,0.54432,-0.03753,0.00000,0.00000,-0.35014,-0.00082,-0.00024,0.35945,-0.00332,0.00103,0.54227,-0.04204,0.00000,0.00000,0.54986,-0.00082,-0.00024,-0.28055,-0.00332,0.00103,0.54227,-0.04204,0.00000,0.00000,-0.35014,-0.00082,-0.00024,-0.28055,-0.00332,0.00103,0.54227,-0.04204,0.00000,0.00000
19.4500,1945,19,19.4501,49.67,0.55000,0.00000,0.00000,0.36000,0.00000,0.00000,0.55000,0.00000,0.00000,0.00000,-0.35000,0.00000,0.00000,0.36000,0.00000,0.00000,0.55000,0.00000,0.00000,0.00000,0.55000,0.00000,0.00000,-0.28000,0.00000,0.00000,0.55000,0.00000,0.00000,0.00000,-0.35000,0.00000,0.00000,-0.28000,0.00000,0.00000,0.55000,0.00000,0.00000,0.00000,0.54928,-0.00304,-0.00023,0.35793,-0.01041,0.00237,0.54225,-0.04548,0.00000,0.00000,-0.35018,-0.00093,-0.00022,0.35927,-0.00381,0.00098,0.54001,-0.04869,0.00000,0.00000,0.54982,-0.00093,-0.00022,-0.28073,-0.00381,0.00098,0.54001,-0.04869,0.00000,0.00000,-0.35018,-0.00093,-0.00022,-0.28073,-0.00381,0.00098,0.54001,-0.04869,0.00000,0.00000
19.5000,1950,19,19.5005,50.33,0.55000,0.00000,0.00000,0.36000,0.00000,0.00000,0.55000,0.00000,0.00000,0.00000,-0.35000,0.00000,0.00000,0.36000,0.00000,0.00000,0.55000,0.00000,0.00000,0.00000,0.55000,0.00000,0.00000,-0.28000,0.00000,0.00000,0.55000,0.00000,0.00000,0.00000,-0.35000,0.00000,0.00000,-0.28000,0.00000,0.00000,0.55000,0.00000,0.00000,0.00000,0.54912,-0.00312,-0.00009,0.35738,-0.01151,0.00212,0.53976,-0.05423,0.00000,0.00000,-0.35023,-0.00103,-0.00020,0.35907,-0.00428,0.00090,0.53740,-0.05555,0.00000,0.00000,0.54977,-0.00103,-0.00020,-0.28093,-0.00428,0.00090,0.53740,-0.05555,0.00000,0.00000,-0.35023,-0.00103,-0.00020,-0.28093,-0.00428,0.00090,0.53740,-0.05555,0.00000,0.00000
19.5500,1955,19,19.5504,49.94,0.55000,0.00000,0.00000,0.36000,0.00000,0.00000,0.55000,0.00000,0.00000,0.00000,-0.35000,0.00000,0.00000,0.36000,0.00000,0.00000,0.55000,0.00000,0.00000,0.00000,0.55000,0.00000,0.00000,-0.28000,0.00000,0.00000,0.55000,0.00000,0.00000,0.00000,-0.35000,0.00000,0.00000,-0.28000,0.00000,0.00000,0.55000,0.00000,0.00000,0.00000,0.54897,-0.00313,0.00001,0.35678,-0.01248,0.00181,0.53681,-0.06400,0.00000,0.00000,-0.35028,-0.00113,-0.00017,0.35885,-0.00469,0.00079,0.53445,-0.06254,0.00000,0.00000,0.54972,-0.00113,-0.00017,-0.28115,-0.00469,0.00079,0.53445,-0.06254,0.00000,0.00000,-0.35028,-0.00113,-0.00017,-0.28115,-0.00469,0.00079,0.53445,-0.06254,0.00000,0.00000
19.6000,1960,19,19.6004,50.00,0.55000,0.00000,0.00000,0.36000,0.00000,0.00000,0.55000,0.00000,0.00000,0.00000,-0.35000,0.00000,0.00000,0.36000,0.00000,0.00000,0.55000,0.00000,0.00000,0.00000,0.55000,0.00000,0.00000,-0.28000,0.00000,0.00000,0.55000,0.00000,0.00000,0.00000,-0.35000,0.00000,0.00000,-0.28000,0.00000,0.00000,0.55000,0.00000,0.00000,0.00000,0.54881,-0.00311,0.00006,0.35613,-0.01327,0.00142,0.53333,-0.07516,0.00000,0.00000,-0.35034,-0.00120,-0.00014,0.35860,-0.00505,0.00065,0.53115,-0.06955,0.00000,0.00000,0.54966,-0.00120,-0.00014,-0.28140,-0.00505,0.00065,0.53115,-0.06955,0.00000,0.00000,-0.35034,-0.00120,-0.00014,-0.28140,-0.00505,0.00065,0.53115,-0.06955,0.00000,0.00000
