t,k,ping,wall,tick_ms,mx0,mxd0,mth0,my0,myd0,mph0,mz0,mzd0,mps0,mr0,mx1,mxd1,mth1,my1,myd1,mph1,mz1,mzd1,mps1,mr1,mx2,mxd2,mth2,my2,myd2,mph2,mz2,mzd2,mps2,mr2,mx3,mxd3,mth3,my3,myd3,mph3,mz3,mzd3,mps3,mr3,mx4,mxd4,mth4,my4,myd4,mph4,mz4,mzd4,mps4,mr4,px0,pxd0,pth0,py0,pyd0,pph0,pz0,pzd0,pps0,pr0,px1,pxd1,pth1,py1,pyd1,pph1,pz1,pzd1,pps1,pr1,px2,pxd2,pth2,py2,pyd2,pph2,pz2,pzd2,pps2,pr2,px3,pxd3,pth3,py3,pyd3,pph3,pz3,pzd3,pps3,pr3,px4,pxd4,pth4,py4,pyd4,pph4,pz4,pzd4,pps4,pr4
0.0000,0,0,0.0000,0.00,1.11901,-0.01417,-0.00337,0.04954,-0.04736,0.00408,0.36138,0.07525,0.08007,0.05294,-0.25085,0.00306,-0.00015,0.00670,0.00464,0.00314,0.38032,0.01223,0.08545,0.00752,0.73789,0.00840,-0.01529,0.04066,-0.06048,0.00806,0.36577,-0.00349,0.04506,0.15795,0.00523,0.01303,0.00298,-0.02084,-0.01973,-0.01563,0.36606,0.00301,0.07745,-0.12300,0.39664,0.00479,-0.01037,-0.01370,-0.00604,0.01139,0.38241,-0.01250,0.12606,-0.00632,1.11901,-0.01417,-0.00337,0.04954,-0.04736,0.00408,0.36138,0.07525,0.08007,0.05294,-0.25085,0.00306,-0.00015,0.00670,0.00464,0.00314,0.38032,0.01223,0.08545,0.00752,0.73789,0.00840,-0.01529,0.04066,-0.06048,0.00806,0.36577,-0.00349,0.04506,0.15795,0.00523,0.01303,0.00298,-0.02084,-0.01973,-0.01563,0.36606,0.00301,0.07745,-0.12300,0.39664,0.00479,-0.01037,-0.01370,-0.00604,0.01139,0.38241,-0.01250,0.12606,-0.00632
0.0500,5,0,0.0510,51.00,1.11770,-0.01112,-0.01215,0.04619,-0.03962,-0.00339,0.36922,0.08807,0.08299,0.03179,-0.25007,0.00285,0.00824,0.00602,-0.00021,0.00136,0.37959,0.00181,0.08521,-0.00228,0.73789,0.00840,-0.01529,0.04066,-0.06048,0.00806,0.36577,-0.00349,0.04506,0.15795,0.00507,0.00300,-0.00388,-0.02178,-0.00029,-0.02290,0.36678,0.01680,0.07051,0.00689,0.39739,0.01603,-0.00919,-0.01323,-0.01178,0.01204,0.38104,-0.00879,0.12619,0.04530,1.11819,-0.01989,-0.01877,0.04723,-0.04298,-0.01985,0.36486,0.06647,0.08254,0.04591,-0.25072,0.00196,-0.00405,0.00691,0.00448,-0.00223,0.38168,0.04036,0.08578,0.00585,0.73806,-0.00293,-0.02970,0.03752,-0.06541,0.01156,0.36747,0.06730,0.05241,0.13629,0.00589,0.01294,-0.00301,-0.02171,-0.01634,0.00051,0.36673,0.02333,0.07171,-0.10691,0.39673,-0.00166,-0.01550,-0.01414,-0.01165,0.01137,0.38285,0.02897,0.12575,-0.00617
0.1000,10,0,0.0997,48.68,1.11770,-0.01112,-0.01215,0.04619,-0.03962,-0.00339,0.36922,0.08807,0.08299,0.03179,-0.25007,0.00285,0.00824,0.00602,-0.00021,0.00136,0.37959,0.00181,0.08521,-0.00228,0.73978,0.02360,-0.01277,0.03590,-0.05412,-0.00710,0.36711,0.01335,0.06196,0.13974,0.00507,0.00300,-0.00388,-0.02178,-0.00029,-0.02290,0.36678,0.01680,0.07051,0.00689,0.39739,0.01603,-0.00919,-0.01323,-0.01178,0.01204,0.38104,-0.00879,0.12619,0.04530,1.11692,-0.03161,-0.02820,0.04539,-0.02955,-0.03351,0.36820,0.06843,0.08468,0.03977,-0.25068,-0.00068,-0.00649,0.00718,0.00660,-0.00621,0.38420,0.05953,0.08604,0.00441,0.73751,-0.01974,-0.03802,0.03410,-0.07141,0.01254,0.37218,0.11828,0.05874,0.11736,0.00648,0.01036,-0.00730,-0.02258,-0.01918,0.01023,0.36836,0.04136,0.06673,-0.09285,0.39644,-0.01006,-0.01846,-0.01486,-0.01709,0.01073,0.38520,0.06394,0.12544,-0.00605
0.1500,15,0,0.1514,51.70,1.11770,0.00659,-0.01413,0.04381,-0.03081,0.00472,0.37754,0.09086,0.09956,0.22480,-0.24995,-0.00159,0.00302,0.00487,-0.00416,-0.00664,0.37943,0.00728,0.10319,0.26860,0.73978,0.02360,-0.01277,0.03590,-0.05412,-0.00710,0.36711,0.01335,0.06196,0.13974,0.00555,0.00636,-0.00364,-0.02182,0.01370,-0.00034,0.37039,0.04880,0.08666,0.22770,0.39850,0.01868,-0.00407,-0.00987,0.00492,0.00305,0.38007,0.00848,0.16092,0.45044,1.11497,-0.04690,-0.03357,0.04436,-0.01121,-0.04038,0.37180,0.07628,0.08653,0.03439,-0.25080,-0.00425,-0.00794,0.00760,0.01040,-0.00913,0.38754,0.07339,0.08623,0.00317,0.73603,-0.03956,-0.04223,0.03038,-0.07747,0.01197,0.37906,0.15506,0.06418,0.10083,0.00690,0.00598,-0.01037,-0.02369,-0.02567,0.01564,0.37084,0.05772,0.06240,-0.08056,0.39571,-0.01953,-0.01995,-0.01584,-0.02212,0.00971,0.38915,0.09321,0.12514,-0.00594
0.2000,20,0,0.1994,48.06,1.11770,0.00659,-0.01413,0.04381,-0.03081,0.00472,0.37754,0.09086,0.09956,0.22480,-0.24995,-0.00159,0.00302,0.00487,-0.00416,-0.00664,0.37943,0.00728,0.10319,0.26860,0.74250,0.03615,-0.01825,0.03344,-0.02924,-0.00521,0.36922,0.00190,0.06449,-0.04167,0.00555,0.00636,-0.00364,-0.02182,0.01370,-0.00034,0.37039,0.04880,0.08666,0.22770,0.39850,0.01868,-0.00407,-0.00987,0.00492,0.00305,0.38007,0.00848,0.16092,0.45044,1.11220,-0.06410,-0.03619,0.04431,0.00934,-0.04282,0.37588,0.08702,0.08813,0.02969,-0.25112,-0.00836,-0.00872,0.00824,0.01543,-0.01125,0.39149,0.08410,0.08636,0.00210,0.73353,-0.06073,-0.04369,0.02637,-0.08300,0.01047,0.38751,0.18149,0.06886,0.08640,0.00706,0.00033,-0.01256,-0.02517,-0.03406,0.01820,0.37411,0.07275,0.05865,-0.06982,0.39448,-0.02947,-0.02045,-0.01707,-0.02659,0.00848,0.39444,0.11760,0.12485,-0.00584
0.2500,25,0,0.2513,51.81,1.11999,0.02557,-0.00576,0.03780,-0.05349,0.00609,0.38752,0.10547,0.11893,0.21015,-0.25044,-0.00710,-0.00066,0.00681,0.01593,-0.00182,0.38208,0.04610,0.12905,0.20302,0.74250,0.03615,-0.01825,0.03344,-0.02924,-0.00521,0.36922,0.00190,0.06449,-0.04167,0.00560,0.00689,-0.00130,-0.02447,-0.00769,-0.00475,0.37432,0.06123,0.10682,0.17057,0.40235,0.02781,0.00872,-0.01466,-0.02864,0.00733,0.38333,0.04900,0.20412,0.34630,1.10855,-0.08210,-0.03697,0.04530,0.03034,-0.04246,0.38052,0.09886,0.08951,0.02557,-0.25164,-0.01274,-0.00906,0.00916,0.02133,-0.01274,0.39592,0.09292,0.08644,0.00118,0.72995,-0.08213,-0.04333,0.02209,-0.08766,0.00847,0.39708,0.20029,0.07285,0.07379,0.00691,-0.00623,-0.01411,-0.02710,-0.04322,0.01890,0.37810,0.08662,0.05539,-0.06044,0.39276,-0.03949,-0.02030,-0.01849,-0.03042,0.00714,0.40084,0.13786,0.12456,-0.00575
0.3000,30,0,0.2994,48.12,1.11999,0.02557,-0.00576,0.03780,-0.05349,0.00609,0.38752,0.10547,0.11893,0.21015,-0.25044,-0.00710,-0.00066,0.00681,0.01593,-0.00182,0.38208,0.04610,0.12905,0.20302,0.74126,0.01385,0.01445,0.03270,-0.00924,-0.01431,0.36928,-0.01390,0.06462,0.11543,0.00560,0.00689,-0.00130,-0.02447,-0.00769,-0.00475,0.37432,0.06123,0.10682,0.17057,0.40235,0.02781,0.00872,-0.01466,-0.02864,0.00733,0.38333,0.04900,0.20412,0.34630,1.10399,-0.10017,-0.03652,0.04733,0.05072,-0.04039,0.38576,0.11074,0.09070,0.02197,-0.25239,-0.01720,-0.00910,0.01038,0.02784,-0.01374,0.40076,0.10060,0.08648,0.00040,0.72532,-0.10304,-0.04180,0.01762,-0.09127,0.00626,0.40744,0.21336,0.07626,0.06278,0.00643,-0.01343,-0.01518,-0.02950,-0.05241,0.01842,0.38275,0.09942,0.05258,-0.05224,0.39054,-0.04931,-0.01971,-0.02010,-0.03358,0.00576,0.40817,0.15464,0.12427,-0.00567
0.3500,35,0,0.3496,50.26,1.12170,0.02007,0.00742,0.03326,-0.04779,-0.00470,0.39723,0.10708,0.13839,0.17058,-0.25055,-0.00310,-0.00189,0.00693,0.00787,0.00573,0.38746,0.07304,0.14607,0.14021,0.74126,0.01385,0.01445,0.03270,-0.00924,-0.01431,0.36928,-0.01390,0.06462,0.11543,0.00695,0.01155,-0.00272,-0.02880,-0.01327,-0.00302,0.38064,0.08716,0.12205,0.11015,0.40399,0.01197,0.01674,-0.01583,-0.01943,-0.00388,0.38951,0.07431,0.23130,0.16627,1.09854,-0.11780,-0.03528,0.05035,0.06980,-0.03733,0.39159,0.12204,0.09171,0.01881,-0.25336,-0.02163,-0.00894,0.01195,0.03475,-0.01435,0.40597,0.10753,0.08648,-0.00028,0.71967,-0.12301,-0.03953,0.01299,-0.09380,0.00402,0.41834,0.22209,0.07916,0.05317,0.00556,-0.02107,-0.01590,-0.03234,-0.06117,0.01721,0.38802,0.11119,0.05015,-0.04508,0.38784,-0.05878,-0.01885,-0.02184,-0.03607,0.00440,0.41626,0.16850,0.12399,-0.00560
0.4000,40,0,0.3999,50.30,1.12170,0.02007,0.00742,0.03326,-0.04779,-0.00470,0.39723,0.10708,0.13839,0.17058,-0.25055,-0.00310,-0.00189,0.00693,0.00787,0.00573,0.38746,0.07304,0.14607,0.14021,0.74057,-0.00801,0.01470,0.03203,-0.00493,0.00177,0.37452,0.07167,0.08455,0.24257,0.00695,0.01155,-0.00272,-0.02880,-0.01327,-0.00302,0.38064,0.08716,0.12205,0.11015,0.40399,0.01197,0.01674,-0.01583,-0.01943,-0.00388,0.38951,0.07431,0.23130,0.16627,1.09222,-0.13470,-0.03355,0.05428,0.08726,-0.03378,0.39795,0.13246,0.09258,0.01606,-0.25455,-0.02595,-0.00867,0.01386,0.04187,-0.01466,0.41151,0.11393,0.08645,-0.00086,0.71304,-0.14175,-0.03683,0.00826,-0.09523,0.00185,0.42960,0.22750,0.08160,0.04479,0.00431,-0.02899,-0.01634,-0.03560,-0.06923,0.01558,0.39386,0.12195,0.04806,-0.03882,0.38467,-0.06778,-0.01782,-0.02369,-0.03791,0.00308,0.42498,0.17993,0.12371,-0.00553
0.4500,45,0,0.4514,51.45,1.12357,0.01362,0.01632,0.02778,-0.05590,-0.00886,0.41014,0.13589,0.15385,0.13608,-0.25160,-0.00877,0.00297,0.00897,0.01535,0.00315,0.39638,0.09998,0.15748,0.08913,0.74057,-0.00801,0.01470,0.03203,-0.00493,0.00177,0.37452,0.07167,0.08455,0.24257,0.00690,0.00435,-0.00380,-0.02638,0.01152,-0.00919,0.38990,0.10287,0.13042,0.04995,0.40432,-0.00714,0.01803,-0.01903,-0.02502,-0.00295,0.39843,0.09711,0.24258,0.01002,1.08508,-0.15066,-0.03151,0.05905,0.10291,-0.03004,0.40482,0.14183,0.09332,0.01364,-0.25595,-0.03012,-0.00832,0.01614,0.04909,-0.01472,0.41736,0.11992,0.08640,-0.00135,0.70551,-0.15911,-0.03390,0.00348,-0.09564,-0.00017,0.44105,0.23037,0.08365,0.03747,0.00266,-0.03707,-0.01657,-0.03925,-0.07643,0.01375,0.40020,0.13173,0.04626,-0.03335,0.38107,-0.07625,-0.01670,-0.02562,-0.03911,0.00184,0.43422,0.18931,0.12344,-0.00547
0.5000,50,0,0.4993,47.95,1.12357,0.01362,0.01632,0.02778,-0.05590,-0.00886,0.41014,0.13589,0.15385,0.13608,-0.25160,-0.00877,0.00297,0.00897,0.01535,0.00315,0.39638,0.09998,0.15748,0.08913,0.73763,-0.03354,0.02039,0.02540,-0.02920,0.00736,0.38952,0.13678,0.11490,0.33515,0.00690,0.00435,-0.00380,-0.02638,0.01152,-0.00919,0.38990,0.10287,0.13042,0.04995,0.40432,-0.00714,0.01803,-0.01903,-0.02502,-0.00295,0.39843,0.09711,0.24258,0.01002,1.07717,-0.16558,-0.02931,0.06454,0.11673,-0.02632,0.41212,0.15012,0.09395,0.01153,-0.25756,-0.03411,-0.00793,0.01877,0.05628,-0.01458,0.42349,0.12553,0.08632,-0.00178,0.69716,-0.17500,-0.03088,-0.00129,-0.09509,-0.00202,0.45260,0.23126,0.08536,0.03108,0.00061,-0.04522,-0.01663,-0.04323,-0.08270,0.01184,0.40701,0.14055,0.04471,-0.02858,0.37705,-0.08416,-0.01554,-0.02759,-0.03972,0.00068,0.44388,0.19699,0.12317,-0.00542
0.5500,55,0,0.5531,53.77,1.12158,-0.01921,0.01789,0.02861,-0.01743,-0.01993,0.41932,0.10822,0.16121,0.03877,-0.25316,-0.01468,0.00427,0.01058,0.01319,0.00303,0.40808,0.11587,0.16400,0.04404,0.73763,-0.03354,0.02039,0.02540,-0.02920,0.00736,0.38952,0.13678,0.11490,0.33515,0.00798,0.01152,-0.00212,-0.02921,-0.00987,0.00795,0.39803,0.08608,0.13405,0.02285,0.40258,-0.02763,0.02202,-0.02162,-0.02549,-0.00945,0.40983,0.12493,0.23996,-0.07495,1.06854,-0.17941,-0.02705,0.07069,0.12875,-0.02274,0.41981,0.15735,0.09448,0.00968,-0.25936,-0.03790,-0.00752,0.02176,0.06337,-0.01429,0.42990,0.13079,0.08622,-0.00213,0.68804,-0.18940,-0.02786,-0.00601,-0.09369,-0.00367,0.46415,0.23063,0.08677,0.02551,-0.00186,-0.05336,-0.01655,-0.04750,-0.08805,0.00995,0.41424,0.14844,0.04339,-0.02441,0.37266,-0.09149,-0.01437,-0.02958,-0.03979,-0.00040,0.45389,0.20323,0.12290,-0.00537
0.6000,60,0,0.5994,46.33,1.12158,-0.01921,0.01789,0.02861,-0.01743,-0.01993,0.41932,0.10822,0.16121,0.03877,-0.25316,-0.01468,0.00427,0.01058,0.01319,0.00303,0.40808,0.11587,0.16400,0.04404,0.73370,-0.04284,0.00922,0.02097,-0.04086,-0.00334,0.40662,0.17538,0.14768,0.27586,0.00798,0.01152,-0.00212,-0.02921,-0.00987,0.00795,0.39803,0.08608,0.13405,0.02285,0.40258,-0.02763,0.02202,-0.02162,-0.02549,-0.00945,0.40983,0.12493,0.23996,-0.07495,1.05925,-0.19211,-0.02477,0.07739,0.13907,-0.01937,0.42784,0.16355,0.09492,0.00806,-0.26135,-0.04149,-0.00711,0.02510,0.07028,-0.01387,0.43657,0.13570,0.08610,-0.00244,0.67824,-0.20233,-0.02489,-0.01065,-0.09153,-0.00512,0.47564,0.22883,0.08792,0.02065,-0.00473,-0.06143,-0.01635,-0.05202,-0.09248,0.00813,0.42184,0.15543,0.04226,-0.02077,0.36791,-0.09825,-0.01321,-0.03156,-0.03935,-0.00138,0.46418,0.20826,0.12263,-0.00533
0.6500,65,0,0.6507,51.26,1.11925,-0.03440,0.01366,0.02858,0.00474,-0.02097,0.42935,0.11142,0.16067,-0.01248,-0.25224,-0.00231,0.00263,0.00298,-0.03902,0.00402,0.41477,0.09115,0.16701,0.00147,0.73370,-0.04284,0.00922,0.02097,-0.04086,-0.00334,0.40662,0.17538,0.14768,0.27586,0.00706,0.00008,0.00431,-0.02507,0.01603,0.00156,0.40806,0.10120,0.13384,0.00288,0.39834,-0.04875,0.01423,-0.02557,-0.03429,-0.00468,0.42298,0.14553,0.23829,0.01719,1.04935,-0.20371,-0.02253,0.08457,0.14780,-0.01626,0.43615,0.16882,0.09529,0.00665,-0.26351,-0.04488,-0.00670,0.02879,0.07696,-0.01336,0.44347,0.14025,0.08598,-0.00270,0.66783,-0.21383,-0.02202,-0.01516,-0.08870,-0.00638,0.48702,0.22614,0.08885,0.01642,-0.00800,-0.06938,-0.01606,-0.05673,-0.09604,0.00641,0.42977,0.16156,0.04131,-0.01759,0.36284,-0.10445,-0.01207,-0.03351,-0.03845,-0.00227,0.47470,0.21226,0.12236,-0.00528
0.7000,70,0,0.6996,48.89,1.11925,-0.03440,0.01366,0.02858,0.00474,-0.02097,0.42935,0.11142,0.16067,-0.01248,-0.25224,-0.00231,0.00263,0.00298,-0.03902,0.00402,0.41477,0.09115,0.16701,0.00147,0.72816,-0.06232,0.01462,0.01867,-0.02600,-0.00918,0.42374,0.19108,0.17174,0.15098,0.00706,0.00008,0.00431,-0.02507,0.01603,0.00156,0.40806,0.10120,0.13384,0.00288,0.39834,-0.04875,0.01423,-0.02557,-0.03429,-0.00468,0.42298,0.14553,0.23829,0.01719,1.03890,-0.21423,-0.02035,0.09215,0.15506,-0.01342,0.44470,0.17321,0.09559,0.00541,-0.26583,-0.04806,-0.00629,0.03280,0.08337,-0.01277,0.45059,0.14444,0.08584,-0.00291,0.65688,-0.22396,-0.01928,-0.01951,-0.08530,-0.00745,0.49825,0.22276,0.08958,0.01273,-0.01166,-0.07718,-0.01569,-0.06161,-0.09879,0.00482,0.43798,0.16689,0.04050,-0.01482,0.35748,-0.11010,-0.01098,-0.03540,-0.03713,-0.00307,0.48540,0.21538,0.12210,-0.00525
0.7500,75,0,0.7505,50.90,1.11569,-0.04662,0.01618,0.02874,0.01126,-0.01819,0.44222,0.14007,0.15686,-0.03659,-0.25323,-0.01265,0.00125,0.00451,-0.00658,-0.01915,0.42381,0.09817,0.16577,-0.01056,0.72816,-0.06232,0.01462,0.01867,-0.02600,-0.00918,0.42374,0.19108,0.17174,0.15098,0.00664,-0.00176,0.00301,-0.02740,-0.00831,0.01900,0.41678,0.10594,0.13151,-0.06428,0.39269,-0.06415,0.01490,-0.02847,-0.02626,-0.01356,0.43814,0.15562,0.24148,-0.01597,1.02794,-0.22369,-0.01824,0.10005,0.16100,-0.01084,0.45346,0.17681,0.09583,0.00432,-0.26831,-0.05105,-0.00590,0.03712,0.08948,-0.01213,0.45791,0.14827,0.08569,-0.00309,0.64546,-0.23277,-0.01666,-0.02368,-0.08142,-0.00835,0.50929,0.21888,0.09013,0.00951,-0.01571,-0.08477,-0.01526,-0.06660,-0.10079,0.00335,0.44645,0.17145,0.03982,-0.01240,0.35184,-0.11523,-0.00992,-0.03722,-0.03545,-0.00378,0.49623,0.21776,0.12184,-0.00521
0.8000,80,0,0.7999,49.42,1.11569,-0.04662,0.01618,0.02874,0.01126,-0.01819,0.44222,0.14007,0.15686,-0.03659,-0.25323,-0.01265,0.00125,0.00451,-0.00658,-0.01915,0.42381,0.09817,0.16577,-0.01056,0.72178,-0.07300,0.01628,0.01947,-0.01557,0.00295,0.44022,0.16937,0.18906,0.12993,0.00664,-0.00176,0.00301,-0.02740,-0.00831,0.01900,0.41678,0.10594,0.13151,-0.06428,0.39269,-0.06415,0.01490,-0.02847,-0.02626,-0.01356,0.43814,0.15562,0.24148,-0.01597,1.01654,-0.23214,-0.01622,0.10823,0.16574,-0.00852,0.46237,0.17969,0.09603,0.00337,-0.27093,-0.05385,-0.00552,0.04174,0.09526,-0.01145,0.46541,0.15173,0.08553,-0.00324,0.63362,-0.24033,-0.01419,-0.02764,-0.07713,-0.00910,0.52013,0.21463,0.09053,0.00672,-0.02014,-0.09213,-0.01477,-0.07168,-0.10210,0.00202,0.45512,0.17530,0.03925,-0.01029,0.34596,-0.11984,-0.00891,-0.03894,-0.03343,-0.00441,0.50716,0.21948,0.12158,-0.00517
0.8500,85,0,0.8546,54.66,1.10783,-0.07289,0.02434,0.02737,0.01582,-0.03906,0.45326,0.13823,0.15605,0.00110,-0.25461,-0.01547,-0.00017,0.00517,0.01425,-0.02104,0.43387,0.10989,0.16502,-0.01671,0.72178,-0.07300,0.01628,0.01947,-0.01557,0.00295,0.44022,0.16937,0.18906,0.12993,0.00685,-0.00281,0.01362,-0.03495,-0.04022,0.01383,0.42584,0.10831,0.12375,-0.10370,0.38577,-0.07554,0.00361,-0.03024,-0.01628,-0.00783,0.45379,0.16219,0.24028,-0.05029,1.00475,-0.23961,-0.01429,0.11661,0.16940,-0.00644,0.47141,0.18193,0.09617,0.00254,-0.27369,-0.05647,-0.00516,0.04664,0.10071,-0.01074,0.47307,0.15484,0.08536,-0.00337,0.62144,-0.24671,-0.01186,-0.03139,-0.07251,-0.00970,0.53075,0.21013,0.09081,0.00428,-0.02492,-0.09925,-0.01423,-0.07680,-0.10279,0.00083,0.46396,0.17849,0.03878,-0.00845,0.33987,-0.12397,-0.00794,-0.04056,-0.03113,-0.00495,0.51817,0.22065,0.12132,-0.00514
0.9000,90,0,0.8995,44.95,1.10783,-0.07289,0.02434,0.02737,0.01582,-0.03906,0.45326,0.13823,0.15605,0.00110,-0.25461,-0.01547,-0.00017,0.00517,0.01425,-0.02104,0.43387,0.10989,0.16502,-0.01671,0.71524,-0.07533,0.01737,0.01481,-0.04916,0.02580,0.45517,0.12908,0.19937,0.01591,0.00685,-0.00281,0.01362,-0.03495,-0.04022,0.01383,0.42584,0.10831,0.12375,-0.10370,0.38577,-0.07554,0.00361,-0.03024,-0.01628,-0.00783,0.45379,0.16219,0.24028,-0.05029,0.99260,-0.24617,-0.01245,0.12515,0.17210,-0.00460,0.48056,0.18359,0.09628,0.00181,-0.27658,-0.05892,-0.00481,0.05180,0.10580,-0.01002,0.48088,0.15760,0.08519,-0.00347,0.60897,-0.25198,-0.00966,-0.03489,-0.06763,-0.01018,0.54114,0.20547,0.09097,0.00216,-0.03006,-0.10608,-0.01364,-0.08195,-0.10293,-0.00025,0.47296,0.18107,0.03840,-0.00684,0.33357,-0.12764,-0.00702,-0.04205,-0.02859,-0.00542,0.52922,0.22133,0.12106,-0.00511
0.9500,95,0,0.9492,49.72,1.09897,-0.10518,0.03222,0.03075,0.05020,-0.05053,0.46739,0.14803,0.15705,0.02836,-0.25644,-0.02019,0.00172,0.00883,0.04154,-0.02372,0.44544,0.12398,0.16376,-0.02164,0.71524,-0.07533,0.01737,0.01481,-0.04916,0.02580,0.45517,0.12908,0.19937,0.01591,0.00477,-0.02411,0.01673,-0.03549,-0.03553,0.01345,0.43678,0.12760,0.11533,-0.05711,0.37805,-0.07622,0.00231,-0.03474,-0.02588,-0.00451,0.46964,0.17058,0.23482,-0.04783,0.98014,-0.25185,-0.01071,0.13380,0.17394,-0.00295,0.48977,0.18473,0.09636,0.00118,-0.27958,-0.06119,-0.00447,0.05721,0.11053,-0.00929,0.48883,0.16001,0.08501,-0.00355,0.59626,-0.25621,-0.00761,-0.03815,-0.06255,-0.01054,0.55129,0.20072,0.09103,0.00032,-0.03553,-0.11263,-0.01303,-0.08709,-0.10257,-0.00120,0.48206,0.18309,0.03810,-0.00544,0.32711,-0.13087,-0.00615,-0.04341,-0.02583,-0.00582,0.54029,0.22158,0.12081,-0.00508
1.0000,100,0,0.9996,50.38,1.09897,-0.10518,0.03222,0.03075,0.05020,-0.05053,0.46739,0.14803,0.15705,0.02836,-0.25644,-0.02019,0.00172,0.00883,0.04154,-0.02372,0.44544,0.12398,0.16376,-0.02164,0.70393,-0.11062,0.03069,0.01096,-0.06159,0.01053,0.46870,0.13638,0.20061,-0.04145,0.00477,-0.02411,0.01673,-0.03549,-0.03553,0.01345,0.43678,0.12760,0.11533,-0.05711,0.37805,-0.07622,0.00231,-0.03474,-0.02588,-0.00451,0.46964,0.17058,0.23482,-0.04783,0.96743,-0.25669,-0.00906,0.14253,0.17503,-0.00150,0.49902,0.18542,0.09640,0.00062,-0.28269,-0.06330,-0.00414,0.06285,0.11491,-0.00856,0.49688,0.16209,0.08484,-0.00362,0.58337,-0.25947,-0.00569,-0.04114,-0.05731,-0.01080,0.56121,0.19594,0.09100,-0.00127,-0.04132,-0.11886,-0.01238,-0.09220,-0.10177,-0.00204,0.49126,0.18459,0.03786,-0.00422,0.32049,-0.13368,-0.00532,-0.04463,-0.02289,-0.00614,0.55137,0.22146,0.12056,-0.00505
1.0500,105,0,1.0495,49.90,1.08717,-0.14133,0.03047,0.03613,0.08843,-0.04955,0.48342,0.16119,0.15840,-0.00445,-0.25854,-0.02655,0.00406,0.01393,0.06404,-0.02222,0.45762,0.13481,0.16184,-0.04032,0.70393,-0.11062,0.03069,0.01096,-0.06159,0.01053,0.46870,0.13638,0.20061,-0.04145,0.00123,-0.04256,0.02178,-0.04133,-0.05311,0.01152,0.44889,0.14109,0.10916,-0.02096,0.37062,-0.07634,0.00274,-0.03731,-0.02000,-0.00553,0.48734,0.18333,0.22737,-0.01439,0.95449,-0.26075,-0.00749,0.15130,0.17544,-0.00022,0.50830,0.18570,0.09642,0.00013,-0.28591,-0.06526,-0.00383,0.06870,0.11893,-0.00784,0.50503,0.16386,0.08465,-0.00367,0.57033,-0.26181,-0.00389,-0.04388,-0.05197,-0.01096,0.57089,0.19118,0.09090,-0.00266,-0.04741,-0.12477,-0.01172,-0.09726,-0.10059,-0.00277,0.50051,0.18562,0.03767,-0.00316,0.31375,-0.13609,-0.00453,-0.04570,-0.01981,-0.00640,0.56243,0.22101,0.12030,-0.00503
1.1000,110,0,1.1000,50.45,1.08717,-0.14133,0.03047,0.03613,0.08843,-0.04955,0.48342,0.16119,0.15840,-0.00445,-0.25854,-0.02655,0.00406,0.01393,0.06404,-0.02222,0.45762,0.13481,0.16184,-0.04032,0.69597,-0.12416,0.03688,0.00385,-0.08271,0.01649,0.49634,0.25872,0.19350,-0.11808,0.00123,-0.04256,0.02178,-0.04133,-0.05311,0.01152,0.44889,0.14109,0.10916,-0.02096,0.37062,-0.07634,0.00274,-0.03731,-0.02000,-0.00553,0.48734,0.18333,0.22737,-0.01439,0.94136,-0.26405,-0.00601,0.16007,0.17527,0.00091,0.51758,0.18561,0.09641,-0.00030,-0.28922,-0.06706,-0.00353,0.07474,0.12260,-0.00713,0.51326,0.16531,0.08447,-0.00371,0.55720,-0.26330,-0.00221,-0.04634,-0.04657,-0.01104,0.58033,0.18648,0.09074,-0.00386,-0.05379,-0.13035,-0.01103,-0.10225,-0.09907,-0.00341,0.50981,0.18622,0.03754,-0.00223,0.30689,-0.13813,-0.00378,-0.04661,-0.01662,-0.00661,0.57347,0.22026,0.12005,-0.00500
1.1500,115,0,1.1499,49.92,1.07112,-0.17712,0.02980,0.04752,0.13188,-0.05020,0.50066,0.18042,0.15906,0.02746,-0.26134,-0.03241,0.00313,0.02092,0.07775,-0.01771,0.47144,0.14788,0.15797,-0.03648,0.69597,-0.12416,0.03688,0.00385,-0.08271,0.01649,0.49634,0.25872,0.19350,-0.11808,-0.00413,-0.06358,0.01752,-0.04786,-0.07485,0.01382,0.46299,0.15468,0.10778,0.00328,0.36221,-0.08368,0.00623,-0.03506,-0.00792,-0.00653,0.50630,0.20368,0.22540,-0.05132,0.92809,-0.26666,-0.00462,0.16881,0.17458,0.00189,0.52686,0.18521,0.09639,-0.00067,-0.29261,-0.06872,-0.00323,0.08095,0.12593,-0.00644,0.52156,0.16648,0.08428,-0.00373,0.54401,-0.26400,-0.00065,-0.04853,-0.04115,-0.01105,0.58954,0.18187,0.09052,-0.00489,-0.06044,-0.13559,-0.01033,-0.10716,-0.09726,-0.00395,0.51913,0.18644,0.03745,-0.00143,0.29994,-0.13981,-0.00308,-0.04736,-0.01334,-0.00675,0.58445,0.21925,0.11980,-0.00498
1.2000,120,0,1.2000,50.07,1.07112,-0.17712,0.02980,0.04752,0.13188,-0.05020,0.50066,0.18042,0.15906,0.02746,-0.26134,-0.03241,0.00313,0.02092,0.07775,-0.01771,0.47144,0.14788,0.15797,-0.03648,0.68247,-0.15997,0.04373,-0.00504,-0.10257,0.00502,0.52381,0.27317,0.17978,-0.10640,-0.00413,-0.06358,0.01752,-0.04786,-0.07485,0.01382,0.46299,0.15468,0.10778,0.00328,0.36221,-0.08368,0.00623,-0.03506,-0.00792,-0.00653,0.50630,0.20368,0.22540,-0.05132,0.91471,-0.26859,-0.00330,0.17752,0.17343,0.00276,0.53610,0.18453,0.09635,-0.00100,-0.29609,-0.07023,-0.00295,0.08733,0.12892,-0.00576,0.52990,0.16737,0.08410,-0.00375,0.53081,-0.26395,0.00081,-0.05045,-0.03574,-0.01099,0.59852,0.17736,0.09025,-0.00579,-0.06734,-0.14048,-0.00962,-0.11197,-0.09521,-0.00441,0.52845,0.18632,0.03739,-0.00073,0.29292,-0.14115,-0.00241,-0.04794,-0.01000,-0.00685,0.59539,0.21800,0.11956,-0.00495
1.2500,125,0,1.2499,49.94,1.05001,-0.21917,0.02198,0.06524,0.18177,-0.03748,0.52099,0.20473,0.16001,0.00748,-0.26421,-0.03630,0.00631,0.02534,0.07770,-0.01594,0.48415,0.14174,0.15330,-0.03543,0.68247,-0.15997,0.04373,-0.00504,-0.10257,0.00502,0.52381,0.27317,0.17978,-0.10640,-0.01112,-0.07782,0.01484,-0.05707,-0.09541,0.00725,0.47851,0.16923,0.10909,-0.00604,0.35546,-0.08051,0.00896,-0.03797,-0.01843,0.00167,0.52838,0.23015,0.21804,-0.04732,0.90125,-0.26990,-0.00206,0.18615,0.17189,0.00351,0.54531,0.18360,0.09629,-0.00128,-0.29963,-0.07161,-0.00267,0.09384,0.13159,-0.00511,0.53829,0.16801,0.08391,-0.00376,0.51763,-0.26322,0.00216,-0.05211,-0.03037,-0.01088,0.60728,0.17298,0.08994,-0.00656,-0.07448,-0.14503,-0.00890,-0.11668,-0.09294,-0.00480,0.53776,0.18588,0.03737,-0.00012,0.28583,-0.14218,-0.00178,-0.04836,-0.00663,-0.00689,0.60625,0.21655,0.11931,-0.00493
1.3000,130,0,1.2996,49.74,1.05001,-0.21917,0.02198,0.06524,0.18177,-0.03748,0.52099,0.20473,0.16001,0.00748,-0.26421,-0.03630,0.00631,0.02534,0.07770,-0.01594,0.48415,0.14174,0.15330,-0.03543,0.66477,-0.20083,0.04529,-0.01097,-0.09711,-0.00198,0.55086,0.25858,0.17070,-0.08809,-0.01112,-0.07782,0.01484,-0.05707,-0.09541,0.00725,0.47851,0.16923,0.10909,-0.00604,0.35546,-0.08051,0.00896,-0.03797,-0.01843,0.00167,0.52838,0.23015,0.21804,-0.04732,0.88773,-0.27062,-0.00089,0.19470,0.17000,0.00417,0.55446,0.18246,0.09622,-0.00154,-0.30325,-0.07286,-0.00240,0.10048,0.13394,-0.00448,0.54670,0.16840,0.08372,-0.00376,0.50450,-0.26185,0.00342,-0.05349,-0.02508,-0.01071,0.61582,0.16874,0.08960,-0.00723,-0.08184,-0.14922,-0.00818,-0.12126,-0.09051,-0.00511,0.54703,0.18517,0.03738,0.00040,0.27870,-0.14291,-0.00118,-0.04861,-0.00325,-0.00690,0.61704,0.21491,0.11906,-0.00491
1.3500,135,0,1.3492,49.59,1.02849,-0.23424,0.01470,0.08249,0.19696,-0.01957,0.53950,0.20234,0.16157,0.01897,-0.26869,-0.04732,0.00804,0.03427,0.09721,-0.01402,0.49928,0.16162,0.14989,-0.02810,0.66477,-0.20083,0.04529,-0.01097,-0.09711,-0.00198,0.55086,0.25858,0.17070,-0.08809,-0.01922,-0.08952,0.01137,-0.06774,-0.10392,-0.00057,0.49587,0.19023,0.10712,-0.03012,0.35546,-0.08051,0.00896,-0.03797,-0.01843,0.00167,0.52838,0.23015,0.21804,-0.04732,0.87419,-0.27079,0.00021,0.20315,0.16781,0.00475,0.56355,0.18113,0.09614,-0.00175,-0.30692,-0.07397,-0.00214,0.10723,0.13599,-0.00388,0.55513,0.16856,0.08353,-0.00376,0.49145,-0.25988,0.00459,-0.05462,-0.01987,-0.01050,0.62415,0.16466,0.08922,-0.00780,-0.08940,-0.15306,-0.00746,-0.12572,-0.08794,-0.00536,0.55627,0.18421,0.03741,0.00086,0.27155,-0.14335,-0.00062,-0.04868,0.00013,-0.00686,0.62774,0.21310,0.11882,-0.00488
1.4000,140,0,1.4000,50.79,1.02849,-0.23424,0.01470,0.08249,0.19696,-0.01957,0.53950,0.20234,0.16157,0.01897,-0.26869,-0.04732,0.00804,0.03427,0.09721,-0.01402,0.49928,0.16162,0.14989,-0.02810,0.64424,-0.23288,0.04158,-0.02472,-0.12132,-0.00836,0.57394,0.20640,0.16097,-0.03622,-0.01922,-0.08952,0.01137,-0.06774,-0.10392,-0.00057,0.49587,0.19023,0.10712,-0.03012,0.34690,-0.09245,0.01699,-0.03727,-0.01423,-0.00166,0.55208,0.24823,0.21389,-0.01796,0.86066,-0.27043,0.00124,0.21148,0.16536,0.00524,0.57257,0.17963,0.09605,-0.00195,-0.31064,-0.07496,-0.00188,0.11407,0.13775,-0.00330,0.56355,0.16850,0.08334,-0.00375,0.47852,-0.25736,0.00567,-0.05548,-0.01478,-0.01025,0.63229,0.16073,0.08882,-0.00829,-0.09714,-0.15654,-0.00674,-0.13005,-0.08526,-0.00555,0.56545,0.18303,0.03746,0.00125,0.26437,-0.14352,-0.00009,-0.04859,0.00347,-0.00678,0.63835,0.21114,0.11857,-0.00486
1.4500,145,0,1.4496,49.57,1.00608,-0.24278,0.01394,0.10042,0.21107,-0.01653,0.55869,0.19211,0.16281,-0.00712,-0.27448,-0.06200,0.00782,0.04751,0.12464,-0.01413,0.51731,0.18204,0.14696,-0.01873,0.64424,-0.23288,0.04158,-0.02472,-0.12132,-0.00836,0.57394,0.20640,0.16097,-0.03622,-0.02951,-0.10345,0.00818,-0.07532,-0.09030,0.00142,0.51581,0.20644,0.10561,-0.00064,0.33645,-0.11316,0.01776,-0.03592,-0.00571,0.00071,0.57711,0.25371,0.21194,-0.01229,0.84716,-0.26958,0.00221,0.21968,0.16268,0.00568,0.58151,0.17800,0.09594,-0.00212,-0.31441,-0.07582,-0.00163,0.12100,0.13923,-0.00274,0.57197,0.16824,0.08316,-0.00374,0.46573,-0.25433,0.00668,-0.05610,-0.00982,-0.00996,0.64023,0.15696,0.08840,-0.00870,-0.10504,-0.15967,-0.00603,-0.13425,-0.08251,-0.00568,0.57457,0.18166,0.03754,0.00159,0.25720,-0.14343,0.00042,-0.04834,0.00678,-0.00667,0.64885,0.20905,0.11833,-0.00484
1.5000,150,0,1.4996,50.01,1.00608,-0.24278,0.01394,0.10042,0.21107,-0.01653,0.55869,0.19211,0.16281,-0.00712,-0.27448,-0.06200,0.00782,0.04751,0.12464,-0.01413,0.51731,0.18204,0.14696,-0.01873,0.62105,-0.26229,0.03225,-0.03212,-0.09756,-0.01582,0.59224,0.20967,0.15779,0.01096,-0.02951,-0.10345,0.00818,-0.07532,-0.09030,0.00142,0.51581,0.20644,0.10561,-0.00064,0.33645,-0.11316,0.01776,-0.03592,-0.00571,0.00071,0.57711,0.25371,0.21194,-0.01229,0.83371,-0.26827,0.00312,0.22774,0.15980,0.00605,0.59037,0.17625,0.09583,-0.00226,-0.31822,-0.07655,-0.00138,0.12799,0.14045,-0.00221,0.58037,0.16780,0.08297,-0.00372,0.45310,-0.25082,0.00761,-0.05647,-0.00501,-0.00964,0.64799,0.15336,0.08795,-0.00906,-0.11310,-0.16246,-0.00532,-0.13830,-0.07970,-0.00577,0.58361,0.18012,0.03762,0.00189,0.25003,-0.14311,0.00089,-0.04792,0.01002,-0.00653,0.65925,0.20684,0.11809,-0.00482
1.5500,155,0,1.5495,49.92,0.98222,-0.24674,0.01415,0.12058,0.20572,-0.00588,0.57533,0.18025,0.16338,0.02902,-0.28031,-0.06257,0.00494,0.05639,0.11607,0.00296,0.53380,0.17614,0.14303,-0.05304,0.62105,-0.26229,0.03225,-0.03212,-0.09756,-0.01582,0.59224,0.20967,0.15779,0.01096,-0.03994,-0.10665,0.00462,-0.08576,-0.10260,0.00376,0.53624,0.20294,0.10579,0.01144,0.32500,-0.12636,0.01676,-0.03606,-0.00987,0.00095,0.60262,0.25496,0.21058,-0.01721,0.82034,-0.26652,0.00397,0.23566,0.15675,0.00637,0.59913,0.17439,0.09572,-0.00239,-0.32206,-0.07717,-0.00113,0.13504,0.14141,-0.00171,0.58875,0.16719,0.08278,-0.00371,0.44065,-0.24687,0.00848,-0.05660,-0.00036,-0.00930,0.65557,0.14993,0.08749,-0.00936,-0.12128,-0.16490,-0.00462,-0.14222,-0.07685,-0.00581,0.59258,0.17844,0.03772,0.00214,0.24289,-0.14256,0.00134,-0.04734,0.01318,-0.00636,0.66953,0.20453,0.11785,-0.00480
1.6000,160,0,1.5997,50.18,0.98222,-0.24674,0.01415,0.12058,0.20572,-0.00588,0.57533,0.18025,0.16338,0.02902,-0.28031,-0.06257,0.00494,0.05639,0.11607,0.00296,0.53380,0.17614,0.14303,-0.05304,0.59387,-0.29201,0.02464,-0.03877,-0.07070,-0.02172,0.60903,0.16195,0.15646,0.00839,-0.03994,-0.10665,0.00462,-0.08576,-0.10260,0.00376,0.53624,0.20294,0.10579,0.01144,0.32500,-0.12636,0.01676,-0.03606,-0.00987,0.00095,0.60262,0.25496,0.21058,-0.01721,0.80706,-0.26438,0.00477,0.24341,0.15356,0.00665,0.60780,0.17245,0.09560,-0.00250,-0.32594,-0.07766,-0.00088,0.14213,0.14213,-0.00123,0.59709,0.16641,0.08260,-0.00368,0.42842,-0.24251,0.00928,-0.05651,0.00410,-0.00892,0.66298,0.14666,0.08702,-0.00961,-0.12958,-0.16700,-0.00394,-0.14599,-0.07400,-0.00582,0.60145,0.17662,0.03784,0.00236,0.23578,-0.14180,0.00177,-0.04660,0.01626,-0.00617,0.67970,0.20212,0.11761,-0.00477
1.6500,165,0,1.6495,49.78,0.95785,-0.25740,0.02139,0.13947,0.19256,-0.00500,0.59208,0.16881,0.16900,0.06136,-0.28669,-0.06804,0.00654,0.06596,0.11210,-0.00426,0.54989,0.17476,0.13888,-0.03902,0.59387,-0.29201,0.02464,-0.03877,-0.07070,-0.02172,0.60903,0.16195,0.15646,0.00839,-0.05133,-0.12038,0.00905,-0.09021,-0.06775,-0.00427,0.55563,0.19164,0.10567,-0.00490,0.31436,-0.13010,0.01065,-0.04178,-0.03357,0.00305,0.62671,0.25462,0.20726,-0.00672,0.79391,-0.26185,0.00551,0.25101,0.15023,0.00689,0.61638,0.17043,0.09547,-0.00260,-0.32983,-0.07804,-0.00064,0.14925,0.14262,-0.00077,0.60539,0.16548,0.08242,-0.00366,0.41641,-0.23777,0.01003,-0.05619,0.00838,-0.00852,0.67024,0.14355,0.08653,-0.00982,-0.13798,-0.16876,-0.00326,-0.14962,-0.07115,-0.00578,0.61024,0.17469,0.03796,0.00255,0.22871,-0.14083,0.00217,-0.04571,0.01923,-0.00595,0.68974,0.19962,0.11737,-0.00475
1.7000,170,0,1.6993,49.85,0.95785,-0.25740,0.02139,0.13947,0.19256,-0.00500,0.59208,0.16881,0.16900,0.06136,-0.28669,-0.06804,0.00654,0.06596,0.11210,-0.00426,0.54989,0.17476,0.13888,-0.03902,0.56417,-0.30583,0.01047,-0.04345,-0.05391,-0.00801,0.62415,0.15606,0.15637,-0.01552,-0.05133,-0.12038,0.00905,-0.09021,-0.06775,-0.00427,0.55563,0.19164,0.10567,-0.00490,0.31436,-0.13010,0.01065,-0.04178,-0.03357,0.00305,0.62671,0.25462,0.20726,-0.00672,0.78089,-0.25897,0.00621,0.25844,0.14680,0.00710,0.62485,0.16836,0.09534,-0.00269,-0.33374,-0.07829,-0.00040,0.15639,0.14289,-0.00034,0.61364,0.16442,0.08223,-0.00364,0.40464,-0.23268,0.01072,-0.05567,0.01246,-0.00810,0.67734,0.14061,0.08604,-0.00999,-0.14645,-0.17020,-0.00260,-0.15310,-0.06833,-0.00572,0.61892,0.17267,0.03809,0.00270,0.22170,-0.13967,0.00255,-0.04468,0.02209,-0.00571,0.69966,0.19705,0.11714,-0.00473
1.7500,175,0,1.7495,50.17,0.93130,-0.28003,0.02219,0.15942,0.20150,-0.01635,0.60907,0.18353,0.17305,0.05553,-0.29323,-0.07111,0.00608,0.07452,0.10397,-0.01215,0.56643,0.17292,0.13550,-0.03603,0.56417,-0.30583,0.01047,-0.04345,-0.05391,-0.00801,0.62415,0.15606,0.15637,-0.01552,-0.06419,-0.13087,0.01124,-0.09559,-0.06134,0.00658,0.57509,0.19675,0.10362,-0.01613,0.30043,-0.14224,0.01036,-0.04420,-0.02789,-0.00721,0.65232,0.24510,0.20492,-0.00852,0.76802,-0.25577,0.00685,0.26569,0.14327,0.00728,0.63321,0.16623,0.09520,-0.00276,-0.33766,-0.07843,-0.00015,0.16353,0.14295,0.00008,0.62183,0.16323,0.08205,-0.00361,0.39314,-0.22726,0.01137,-0.05495,0.01633,-0.00766,0.68430,0.13782,0.08553,-0.01013,-0.15499,-0.17132,-0.00196,-0.15645,-0.06555,-0.00562,0.62750,0.17057,0.03823,0.00284,0.21475,-0.13834,0.00290,-0.04350,0.02483,-0.00546,0.70945,0.19442,0.11690,-0.00471
1.8000,180,0,1.7997,50.19,0.93130,-0.28003,0.02219,0.15942,0.20150,-0.01635,0.60907,0.18353,0.17305,0.05553,-0.29323,-0.07111,0.00608,0.07452,0.10397,-0.01215,0.56643,0.17292,0.13550,-0.03603,0.53740,-0.30600,0.00063,-0.04899,-0.05185,-0.00826,0.64173,0.20177,0.15231,-0.01983,-0.06419,-0.13087,0.01124,-0.09559,-0.06134,0.00658,0.57509,0.19675,0.10362,-0.01613,0.30043,-0.14224,0.01036,-0.04420,-0.02789,-0.00721,0.65232,0.24510,0.20492,-0.00852,0.75531,-0.25226,0.00745,0.27276,0.13966,0.00744,0.64147,0.16406,0.09506,-0.00283,-0.34158,-0.07844,0.00009,0.17068,0.14282,0.00047,0.62996,0.16193,0.08187,-0.00358,0.38192,-0.22154,0.01197,-0.05404,0.01997,-0.00720,0.69112,0.13518,0.08502,-0.01025,-0.16358,-0.17212,-0.00133,-0.15966,-0.06282,-0.00550,0.63598,0.16839,0.03837,0.00295,0.20787,-0.13683,0.00324,-0.04220,0.02744,-0.00518,0.71910,0.19173,0.11666,-0.00469
1.8500,185,0,1.8503,50.58,0.90356,-0.29310,0.01362,0.17706,0.19175,-0.00949,0.62721,0.19503,0.17538,0.02241,-0.30203,-0.08547,0.00448,0.08528,0.12007,-0.01989,0.58635,0.19789,0.13346,-0.02301,0.53740,-0.30600,0.00063,-0.04899,-0.05185,-0.00826,0.64173,0.20177,0.15231,-0.01983,-0.07320,-0.11832,0.01070,-0.10522,-0.09426,0.01648,0.59594,0.20326,0.10175,-0.00865,0.28560,-0.15426,0.00385,-0.03950,0.01088,-0.00114,0.67368,0.22246,0.20710,-0.05431,0.74279,-0.24847,0.00800,0.27965,0.13598,0.00757,0.64962,0.16186,0.09492,-0.00289,-0.34550,-0.07833,0.00034,0.17781,0.14249,0.00085,0.63802,0.16052,0.08169,-0.00355,0.37100,-0.21553,0.01253,-0.05296,0.02339,-0.00672,0.69782,0.13269,0.08451,-0.01034,-0.17220,-0.17262,-0.00072,-0.16273,-0.06015,-0.00536,0.64434,0.16615,0.03852,0.00305,0.20107,-0.13516,0.00356,-0.04076,0.02991,-0.00489,0.72862,0.18898,0.11643,-0.00467
1.9000,190,0,1.8997,49.44,0.90356,-0.29310,0.01362,0.17706,0.19175,-0.00949,0.62721,0.19503,0.17538,0.02241,-0.30203,-0.08547,0.00448,0.08528,0.12007,-0.01989,0.58635,0.19789,0.13346,-0.02301,0.50673,-0.30620,-0.00631,-0.05466,-0.05118,-0.01123,0.65742,0.15471,0.16138,-0.08844,-0.07320,-0.11832,0.01070,-0.10522,-0.09426,0.01648,0.59594,0.20326,0.10175,-0.00865,0.28560,-0.15426,0.00385,-0.03950,0.01088,-0.00114,0.67368,0.22246,0.20710,-0.05431,0.73047,-0.24442,0.00851,0.28636,0.13224,0.00769,0.65765,0.15963,0.09477,-0.00294,-0.34941,-0.07810,0.00060,0.18493,0.14199,0.00121,0.64601,0.15901,0.08152,-0.00352,0.36037,-0.20925,0.01306,-0.05171,0.02657,-0.00623,0.70440,0.13035,0.08399,-0.01041,-0.18084,-0.17282,-0.00012,-0.16568,-0.05756,-0.00519,0.65259,0.16386,0.03868,0.00313,0.19436,-0.13334,0.00386,-0.03921,0.03224,-0.00459,0.73800,0.18620,0.11620,-0.00465
1.9500,195,0,1.9495,49.78,0.87442,-0.29386,-0.00000,0.18927,0.16550,-0.00979,0.64550,0.18712,0.17827,0.00272,-0.31061,-0.09105,0.00202,0.09635,0.13559,-0.01580,0.60566,0.20505,0.12936,-0.03512,0.50673,-0.30620,-0.00631,-0.05466,-0.05118,-0.01123,0.65742,0.15471,0.16138,-0.08844,-0.08512,-0.12860,0.01651,-0.11497,-0.10541,0.00470,0.61609,0.20131,0.10208,0.03072,0.27410,-0.13549,-0.00095,-0.04400,-0.01245,0.00470,0.69728,0.21933,0.20249,-0.05160,0.71836,-0.24014,0.00897,0.29288,0.12844,0.00779,0.66558,0.15738,0.09462,-0.00298,-0.35331,-0.07775,0.00085,0.19201,0.14131,0.00155,0.65392,0.15741,0.08134,-0.00349,0.35007,-0.20273,0.01355,-0.05030,0.02950,-0.00572,0.71086,0.12814,0.08347,-0.01046,-0.18948,-0.17274,0.00045,-0.16849,-0.05506,-0.00501,0.66073,0.16153,0.03884,0.00320,0.18774,-0.13138,0.00414,-0.03754,0.03442,-0.00428,0.74724,0.18337,0.11597,-0.00463
2.0000,200,1,1.9997,50.22,0.87442,-0.29386,-0.00000,0.18927,0.16550,-0.00979,0.64550,0.18712,0.17827,0.00272,-0.31061,-0.09105,0.00202,0.09635,0.13559,-0.01580,0.60566,0.20505,0.12936,-0.03512,0.47188,-0.32050,-0.01544,-0.05185,0.00357,-0.01171,0.67399,0.18213,0.15438,-0.07538,-0.08512,-0.12860,0.01651,-0.11497,-0.10541,0.00470,0.61609,0.20131,0.10208,0.03072,0.27410,-0.13549,-0.00095,-0.04400,-0.01245,0.00470,0.69728,0.21933,0.20249,-0.05160,0.87442,-0.29386,-0.00000,0.18927,0.16550,-0.00979,0.64550,0.18712,0.17827,0.00272,-0.31061,-0.09105,0.00202,0.09635,0.13559,-0.01580,0.60566,0.20505,0.12936,-0.03512,0.47188,-0.32050,-0.01544,-0.05185,0.00357,-0.01171,0.67399,0.18213,0.15438,-0.07538,-0.08512,-0.12860,0.01651,-0.11497,-0.10541,0.00470,0.61609,0.20131,0.10208,0.03072,0.27410,-0.13549,-0.00095,-0.04400,-0.01245,0.00470,0.69728,0.21933,0.20249,-0.05160
2.0500,205,1,2.0491,49.37,0.84499,-0.29711,-0.00184,0.21768,0.22821,-0.01433,0.65760,0.16112,0.17866,0.11303,-0.31991,-0.09494,0.00073,0.10916,0.14534,-0.01595,0.62469,0.19196,0.12723,-0.04187,0.47188,-0.32050,-0.01544,-0.05185,0.00357,-0.01171,0.67399,0.18213,0.15438,-0.07538,-0.09863,-0.14160,0.01472,-0.12517,-0.11119,-0.00167,0.63590,0.19109,0.10575,0.02969,0.26082,-0.13495,0.00393,-0.04533,-0.01099,-0.00556,0.71854,0.20511,0.19772,-0.03352,0.85974,-0.29305,0.00314,0.19764,0.16838,-0.00243,0.65473,0.18202,0.17837,0.00132,-0.31513,-0.08929,0.00492,0.10331,0.14225,-0.01156,0.61579,0.20024,0.12772,-0.03085,0.45574,-0.32391,0.00049,-0.05153,0.00933,-0.01168,0.68294,0.17608,0.15081,-0.06767,-0.09140,-0.12304,0.00684,-0.12028,-0.10674,0.00095,0.62610,0.19908,0.10353,0.02724,0.26732,-0.13559,0.00046,-0.04466,-0.01362,0.00036,0.70819,0.21712,0.20005,-0.04606
2.1000,210,1,2.0997,50.58,0.84499,-0.29711,-0.00184,0.21768,0.22821,-0.01433,0.65760,0.16112,0.17866,0.11303,-0.31991,-0.09494,0.00073,0.10916,0.14534,-0.01595,0.62469,0.19196,0.12723,-0.04187,0.44500,-0.27615,-0.04669,-0.05446,-0.00896,0.00496,0.69469,0.18493,0.15268,0.12610,-0.09863,-0.14160,0.01472,-0.12517,-0.11119,-0.00167,0.63590,0.19109,0.10575,0.02969,0.26082,-0.13495,0.00393,-0.04533,-0.01099,-0.00556,0.71854,0.20511,0.19772,-0.03352,0.84514,-0.29089,0.00557,0.20606,0.16828,0.00252,0.66371,0.17741,0.17840,0.00011,-0.31952,-0.08643,0.00660,0.11055,0.14709,-0.00830,0.62569,0.19590,0.12627,-0.02712,0.43960,-0.32087,0.01118,-0.05092,0.01495,-0.01120,0.69160,0.17056,0.14759,-0.06092,-0.09749,-0.12133,0.00062,-0.12562,-0.10654,-0.00159,0.63599,0.19636,0.10482,0.02419,0.26055,-0.13509,0.00158,-0.04533,-0.01305,-0.00250,0.71898,0.21444,0.19787,-0.04120
2.1500,215,1,2.1497,50.07,0.81841,-0.26068,-0.06693,0.23652,0.20465,0.07068,0.67428,0.15848,0.20277,0.12860,-0.32900,-0.09304,-0.01272,0.12383,0.15568,0.02484,0.64234,0.17027,0.13465,0.15250,0.44500,-0.27615,-0.04669,-0.05446,-0.00896,0.00496,0.69469,0.18493,0.15268,0.12610,-0.11391,-0.15289,-0.03161,-0.13427,-0.09985,-0.02457,0.65497,0.17815,0.11823,0.24033,0.24747,-0.13205,-0.03480,-0.04435,0.00100,-0.00174,0.73807,0.17945,0.21382,0.23651,0.83067,-0.28768,0.00747,0.21443,0.16618,0.00582,0.67248,0.17318,0.17838,-0.00094,-0.32376,-0.08294,0.00749,0.11799,0.15051,-0.00575,0.63538,0.19190,0.12499,-0.02387,0.42372,-0.31352,0.01828,-0.05004,0.02027,-0.01043,0.70000,0.16549,0.14470,-0.05501,-0.10357,-0.12205,-0.00325,-0.13092,-0.10531,-0.00330,0.64573,0.19328,0.10596,0.02153,0.25382,-0.13408,0.00249,-0.04595,-0.01134,-0.00432,0.72963,0.21141,0.19592,-0.03694
2.2000,220,1,2.1995,49.76,0.81841,-0.26068,-0.06693,0.23652,0.20465,0.07068,0.67428,0.15848,0.20277,0.12860,-0.32900,-0.09304,-0.01272,0.12383,0.15568,0.02484,0.64234,0.17027,0.13465,0.15250,0.41998,-0.21179,-0.09172,-0.05594,-0.00358,0.01289,0.70936,0.11147,0.16595,0.11978,-0.11391,-0.15289,-0.03161,-0.13427,-0.09985,-0.02457,0.65497,0.17815,0.11823,0.24033,0.24747,-0.13205,-0.03480,-0.04435,0.00100,-0.00174,0.73807,0.17945,0.21382,0.23651,0.81639,-0.28363,0.00897,0.22266,0.16276,0.00799,0.68104,0.16925,0.17831,-0.00185,-0.32781,-0.07916,0.00787,0.12558,0.15282,-0.00372,0.64488,0.18815,0.12387,-0.02103,0.40829,-0.30333,0.02292,-0.04890,0.02516,-0.00947,0.70816,0.16081,0.14208,-0.04985,-0.10972,-0.12426,-0.00551,-0.13614,-0.10340,-0.00442,0.65531,0.18992,0.10697,0.01919,0.24715,-0.13267,0.00324,-0.04646,-0.00892,-0.00544,0.74012,0.20811,0.19417,-0.03321
2.2500,225,1,2.2497,50.22,0.79820,-0.14157,-0.10220,0.25081,0.11662,0.11887,0.68945,0.14886,0.22354,0.13922,-0.33697,-0.06802,-0.01864,0.13622,0.11142,0.05725,0.65548,0.10418,0.14889,0.08148,0.41998,-0.21179,-0.09172,-0.05594,-0.00358,0.01289,0.70936,0.11147,0.16595,0.11978,-0.12520,-0.09666,-0.06849,-0.14207,-0.06761,-0.04059,0.67158,0.14943,0.13925,0.17802,0.23767,-0.08186,-0.04783,-0.04862,-0.01646,0.01309,0.75333,0.12459,0.23490,0.20152,0.80232,-0.27893,0.01016,0.23069,0.15847,0.00940,0.68941,0.16554,0.17820,-0.00263,-0.33167,-0.07527,0.00794,0.13326,0.15422,-0.00206,0.65420,0.18456,0.12289,-0.01855,0.39342,-0.29130,0.02590,-0.04753,0.02954,-0.00840,0.71609,0.15649,0.13970,-0.04532,-0.11601,-0.12728,-0.00666,-0.14125,-0.10104,-0.00514,0.66472,0.18637,0.10788,0.01714,0.24056,-0.13092,0.00387,-0.04683,-0.00609,-0.00605,0.75044,0.20462,0.19259,-0.02995
2.3000,230,1,2.2996,49.86,0.79820,-0.14157,-0.10220,0.25081,0.11662,0.11887,0.68945,0.14886,0.22354,0.13922,-0.33697,-0.06802,-0.01864,0.13622,0.11142,0.05725,0.65548,0.10418,0.14889,0.08148,0.40075,-0.14084,-0.08400,-0.05893,-0.01034,0.00548,0.71808,0.04959,0.17370,0.06255,-0.12520,-0.09666,-0.06849,-0.14207,-0.06761,-0.04059,0.67158,0.14943,0.13925,0.17802,0.23767,-0.08186,-0.04783,-0.04862,-0.01646,0.01309,0.75333,0.12459,0.23490,0.20152,0.78850,-0.27371,0.01110,0.23850,0.15362,0.01028,0.69759,0.16200,0.17805,-0.00331,-0.33534,-0.07140,0.00783,0.14099,0.15489,-0.00068,0.66334,0.18109,0.12201,-0.01638,0.37918,-0.27811,0.02775,-0.04596,0.03339,-0.00727,0.72381,0.15248,0.13754,-0.04136,-0.12246,-0.13067,-0.00708,-0.14624,-0.09841,-0.00556,0.67394,0.18268,0.10869,0.01534,0.23406,-0.12889,0.00440,-0.04706,-0.00304,-0.00632,0.76058,0.20098,0.19117,-0.02709
2.3500,235,1,2.3495,49.96,0.78923,-0.03656,-0.07325,0.25634,0.02174,0.10180,0.70191,0.13724,0.23489,0.04694,-0.34184,-0.03544,-0.02542,0.14321,0.04714,0.06385,0.66219,0.05594,0.15788,0.04054,0.40075,-0.14084,-0.08400,-0.05893,-0.01034,0.00548,0.71808,0.04959,0.17370,0.06255,-0.13103,-0.03507,-0.06389,-0.14741,-0.02582,-0.02903,0.68408,0.11329,0.15518,0.10361,0.23172,-0.03560,-0.04597,-0.04953,-0.01415,0.01258,0.76315,0.07587,0.24960,0.12102,0.77495,-0.26808,0.01183,0.24605,0.14844,0.01081,0.70561,0.15859,0.17787,-0.00389,-0.33881,-0.06761,0.00763,0.14874,0.15492,0.00050,0.67231,0.17770,0.12124,-0.01449,0.36562,-0.26420,0.02885,-0.04420,0.03667,-0.00610,0.73134,0.14875,0.13556,-0.03789,-0.12908,-0.13414,-0.00700,-0.15109,-0.09562,-0.00579,0.68298,0.17888,0.10942,0.01376,0.22767,-0.12662,0.00485,-0.04714,0.00007,-0.00635,0.77053,0.19722,0.18988,-0.02458
2.4000,240,1,2.3995,49.99,0.78923,-0.03656,-0.07325,0.25634,0.02174,0.10180,0.70191,0.13724,0.23489,0.04694,-0.34184,-0.03544,-0.02542,0.14321,0.04714,0.06385,0.66219,0.05594,0.15788,0.04054,0.38944,-0.06947,-0.06022,-0.06259,-0.01092,0.00159,0.72641,0.06487,0.17824,0.04681,-0.13103,-0.03507,-0.06389,-0.14741,-0.02582,-0.02903,0.68408,0.11329,0.15518,0.10361,0.23172,-0.03560,-0.04597,-0.04953,-0.01415,0.01258,0.76315,0.07587,0.24960,0.12102,0.76170,-0.26212,0.01241,0.25334,0.14306,0.01110,0.71345,0.15528,0.17766,-0.00439,-0.34210,-0.06392,0.00740,0.15647,0.15442,0.00152,0.68111,0.17437,0.12056,-0.01284,0.35277,-0.24988,0.02946,-0.04230,0.03937,-0.00491,0.73869,0.14528,0.13374,-0.03485,-0.13587,-0.13748,-0.00659,-0.15580,-0.09275,-0.00587,0.69183,0.17502,0.11007,0.01238,0.22140,-0.12415,0.00523,-0.04705,0.00316,-0.00621,0.78030,0.19339,0.18870,-0.02238
2.4500,245,1,2.4494,49.85,0.78825,0.03603,-0.04409,0.25690,-0.03107,0.05368,0.71455,0.13935,0.23727,0.02708,-0.34425,-0.00863,-0.01657,0.14561,0.00101,0.03694,0.66841,0.06714,0.15955,0.01003,0.38944,-0.06947,-0.06022,-0.06259,-0.01092,0.00159,0.72641,0.06487,0.17824,0.04681,-0.13174,0.01711,-0.03818,-0.14871,0.00354,-0.01648,0.69441,0.09547,0.16449,0.04129,0.23010,0.00646,-0.03026,-0.04886,-0.01472,0.00770,0.76929,0.05086,0.25749,0.03921,0.74875,-0.25593,0.01283,0.26035,0.13758,0.01122,0.72114,0.15204,0.17743,-0.00482,-0.34521,-0.06035,0.00719,0.16417,0.15345,0.00242,0.68975,0.17108,0.11996,-0.01139,0.34064,-0.23535,0.02975,-0.04027,0.04148,-0.00371,0.74588,0.14204,0.13207,-0.03219,-0.14282,-0.14057,-0.00597,-0.16036,-0.08987,-0.00585,0.70048,0.17110,0.11066,0.01117,0.21526,-0.12150,0.00557,-0.04682,0.00615,-0.00596,0.78987,0.18950,0.18763,-0.02045
2.5000,250,1,2.4992,49.86,0.78825,0.03603,-0.04409,0.25690,-0.03107,0.05368,0.71455,0.13935,0.23727,0.02708,-0.34425,-0.00863,-0.01657,0.14561,0.00101,0.03694,0.66841,0.06714,0.15955,0.01003,0.38330,-0.02953,-0.02687,-0.06254,0.00155,-0.00752,0.73454,0.09012,0.18035,0.03278,-0.13174,0.01711,-0.03818,-0.14871,0.00354,-0.01648,0.69441,0.09547,0.16449,0.04129,0.23010,0.00646,-0.03026,-0.04886,-0.01472,0.00770,0.76929,0.05086,0.25749,0.03921,0.73611,-0.24955,0.01314,0.26709,0.13207,0.01123,0.72866,0.14884,0.17718,-0.00519,-0.34814,-0.05687,0.00701,0.17181,0.15207,0.00323,0.69822,0.16783,0.11942,-0.01013,0.32923,-0.22073,0.02984,-0.03816,0.04301,-0.00252,0.75290,0.13902,0.13052,-0.02985,-0.14992,-0.14332,-0.00523,-0.16478,-0.08702,-0.00576,0.70894,0.16714,0.11119,0.01010,0.20926,-0.11869,0.00585,-0.04644,0.00899,-0.00563,0.79925,0.18556,0.18665,-0.01876
2.5500,255,1,2.5491,49.89,0.79028,0.04350,0.00669,0.25872,-0.01941,0.00678,0.72624,0.15010,0.23727,0.01719,-0.34495,0.00467,-0.00816,0.14464,-0.01943,0.00842,0.67762,0.10918,0.16160,0.01401,0.38330,-0.02953,-0.02687,-0.06254,0.00155,-0.00752,0.73454,0.09012,0.18035,0.03278,-0.13055,0.03027,-0.00475,-0.14474,0.03465,-0.00205,0.70255,0.08978,0.16969,-0.01289,0.23222,0.03346,-0.01261,-0.05038,-0.01893,0.00476,0.77430,0.05275,0.25965,-0.00637,0.72379,-0.24306,0.01333,0.27356,0.12657,0.01117,0.73602,0.14565,0.17692,-0.00550,-0.35090,-0.05346,0.00689,0.17937,0.15030,0.00397,0.70653,0.16461,0.11894,-0.00903,0.31856,-0.20609,0.02982,-0.03598,0.04395,-0.00133,0.75978,0.13619,0.12908,-0.02779,-0.15715,-0.14569,-0.00442,-0.16907,-0.08423,-0.00562,0.71720,0.16316,0.11167,0.00917,0.20339,-0.11576,0.00610,-0.04592,0.01166,-0.00524,0.80843,0.18159,0.18575,-0.01727
2.6000,260,1,2.5994,50.24,0.79028,0.04350,0.00669,0.25872,-0.01941,0.00678,0.72624,0.15010,0.23727,0.01719,-0.34495,0.00467,-0.00816,0.14464,-0.01943,0.00842,0.67762,0.10918,0.16160,0.01401,0.37664,-0.03895,0.00723,-0.06085,0.02697,-0.01754,0.74484,0.09624,0.18195,0.00967,-0.13055,0.03027,-0.00475,-0.14474,0.03465,-0.00205,0.70255,0.08978,0.16969,-0.01289,0.23222,0.03346,-0.01261,-0.05038,-0.01893,0.00476,0.77430,0.05275,0.25965,-0.00637,0.71180,-0.23649,0.01343,0.27975,0.12112,0.01105,0.74322,0.14246,0.17663,-0.00577,-0.35348,-0.05010,0.00682,0.18684,0.14818,0.00467,0.71468,0.16144,0.11851,-0.00806,0.30862,-0.19148,0.02973,-0.03377,0.04431,-0.00015,0.76652,0.13355,0.12774,-0.02599,-0.16448,-0.14765,-0.00357,-0.17321,-0.08152,-0.00544,0.72526,0.15916,0.11211,0.00834,0.19768,-0.11272,0.00630,-0.04528,0.01412,-0.00481,0.81741,0.17759,0.18492,-0.01597
2.6500,265,1,2.6493,49.92,0.79411,0.03114,0.02692,0.25701,-0.01696,-0.01566,0.74085,0.15838,0.23457,0.00365,-0.34557,0.00329,-0.00205,0.14225,-0.01893,-0.01018,0.69065,0.14135,0.16276,0.00639,0.37664,-0.03895,0.00723,-0.06085,0.02697,-0.01754,0.74484,0.09624,0.18195,0.00967,-0.12682,0.02831,0.01929,-0.13938,0.03943,0.01980,0.71068,0.09154,0.16970,0.02892,0.23587,0.03610,0.00994,-0.05166,-0.01039,-0.01020,0.78092,0.08009,0.25624,-0.02639,0.70014,-0.22989,0.01345,0.28567,0.11574,0.01089,0.75027,0.13922,0.17634,-0.00600,-0.35591,-0.04676,0.00682,0.19419,0.14573,0.00532,0.72268,0.15832,0.11813,-0.00722,0.29941,-0.17693,0.02961,-0.03156,0.04410,0.00103,0.77314,0.13110,0.12648,-0.02441,-0.17190,-0.14919,-0.00272,-0.17722,-0.07890,-0.00523,0.73311,0.15515,0.11251,0.00762,0.19212,-0.10958,0.00648,-0.04452,0.01638,-0.00437,0.82619,0.17357,0.18415,-0.01483
2.7000,270,1,2.6999,50.64,0.79411,0.03114,0.02692,0.25701,-0.01696,-0.01566,0.74085,0.15838,0.23457,0.00365,-0.34557,0.00329,-0.00205,0.14225,-0.01893,-0.01018,0.69065,0.14135,0.16276,0.00639,0.36690,-0.07969,0.02732,-0.05743,0.04878,-0.01577,0.75722,0.10447,0.18139,-0.01586,-0.12682,0.02831,0.01929,-0.13938,0.03943,0.01980,0.71068,0.09154,0.16970,0.02892,0.23587,0.03610,0.00994,-0.05166,-0.01039,-0.01020,0.78092,0.08009,0.25624,-0.02639,0.68881,-0.22330,0.01343,0.29133,0.11044,0.01071,0.75715,0.13592,0.17603,-0.00619,-0.35816,-0.04342,0.00681,0.20140,0.14297,0.00593,0.73052,0.15525,0.11779,-0.00648,0.29093,-0.16245,0.02940,-0.02937,0.04330,0.00220,0.77964,0.12880,0.12529,-0.02301,-0.17939,-0.15032,-0.00187,-0.18110,-0.07639,-0.00500,0.74077,0.15112,0.11287,0.00698,0.18672,-0.10637,0.00662,-0.04365,0.01841,-0.00391,0.83476,0.16952,0.18344,-0.01382
2.7500,275,1,2.7494,49.48,0.79535,-0.01089,0.06015,0.25562,-0.00931,-0.02989,0.75665,0.17130,0.23562,0.00029,-0.34709,-0.00687,0.00119,0.14042,0.00239,-0.03560,0.70713,0.17072,0.16212,-0.02162,0.36690,-0.07969,0.02732,-0.05743,0.04878,-0.01577,0.75722,0.10447,0.18139,-0.01586,-0.12531,0.00476,0.03950,-0.13831,0.00411,0.03874,0.71967,0.10310,0.16957,0.03063,0.23883,0.01775,0.02290,-0.05073,0.00938,-0.01192,0.79097,0.12590,0.25402,-0.04408,0.67781,-0.21673,0.01339,0.29672,0.10523,0.01052,0.76386,0.13258,0.17572,-0.00636,-0.36025,-0.04008,0.00678,0.20848,0.13991,0.00651,0.73820,0.15215,0.11748,-0.00584,0.28317,-0.14810,0.02908,-0.02724,0.04194,0.00334,0.78602,0.12649,0.12417,-0.02178,-0.18693,-0.15103,-0.00104,-0.18486,-0.07399,-0.00476,0.74823,0.14708,0.11321,0.00642,0.18149,-0.10309,0.00674,-0.04268,0.02021,-0.00344,0.84314,0.16544,0.18277,-0.01294
2.8000,280,1,2.8002,50.81,0.79535,-0.01089,0.06015,0.25562,-0.00931,-0.02989,0.75665,0.17130,0.23562,0.00029,-0.34709,-0.00687,0.00119,0.14042,0.00239,-0.03560,0.70713,0.17072,0.16212,-0.02162,0.35357,-0.12988,0.02974,-0.05228,0.05969,-0.00923,0.77046,0.14403,0.17752,-0.04531,-0.12531,0.00476,0.03950,-0.13831,0.00411,0.03874,0.71967,0.10310,0.16957,0.03063,0.23883,0.01775,0.02290,-0.05073,0.00938,-0.01192,0.79097,0.12590,0.25402,-0.04408,0.66714,-0.21017,0.01334,0.30185,0.10012,0.01032,0.77040,0.12921,0.17540,-0.00650,-0.36217,-0.03677,0.00673,0.21539,0.13658,0.00706,0.74573,0.14896,0.11721,-0.00527,0.27612,-0.13393,0.02866,-0.02519,0.04003,0.00445,0.79228,0.12406,0.12311,-0.02070,-0.19449,-0.15135,-0.00025,-0.18850,-0.07172,-0.00452,0.75548,0.14305,0.11352,0.00593,0.17642,-0.09976,0.00683,-0.04163,0.02178,-0.00298,0.85131,0.16132,0.18214,-0.01216
2.8500,285,1,2.8496,49.41,0.79032,-0.08154,0.06296,0.25764,0.02084,-0.04018,0.77219,0.17249,0.23438,-0.00191,-0.35010,-0.01821,-0.00464,0.14034,0.03257,-0.03781,0.72583,0.17507,0.16054,0.00771,0.35357,-0.12988,0.02974,-0.05228,0.05969,-0.00923,0.77046,0.14403,0.17752,-0.04531,-0.12753,-0.03623,0.04900,-0.14079,-0.04596,0.03338,0.73165,0.13470,0.16816,0.00336,0.24028,-0.00492,0.03101,-0.05113,0.01220,-0.01149,0.80566,0.16818,0.24700,-0.06289,0.65680,-0.20364,0.01329,0.30673,0.09511,0.01012,0.77678,0.12583,0.17507,-0.00661,-0.36393,-0.03349,0.00664,0.22213,0.13300,0.00756,0.75309,0.14564,0.11695,-0.00478,0.26977,-0.12000,0.02815,-0.02325,0.03758,0.00553,0.79842,0.12143,0.12210,-0.01975,-0.20206,-0.15128,0.00052,-0.19203,-0.06957,-0.00426,0.76253,0.13901,0.11380,0.00549,0.17151,-0.09640,0.00689,-0.04050,0.02313,-0.00251,0.85927,0.15715,0.18155,-0.01148
2.9000,290,1,2.8994,49.72,0.79032,-0.08154,0.06296,0.25764,0.02084,-0.04018,0.77219,0.17249,0.23438,-0.00191,-0.35010,-0.01821,-0.00464,0.14034,0.03257,-0.03781,0.72583,0.17507,0.16054,0.00771,0.33725,-0.16438,0.04279,-0.04654,0.06201,-0.01276,0.78430,0.08258,0.17739,0.03305,-0.12753,-0.03623,0.04900,-0.14079,-0.04596,0.03338,0.73165,0.13470,0.16816,0.00336,0.24028,-0.00492,0.03101,-0.05113,0.01220,-0.01149,0.80566,0.16818,0.24700,-0.06289,0.64678,-0.19714,0.01323,0.31136,0.09019,0.00992,0.78299,0.12242,0.17474,-0.00671,-0.36552,-0.03026,0.00652,0.22869,0.12917,0.00803,0.76029,0.14217,0.11673,-0.00434,0.26411,-0.10634,0.02754,-0.02144,0.03462,0.00655,0.80442,0.11852,0.12113,-0.01890,-0.20961,-0.15084,0.00125,-0.19546,-0.06754,-0.00400,0.76938,0.13497,0.11406,0.00510,0.16678,-0.09301,0.00693,-0.03932,0.02425,-0.00206,0.86702,0.15293,0.18099,-0.01087
2.9500,295,1,2.9494,50.05,0.77802,-0.15470,0.06436,0.26452,0.06460,-0.03165,0.78649,0.15339,0.23307,-0.00368,-0.35442,-0.02727,0.00039,0.14302,0.06850,-0.04592,0.74452,0.16750,0.16259,0.03562,0.33725,-0.16438,0.04279,-0.04654,0.06201,-0.01276,0.78430,0.08258,0.17739,0.03305,-0.13406,-0.08196,0.04283,-0.14712,-0.08110,0.02099,0.74649,0.15391,0.16787,0.03247,0.23900,-0.03829,0.04045,-0.04807,0.02425,-0.01428,0.82380,0.20007,0.24143,-0.03989,0.63708,-0.19066,0.01318,0.31575,0.08538,0.00972,0.78902,0.11899,0.17440,-0.00679,-0.36695,-0.02710,0.00637,0.23504,0.12512,0.00846,0.76731,0.13854,0.11652,-0.00397,0.25913,-0.09300,0.02685,-0.01979,0.03116,0.00753,0.81027,0.11531,0.12021,-0.01816,-0.21714,-0.15006,0.00194,-0.19879,-0.06564,-0.00374,0.77603,0.13094,0.11431,0.00476,0.16221,-0.08960,0.00695,-0.03808,0.02515,-0.00161,0.87456,0.14865,0.18046,-0.01034
3.0000,300,1,2.9996,50.15,0.77802,-0.15470,0.06436,0.26452,0.06460,-0.03165,0.78649,0.15339,0.23307,-0.00368,-0.35442,-0.02727,0.00039,0.14302,0.06850,-0.04592,0.74452,0.16750,0.16259,0.03562,0.31618,-0.24081,0.10537,-0.03980,0.07157,-0.03327,0.79405,0.02492,0.20978,0.50426,-0.13406,-0.08196,0.04283,-0.14712,-0.08110,0.02099,0.74649,0.15391,0.16787,0.03247,0.23900,-0.03829,0.04045,-0.04807,0.02425,-0.01428,0.82380,0.20007,0.24143,-0.03989,0.62771,-0.18421,0.01312,0.31990,0.08065,0.00954,0.79488,0.11553,0.17406,-0.00685,-0.36823,-0.02402,0.00618,0.24120,0.12088,0.00885,0.77414,0.13475,0.11633,-0.00363,0.25481,-0.08001,0.02608,-0.01833,0.02724,0.00845,0.81595,0.11176,0.11932,-0.01749,-0.22461,-0.14895,0.00259,-0.20203,-0.06387,-0.00348,0.78248,0.12692,0.11454,0.00446,0.15782,-0.08619,0.00695,-0.03681,0.02584,-0.00118,0.88188,0.14432,0.17996,-0.00987
3.0500,305,1,3.0495,49.92,0.75965,-0.21520,0.04832,0.26937,0.06341,-0.01776,0.80096,0.14976,0.23099,-0.01410,-0.35951,-0.03528,-0.00800,0.14923,0.10362,-0.03542,0.76258,0.15981,0.16348,-0.00703,0.31618,-0.24081,0.10537,-0.03980,0.07157,-0.03327,0.79405,0.02492,0.20978,0.50426,-0.14394,-0.11353,0.03072,-0.16155,-0.13429,0.01255,0.76130,0.16595,0.17196,0.01654,0.23415,-0.07641,0.04987,-0.04798,0.01052,-0.00943,0.84443,0.21661,0.23931,-0.03000,0.61866,-0.17779,0.01306,0.32382,0.07602,0.00936,0.80057,0.11204,0.17372,-0.00690,-0.36936,-0.02103,0.00597,0.24713,0.11645,0.00920,0.78078,0.13079,0.11616,-0.00334,0.25112,-0.06742,0.02524,-0.01708,0.02288,0.00931,0.82144,0.10788,0.11846,-0.01691,-0.23203,-0.14752,0.00321,-0.20518,-0.06223,-0.00322,0.78872,0.12291,0.11476,0.00419,0.15359,-0.08279,0.00693,-0.03550,0.02631,-0.00076,0.88899,0.13993,0.17948,-0.00945
3.1000,310,1,3.0996,50.15,0.75965,-0.21520,0.04832,0.26937,0.06341,-0.01776,0.80096,0.14976,0.23099,-0.01410,-0.35951,-0.03528,-0.00800,0.14923,0.10362,-0.03542,0.76258,0.15981,0.16348,-0.00703,0.27898,-0.35019,0.02630,-0.03806,0.05610,-0.00636,0.78802,-0.09546,0.23563,-0.03532,-0.14394,-0.11353,0.03072,-0.16155,-0.13429,0.01255,0.76130,0.16595,0.17196,0.01654,0.23415,-0.07641,0.04987,-0.04798,0.01052,-0.00943,0.84443,0.21661,0.23931,-0.03000,0.60993,-0.17139,0.01301,0.32751,0.07146,0.00920,0.80609,0.10853,0.17337,-0.00694,-0.37033,-0.01816,0.00573,0.25284,0.11186,0.00950,0.78722,0.12668,0.11599,-0.00308,0.24806,-0.05526,0.02434,-0.01605,0.01812,0.01010,0.82673,0.10367,0.11763,-0.01638,-0.23936,-0.14581,0.00379,-0.20825,-0.06071,-0.00296,0.79477,0.11892,0.11496,0.00395,0.14954,-0.07940,0.00689,-0.03418,0.02658,-0.00035,0.89588,0.13550,0.17901,-0.00909
3.1500,315,1,3.1498,50.18,0.73501,-0.26135,0.02561,0.27846,0.08689,-0.01570,0.81575,0.15925,0.22937,0.02909,-0.35137,-0.01216,-0.00916,0.17424,0.15859,-0.03836,0.76591,0.12228,0.15884,-0.04950,0.27898,-0.35019,0.02630,-0.03806,0.05610,-0.00636,0.78802,-0.09546,0.23563,-0.03532,-0.15729,-0.14272,0.01709,-0.17394,-0.13372,-0.01733,0.77856,0.17337,0.17263,0.03804,0.22425,-0.12432,0.04396,-0.04657,0.00997,-0.01540,0.86797,0.22723,0.23975,-0.03092,0.60152,-0.16503,0.01295,0.33097,0.06699,0.00905,0.81143,0.10501,0.17302,-0.00698,-0.37117,-0.01542,0.00547,0.25831,0.10713,0.00976,0.79345,0.12243,0.11585,-0.00286,0.24559,-0.04356,0.02337,-0.01527,0.01299,0.01081,0.83180,0.09915,0.11682,-0.01592,-0.24660,-0.14381,0.00433,-0.21125,-0.05932,-0.00271,0.80061,0.11494,0.11515,0.00374,0.14565,-0.07603,0.00684,-0.03285,0.02666,0.00004,0.90254,0.13103,0.17857,-0.00876
3.2000,320,1,3.1994,49.60,0.73501,-0.26135,0.02561,0.27846,0.08689,-0.01570,0.81575,0.15925,0.22937,0.02909,-0.35137,-0.01216,-0.00916,0.17424,0.15859,-0.03836,0.76591,0.12228,0.15884,-0.04950,0.24099,-0.34996,-0.05173,-0.03537,0.03610,0.05575,0.77246,-0.19597,0.22341,-0.06012,-0.15729,-0.14272,0.01709,-0.17394,-0.13372,-0.01733,0.77856,0.17337,0.17263,0.03804,0.22425,-0.12432,0.04396,-0.04657,0.00997,-0.01540,0.86797,0.22723,0.23975,-0.03092,0.59343,-0.15869,0.01290,0.33421,0.06258,0.00892,0.81659,0.10148,0.17267,-0.00700,-0.37188,-0.01280,0.00518,0.26355,0.10229,0.00997,0.79946,0.11805,0.11571,-0.00266,0.24369,-0.03234,0.02236,-0.01476,0.00753,0.01145,0.83664,0.09436,0.11603,-0.01550,-0.25374,-0.14157,0.00484,-0.21419,-0.05805,-0.00246,0.80626,0.11098,0.11534,0.00355,0.14193,-0.07269,0.00677,-0.03152,0.02655,0.00041,0.90898,0.12653,0.17814,-0.00847
3.2500,325,1,3.2493,49.87,0.70847,-0.27475,0.00183,0.28593,0.08677,-0.00274,0.83098,0.15356,0.22819,0.02621,-0.35234,-0.00812,-0.00051,0.19117,0.18690,-0.01264,0.77690,0.12038,0.15431,-0.04044,0.24099,-0.34996,-0.05173,-0.03537,0.03610,0.05575,0.77246,-0.19597,0.22341,-0.06012,-0.17296,-0.15924,0.00022,-0.18501,-0.10543,-0.02352,0.79695,0.18151,0.17748,0.01397,0.21037,-0.16152,0.03134,-0.04785,0.00591,-0.01321,0.89069,0.22747,0.23562,-0.02394,0.58565,-0.15237,0.01284,0.33723,0.05824,0.00880,0.82157,0.09797,0.17232,-0.00701,-0.37246,-0.01034,0.00487,0.26854,0.09736,0.01013,0.80525,0.11356,0.11558,-0.00249,0.24235,-0.02163,0.02131,-0.01452,0.00177,0.01200,0.84123,0.08935,0.11527,-0.01512,-0.26075,-0.13908,0.00531,-0.21706,-0.05690,-0.00222,0.81171,0.10705,0.11551,0.00338,0.13838,-0.06939,0.00669,-0.03020,0.02626,0.00076,0.91519,0.12203,0.17772,-0.00822
3.3000,330,1,3.3000,50.69,0.70847,-0.27475,0.00183,0.28593,0.08677,-0.00274,0.83098,0.15356,0.22819,0.02621,-0.35234,-0.00812,-0.00051,0.19117,0.18690,-0.01264,0.77690,0.12038,0.15431,-0.04044,0.20942,-0.27665,-0.10796,-0.03570,-0.01781,0.10611,0.74742,-0.29860,0.22677,-0.00999,-0.17296,-0.15924,0.00022,-0.18501,-0.10543,-0.02352,0.79695,0.18151,0.17748,0.01397,0.21037,-0.16152,0.03134,-0.04785,0.00591,-0.01321,0.89069,0.22747,0.23562,-0.02394,0.57819,-0.14609,0.01278,0.34003,0.05395,0.00869,0.82639,0.09447,0.17197,-0.00702,-0.37292,-0.00803,0.00455,0.27328,0.09236,0.01024,0.81082,0.10901,0.11546,-0.00233,0.24152,-0.01144,0.02022,-0.01458,-0.00423,0.01248,0.84557,0.08419,0.11452,-0.01479,-0.26764,-0.13637,0.00574,-0.21988,-0.05587,-0.00198,0.81697,0.10315,0.11567,0.00323,0.13499,-0.06613,0.00659,-0.02889,0.02581,0.00110,0.92118,0.11754,0.17731,-0.00799
3.3500,335,1,3.3495,49.49,0.68104,-0.26669,-0.01315,0.28977,0.06470,-0.00108,0.84440,0.13652,0.23304,-0.00125,-0.35392,-0.01475,0.00661,0.20812,0.18272,0.00246,0.78840,0.12861,0.15048,-0.02516,0.20942,-0.27665,-0.10796,-0.03570,-0.01781,0.10611,0.74742,-0.29860,0.22677,-0.00999,-0.18787,-0.15773,-0.00382,-0.19218,-0.07138,-0.02329,0.81470,0.18162,0.17784,-0.00784,0.19137,-0.19273,0.01165,-0.04563,0.02301,-0.01246,0.91177,0.20916,0.23234,-0.03277,0.57104,-0.13984,0.01271,0.34262,0.04971,0.00860,0.83102,0.09101,0.17162,-0.00703,-0.37326,-0.00588,0.00422,0.27778,0.08732,0.01030,0.81615,0.10443,0.11535,-0.00220,0.24119,-0.00179,0.01911,-0.01495,-0.01045,0.01287,0.84965,0.07897,0.11379,-0.01449,-0.27439,-0.13345,0.00615,-0.22265,-0.05496,-0.00174,0.82203,0.09928,0.11583,0.00309,0.13177,-0.06292,0.00649,-0.02762,0.02519,0.00142,0.92695,0.11308,0.17692,-0.00778
3.4000,340,1,3.3996,50.16,0.68104,-0.26669,-0.01315,0.28977,0.06470,-0.00108,0.84440,0.13652,0.23304,-0.00125,-0.35392,-0.01475,0.00661,0.20812,0.18272,0.00246,0.78840,0.12861,0.15048,-0.02516,0.19395,-0.11944,-0.10671,-0.04598,-0.07973,0.02561,0.71760,-0.29332,0.22245,-0.04190,-0.18787,-0.15773,-0.00382,-0.19218,-0.07138,-0.02329,0.81470,0.18162,0.17784,-0.00784,0.19137,-0.19273,0.01165,-0.04563,0.02301,-0.01246,0.91177,0.20916,0.23234,-0.03277,0.56421,-0.13362,0.01264,0.34500,0.04551,0.00853,0.83549,0.08758,0.17127,-0.00703,-0.37351,-0.00389,0.00388,0.28202,0.08227,0.01031,0.82126,0.09988,0.11524,-0.00208,0.24133,0.00730,0.01798,-0.01563,-0.01684,0.01317,0.85347,0.07381,0.11307,-0.01421,-0.28098,-0.13034,0.00652,-0.22538,-0.05416,-0.00152,0.82690,0.09544,0.11598,0.00297,0.12870,-0.05976,0.00638,-0.02638,0.02442,0.00172,0.93249,0.10868,0.17654,-0.00760
3.4500,345,1,3.4496,50.02,0.65501,-0.25210,-0.02130,0.29641,0.07219,-0.00312,0.85765,0.13205,0.23653,-0.02698,-0.35631,-0.02277,0.00576,0.22415,0.16897,0.01372,0.80165,0.14776,0.14634,-0.03588,0.19395,-0.11944,-0.10671,-0.04598,-0.07973,0.02561,0.71760,-0.29332,0.22245,-0.04190,-0.20247,-0.15147,-0.00999,-0.19641,-0.04201,-0.01114,0.83078,0.16562,0.17461,-0.02051,0.17136,-0.19565,-0.01267,-0.04418,0.02427,-0.00109,0.93016,0.17354,0.22765,-0.01873,0.55768,-0.12744,0.01256,0.34717,0.04134,0.00847,0.83978,0.08417,0.17092,-0.00702,-0.37365,-0.00207,0.00354,0.28600,0.07722,0.01027,0.82614,0.09545,0.11514,-0.00197,0.24191,0.01585,0.01685,-0.01664,-0.02336,0.01339,0.85704,0.06887,0.11237,-0.01396,-0.28742,-0.12706,0.00686,-0.22807,-0.05347,-0.00130,0.83157,0.09164,0.11613,0.00286,0.12579,-0.05667,0.00626,-0.02518,0.02351,0.00199,0.93782,0.10435,0.17616,-0.00743
3.5000,350,1,3.4996,49.94,0.65501,-0.25210,-0.02130,0.29641,0.07219,-0.00312,0.85765,0.13205,0.23653,-0.02698,-0.35631,-0.02277,0.00576,0.22415,0.16897,0.01372,0.80165,0.14776,0.14634,-0.03588,0.19434,0.00619,-0.07646,-0.05041,-0.03097,-0.08095,0.69512,-0.13679,0.20599,-0.16270,-0.20247,-0.15147,-0.00999,-0.19641,-0.04201,-0.01114,0.83078,0.16562,0.17461,-0.02051,0.17136,-0.19565,-0.01267,-0.04418,0.02427,-0.00109,0.93016,0.17354,0.22765,-0.01873,0.55146,-0.12129,0.01248,0.34914,0.03720,0.00842,0.84390,0.08073,0.17057,-0.00701,-0.37372,-0.00042,0.00320,0.28974,0.07220,0.01019,0.83081,0.09127,0.11504,-0.00188,0.24291,0.02383,0.01572,-0.01797,-0.02997,0.01354,0.86036,0.06435,0.11167,-0.01374,-0.29369,-0.12362,0.00717,-0.23072,-0.05289,-0.00109,0.83606,0.08788,0.11627,0.00276,0.12303,-0.05363,0.00613,-0.02403,0.02247,0.00225,0.94293,0.10013,0.17579,-0.00729
3.5500,355,1,3.5496,50.02,0.63069,-0.22917,-0.03382,0.30409,0.07834,0.00185,0.87107,0.13065,0.23601,-0.06274,-0.35924,-0.02935,0.00537,0.23902,0.15029,0.01612,0.81601,0.15064,0.14374,-0.02601,0.19434,0.00619,-0.07646,-0.05041,-0.03097,-0.08095,0.69512,-0.13679,0.20599,-0.16270,-0.21653,-0.14132,-0.00263,-0.20083,-0.03951,-0.00397,0.84547,0.14424,0.17091,-0.01311,0.15150,-0.18172,-0.02837,-0.04185,0.03047,0.00068,0.94602,0.14532,0.22525,-0.02519,0.54555,-0.11520,0.01238,0.35089,0.03309,0.00836,0.84785,0.07719,0.17022,-0.00700,-0.37370,0.00107,0.00288,0.29322,0.06722,0.01011,0.83527,0.08746,0.11495,-0.00180,0.24429,0.03127,0.01461,-0.01963,-0.03664,0.01366,0.86348,0.06043,0.11099,-0.01353,-0.29978,-0.12003,0.00745,-0.23336,-0.05240,-0.00088,0.84036,0.08415,0.11641,0.00267,0.12043,-0.05065,0.00600,-0.02293,0.02130,0.00249,0.94783,0.09601,0.17543,-0.00715
3.6000,360,1,3.5996,49.95,0.63069,-0.22917,-0.03382,0.30409,0.07834,0.00185,0.87107,0.13065,0.23601,-0.06274,-0.35924,-0.02935,0.00537,0.23902,0.15029,0.01612,0.81601,0.15064,0.14374,-0.02601,0.20444,0.09883,-0.04259,-0.04890,0.06851,-0.07609,0.69594,0.12631,0.18880,-0.30352,-0.21653,-0.14132,-0.00263,-0.20083,-0.03951,-0.00397,0.84547,0.14424,0.17091,-0.01311,0.15150,-0.18172,-0.02837,-0.04185,0.03047,0.00068,0.94602,0.14532,0.22525,-0.02519,0.53994,-0.10915,0.01226,0.35245,0.02901,0.00825,0.85162,0.07362,0.16987,-0.00699,-0.37361,0.00241,0.00257,0.29646,0.06228,0.01006,0.83956,0.08395,0.11486,-0.00172,0.24603,0.03816,0.01352,-0.02163,-0.04337,0.01381,0.86641,0.05700,0.11032,-0.01334,-0.30569,-0.11632,0.00770,-0.23597,-0.05202,-0.00069,0.84448,0.08047,0.11654,0.00258,0.11797,-0.04774,0.00586,-0.02190,0.02002,0.00272,0.95253,0.09201,0.17508,-0.00703
3.6500,365,1,3.6491,49.60,0.60934,-0.19726,-0.03067,0.31226,0.08519,0.00248,0.88390,0.12414,0.23196,-0.03916,-0.36239,-0.02940,-0.00002,0.25181,0.12800,0.01799,0.83064,0.14977,0.14242,-0.00875,0.20444,0.09883,-0.04259,-0.04890,0.06851,-0.07609,0.69594,0.12631,0.18880,-0.30352,-0.23061,-0.14014,-0.00413,-0.20412,-0.03412,0.00312,0.85927,0.13108,0.16809,-0.01861,0.13401,-0.15162,-0.04046,-0.03732,0.03869,0.00712,0.96032,0.12628,0.22510,-0.04125,0.53463,-0.10317,0.01214,0.35380,0.02500,0.00811,0.85521,0.07010,0.16952,-0.00697,-0.37346,0.00359,0.00227,0.29945,0.05734,0.01005,0.84367,0.08061,0.11478,-0.00166,0.24810,0.04453,0.01245,-0.02397,-0.05019,0.01399,0.86919,0.05388,0.10966,-0.01317,-0.31141,-0.11248,0.00793,-0.23856,-0.05172,-0.00051,0.84841,0.07684,0.11666,0.00251,0.11565,-0.04490,0.00572,-0.02093,0.01864,0.00292,0.95703,0.08811,0.17473,-0.00692
3.7000,370,1,3.6993,50.16,0.60934,-0.19726,-0.03067,0.31226,0.08519,0.00248,0.88390,0.12414,0.23196,-0.03916,-0.36239,-0.02940,-0.00002,0.25181,0.12800,0.01799,0.83064,0.14977,0.14242,-0.00875,0.21760,0.14146,-0.05083,-0.03467,0.16110,-0.00775,0.72786,0.43183,0.15242,-0.26913,-0.23061,-0.14014,-0.00413,-0.20412,-0.03412,0.00312,0.85927,0.13108,0.16809,-0.01861,0.13401,-0.15162,-0.04046,-0.03732,0.03869,0.00712,0.96032,0.12628,0.22510,-0.04125,0.52962,-0.09725,0.01201,0.35495,0.02106,0.00795,0.85863,0.06667,0.16917,-0.00695,-0.37325,0.00464,0.00198,0.30219,0.05241,0.01005,0.84762,0.07735,0.11470,-0.00160,0.25047,0.05038,0.01140,-0.02665,-0.05709,0.01415,0.87181,0.05092,0.10900,-0.01300,-0.31693,-0.10854,0.00813,-0.24114,-0.05152,-0.00033,0.85216,0.07328,0.11679,0.00244,0.11348,-0.04213,0.00558,-0.02004,0.01716,0.00310,0.96134,0.08432,0.17438,-0.00682
3.7500,375,1,3.7496,50.25,0.59264,-0.16581,-0.02605,0.32480,0.10124,0.01187,0.89556,0.11109,0.22575,-0.02863,-0.36513,-0.02576,-0.00373,0.26268,0.10758,0.01168,0.84341,0.12934,0.14099,-0.00850,0.21760,0.14146,-0.05083,-0.03467,0.16110,-0.00775,0.72786,0.43183,0.15242,-0.26913,-0.24478,-0.13767,0.00126,-0.21078,-0.05076,0.00531,0.86919,0.10553,0.16761,-0.00973,0.12103,-0.10613,-0.04385,-0.03716,0.01635,0.01232,0.96974,0.09584,0.21866,-0.04105,0.52491,-0.09139,0.01187,0.35590,0.01720,0.00779,0.86188,0.06334,0.16882,-0.00694,-0.37300,0.00554,0.00170,0.30469,0.04749,0.01001,0.85141,0.07413,0.11462,-0.00154,0.25313,0.05572,0.01038,-0.02968,-0.06406,0.01425,0.87428,0.04806,0.10836,-0.01285,-0.32226,-0.10451,0.00831,-0.24371,-0.05140,-0.00017,0.85574,0.06980,0.11691,0.00237,0.11144,-0.03943,0.00544,-0.01922,0.01560,0.00327,0.96547,0.08062,0.17405,-0.00673
3.8000,380,1,3.7997,50.19,0.59264,-0.16581,-0.02605,0.32480,0.10124,0.01187,0.89556,0.11109,0.22575,-0.02863,-0.36513,-0.02576,-0.00373,0.26268,0.10758,0.01168,0.84341,0.12934,0.14099,-0.00850,0.24064,0.21420,-0.03744,-0.00639,0.21252,0.04432,0.77191,0.56250,0.13425,-0.12992,-0.24478,-0.13767,0.00126,-0.21078,-0.05076,0.00531,0.86919,0.10553,0.16761,-0.00973,0.12103,-0.10613,-0.04385,-0.03716,0.01635,0.01232,0.96974,0.09584,0.21866,-0.04105,0.52048,-0.08560,0.01173,0.35667,0.01342,0.00763,0.86497,0.06011,0.16848,-0.00691,-0.37270,0.00630,0.00143,0.30694,0.04260,0.00994,0.85503,0.07095,0.11454,-0.00150,0.25603,0.06057,0.00939,-0.03306,-0.07106,0.01429,0.87661,0.04525,0.10772,-0.01271,-0.32738,-0.10040,0.00846,-0.24628,-0.05135,-0.00001,0.85914,0.06639,0.11702,0.00231,0.10953,-0.03679,0.00530,-0.01848,0.01396,0.00341,0.96941,0.07700,0.17371,-0.00665
3.8500,385,1,3.8494,49.69,0.57937,-0.13205,-0.01570,0.33115,0.07585,0.01419,0.90470,0.09868,0.22513,-0.06432,-0.36746,-0.02123,-0.00035,0.27257,0.09199,0.01781,0.85589,0.12531,0.14070,-0.01705,0.24064,0.21420,-0.03744,-0.00639,0.21252,0.04432,0.77191,0.56250,0.13425,-0.12992,-0.25904,-0.13890,0.00008,-0.21727,-0.06404,0.00910,0.87873,0.09817,0.16651,-0.00883,0.11039,-0.07388,-0.03961,-0.03482,0.02512,0.00114,0.98012,0.09613,0.21407,-0.04372,0.51635,-0.07988,0.01159,0.35725,0.00971,0.00748,0.86790,0.05698,0.16813,-0.00689,-0.37237,0.00694,0.00117,0.30895,0.03774,0.00984,0.85850,0.06780,0.11447,-0.00145,0.25917,0.06494,0.00843,-0.03679,-0.07807,0.01427,0.87881,0.04248,0.10709,-0.01258,-0.33230,-0.09622,0.00859,-0.24885,-0.05138,0.00013,0.86238,0.06307,0.11714,0.00226,0.10776,-0.03423,0.00516,-0.01782,0.01225,0.00354,0.97317,0.07347,0.17338,-0.00657
3.9000,390,1,3.8995,50.08,0.57937,-0.13205,-0.01570,0.33115,0.07585,0.01419,0.90470,0.09868,0.22513,-0.06432,-0.36746,-0.02123,-0.00035,0.27257,0.09199,0.01781,0.85589,0.12531,0.14070,-0.01705,0.26299,0.23774,0.01196,0.00810,0.13568,0.08074,0.83225,0.59388,0.12206,-0.08123,-0.25904,-0.13890,0.00008,-0.21727,-0.06404,0.00910,0.87873,0.09817,0.16651,-0.00883,0.11039,-0.07388,-0.03961,-0.03482,0.02512,0.00114,0.98012,0.09613,0.21407,-0.04372,0.51249,-0.07423,0.01143,0.35764,0.00608,0.00734,0.87067,0.05394,0.16779,-0.00687,-0.37201,0.00746,0.00093,0.31072,0.03295,0.00971,0.86181,0.06467,0.11440,-0.00142,0.26252,0.06884,0.00751,-0.04087,-0.08505,0.01419,0.88086,0.03972,0.10646,-0.01246,-0.33700,-0.09198,0.00869,-0.25142,-0.05148,0.00027,0.86545,0.05983,0.11725,0.00221,0.10611,-0.03173,0.00502,-0.01725,0.01049,0.00365,0.97675,0.07001,0.17305,-0.00650
3.9500,395,1,3.9497,50.19,0.56692,-0.11654,-0.01180,0.33807,0.06591,0.01396,0.91327,0.08334,0.22233,-0.11231,-0.36945,-0.01861,-0.00188,0.28094,0.07566,0.01619,0.86820,0.12050,0.13920,-0.01082,0.26299,0.23774,0.01196,0.00810,0.13568,0.08074,0.83225,0.59388,0.12206,-0.08123,-0.27335,-0.14004,0.00030,-0.22559,-0.07343,-0.00037,0.88715,0.09156,0.16888,-0.01585,0.10387,-0.04155,-0.03547,-0.03149,0.03285,0.00315,0.99000,0.09848,0.20799,-0.04380,0.50892,-0.06867,0.01127,0.35786,0.00251,0.00720,0.87329,0.05099,0.16744,-0.00684,-0.37163,0.00786,0.00071,0.31225,0.02822,0.00955,0.86497,0.06157,0.11433,-0.00138,0.26605,0.07231,0.00664,-0.04529,-0.09198,0.01404,0.88278,0.03697,0.10584,-0.01234,-0.34150,-0.08769,0.00878,-0.25400,-0.05164,0.00039,0.86836,0.05668,0.11736,0.00216,0.10458,-0.02930,0.00489,-0.01678,0.00867,0.00374,0.98017,0.06663,0.17273,-0.00643
4.0000,400,2,3.9997,50.02,0.56692,-0.11654,-0.01180,0.33807,0.06591,0.01396,0.91327,0.08334,0.22233,-0.11231,-0.36945,-0.01861,-0.00188,0.28094,0.07566,0.01619,0.86820,0.12050,0.13920,-0.01082,0.27910,0.19035,0.04676,0.01295,0.03933,0.08766,0.88515,0.48077,0.11579,-0.00907,-0.27335,-0.14004,0.00030,-0.22559,-0.07343,-0.00037,0.88715,0.09156,0.16888,-0.01585,0.10387,-0.04155,-0.03547,-0.03149,0.03285,0.00315,0.99000,0.09848,0.20799,-0.04380,0.56692,-0.11654,-0.01180,0.33807,0.06591,0.01396,0.91327,0.08334,0.22233,-0.11231,-0.36945,-0.01861,-0.00188,0.28094,0.07566,0.01619,0.86820,0.12050,0.13920,-0.01082,0.27910,0.19035,0.04676,0.01295,0.03933,0.08766,0.88515,0.48077,0.11579,-0.00907,-0.27335,-0.14004,0.00030,-0.22559,-0.07343,-0.00037,0.88715,0.09156,0.16888,-0.01585,0.10387,-0.04155,-0.03547,-0.03149,0.03285,0.00315,0.99000,0.09848,0.20799,-0.04380
4.0500,405,2,4.0498,50.07,0.55415,-0.11184,-0.00941,0.34566,0.06592,0.01854,0.92327,0.08743,0.20823,-0.08591,-0.37147,-0.01553,-0.00090,0.28696,0.05950,0.01247,0.88012,0.11330,0.13963,0.01129,0.27910,0.19035,0.04676,0.01295,0.03933,0.08766,0.88515,0.48077,0.11579,-0.00907,-0.28824,-0.14529,-0.00212,-0.23012,-0.05574,-0.00837,0.89673,0.10258,0.16502,-0.02109,0.10042,-0.01542,-0.02463,-0.02698,0.04277,0.00104,1.00067,0.10666,0.20394,-0.05469,0.56100,-0.11915,0.00026,0.34120,0.05931,0.01302,0.91791,0.09916,0.21706,-0.09873,-0.37042,-0.02025,-0.00453,0.28452,0.06761,0.01650,0.87302,0.07620,0.13868,-0.00981,0.28908,0.20696,0.02262,0.01392,0.00097,0.06974,0.90626,0.36871,0.11532,-0.00965,-0.28033,-0.13886,0.00426,-0.22925,-0.07296,-0.00144,0.89173,0.09163,0.16814,-0.01400,0.10142,-0.05534,-0.02163,-0.02989,0.03101,0.00426,0.99458,0.08506,0.20592,-0.03908
4.1000,410,2,4.0995,49.75,0.55415,-0.11184,-0.00941,0.34566,0.06592,0.01854,0.92327,0.08743,0.20823,-0.08591,-0.37147,-0.01553,-0.00090,0.28696,0.05950,0.01247,0.88012,0.11330,0.13963,0.01129,0.28989,0.12537,0.05437,0.01169,-0.03471,0.06595,0.92944,0.35225,0.11900,0.02698,-0.28824,-0.14529,-0.00212,-0.23012,-0.05574,-0.00837,0.89673,0.10258,0.16502,-0.02109,0.10042,-0.01542,-0.02463,-0.02698,0.04277,0.00104,1.00067,0.10666,0.20394,-0.05469,0.55508,-0.11700,0.00792,0.34401,0.05307,0.01245,0.92295,0.10080,0.21243,-0.08687,-0.37149,-0.02283,-0.00581,0.28770,0.05955,0.01630,0.87611,0.04975,0.13821,-0.00892,0.29963,0.21386,0.00663,0.01317,-0.02989,0.05676,0.92248,0.28410,0.11483,-0.01013,-0.28721,-0.13606,0.00700,-0.23288,-0.07210,-0.00204,0.89629,0.09032,0.16748,-0.01237,0.09843,-0.06348,-0.01216,-0.02840,0.02873,0.00501,0.99852,0.07246,0.20407,-0.03495
4.1500,415,2,4.1495,50.00,0.54365,-0.09226,-0.03759,0.35198,0.04977,0.02842,0.93201,0.08748,0.20964,0.06850,-0.37343,-0.01323,-0.00239,0.29322,0.05560,0.01662,0.89072,0.10834,0.14401,0.10214,0.28989,0.12537,0.05437,0.01169,-0.03471,0.06595,0.92944,0.35225,0.11900,0.02698,-0.30215,-0.13400,-0.03768,-0.23619,-0.04771,-0.00995,0.90511,0.09351,0.17322,0.16458,0.09907,0.00003,-0.01291,-0.02300,0.04398,0.01114,1.01130,0.11239,0.20740,0.06426,0.54935,-0.11187,0.01260,0.34651,0.04706,0.01211,0.92786,0.09474,0.20835,-0.07650,-0.37271,-0.02580,-0.00619,0.29048,0.05168,0.01577,0.87818,0.03427,0.13779,-0.00812,0.31036,0.21438,-0.00376,0.01102,-0.05527,0.04721,0.93499,0.21901,0.11431,-0.01053,-0.29391,-0.13214,0.00888,-0.23646,-0.07101,-0.00233,0.90074,0.08754,0.16690,-0.01095,0.09514,-0.06777,-0.00572,-0.02703,0.02614,0.00549,1.00185,0.06124,0.20242,-0.03133
4.2000,420,2,4.1998,50.30,0.54365,-0.09226,-0.03759,0.35198,0.04977,0.02842,0.93201,0.08748,0.20964,0.06850,-0.37343,-0.01323,-0.00239,0.29322,0.05560,0.01662,0.89072,0.10834,0.14401,0.10214,0.29172,0.05507,0.03226,0.00032,-0.09514,0.01190,0.95555,0.21104,0.12281,0.05296,-0.30215,-0.13400,-0.03768,-0.23619,-0.04771,-0.00995,0.90511,0.09351,0.17322,0.16458,0.09907,0.00003,-0.01291,-0.02300,0.04398,0.01114,1.01130,0.11239,0.20740,0.06426,0.54393,-0.10497,0.01527,0.34872,0.04118,0.01189,0.93236,0.08487,0.20475,-0.06745,-0.37407,-0.02881,-0.00599,0.29287,0.04412,0.01504,0.87965,0.02545,0.13740,-0.00741,0.32100,0.21080,-0.01033,0.00771,-0.07659,0.04004,0.94462,0.16808,0.11377,-0.01086,-0.30041,-0.12745,0.01016,-0.23998,-0.06985,-0.00241,0.90502,0.08345,0.16638,-0.00969,0.09170,-0.06944,-0.00136,-0.02579,0.02337,0.00580,1.00467,0.05157,0.20093,-0.02816
4.2500,425,2,4.2496,49.75,0.53679,-0.04257,-0.04171,0.35589,0.02754,0.03116,0.94186,0.10923,0.21695,0.10799,-0.37551,-0.01137,-0.00031,0.29747,0.03523,0.02427,0.89807,0.08482,0.15409,0.05029,0.29172,0.05507,0.03226,0.00032,-0.09514,0.01190,0.95555,0.21104,0.12281,0.05296,-0.31317,-0.08413,-0.05561,-0.24086,-0.02851,-0.01096,0.91358,0.09760,0.18923,0.08925,0.09910,0.00766,-0.00068,-0.01914,0.03207,0.01753,1.02254,0.11398,0.21366,0.05892,0.53887,-0.09711,0.01659,0.35063,0.03539,0.01174,0.93632,0.07345,0.20158,-0.05954,-0.37559,-0.03162,-0.00542,0.29489,0.03694,0.01422,0.88079,0.02061,0.13705,-0.00677,0.33140,0.20468,-0.01428,0.00341,-0.09482,0.03454,0.95197,0.12762,0.11322,-0.01114,-0.30665,-0.12224,0.01102,-0.24345,-0.06868,-0.00235,0.90907,0.07833,0.16592,-0.00859,0.08822,-0.06933,0.00158,-0.02469,0.02048,0.00597,1.00703,0.04341,0.19959,-0.02539
4.3000,430,2,4.3001,50.51,0.53679,-0.04257,-0.04171,0.35589,0.02754,0.03116,0.94186,0.10923,0.21695,0.10799,-0.37551,-0.01137,-0.00031,0.29747,0.03523,0.02427,0.89807,0.08482,0.15409,0.05029,0.29342,0.02738,-0.00642,-0.01098,-0.09322,-0.02823,0.97659,0.20566,0.12710,0.05008,-0.31317,-0.08413,-0.05561,-0.24086,-0.02851,-0.01096,0.91358,0.09760,0.18923,0.08925,0.09910,0.00766,-0.00068,-0.01914,0.03207,0.01753,1.02254,0.11398,0.21366,0.05892,0.53422,-0.08883,0.01703,0.35226,0.02966,0.01161,0.93970,0.06181,0.19878,-0.05264,-0.37723,-0.03409,-0.00463,0.29657,0.03018,0.01333,0.88175,0.01810,0.13672,-0.00621,0.34145,0.19708,-0.01645,-0.00173,-0.11066,0.03022,0.95751,0.09509,0.11266,-0.01136,-0.31262,-0.11668,0.01158,-0.24685,-0.06756,-0.00220,0.91284,0.07247,0.16552,-0.00763,0.08478,-0.06804,0.00354,-0.02374,0.01753,0.00604,1.00903,0.03663,0.19839,-0.02295
4.3500,435,2,4.3499,49.81,0.53462,-0.00654,-0.01191,0.35764,0.00877,0.01909,0.95406,0.12889,0.22961,0.13839,-0.37671,-0.00824,-0.00063,0.29986,0.01198,0.02319,0.90618,0.07955,0.15985,0.06601,0.29342,0.02738,-0.00642,-0.01098,-0.09322,-0.02823,0.97659,0.20566,0.12710,0.05008,-0.31960,-0.03715,-0.05135,-0.24289,-0.00960,-0.01005,0.92299,0.09805,0.20054,0.08033,0.09976,0.00675,0.00861,-0.01775,0.01022,0.01694,1.03222,0.10087,0.21613,0.05192,0.52999,-0.08049,0.01690,0.35360,0.02399,0.01149,0.94251,0.05065,0.19630,-0.04660,-0.37899,-0.03615,-0.00372,0.29792,0.02386,0.01244,0.88262,0.01690,0.13642,-0.00571,0.35110,0.18874,-0.01741,-0.00762,-0.12460,0.02673,0.96158,0.06865,0.11209,-0.01154,-0.31831,-0.11091,0.01192,-0.25020,-0.06652,-0.00201,0.91630,0.06612,0.16516,-0.00678,0.08143,-0.06597,0.00484,-0.02294,0.01456,0.00604,1.01072,0.03107,0.19729,-0.02083
4.4000,440,2,4.4001,50.19,0.53462,-0.00654,-0.01191,0.35764,0.00877,0.01909,0.95406,0.12889,0.22961,0.13839,-0.37671,-0.00824,-0.00063,0.29986,0.01198,0.02319,0.90618,0.07955,0.15985,0.06601,0.29639,0.03520,-0.03337,-0.01511,-0.03524,-0.04257,0.99314,0.19506,0.12885,0.02778,-0.31960,-0.03715,-0.05135,-0.24289,-0.00960,-0.01005,0.92299,0.09805,0.20054,0.08033,0.09976,0.00675,0.00861,-0.01775,0.01022,0.01694,1.03222,0.10087,0.21613,0.05192,0.52617,-0.07231,0.01641,0.35466,0.01839,0.01136,0.94478,0.04034,0.19411,-0.04133,-0.38084,-0.03773,-0.00275,0.29896,0.01797,0.01155,0.88345,0.01639,0.13615,-0.00526,0.36032,0.18014,-0.01756,-0.01417,-0.13698,0.02382,0.96446,0.04703,0.11151,-0.01168,-0.32371,-0.10502,0.01210,-0.25350,-0.06559,-0.00179,0.91945,0.05953,0.16484,-0.00604,0.07819,-0.06337,0.00568,-0.02228,0.01161,0.00599,1.01215,0.02653,0.19630,-0.01896
4.4500,445,2,4.4500,49.87,0.53458,0.00234,0.01130,0.35779,-0.00465,0.00866,0.96813,0.14952,0.24523,0.16976,-0.37843,-0.01229,0.00057,0.30101,0.00020,0.01339,0.91551,0.08342,0.16715,0.01739,0.29639,0.03520,-0.03337,-0.01511,-0.03524,-0.04257,0.99314,0.19506,0.12885,0.02778,-0.32120,0.00602,-0.03602,-0.24297,0.00515,0.00221,0.93334,0.10944,0.20701,0.04107,0.10007,-0.00196,0.01568,-0.01754,-0.00522,0.01033,1.04197,0.09378,0.22021,0.02973,0.52275,-0.06443,0.01570,0.35544,0.01286,0.01120,0.94656,0.03102,0.19216,-0.03672,-0.38275,-0.03884,-0.00176,0.29972,0.01252,0.01068,0.88427,0.01623,0.13590,-0.00486,0.36911,0.17161,-0.01715,-0.02130,-0.14804,0.02135,0.96635,0.02927,0.11092,-0.01179,-0.32882,-0.09906,0.01217,-0.25676,-0.06477,-0.00156,0.92226,0.05289,0.16455,-0.00539,0.07510,-0.06045,0.00621,-0.02178,0.00869,0.00591,1.01339,0.02286,0.19539,-0.01732
4.5000,450,2,4.4998,49.83,0.53458,0.00234,0.01130,0.35779,-0.00465,0.00866,0.96813,0.14952,0.24523,0.16976,-0.37843,-0.01229,0.00057,0.30101,0.00020,0.01339,0.91551,0.08342,0.16715,0.01739,0.30217,0.07169,-0.04136,-0.01700,-0.00422,-0.02313,1.00503,0.12221,0.13077,-0.01594,-0.32120,0.00602,-0.03602,-0.24297,0.00515,0.00221,0.93334,0.10944,0.20701,0.04107,0.10007,-0.00196,0.01568,-0.01754,-0.00522,0.01033,1.04197,0.09378,0.22021,0.02973,0.51972,-0.05693,0.01487,0.35595,0.00741,0.01102,0.94790,0.02271,0.19043,-0.03270,-0.38471,-0.03946,-0.00077,0.30022,0.00749,0.00985,0.88508,0.01624,0.13566,-0.00450,0.37748,0.16337,-0.01638,-0.02895,-0.15797,0.01919,0.96744,0.01471,0.11033,-0.01187,-0.33362,-0.09309,0.01216,-0.25998,-0.06406,-0.00133,0.92474,0.04634,0.16430,-0.00482,0.07215,-0.05732,0.00653,-0.02142,0.00582,0.00579,1.01445,0.01990,0.19456,-0.01589
4.5500,455,2,4.5496,49.83,0.53063,-0.02434,0.02910,0.35514,-0.02173,0.00412,0.97336,0.11948,0.26027,0.08537,-0.37997,-0.01321,-0.00029,0.30053,-0.00950,0.00374,0.92399,0.07694,0.16963,0.00694,0.30217,0.07169,-0.04136,-0.01700,-0.00422,-0.02313,1.00503,0.12221,0.13077,-0.01594,-0.31879,0.02924,-0.01112,-0.23898,0.02167,0.00080,0.94441,0.11830,0.20703,0.01363,0.09797,-0.02149,0.01632,-0.01718,-0.00808,0.00363,1.04950,0.07699,0.22083,0.02299,0.51705,-0.04985,0.01398,0.35618,0.00205,0.01082,0.94885,0.01535,0.18888,-0.02918,-0.38669,-0.03960,0.00019,0.30048,0.00286,0.00905,0.88589,0.01634,0.13545,-0.00418,0.38545,0.15557,-0.01538,-0.03708,-0.16691,0.01727,0.96786,0.00285,0.10973,-0.01193,-0.33812,-0.08714,0.01208,-0.26317,-0.06346,-0.00111,0.92689,0.04000,0.16407,-0.00432,0.06937,-0.05406,0.00672,-0.02119,0.00301,0.00565,1.01539,0.01751,0.19380,-0.01463
4.6000,460,2,4.5999,50.23,0.53063,-0.02434,0.02910,0.35514,-0.02173,0.00412,0.97336,0.11948,0.26027,0.08537,-0.37997,-0.01321,-0.00029,0.30053,-0.00950,0.00374,0.92399,0.07694,0.16963,0.00694,0.31147,0.11240,-0.04080,-0.01833,0.00204,-0.00446,1.01399,0.08964,0.12745,-0.02487,-0.31879,0.02924,-0.01112,-0.23898,0.02167,0.00080,0.94441,0.11830,0.20703,0.01363,0.09797,-0.02149,0.01632,-0.01718,-0.00808,0.00363,1.04950,0.07699,0.22083,0.02299,0.51473,-0.04322,0.01309,0.35615,-0.00320,0.01058,0.94945,0.00888,0.18750,-0.02611,-0.38867,-0.03929,0.00108,0.30051,-0.00140,0.00831,0.88671,0.01648,0.13525,-0.00390,0.39305,0.14829,-0.01429,-0.04563,-0.17495,0.01556,0.96776,-0.00672,0.10914,-0.01197,-0.34233,-0.08124,0.01196,-0.26633,-0.06297,-0.00091,0.92874,0.03396,0.16387,-0.00388,0.06675,-0.05074,0.00681,-0.02111,0.00028,0.00549,1.01621,0.01560,0.19310,-0.01352
4.6500,465,2,4.6495,49.68,0.52697,-0.04701,0.01235,0.35262,-0.02520,-0.00887,0.98485,0.10860,0.26543,0.00470,-0.38216,-0.01894,-0.00054,0.29950,-0.00982,0.00041,0.93145,0.06471,0.17174,0.00897,0.31147,0.11240,-0.04080,-0.01833,0.00204,-0.00446,1.01399,0.08964,0.12745,-0.02487,-0.31841,0.02586,0.00912,-0.24116,0.00013,0.01579,0.95216,0.09539,0.20936,0.01443,0.09083,-0.05154,0.01558,-0.01817,-0.00508,-0.00171,1.05957,0.07534,0.22434,0.00029,0.51272,-0.03700,0.01225,0.35586,-0.00832,0.01030,0.94975,0.00324,0.18627,-0.02342,-0.39061,-0.03856,0.00187,0.30035,-0.00531,0.00764,0.88754,0.01659,0.13506,-0.00364,0.40029,0.14156,-0.01317,-0.05456,-0.18220,0.01402,0.96722,-0.01441,0.10854,-0.01199,-0.34625,-0.07542,0.01180,-0.26947,-0.06257,-0.00072,0.93030,0.02826,0.16368,-0.00350,0.06429,-0.04739,0.00684,-0.02116,-0.00237,0.00531,1.01695,0.01405,0.19245,-0.01255
4.7000,470,2,4.7005,50.99,0.52697,-0.04701,0.01235,0.35262,-0.02520,-0.00887,0.98485,0.10860,0.26543,0.00470,-0.38216,-0.01894,-0.00054,0.29950,-0.00982,0.00041,0.93145,0.06471,0.17174,0.00897,0.32434,0.14678,-0.02958,-0.01739,0.00701,0.01255,1.02516,0.10327,0.12220,-0.00902,-0.31841,0.02586,0.00912,-0.24116,0.00013,0.01579,0.95216,0.09539,0.20936,0.01443,0.09083,-0.05154,0.01558,-0.01817,-0.00508,-0.00171,1.05957,0.07534,0.22434,0.00029,0.51102,-0.03119,0.01146,0.35532,-0.01330,0.00998,0.94979,-0.00164,0.18515,-0.02108,-0.39252,-0.03746,0.00258,0.29999,-0.00890,0.00702,0.88837,0.01662,0.13488,-0.00342,0.40721,0.13537,-0.01207,-0.06384,-0.18873,0.01263,0.96634,-0.02057,0.10794,-0.01200,-0.34988,-0.06967,0.01161,-0.27259,-0.06226,-0.00055,0.93157,0.02295,0.16351,-0.00317,0.06201,-0.04404,0.00683,-0.02135,-0.00493,0.00513,1.01762,0.01280,0.19184,-0.01170
4.7500,475,2,4.7498,49.27,0.51960,-0.06556,-0.01028,0.35906,0.01273,-0.00191,1.00065,0.12402,0.25806,-0.02757,-0.38502,-0.02192,-0.00195,0.29781,-0.01095,-0.00011,0.93683,0.04016,0.17124,0.01521,0.32434,0.14678,-0.02958,-0.01739,0.00701,0.01255,1.02516,0.10327,0.12220,-0.00902,-0.31699,0.01070,0.02434,-0.24241,-0.01954,0.01090,0.96074,0.08365,0.21055,-0.02757,0.08498,-0.06262,0.00522,-0.01857,-0.00702,0.00113,1.06651,0.05949,0.22923,-0.02199,0.50960,-0.02575,0.01073,0.35454,-0.01811,0.00963,0.94960,-0.00582,0.18415,-0.01903,-0.39435,-0.03604,0.00320,0.29946,-0.01220,0.00646,0.88920,0.01656,0.13472,-0.00321,0.41384,0.12971,-0.01100,-0.07342,-0.19460,0.01135,0.96519,-0.02547,0.10734,-0.01199,-0.35322,-0.06403,0.01141,-0.27570,-0.06203,-0.00040,0.93260,0.01804,0.16336,-0.00287,0.05989,-0.04070,0.00680,-0.02166,-0.00739,0.00494,1.01823,0.01176,0.19127,-0.01095
4.8000,480,2,4.7997,49.89,0.51960,-0.06556,-0.01028,0.35906,0.01273,-0.00191,1.00065,0.12402,0.25806,-0.02757,-0.38502,-0.02192,-0.00195,0.29781,-0.01095,-0.00011,0.93683,0.04016,0.17124,0.01521,0.34045,0.17058,-0.01537,-0.01726,-0.00669,0.02553,1.03318,0.07315,0.12184,0.00945,-0.31699,0.01070,0.02434,-0.24241,-0.01954,0.01090,0.96074,0.08365,0.21055,-0.02757,0.08498,-0.06262,0.00522,-0.01857,-0.00702,0.00113,1.06651,0.05949,0.22923,-0.02199,0.50844,-0.02065,0.01007,0.35352,-0.02274,0.00926,0.94922,-0.00938,0.18325,-0.01723,-0.39611,-0.03434,0.00374,0.29877,-0.01524,0.00595,0.89002,0.01639,0.13456,-0.00303,0.42019,0.12457,-0.00999,-0.08329,-0.19988,0.01018,0.96381,-0.02932,0.10674,-0.01198,-0.35628,-0.05848,0.01119,-0.27879,-0.06186,-0.00027,0.93339,0.01355,0.16323,-0.00261,0.05794,-0.03737,0.00675,-0.02209,-0.00977,0.00474,1.01880,0.01090,0.19074,-0.01029
4.8500,485,2,4.8499,50.21,0.50859,-0.06057,-0.01371,0.35897,0.00763,0.01444,1.00464,0.07133,0.25189,-0.01927,-0.38852,-0.02634,-0.00382,0.29584,-0.00939,-0.00254,0.94020,0.02059,0.17168,0.00020,0.34045,0.17058,-0.01537,-0.01726,-0.00669,0.02553,1.03318,0.07315,0.12184,0.00945,-0.32202,-0.03216,0.02722,-0.24481,-0.02091,0.00494,0.97419,0.10261,0.20359,-0.00907,0.07993,-0.05488,-0.00265,-0.02142,-0.02411,0.00355,1.07023,0.03122,0.23031,-0.02618,0.50753,-0.01587,0.00947,0.35227,-0.02719,0.00886,0.94867,-0.01239,0.18243,-0.01567,-0.39778,-0.03238,0.00421,0.29794,-0.01805,0.00548,0.89084,0.01612,0.13441,-0.00287,0.42630,0.11990,-0.00904,-0.09340,-0.20460,0.00910,0.96227,-0.03230,0.10614,-0.01195,-0.35907,-0.05305,0.01095,-0.28188,-0.06176,-0.00017,0.93396,0.00946,0.16310,-0.00239,0.05615,-0.03407,0.00669,-0.02263,-0.01204,0.00453,1.01933,0.01015,0.19024,-0.00971
4.9000,490,2,4.9001,50.22,0.50859,-0.06057,-0.01371,0.35897,0.00763,0.01444,1.00464,0.07133,0.25189,-0.01927,-0.38852,-0.02634,-0.00382,0.29584,-0.00939,-0.00254,0.94020,0.02059,0.17168,0.00020,0.35858,0.17632,0.00055,-0.01170,-0.00342,0.03227,1.03879,0.07898,0.12498,0.00587,-0.32202,-0.03216,0.02722,-0.24481,-0.02091,0.00494,0.97419,0.10261,0.20359,-0.00907,0.07993,-0.05488,-0.00265,-0.02142,-0.02411,0.00355,1.07023,0.03122,0.23031,-0.02618,0.50685,-0.01136,0.00892,0.35080,-0.03143,0.00845,0.94799,-0.01491,0.18168,-0.01430,-0.39935,-0.03022,0.00460,0.29697,-0.02063,0.00506,0.89163,0.01576,0.13427,-0.00272,0.43219,0.11569,-0.00815,-0.10374,-0.20882,0.00809,0.96060,-0.03454,0.10554,-0.01192,-0.36159,-0.04774,0.01071,-0.28497,-0.06170,-0.00008,0.93434,0.00577,0.16299,-0.00219,0.05453,-0.03081,0.00663,-0.02329,-0.01421,0.00432,1.01982,0.00950,0.18977,-0.00920
4.9500,495,2,4.9501,49.93,0.50252,-0.04446,-0.02285,0.35913,-0.00220,0.00548,1.01000,0.04998,0.24596,-0.03344,-0.39225,-0.02763,-0.00371,0.29417,-0.00550,-0.00508,0.94218,0.00956,0.17190,0.01465,0.35858,0.17632,0.00055,-0.01170,-0.00342,0.03227,1.03879,0.07898,0.12498,0.00587,-0.32605,-0.04931,0.01658,-0.24797,-0.03492,0.00829,0.98344,0.07883,0.20133,0.01561,0.07480,-0.05301,-0.00461,-0.02419,-0.02145,-0.00607,1.07240,0.01900,0.22641,-0.00291,0.50639,-0.00710,0.00843,0.34913,-0.03547,0.00801,0.94719,-0.01701,0.18099,-0.01310,-0.40080,-0.02788,0.00493,0.29588,-0.02301,0.00467,0.89241,0.01532,0.13414,-0.00259,0.43788,0.11190,-0.00732,-0.11428,-0.21255,0.00715,0.95883,-0.03618,0.10495,-0.01188,-0.36385,-0.04255,0.01046,-0.28805,-0.06167,-0.00001,0.93454,0.00246,0.16288,-0.00202,0.05307,-0.02757,0.00656,-0.02405,-0.01628,0.00411,1.02028,0.00891,0.18932,-0.00875
5.0000,500,2,4.9996,49.52,0.50252,-0.04446,-0.02285,0.35913,-0.00220,0.00548,1.01000,0.04998,0.24596,-0.03344,-0.39225,-0.02763,-0.00371,0.29417,-0.00550,-0.00508,0.94218,0.00956,0.17190,0.01465,0.37804,0.18446,0.01214,-0.01441,-0.04832,0.05334,1.04429,0.00493,0.13544,-0.06692,-0.32605,-0.04931,0.01658,-0.24797,-0.03492,0.00829,0.98344,0.07883,0.20133,0.01561,0.07480,-0.05301,-0.00461,-0.02419,-0.02145,-0.00607,1.07240,0.01900,0.22641,-0.00291,0.50613,-0.00308,0.00800,0.34726,-0.03929,0.00757,0.94629,-0.01874,0.18037,-0.01205,-0.40213,-0.02539,0.00521,0.29467,-0.02521,0.00431,0.89317,0.01481,0.13401,-0.00247,0.44339,0.10850,-0.00654,-0.12499,-0.21584,0.00627,0.95699,-0.03730,0.10436,-0.01184,-0.36585,-0.03748,0.01021,-0.29114,-0.06168,0.00003,0.93459,-0.00050,0.16278,-0.00187,0.05177,-0.02437,0.00649,-0.02491,-0.01825,0.00390,1.02071,0.00836,0.18889,-0.00836
5.0500,505,2,5.0500,50.41,0.49898,-0.02077,-0.02297,0.36004,0.00380,0.01192,1.01246,0.02414,0.24470,-0.04765,-0.39619,-0.03034,-0.00532,0.29328,0.00207,-0.00497,0.94317,0.00241,0.17058,0.01882,0.37804,0.18446,0.01214,-0.01441,-0.04832,0.05334,1.04429,0.00493,0.13544,-0.06692,-0.33750,-0.07530,0.00666,-0.25930,-0.07552,0.00683,0.98630,0.04601,0.20357,0.02943,0.06900,-0.05621,-0.00578,-0.02525,-0.00521,-0.00839,1.07373,0.01311,0.22202,0.01844,0.50608,0.00075,0.00760,0.34520,-0.04290,0.00712,0.94532,-0.02015,0.17979,-0.01113,-0.40334,-0.02278,0.00543,0.29336,-0.02725,0.00399,0.89389,0.01423,0.13389,-0.00236,0.44874,0.10547,-0.00583,-0.13585,-0.21871,0.00545,0.95510,-0.03800,0.10377,-0.01179,-0.36760,-0.03254,0.00995,-0.29422,-0.06170,0.00006,0.93450,-0.00312,0.16269,-0.00174,0.05063,-0.02121,0.00642,-0.02587,-0.02011,0.00369,1.02111,0.00783,0.18849,-0.00800
5.1000,510,2,5.1003,50.36,0.49898,-0.02077,-0.02297,0.36004,0.00380,0.01192,1.01246,0.02414,0.24470,-0.04765,-0.39619,-0.03034,-0.00532,0.29328,0.00207,-0.00497,0.94317,0.00241,0.17058,0.01882,0.39973,0.18093,0.02499,-0.02203,-0.11369,0.05650,1.04802,0.00385,0.13536,-0.06017,-0.33750,-0.07530,0.00666,-0.25930,-0.07552,0.00683,0.98630,0.04601,0.20357,0.02943,0.06900,-0.05621,-0.00578,-0.02525,-0.00521,-0.00839,1.07373,0.01311,0.22202,0.01844,0.50621,0.00439,0.00725,0.34297,-0.04627,0.00666,0.94428,-0.02128,0.17925,-0.01033,-0.40441,-0.02007,0.00561,0.29195,-0.02913,0.00369,0.89459,0.01360,0.13378,-0.00227,0.45394,0.10278,-0.00517,-0.14685,-0.22119,0.00467,0.95319,-0.03833,0.10318,-0.01174,-0.36910,-0.02772,0.00969,-0.29731,-0.06173,0.00007,0.93428,-0.00543,0.16261,-0.00163,0.04965,-0.01807,0.00635,-0.02692,-0.02186,0.00347,1.02149,0.00731,0.18809,-0.00769
5.1500,515,2,5.1500,49.65,0.49719,-0.00247,-0.02184,0.36204,0.00494,0.01064,1.01473,0.01686,0.23522,-0.04646,-0.38123,0.00503,-0.00928,0.31909,0.05377,-0.00246,0.92885,-0.01766,0.16991,-0.02719,0.39973,0.18093,0.02499,-0.02203,-0.11369,0.05650,1.04802,0.00385,0.13536,-0.06017,-0.34606,-0.08155,-0.00711,-0.26629,-0.07040,-0.00077,0.98975,0.03315,0.20853,-0.01321,0.06352,-0.05128,-0.00792,-0.02541,0.00363,-0.00324,1.07391,0.00423,0.22090,0.00474,0.50651,0.00787,0.00694,0.34058,-0.04943,0.00620,0.94319,-0.02216,0.17875,-0.00963,-0.40534,-0.01728,0.00575,0.29045,-0.03087,0.00341,0.89525,0.01293,0.13367,-0.00218,0.45902,0.10039,-0.00456,-0.15797,-0.22330,0.00393,0.95128,-0.03836,0.10259,-0.01168,-0.37037,-0.02303,0.00943,-0.30039,-0.06176,0.00006,0.93396,-0.00746,0.16253,-0.00153,0.04883,-0.01498,0.00628,-0.02806,-0.02351,0.00325,1.02184,0.00680,0.18772,-0.00742
5.2000,520,2,5.2004,50.42,0.49719,-0.00247,-0.02184,0.36204,0.00494,0.01064,1.01473,0.01686,0.23522,-0.04646,-0.38123,0.00503,-0.00928,0.31909,0.05377,-0.00246,0.92885,-0.01766,0.16991,-0.02719,0.42604,0.17434,0.03386,-0.03118,-0.16143,0.04871,1.06095,0.07998,0.12641,-0.05008,-0.34606,-0.08155,-0.00711,-0.26629,-0.07040,-0.00077,0.98975,0.03315,0.20853,-0.01321,0.06352,-0.05128,-0.00792,-0.02541,0.00363,-0.00324,1.07391,0.00423,0.22090,0.00474,0.50699,0.01120,0.00665,0.33803,-0.05235,0.00573,0.94207,-0.02284,0.17829,-0.00902,-0.40614,-0.01443,0.00585,0.28887,-0.03248,0.00316,0.89588,0.01223,0.13356,-0.00210,0.46398,0.09830,-0.00399,-0.16918,-0.22506,0.00324,0.94936,-0.03815,0.10201,-0.01162,-0.37141,-0.01847,0.00917,-0.30348,-0.06178,0.00003,0.93354,-0.00923,0.16246,-0.00144,0.04815,-0.01192,0.00620,-0.02927,-0.02506,0.00304,1.02217,0.00629,0.18735,-0.00717
5.2500,525,2,5.2498,49.44,0.49745,0.01727,-0.01363,0.36237,-0.00291,0.02159,1.01493,0.00341,0.22954,-0.05397,-0.38093,0.00411,0.01457,0.32417,0.04469,0.02615,0.92687,-0.00519,0.16705,-0.01890,0.42604,0.17434,0.03386,-0.03118,-0.16143,0.04871,1.06095,0.07998,0.12641,-0.05008,-0.35462,-0.07866,-0.01120,-0.27236,-0.05951,-0.00325,0.99286,0.03194,0.20812,-0.03709,0.05879,-0.04368,-0.00964,-0.02500,0.00983,0.00057,1.07359,-0.00003,0.21976,0.01648,0.50763,0.01440,0.00640,0.33535,-0.05505,0.00526,0.94091,-0.02334,0.17785,-0.00848,-0.40679,-0.01155,0.00592,0.28720,-0.03397,0.00292,0.89647,0.01149,0.13346,-0.00203,0.46885,0.09648,-0.00346,-0.18047,-0.22648,0.00258,0.94746,-0.03772,0.10143,-0.01156,-0.37222,-0.01404,0.00891,-0.30657,-0.06179,-0.00001,0.93304,-0.01077,0.16239,-0.00137,0.04763,-0.00890,0.00613,-0.03056,-0.02649,0.00282,1.02247,0.00577,0.18700,-0.00695
5.3000,530,2,5.3002,50.40,0.49745,0.01727,-0.01363,0.36237,-0.00291,0.02159,1.01493,0.00341,0.22954,-0.05397,-0.38093,0.00411,0.01457,0.32417,0.04469,0.02615,0.92687,-0.00519,0.16705,-0.01890,0.44212,0.13922,0.04446,-0.04693,-0.20070,0.03716,1.06170,0.02058,0.12120,0.00303,-0.35462,-0.07866,-0.01120,-0.27236,-0.05951,-0.00325,0.99286,0.03194,0.20812,-0.03709,0.05879,-0.04368,-0.00964,-0.02500,0.00983,0.00057,1.07359,-0.00003,0.21976,0.01648,0.50843,0.01748,0.00616,0.33253,-0.05751,0.00479,0.93974,-0.02368,0.17744,-0.00801,-0.40729,-0.00863,0.00596,0.28547,-0.03535,0.00270,0.89703,0.01073,0.13336,-0.00196,0.47364,0.09490,-0.00297,-0.19182,-0.22759,0.00195,0.94559,-0.03713,0.10085,-0.01150,-0.37281,-0.00974,0.00865,-0.30966,-0.06177,-0.00007,0.93247,-0.01210,0.16232,-0.00130,0.04726,-0.00591,0.00605,-0.03192,-0.02782,0.00261,1.02275,0.00523,0.18666,-0.00676
5.3500,535,2,5.3495,49.24,0.49972,0.03058,-0.00743,0.36194,-0.01799,0.01820,1.01564,0.00458,0.22293,-0.05661,-0.38195,-0.01397,0.02072,0.32705,0.01418,0.03179,0.92671,0.01774,0.16580,-0.00714,0.44212,0.13922,0.04446,-0.04693,-0.20070,0.03716,1.06170,0.02058,0.12120,0.00303,-0.36183,-0.06534,-0.01805,-0.27821,-0.05423,0.00202,0.99451,0.02165,0.20478,-0.02703,0.05492,-0.03439,-0.00783,-0.02493,0.00777,0.00602,1.07296,0.00064,0.22032,-0.00958,0.50938,0.02045,0.00595,0.32960,-0.05975,0.00432,0.93855,-0.02390,0.17705,-0.00760,-0.40765,-0.00571,0.00598,0.28367,-0.03662,0.00249,0.89755,0.00995,0.13326,-0.00190,0.47835,0.09355,-0.00252,-0.20322,-0.22840,0.00134,0.94375,-0.03639,0.10028,-0.01144,-0.37320,-0.00556,0.00839,-0.31275,-0.06172,-0.00013,0.93183,-0.01324,0.16226,-0.00125,0.04704,-0.00296,0.00598,-0.03334,-0.02905,0.00239,1.02300,0.00468,0.18632,-0.00659
5.4000,540,2,5.3999,50.41,0.49972,0.03058,-0.00743,0.36194,-0.01799,0.01820,1.01564,0.00458,0.22293,-0.05661,-0.38195,-0.01397,0.02072,0.32705,0.01418,0.03179,0.92671,0.01774,0.16580,-0.00714,0.45512,0.10592,0.03892,-0.06326,-0.21302,0.02710,1.05500,-0.06382,0.12495,-0.03099,-0.36183,-0.06534,-0.01805,-0.27821,-0.05423,0.00202,0.99451,0.02165,0.20478,-0.02703,0.05492,-0.03439,-0.00783,-0.02493,0.00777,0.00602,1.07296,0.00064,0.22032,-0.00958,0.51047,0.02332,0.00576,0.32656,-0.06175,0.00386,0.93735,-0.02401,0.17668,-0.00723,-0.40786,-0.00277,0.00597,0.28181,-0.03779,0.00229,0.89802,0.00915,0.13316,-0.00185,0.48300,0.09242,-0.00210,-0.21465,-0.22891,0.00076,0.94195,-0.03554,0.09971,-0.01137,-0.37337,-0.00151,0.00813,-0.31583,-0.06164,-0.00021,0.93115,-0.01422,0.16220,-0.00120,0.04697,-0.00004,0.00590,-0.03482,-0.03017,0.00218,1.02322,0.00412,0.18600,-0.00643
5.4500,545,2,5.4495,49.68,0.50260,0.03492,0.00518,0.35741,-0.04505,0.01772,1.01350,-0.01037,0.21970,-0.06059,-0.38476,-0.02942,0.01137,0.32610,-0.02618,0.04130,0.92900,0.02209,0.16695,0.02496,0.45512,0.10592,0.03892,-0.06326,-0.21302,0.02710,1.05500,-0.06382,0.12495,-0.03099,-0.36762,-0.04751,-0.01905,-0.28435,-0.05754,0.00631,0.99517,0.00197,0.20345,-0.01695,0.05217,-0.02269,-0.00758,-0.02565,-0.00468,0.00935,1.07259,0.00321,0.21721,-0.01689,0.51171,0.02610,0.00558,0.32343,-0.06353,0.00340,0.93615,-0.02403,0.17632,-0.00692,-0.40793,0.00015,0.00595,0.27989,-0.03887,0.00210,0.89846,0.00833,0.13307,-0.00180,0.48759,0.09149,-0.00170,-0.22611,-0.22915,0.00021,0.94020,-0.03460,0.09914,-0.01131,-0.37335,0.00242,0.00788,-0.31891,-0.06151,-0.00031,0.93041,-0.01505,0.16214,-0.00116,0.04704,0.00283,0.00582,-0.03636,-0.03118,0.00196,1.02341,0.00353,0.18568,-0.00629
5.5000,550,2,5.4997,50.12,0.50260,0.03492,0.00518,0.35741,-0.04505,0.01772,1.01350,-0.01037,0.21970,-0.06059,-0.38476,-0.02942,0.01137,0.32610,-0.02618,0.04130,0.92900,0.02209,0.16695,0.02496,0.46580,0.08344,0.02939,-0.08445,-0.23447,0.02603,1.04368,-0.11639,0.11995,-0.00123,-0.36762,-0.04751,-0.01905,-0.28435,-0.05754,0.00631,0.99517,0.00197,0.20345,-0.01695,0.05217,-0.02269,-0.00758,-0.02565,-0.00468,0.00935,1.07259,0.00321,0.21721,-0.01689,0.51308,0.02880,0.00542,0.32021,-0.06509,0.00294,0.93495,-0.02398,0.17598,-0.00664,-0.40785,0.00306,0.00591,0.27793,-0.03985,0.00192,0.89886,0.00751,0.13298,-0.00175,0.49215,0.09075,-0.00133,-0.23756,-0.22912,-0.00033,0.93850,-0.03359,0.09858,-0.01124,-0.37313,0.00622,0.00762,-0.32198,-0.06134,-0.00041,0.92964,-0.01576,0.16208,-0.00112,0.04725,0.00566,0.00574,-0.03794,-0.03209,0.00175,1.02357,0.00293,0.18537,-0.00617
5.5500,555,2,5.5493,49.64,0.50514,0.02671,0.00359,0.35781,-0.02864,0.00922,1.01587,0.00691,0.21276,-0.06685,-0.38879,-0.03545,0.00231,0.32061,-0.07036,0.04530,0.93117,0.01286,0.17303,0.18336,0.46580,0.08344,0.02939,-0.08445,-0.23447,0.02603,1.04368,-0.11639,0.11995,-0.00123,-0.37181,-0.03013,-0.01761,-0.29089,-0.06322,0.00453,0.99387,-0.01480,0.20528,-0.00886,0.04885,-0.02162,-0.00531,-0.02675,-0.00872,0.00840,1.07369,0.01253,0.21717,-0.00461,0.51459,0.03142,0.00526,0.31692,-0.06642,0.00249,0.93375,-0.02388,0.17566,-0.00639,-0.40762,0.00595,0.00587,0.27591,-0.04075,0.00174,0.89921,0.00667,0.13290,-0.00171,0.49667,0.09018,-0.00098,-0.24901,-0.22882,-0.00086,0.93684,-0.03252,0.09802,-0.01117,-0.37273,0.00990,0.00737,-0.32505,-0.06111,-0.00052,0.92884,-0.01637,0.16203,-0.00109,0.04760,0.00846,0.00566,-0.03957,-0.03290,0.00153,1.02370,0.00231,0.18506,-0.00605
5.6000,560,2,5.6008,51.49,0.50514,0.02671,0.00359,0.35781,-0.02864,0.00922,1.01587,0.00691,0.21276,-0.06685,-0.38879,-0.03545,0.00231,0.32061,-0.07036,0.04530,0.93117,0.01286,0.17303,0.18336,0.47501,0.06925,0.02380,-0.10649,-0.24969,0.01959,1.03106,-0.11478,0.11880,0.01323,-0.37181,-0.03013,-0.01761,-0.29089,-0.06322,0.00453,0.99387,-0.01480,0.20528,-0.00886,0.04885,-0.02162,-0.00531,-0.02675,-0.00872,0.00840,1.07369,0.01253,0.21717,-0.00461,0.51622,0.03396,0.00511,0.31357,-0.06753,0.00205,0.93256,-0.02374,0.17534,-0.00618,-0.40725,0.00881,0.00581,0.27385,-0.04156,0.00157,0.89952,0.00582,0.13281,-0.00167,0.50117,0.08978,-0.00066,-0.26044,-0.22828,-0.00137,0.93524,-0.03142,0.09746,-0.01111,-0.37214,0.01345,0.00712,-0.32809,-0.06082,-0.00064,0.92801,-0.01688,0.16197,-0.00106,0.04809,0.01121,0.00557,-0.04123,-0.03360,0.00132,1.02380,0.00166,0.18476,-0.00595
5.6500,565,2,5.6496,48.78,0.50670,0.02282,0.00691,0.35158,-0.05490,0.01877,1.01150,-0.03021,0.20909,-0.08047,-0.39282,-0.03267,0.00567,0.31059,-0.11219,0.03332,0.93294,0.00863,0.19802,0.23980,0.47501,0.06925,0.02380,-0.10649,-0.24969,0.01959,1.03106,-0.11478,0.11880,0.01323,-0.37458,-0.01636,-0.01409,-0.29745,-0.06480,0.00528,0.99231,-0.01819,0.20656,-0.00640,0.04727,-0.01252,-0.00674,-0.02961,-0.02182,0.00631,1.07331,0.00551,0.21210,-0.00334,0.51798,0.03643,0.00497,0.31017,-0.06843,0.00161,0.93138,-0.02357,0.17504,-0.00599,-0.40674,0.01165,0.00574,0.27175,-0.04229,0.00140,0.89979,0.00497,0.13273,-0.00164,0.50565,0.08953,-0.00035,-0.27184,-0.22749,-0.00186,0.93370,-0.03030,0.09691,-0.01104,-0.37138,0.01688,0.00687,-0.33113,-0.06047,-0.00077,0.92715,-0.01732,0.16192,-0.00104,0.04872,0.01392,0.00548,-0.04292,-0.03419,0.00111,1.02387,0.00100,0.18447,-0.00586
5.7000,570,2,5.6998,50.19,0.50670,0.02282,0.00691,0.35158,-0.05490,0.01877,1.01150,-0.03021,0.20909,-0.08047,-0.39282,-0.03267,0.00567,0.31059,-0.11219,0.03332,0.93294,0.00863,0.19802,0.23980,0.48186,0.05342,0.01665,-0.12862,-0.26013,0.01207,1.02048,-0.06318,0.11646,0.02113,-0.37458,-0.01636,-0.01409,-0.29745,-0.06480,0.00528,0.99231,-0.01819,0.20656,-0.00640,0.04727,-0.01252,-0.00674,-0.02961,-0.02182,0.00631,1.07331,0.00551,0.21210,-0.00334,0.51986,0.03884,0.00484,0.30673,-0.06911,0.00118,0.93020,-0.02338,0.17474,-0.00582,-0.40609,0.01444,0.00566,0.26962,-0.04294,0.00124,0.90002,0.00411,0.13265,-0.00160,0.51012,0.08944,-0.00005,-0.28319,-0.22645,-0.00235,0.93221,-0.02916,0.09636,-0.01097,-0.37046,0.02019,0.00663,-0.33414,-0.06006,-0.00091,0.92628,-0.01771,0.16187,-0.00102,0.04949,0.01659,0.00540,-0.04465,-0.03468,0.00090,1.02390,0.00032,0.18418,-0.00577
5.7500,575,2,5.7493,49.55,0.50889,0.02174,-0.00010,0.34540,-0.06597,0.00483,1.00800,-0.03942,0.20047,-0.09925,-0.39240,-0.01981,-0.00169,0.30156,-0.12993,0.01983,0.93177,0.00940,0.21994,0.20446,0.48186,0.05342,0.01665,-0.12862,-0.26013,0.01207,1.02048,-0.06318,0.11646,0.02113,-0.37698,-0.00947,-0.00929,-0.30455,-0.06443,-0.00241,0.99122,-0.01515,0.20637,0.00775,0.04447,-0.01446,-0.00449,-0.03225,-0.02138,0.00197,1.07436,0.00657,0.21360,-0.00914,0.52186,0.04118,0.00470,0.30327,-0.06959,0.00075,0.92904,-0.02319,0.17446,-0.00567,-0.40530,0.01720,0.00558,0.26746,-0.04351,0.00107,0.90020,0.00324,0.13257,-0.00157,0.51460,0.08948,0.00023,-0.29448,-0.22518,-0.00283,0.93079,-0.02802,0.09581,-0.01090,-0.36937,0.02338,0.00638,-0.33713,-0.05958,-0.00105,0.92538,-0.01805,0.16182,-0.00101,0.05038,0.01922,0.00530,-0.04639,-0.03507,0.00068,1.02390,-0.00039,0.18389,-0.00570
5.8000,580,2,5.7995,50.20,0.50889,0.02174,-0.00010,0.34540,-0.06597,0.00483,1.00800,-0.03942,0.20047,-0.09925,-0.39240,-0.01981,-0.00169,0.30156,-0.12993,0.01983,0.93177,0.00940,0.21994,0.20446,0.48684,0.04208,0.01154,-0.15207,-0.26309,0.01177,1.01291,-0.04662,0.11943,0.01242,-0.37698,-0.00947,-0.00929,-0.30455,-0.06443,-0.00241,0.99122,-0.01515,0.20637,0.00775,0.04447,-0.01446,-0.00449,-0.03225,-0.02138,0.00197,1.07436,0.00657,0.21360,-0.00914,0.52398,0.04345,0.00457,0.29978,-0.06985,0.00034,0.92788,-0.02300,0.17418,-0.00554,-0.40437,0.01992,0.00550,0.26527,-0.04399,0.00091,0.90034,0.00236,0.13249,-0.00154,0.51907,0.08966,0.00049,-0.30570,-0.22367,-0.00331,0.92941,-0.02688,0.09527,-0.01084,-0.36812,0.02645,0.00614,-0.34010,-0.05903,-0.00119,0.92447,-0.01836,0.16177,-0.00099,0.05141,0.02180,0.00521,-0.04815,-0.03535,0.00047,1.02386,-0.00112,0.18361,-0.00563
5.8500,585,2,5.8494,49.84,0.50876,0.01009,0.00120,0.34556,-0.04420,0.00827,1.00655,-0.02397,0.19085,-0.03353,-0.39430,-0.01905,-0.00193,0.28807,-0.13619,-0.00825,0.93338,0.01963,0.23509,0.09877,0.48684,0.04208,0.01154,-0.15207,-0.26309,0.01177,1.01291,-0.04662,0.11943,0.01242,-0.37966,-0.00671,-0.01265,-0.31223,-0.06517,0.00156,0.99025,-0.01985,0.20791,-0.01062,0.04314,-0.00896,-0.00710,-0.03507,-0.02334,0.00204,1.07441,0.00134,0.21205,-0.01026,0.52621,0.04566,0.00444,0.29628,-0.06992,-0.00007,0.92674,-0.02282,0.17390,-0.00543,-0.40331,0.02260,0.00542,0.26306,-0.04439,0.00074,0.90044,0.00147,0.13242,-0.00151,0.52356,0.08996,0.00075,-0.31684,-0.22193,-0.00379,0.92810,-0.02577,0.09473,-0.01077,-0.36672,0.02941,0.00590,-0.34303,-0.05841,-0.00134,0.92355,-0.01865,0.16172,-0.00098,0.05256,0.02433,0.00512,-0.04992,-0.03554,0.00026,1.02378,-0.00187,0.18333,-0.00556
5.9000,590,2,5.8994,50.07,0.50876,0.01009,0.00120,0.34556,-0.04420,0.00827,1.00655,-0.02397,0.19085,-0.03353,-0.39430,-0.01905,-0.00193,0.28807,-0.13619,-0.00825,0.93338,0.01963,0.23509,0.09877,0.49186,0.04276,0.00150,-0.17646,-0.27022,0.01367,1.00783,-0.02639,0.12161,0.01435,-0.37966,-0.00671,-0.01265,-0.31223,-0.06517,0.00156,0.99025,-0.01985,0.20791,-0.01062,0.04314,-0.00896,-0.00710,-0.03507,-0.02334,0.00204,1.07441,0.00134,0.21205,-0.01026,0.52855,0.04781,0.00431,0.29279,-0.06978,-0.00047,0.92560,-0.02267,0.17363,-0.00532,-0.40211,0.02524,0.00534,0.26084,-0.04471,0.00057,0.90049,0.00057,0.13234,-0.00149,0.52807,0.09039,0.00100,-0.32789,-0.21996,-0.00426,0.92684,-0.02467,0.09419,-0.01070,-0.36518,0.03224,0.00566,-0.34594,-0.05771,-0.00150,0.92261,-0.01893,0.16167,-0.00097,0.05384,0.02681,0.00502,-0.05170,-0.03561,0.00006,1.02367,-0.00265,0.18305,-0.00550
5.9500,595,2,5.9493,49.91,0.51041,0.01701,-0.00321,0.33941,-0.05703,0.01886,1.00246,-0.02962,0.18691,-0.01247,-0.39577,-0.02116,0.00808,0.27644,-0.11548,-0.02205,0.93479,0.02773,0.23863,-0.05831,0.49186,0.04276,0.00150,-0.17646,-0.27022,0.01367,1.00783,-0.02639,0.12161,0.01435,-0.38242,-0.00449,-0.00796,-0.32014,-0.06283,-0.00593,0.98972,-0.01451,0.20850,-0.00241,0.04268,-0.00119,-0.00763,-0.03806,-0.02645,0.00031,1.07304,-0.01348,0.20818,0.00169,0.53099,0.04989,0.00417,0.28931,-0.06946,-0.00085,0.92447,-0.02256,0.17337,-0.00523,-0.40078,0.02783,0.00526,0.25859,-0.04495,0.00039,0.90050,-0.00035,0.13227,-0.00146,0.53261,0.09094,0.00125,-0.33883,-0.21775,-0.00474,0.92563,-0.02361,0.09366,-0.01063,-0.36350,0.03496,0.00543,-0.34880,-0.05694,-0.00165,0.92165,-0.01922,0.16162,-0.00097,0.05524,0.02925,0.00492,-0.05348,-0.03559,-0.00015,1.02352,-0.00346,0.18278,-0.00544
6.0000,600,3,5.9995,50.18,0.51041,0.01701,-0.00321,0.33941,-0.05703,0.01886,1.00246,-0.02962,0.18691,-0.01247,-0.39577,-0.02116,0.00808,0.27644,-0.11548,-0.02205,0.93479,0.02773,0.23863,-0.05831,0.49723,0.05151,-0.00524,-0.19890,-0.26788,0.00899,1.00502,-0.02946,0.12552,0.01676,-0.38242,-0.00449,-0.00796,-0.32014,-0.06283,-0.00593,0.98972,-0.01451,0.20850,-0.00241,0.04268,-0.00119,-0.00763,-0.03806,-0.02645,0.00031,1.07304,-0.01348,0.20818,0.00169,0.51041,0.01701,-0.00321,0.33941,-0.05703,0.01886,1.00246,-0.02962,0.18691,-0.01247,-0.39577,-0.02116,0.00808,0.27644,-0.11548,-0.02205,0.93479,0.02773,0.23863,-0.05831,0.49723,0.05151,-0.00524,-0.19890,-0.26788,0.00899,1.00502,-0.02946,0.12552,0.01676,-0.38242,-0.00449,-0.00796,-0.32014,-0.06283,-0.00593,0.98972,-0.01451,0.20850,-0.00241,0.04268,-0.00119,-0.00763,-0.03806,-0.02645,0.00031,1.07304,-0.01348,0.20818,0.00169
6.0500,605,3,6.0971,97.59,0.51242,0.02075,0.00457,0.33095,-0.07699,0.01703,0.99832,-0.04201,0.19004,0.01547,-0.39805,-0.03154,0.00015,0.26768,-0.08357,-0.02908,0.93882,0.03740,0.22850,-0.14624,0.49723,0.05151,-0.00524,-0.19890,-0.26788,0.00899,1.00502,-0.02946,0.12552,0.01676,-0.38242,-0.00449,-0.00796,-0.32014,-0.06283,-0.00593,0.98972,-0.01451,0.20850,-0.00241,0.04261,0.00418,-0.00896,-0.04009,-0.02238,0.00048,1.07152,-0.01585,0.20604,0.00766,0.51124,0.01619,-0.00033,0.33635,-0.06475,0.01295,1.00092,-0.03215,0.18634,-0.01054,-0.39672,-0.01689,0.00921,0.27091,-0.10583,-0.01754,0.93586,0.01579,0.23586,-0.05249,0.49978,0.05075,0.00163,-0.21238,-0.27103,0.00409,1.00319,-0.04293,0.12625,0.01225,-0.38271,-0.00686,-0.00212,-0.32321,-0.06026,-0.00460,0.98888,-0.01902,0.20838,-0.00244,0.04255,-0.00348,-0.00205,-0.03939,-0.02690,0.00141,1.07234,-0.01436,0.20825,0.00114
6.1000,610,3,6.1053,8.17,0.51242,0.02075,0.00457,0.33095,-0.07699,0.01703,0.99832,-0.04201,0.19004,0.01547,-0.39805,-0.03154,0.00015,0.26768,-0.08357,-0.02908,0.93882,0.03740,0.22850,-0.14624,0.50373,0.06400,-0.00561,-0.22309,-0.26729,-0.00678,1.00139,-0.02144,0.13184,0.08276,-0.38242,-0.00449,-0.00796,-0.32014,-0.06283,-0.00593,0.98972,-0.01451,0.20850,-0.00241,0.04261,0.00418,-0.00896,-0.04009,-0.02238,0.00048,1.07152,-0.01585,0.20604,0.00766,0.51205,0.01656,0.00172,0.33298,-0.07000,0.00869,0.99922,-0.03585,0.18585,-0.00886,-0.39745,-0.01221,0.00979,0.26582,-0.09806,-0.01435,0.93642,0.00725,0.23337,-0.04738,0.50235,0.05271,0.00607,-0.22597,-0.27211,0.00049,1.00080,-0.05227,0.12676,0.00832,-0.38306,-0.00688,0.00178,-0.32617,-0.05824,-0.00371,0.98782,-0.02337,0.20826,-0.00246,0.04237,-0.00350,0.00169,-0.04076,-0.02774,0.00196,1.07159,-0.01580,0.20830,0.00066
6.1500,615,3,6.1494,44.08,0.51414,0.01711,0.00106,0.32321,-0.07936,-0.02164,0.99483,-0.03401,0.18798,-0.01219,-0.40075,-0.03280,-0.01153,0.26120,-0.04650,-0.03921,0.94163,0.03381,0.23380,0.22236,0.50373,0.06400,-0.00561,-0.22309,-0.26729,-0.00678,1.00139,-0.02144,0.13184,0.08276,-0.36951,0.03128,0.00144,-0.32369,-0.04864,0.00682,0.97493,-0.04295,0.20594,0.08350,0.04054,0.00042,-0.00670,-0.04231,-0.01473,-0.00687,1.07189,0.00242,0.21537,0.07646,0.51291,0.01778,0.00319,0.32938,-0.07346,0.00559,0.99733,-0.03994,0.18545,-0.00741,-0.39794,-0.00735,0.00999,0.26108,-0.09161,-0.01207,0.93662,0.00092,0.23111,-0.04290,0.50508,0.05643,0.00885,-0.23957,-0.27165,-0.00224,0.99802,-0.05868,0.12709,0.00491,-0.38337,-0.00533,0.00435,-0.32904,-0.05657,-0.00314,0.98655,-0.02757,0.20813,-0.00248,0.04223,-0.00202,0.00418,-0.04217,-0.02876,0.00213,1.07076,-0.01755,0.20832,0.00025
6.2000,620,3,6.2004,51.08,0.51414,0.01711,0.00106,0.32321,-0.07936,-0.02164,0.99483,-0.03401,0.18798,-0.01219,-0.40075,-0.03280,-0.01153,0.26120,-0.04650,-0.03921,0.94163,0.03381,0.23380,0.22236,0.51061,0.06121,0.00485,-0.24659,-0.21412,-0.08372,0.99897,0.00757,0.14269,0.10060,-0.36951,0.03128,0.00144,-0.32369,-0.04864,0.00682,0.97493,-0.04295,0.20594,0.08350,0.04054,0.00042,-0.00670,-0.04231,-0.01473,-0.00687,1.07189,0.00242,0.21537,0.07646,0.51384,0.01961,0.00422,0.32565,-0.07561,0.00329,0.99523,-0.04399,0.18511,-0.00615,-0.39818,-0.00244,0.00997,0.25664,-0.08611,-0.01044,0.93654,-0.00395,0.22907,-0.03896,0.50801,0.06121,0.01052,-0.25312,-0.27001,-0.00436,0.99497,-0.06300,0.12726,0.00195,-0.38358,-0.00276,0.00600,-0.33183,-0.05513,-0.00278,0.98507,-0.03159,0.20801,-0.00249,0.04218,0.00045,0.00578,-0.04363,-0.02980,0.00207,1.06984,-0.01946,0.20833,-0.00011
6.2500,625,3,6.2498,49.32,0.51574,0.01197,-0.00574,0.31976,-0.02426,-0.04522,0.99373,0.00468,0.18616,-0.02447,-0.40204,-0.01892,-0.01816,0.25831,-0.00954,-0.02681,0.94569,0.05977,0.25191,0.13316,0.51061,0.06121,0.00485,-0.24659,-0.21412,-0.08372,0.99897,0.00757,0.14269,0.10060,-0.36668,0.01859,0.02373,-0.32811,-0.04637,-0.00790,0.97166,-0.01132,0.21497,0.12585,0.04061,0.00430,-0.00452,-0.04512,-0.00855,-0.00818,1.07254,0.03043,0.22304,0.05469,0.51488,0.02187,0.00494,0.32184,-0.07679,0.00157,0.99293,-0.04779,0.18483,-0.00506,-0.39818,0.00241,0.00981,0.25246,-0.08129,-0.00928,0.93624,-0.00786,0.22721,-0.03550,0.51121,0.06663,0.01144,-0.26655,-0.26744,-0.00606,0.99174,-0.06581,0.12729,-0.00063,-0.38364,0.00045,0.00701,-0.33455,-0.05382,-0.00257,0.98339,-0.03543,0.20788,-0.00250,0.04228,0.00355,0.00679,-0.04515,-0.03076,0.00184,1.06881,-0.02144,0.20831,-0.00043
6.3000,630,3,6.2997,49.93,0.51574,0.01197,-0.00574,0.31976,-0.02426,-0.04522,0.99373,0.00468,0.18616,-0.02447,-0.40204,-0.01892,-0.01816,0.25831,-0.00954,-0.02681,0.94569,0.05977,0.25191,0.13316,0.51837,0.05357,0.01060,-0.26222,-0.12797,-0.08555,1.00478,0.05816,0.15098,0.04756,-0.36668,0.01859,0.02373,-0.32811,-0.04637,-0.00790,0.97166,-0.01132,0.21497,0.12585,0.04061,0.00430,-0.00452,-0.04512,-0.00855,-0.00818,1.07254,0.03043,0.22304,0.05469,0.51603,0.02442,0.00541,0.31799,-0.07722,0.00024,0.99046,-0.05125,0.18460,-0.00413,-0.39794,0.00717,0.00958,0.24851,-0.07696,-0.00844,0.93576,-0.01113,0.22551,-0.03246,0.51468,0.07236,0.01188,-0.27985,-0.26411,-0.00748,0.98840,-0.06752,0.12720,-0.00285,-0.38353,0.00405,0.00760,-0.33721,-0.05259,-0.00247,0.98153,-0.03905,0.20776,-0.00251,0.04254,0.00704,0.00737,-0.04671,-0.03159,0.00151,1.06769,-0.02344,0.20828,-0.00070
6.3500,635,3,6.3494,49.76,0.51687,0.00936,-0.00077,0.31856,0.00841,-0.02550,0.99696,0.05294,0.18460,0.04397,-0.40218,-0.00049,-0.01460,0.25773,0.00948,-0.01291,0.95202,0.07909,0.26255,0.09400,0.51837,0.05357,0.01060,-0.26222,-0.12797,-0.08555,1.00478,0.05816,0.15098,0.04756,-0.36665,-0.00805,0.02002,-0.33311,-0.04352,-0.01229,0.97463,0.06215,0.22536,0.07097,0.04035,0.00173,-0.00196,-0.04543,0.00395,-0.00783,1.07710,0.06758,0.22730,0.04234,0.51732,0.02715,0.00570,0.31413,-0.07707,-0.00079,0.98782,-0.05434,0.18441,-0.00332,-0.39747,0.01181,0.00932,0.24476,-0.07297,-0.00785,0.93513,-0.01397,0.22396,-0.02979,0.51845,0.07823,0.01200,-0.29296,-0.26014,-0.00870,0.98500,-0.06843,0.12701,-0.00478,-0.38323,0.00785,0.00788,-0.33981,-0.05138,-0.00245,0.97949,-0.04245,0.20763,-0.00251,0.04299,0.01074,0.00767,-0.04830,-0.03224,0.00113,1.06647,-0.02544,0.20824,-0.00094
6.4000,640,3,6.3992,49.78,0.51687,0.00936,-0.00077,0.31856,0.00841,-0.02550,0.99696,0.05294,0.18460,0.04397,-0.40218,-0.00049,-0.01460,0.25773,0.00948,-0.01291,0.95202,0.07909,0.26255,0.09400,0.52365,0.03292,0.01784,-0.26875,-0.04568,-0.06022,1.01172,0.08709,0.15418,0.01760,-0.36665,-0.00805,0.02002,-0.33311,-0.04352,-0.01229,0.97463,0.06215,0.22536,0.07097,0.04035,0.00173,-0.00196,-0.04543,0.00395,-0.00783,1.07710,0.06758,0.22730,0.04234,0.51875,0.02999,0.00585,0.31029,-0.07647,-0.00162,0.98503,-0.05707,0.18427,-0.00262,-0.39677,0.01631,0.00905,0.24121,-0.06923,-0.00744,0.93437,-0.01653,0.22253,-0.02743,0.52251,0.08410,0.01193,-0.30585,-0.25560,-0.00980,0.98157,-0.06880,0.12673,-0.00645,-0.38274,0.01174,0.00796,-0.34235,-0.05018,-0.00248,0.97729,-0.04563,0.20751,-0.00251,0.04362,0.01453,0.00777,-0.04993,-0.03269,0.00071,1.06515,-0.02742,0.20819,-0.00115
6.4500,645,3,6.4493,50.03,0.51803,0.00679,0.00728,0.31983,0.02209,-0.00940,1.00366,0.08149,0.18877,0.09407,-0.40130,0.00842,-0.00618,0.25896,0.01950,-0.00069,0.96055,0.08468,0.27136,0.03756,0.52365,0.03292,0.01784,-0.26875,-0.04568,-0.06022,1.01172,0.08709,0.15418,0.01760,-0.36896,-0.03303,0.01361,-0.33726,-0.03102,-0.01801,0.98401,0.11837,0.23291,0.06785,0.04001,-0.00140,-0.00063,-0.04375,0.01398,-0.00182,1.08723,0.10048,0.23630,-0.01525,0.52032,0.03287,0.00588,0.30649,-0.07551,-0.00228,0.98211,-0.05949,0.18415,-0.00202,-0.39584,0.02069,0.00880,0.23783,-0.06565,-0.00716,0.93348,-0.01892,0.22121,-0.02535,0.52686,0.08991,0.01174,-0.31851,-0.25054,-0.01081,0.97813,-0.06879,0.12637,-0.00789,-0.38206,0.01564,0.00790,-0.34483,-0.04895,-0.00254,0.97493,-0.04859,0.20738,-0.00251,0.04444,0.01834,0.00774,-0.05157,-0.03293,0.00028,1.06373,-0.02939,0.20813,-0.00133
6.5000,650,3,6.4994,50.16,0.51803,0.00679,0.00728,0.31983,0.02209,-0.00940,1.00366,0.08149,0.18877,0.09407,-0.40130,0.00842,-0.00618,0.25896,0.01950,-0.00069,0.96055,0.08468,0.27136,0.03756,0.52757,0.02058,0.01691,-0.27241,-0.01601,-0.01847,1.02352,0.10243,0.15458,-0.00316,-0.36896,-0.03303,0.01361,-0.33726,-0.03102,-0.01801,0.98401,0.11837,0.23291,0.06785,0.04001,-0.00140,-0.00063,-0.04375,0.01398,-0.00182,1.08723,0.10048,0.23630,-0.01525,0.52204,0.03574,0.00582,0.30274,-0.07425,-0.00283,0.97908,-0.06161,0.18406,-0.00151,-0.39470,0.02495,0.00856,0.23464,-0.06218,-0.00700,0.93248,-0.02120,0.21999,-0.02352,0.53149,0.09561,0.01149,-0.33090,-0.24501,-0.01176,0.97469,-0.06858,0.12594,-0.00913,-0.38118,0.01948,0.00774,-0.34725,-0.04768,-0.00263,0.97243,-0.05133,0.20725,-0.00251,0.04545,0.02210,0.00760,-0.05322,-0.03297,-0.00015,1.06221,-0.03135,0.20806,-0.00148
6.5500,655,3,6.5492,49.82,0.51857,-0.00187,0.01239,0.32150,0.01465,0.01216,1.01345,0.10661,0.19621,0.07230,-0.40025,0.01388,-0.00241,0.26037,0.01795,0.00645,0.96790,0.06534,0.27119,-0.02540,0.52757,0.02058,0.01691,-0.27241,-0.01601,-0.01847,1.02352,0.10243,0.15458,-0.00316,-0.37325,-0.04418,-0.00041,-0.33930,-0.01507,-0.01557,0.99898,0.15149,0.23269,0.02527,0.04058,0.00454,0.00020,-0.04564,-0.00311,0.00591,1.09533,0.09736,0.23453,-0.01442,0.52389,0.03856,0.00567,0.29906,-0.07275,-0.00328,0.97596,-0.06347,0.18400,-0.00107,-0.39335,0.02909,0.00836,0.23162,-0.05877,-0.00692,0.93136,-0.02347,0.21885,-0.02191,0.53642,0.10118,0.01121,-0.34300,-0.23901,-0.01268,0.97127,-0.06831,0.12546,-0.01019,-0.38011,0.02322,0.00753,-0.34960,-0.04637,-0.00273,0.96980,-0.05386,0.20713,-0.00250,0.04665,0.02579,0.00741,-0.05486,-0.03279,-0.00057,1.06059,-0.03330,0.20798,-0.00162
6.6000,660,3,6.5996,50.40,0.51857,-0.00187,0.01239,0.32150,0.01465,0.01216,1.01345,0.10661,0.19621,0.07230,-0.40025,0.01388,-0.00241,0.26037,0.01795,0.00645,0.96790,0.06534,0.27119,-0.02540,0.52953,0.00611,0.01865,-0.27221,-0.00444,0.01194,1.03118,0.04798,0.15351,-0.01443,-0.37325,-0.04418,-0.00041,-0.33930,-0.01507,-0.01557,0.99898,0.15149,0.23269,0.02527,0.04058,0.00454,0.00020,-0.04564,-0.00311,0.00591,1.09533,0.09736,0.23453,-0.01442,0.52589,0.04130,0.00547,0.29547,-0.07105,-0.00365,0.97274,-0.06509,0.18395,-0.00070,-0.39179,0.03315,0.00817,0.22876,-0.05538,-0.00692,0.93013,-0.02579,0.21779,-0.02048,0.54161,0.10661,0.01092,-0.35479,-0.23257,-0.01358,0.96786,-0.06813,0.12492,-0.01111,-0.37886,0.02685,0.00727,-0.35188,-0.04500,-0.00285,0.96705,-0.05620,0.20700,-0.00250,0.04803,0.02937,0.00717,-0.05649,-0.03241,-0.00099,1.05888,-0.03525,0.20790,-0.00173
6.6500,665,3,6.6502,50.59,0.51841,0.00144,-0.00690,0.32048,-0.01757,0.03010,1.02370,0.10844,0.20150,0.02219,-0.39940,0.01434,0.00415,0.26011,0.00021,0.01396,0.96987,0.01692,0.26570,-0.07582,0.52953,0.00611,0.01865,-0.27221,-0.00444,0.01194,1.03118,0.04798,0.15351,-0.01443,-0.37785,-0.04174,-0.01375,-0.34389,-0.01398,-0.00326,1.01154,0.12220,0.23541,-0.02585,0.03971,-0.00256,0.00080,-0.04563,-0.00169,0.00384,1.10488,0.08327,0.23333,-0.03326,0.52802,0.04392,0.00524,0.29196,-0.06918,-0.00397,0.96945,-0.06648,0.18393,-0.00038,-0.39003,0.03711,0.00797,0.22608,-0.05198,-0.00695,0.92878,-0.02818,0.21680,-0.01921,0.54707,0.11188,0.01056,-0.36625,-0.22569,-0.01444,0.96446,-0.06810,0.12435,-0.01188,-0.37743,0.03035,0.00698,-0.35410,-0.04357,-0.00297,0.96419,-0.05836,0.20688,-0.00249,0.04958,0.03282,0.00690,-0.05810,-0.03183,-0.00138,1.05707,-0.03720,0.20781,-0.00184
6.7000,670,3,6.6997,49.45,0.51841,0.00144,-0.00690,0.32048,-0.01757,0.03010,1.02370,0.10844,0.20150,0.02219,-0.39940,0.01434,0.00415,0.26011,0.00021,0.01396,0.96987,0.01692,0.26570,-0.07582,0.53134,0.00445,0.01145,-0.27542,-0.03751,0.04195,1.03551,0.02448,0.15346,-0.00642,-0.37785,-0.04174,-0.01375,-0.34389,-0.01398,-0.00326,1.01154,0.12220,0.23541,-0.02585,0.03971,-0.00256,0.00080,-0.04563,-0.00169,0.00384,1.10488,0.08327,0.23333,-0.03326,0.53028,0.04643,0.00500,0.28855,-0.06716,-0.00426,0.96610,-0.06773,0.18392,-0.00012,-0.38808,0.04096,0.00773,0.22356,-0.04855,-0.00702,0.92731,-0.03062,0.21587,-0.01809,0.55280,0.11696,0.01013,-0.37735,-0.21841,-0.01525,0.96105,-0.06819,0.12374,-0.01255,-0.37583,0.03370,0.00668,-0.35624,-0.04208,-0.00310,0.96122,-0.06036,0.20676,-0.00248,0.05131,0.03613,0.00660,-0.05967,-0.03105,-0.00176,1.05516,-0.03916,0.20771,-0.00193
6.7500,675,3,6.7499,50.20,0.51831,0.01064,-0.00315,0.31805,-0.03772,0.02726,1.03303,0.07947,0.20450,0.06416,-0.39857,0.00943,0.00541,0.25932,-0.01412,0.01378,0.97121,-0.00252,0.25814,-0.12450,0.53134,0.00445,0.01145,-0.27542,-0.03751,0.04195,1.03551,0.02448,0.15346,-0.00642,-0.38060,-0.02586,-0.01709,-0.34461,-0.00453,-0.00504,1.01950,0.06275,0.23260,-0.02256,0.03886,-0.00232,-0.00479,-0.04716,-0.01202,0.00774,1.11031,0.04292,0.23298,-0.02544,0.53266,0.04883,0.00476,0.28525,-0.06501,-0.00451,0.96268,-0.06886,0.18392,0.00011,-0.38594,0.04469,0.00747,0.22122,-0.04509,-0.00709,0.92572,-0.03305,0.21499,-0.01710,0.55877,0.12181,0.00965,-0.38808,-0.21075,-0.01601,0.95764,-0.06837,0.12310,-0.01311,-0.37406,0.03690,0.00637,-0.35831,-0.04053,-0.00323,0.95815,-0.06222,0.20663,-0.00248,0.05320,0.03929,0.00630,-0.06120,-0.03010,-0.00212,1.05315,-0.04112,0.20761,-0.00200
6.8000,680,3,6.8005,50.57,0.51831,0.01064,-0.00315,0.31805,-0.03772,0.02726,1.03303,0.07947,0.20450,0.06416,-0.39857,0.00943,0.00541,0.25932,-0.01412,0.01378,0.97121,-0.00252,0.25814,-0.12450,0.53263,0.00798,0.00417,-0.28278,-0.08551,0.05176,1.03832,0.00744,0.14530,0.02172,-0.38060,-0.02586,-0.01709,-0.34461,-0.00453,-0.00504,1.01950,0.06275,0.23260,-0.02256,0.03886,-0.00232,-0.00479,-0.04716,-0.01202,0.00774,1.11031,0.04292,0.23298,-0.02544,0.53516,0.05110,0.00451,0.28205,-0.06274,-0.00474,0.95921,-0.06992,0.18393,0.00029,-0.38362,0.04828,0.00717,0.21906,-0.04159,-0.00718,0.92401,-0.03547,0.21416,-0.01621,0.56497,0.12641,0.00911,-0.39842,-0.20272,-0.01672,0.95421,-0.06861,0.12243,-0.01358,-0.37214,0.03994,0.00605,-0.36029,-0.03892,-0.00336,0.95500,-0.06396,0.20651,-0.00247,0.05524,0.04230,0.00598,-0.06268,-0.02897,-0.00246,1.05105,-0.04308,0.20751,-0.00207
6.8500,685,3,6.8501,49.62,0.51945,0.01621,0.00249,0.31137,-0.06984,0.02599,1.03709,0.02561,0.21273,0.01878,-0.39796,0.00940,-0.00085,0.25703,-0.02505,0.00867,0.97018,-0.00619,0.24732,-0.07461,0.53263,0.00798,0.00417,-0.28278,-0.08551,0.05176,1.03832,0.00744,0.14530,0.02172,-0.38216,-0.01033,-0.01856,-0.34585,-0.00500,0.00778,1.02207,0.01204,0.23088,-0.02389,0.03842,0.00198,-0.00708,-0.04986,-0.02051,0.00394,1.11141,-0.00128,0.22914,-0.00793,0.53777,0.05325,0.00427,0.27898,-0.06036,-0.00496,0.95569,-0.07092,0.18394,0.00044,-0.38111,0.05172,0.00685,0.21706,-0.03805,-0.00727,0.92218,-0.03786,0.21337,-0.01543,0.57140,0.13074,0.00852,-0.40835,-0.19435,-0.01739,0.95078,-0.06890,0.12174,-0.01397,-0.37007,0.04283,0.00573,-0.36220,-0.03724,-0.00349,0.95176,-0.06560,0.20638,-0.00246,0.05742,0.04516,0.00566,-0.06410,-0.02769,-0.00278,1.04884,-0.04503,0.20741,-0.00213
6.9000,690,3,6.8994,49.36,0.51945,0.01621,0.00249,0.31137,-0.06984,0.02599,1.03709,0.02561,0.21273,0.01878,-0.39796,0.00940,-0.00085,0.25703,-0.02505,0.00867,0.97018,-0.00619,0.24732,-0.07461,0.53556,0.02173,-0.00764,-0.29221,-0.12658,0.05098,1.02957,-0.08605,0.14315,-0.00204,-0.38216,-0.01033,-0.01856,-0.34585,-0.00500,0.00778,1.02207,0.01204,0.23088,-0.02389,0.03842,0.00198,-0.00708,-0.04986,-0.02051,0.00394,1.11141,-0.00128,0.22914,-0.00793,0.54049,0.05529,0.00402,0.27602,-0.05788,-0.00515,0.95212,-0.07189,0.18397,0.00057,-0.37845,0.05500,0.00650,0.21525,-0.03447,-0.00735,0.92022,-0.04021,0.21261,-0.01472,0.57804,0.13477,0.00789,-0.41785,-0.18567,-0.01800,0.94732,-0.06923,0.12103,-0.01430,-0.36786,0.04557,0.00541,-0.36401,-0.03550,-0.00361,0.94844,-0.06715,0.20626,-0.00245,0.05975,0.04785,0.00533,-0.06544,-0.02625,-0.00308,1.04654,-0.04696,0.20730,-0.00218
6.9500,695,3,6.9497,50.29,0.51990,0.00766,0.00217,0.30879,-0.05730,0.00263,1.03947,-0.00857,0.21575,0.06688,-0.39728,0.01131,-0.00434,0.25254,-0.04122,0.01743,0.96833,-0.01034,0.24501,-0.01477,0.53556,0.02173,-0.00764,-0.29221,-0.12658,0.05098,1.02957,-0.08605,0.14315,-0.00204,-0.38204,0.01000,-0.01160,-0.34871,-0.02005,0.00565,1.01961,-0.04215,0.22771,-0.01074,0.03848,0.00703,-0.01034,-0.05195,-0.01880,0.00306,1.10940,-0.03331,0.22921,0.00456,0.54330,0.05720,0.00378,0.27319,-0.05531,-0.00534,0.94850,-0.07284,0.18400,0.00067,-0.37562,0.05810,0.00613,0.21362,-0.03084,-0.00743,0.91816,-0.04251,0.21189,-0.01410,0.58487,0.13848,0.00722,-0.42691,-0.17670,-0.01856,0.94385,-0.06959,0.12031,-0.01457,-0.36552,0.04814,0.00510,-0.36574,-0.03370,-0.00373,0.94504,-0.06862,0.20614,-0.00244,0.06221,0.05038,0.00499,-0.06672,-0.02467,-0.00335,1.04415,-0.04889,0.20719,-0.00222
7.0000,700,3,7.0000,50.32,0.51990,0.00766,0.00217,0.30879,-0.05730,0.00263,1.03947,-0.00857,0.21575,0.06688,-0.39728,0.01131,-0.00434,0.25254,-0.04122,0.01743,0.96833,-0.01034,0.24501,-0.01477,0.53948,0.04412,-0.01370,-0.30783,-0.17440,0.04471,1.01979,-0.06521,0.14236,-0.03367,-0.38204,0.01000,-0.01160,-0.34871,-0.02005,0.00565,1.01961,-0.04215,0.22771,-0.01074,0.03848,0.00703,-0.01034,-0.05195,-0.01880,0.00306,1.10940,-0.03331,0.22921,0.00456,0.54620,0.05900,0.00354,0.27049,-0.05265,-0.00551,0.94484,-0.07377,0.18404,0.00075,-0.37264,0.06101,0.00573,0.21217,-0.02718,-0.00750,0.91597,-0.04476,0.21120,-0.01353,0.59188,0.14184,0.00650,-0.43552,-0.16747,-0.01907,0.94036,-0.06997,0.11958,-0.01479,-0.36305,0.05057,0.00479,-0.36738,-0.03184,-0.00385,0.94158,-0.07004,0.20602,-0.00243,0.06478,0.05275,0.00466,-0.06791,-0.02296,-0.00361,1.04166,-0.05079,0.20708,-0.00226
7.0500,705,3,7.0494,49.41,0.52064,0.00806,-0.00353,0.30295,-0.05973,0.00659,1.03689,-0.04367,0.22129,0.02799,-0.39563,0.01899,-0.00098,0.24728,-0.05966,0.01548,0.96645,-0.02047,0.24041,-0.06966,0.53948,0.04412,-0.01370,-0.30783,-0.17440,0.04471,1.01979,-0.06521,0.14236,-0.03367,-0.38206,0.01445,-0.01045,-0.35051,-0.02368,0.01160,1.01442,-0.07579,0.22742,0.00572,0.03959,0.01798,-0.01119,-0.05506,-0.02275,0.00269,1.10380,-0.06200,0.22936,0.00598,0.54920,0.06068,0.00331,0.26793,-0.04990,-0.00567,0.94112,-0.07470,0.18407,0.00081,-0.36952,0.06372,0.00532,0.21090,-0.02348,-0.00756,0.91368,-0.04695,0.21054,-0.01303,0.59905,0.14485,0.00576,-0.44365,-0.15800,-0.01951,0.93685,-0.07038,0.11883,-0.01496,-0.36046,0.05284,0.00448,-0.36893,-0.02992,-0.00397,0.93804,-0.07141,0.20590,-0.00242,0.06748,0.05495,0.00432,-0.06901,-0.02114,-0.00384,1.03907,-0.05268,0.20696,-0.00229
7.1000,710,3,7.1012,51.72,0.52064,0.00806,-0.00353,0.30295,-0.05973,0.00659,1.03689,-0.04367,0.22129,0.02799,-0.39563,0.01899,-0.00098,0.24728,-0.05966,0.01548,0.96645,-0.02047,0.24041,-0.06966,0.54533,0.06772,-0.01407,-0.32819,-0.22489,0.03294,1.01071,-0.04960,0.14257,0.01462,-0.38206,0.01445,-0.01045,-0.35051,-0.02368,0.01160,1.01442,-0.07579,0.22742,0.00572,0.03959,0.01798,-0.01119,-0.05506,-0.02275,0.00269,1.10380,-0.06200,0.22936,0.00598,0.55227,0.06225,0.00308,0.26550,-0.04708,-0.00582,0.93737,-0.07564,0.18412,0.00085,-0.36627,0.06622,0.00488,0.20982,-0.01977,-0.00760,0.91128,-0.04908,0.20990,-0.01257,0.60636,0.14749,0.00498,-0.45131,-0.14834,-0.01990,0.93332,-0.07079,0.11808,-0.01509,-0.35777,0.05497,0.00418,-0.37037,-0.02795,-0.00407,0.93444,-0.07275,0.20578,-0.00241,0.07028,0.05699,0.00399,-0.07002,-0.01920,-0.00406,1.03639,-0.05455,0.20685,-0.00232
7.1500,715,3,7.1496,48.46,0.52469,0.02420,-0.00892,0.29685,-0.05925,-0.00649,1.02819,-0.08927,0.22136,0.00267,-0.39336,0.02766,-0.00919,0.24079,-0.06801,0.00679,0.96463,-0.02173,0.23124,-0.13498,0.54533,0.06772,-0.01407,-0.32819,-0.22489,0.03294,1.01071,-0.04960,0.14257,0.01462,-0.38116,0.01884,-0.00603,-0.35454,-0.03300,0.00827,1.00642,-0.08334,0.22858,-0.02315,0.04120,0.02432,-0.01185,-0.05582,-0.01170,0.00115,1.09778,-0.06968,0.23220,0.00713,0.55542,0.06370,0.00286,0.26322,-0.04419,-0.00597,0.93356,-0.07660,0.18416,0.00088,-0.36290,0.06850,0.00443,0.20892,-0.01603,-0.00762,0.90877,-0.05116,0.20928,-0.01216,0.61379,0.14973,0.00418,-0.45849,-0.13850,-0.02022,0.92977,-0.07123,0.11732,-0.01519,-0.35497,0.05694,0.00388,-0.37172,-0.02593,-0.00418,0.93077,-0.07406,0.20566,-0.00240,0.07317,0.05887,0.00365,-0.07093,-0.01716,-0.00425,1.03361,-0.05640,0.20673,-0.00235
7.2000,720,3,7.1999,50.27,0.52469,0.02420,-0.00892,0.29685,-0.05925,-0.00649,1.02819,-0.08927,0.22136,0.00267,-0.39336,0.02766,-0.00919,0.24079,-0.06801,0.00679,0.96463,-0.02173,0.23124,-0.13498,0.55310,0.08210,-0.00723,-0.34736,-0.23139,0.00956,0.99722,-0.08947,0.14636,-0.01411,-0.38116,0.01884,-0.00603,-0.35454,-0.03300,0.00827,1.00642,-0.08334,0.22858,-0.02315,0.04120,0.02432,-0.01185,-0.05582,-0.01170,0.00115,1.09778,-0.06968,0.23220,0.00713,0.55864,0.06505,0.00263,0.26108,-0.04123,-0.00610,0.92971,-0.07758,0.18420,0.00090,-0.35942,0.07056,0.00396,0.20822,-0.01229,-0.00763,0.90616,-0.05317,0.20868,-0.01179,0.62133,0.15158,0.00336,-0.46516,-0.12851,-0.02048,0.92620,-0.07169,0.11656,-0.01526,-0.35207,0.05877,0.00359,-0.37297,-0.02385,-0.00427,0.92703,-0.07535,0.20554,-0.00239,0.07616,0.06058,0.00332,-0.07174,-0.01503,-0.00443,1.03075,-0.05823,0.20661,-0.00237
7.2500,725,3,7.2495,49.64,0.52732,0.02473,0.00445,0.29353,-0.04497,-0.00433,1.01790,-0.12052,0.22150,0.02204,-0.39014,0.03715,-0.01496,0.23385,-0.06932,-0.00060,0.96219,-0.03051,0.21803,-0.12494,0.55310,0.08210,-0.00723,-0.34736,-0.23139,0.00956,0.99722,-0.08947,0.14636,-0.01411,-0.37998,0.01967,-0.00441,-0.35800,-0.03592,-0.00158,0.99846,-0.07831,0.22460,0.00183,0.04406,0.03810,-0.01178,-0.05935,-0.02775,0.00789,1.08946,-0.07944,0.23214,-0.00649,0.56192,0.06629,0.00242,0.25910,-0.03821,-0.00624,0.92580,-0.07859,0.18425,0.00091,-0.35585,0.07239,0.00348,0.20770,-0.00855,-0.00761,0.90346,-0.05511,0.20810,-0.01145,0.62895,0.15302,0.00252,-0.47133,-0.11842,-0.02067,0.92260,-0.07217,0.11580,-0.01530,-0.34909,0.06046,0.00330,-0.37411,-0.02173,-0.00437,0.92323,-0.07663,0.20542,-0.00238,0.07923,0.06212,0.00299,-0.07243,-0.01282,-0.00458,1.02779,-0.06005,0.20650,-0.00238
7.3000,730,3,7.2995,49.92,0.52732,0.02473,0.00445,0.29353,-0.04497,-0.00433,1.01790,-0.12052,0.22150,0.02204,-0.39014,0.03715,-0.01496,0.23385,-0.06932,-0.00060,0.96219,-0.03051,0.21803,-0.12494,0.56225,0.09634,-0.00757,-0.37340,-0.25456,-0.00153,0.98830,-0.09500,0.14104,-0.07840,-0.37998,0.01967,-0.00441,-0.35800,-0.03592,-0.00158,0.99846,-0.07831,0.22460,0.00183,0.04406,0.03810,-0.01178,-0.05935,-0.02775,0.00789,1.08946,-0.07944,0.23214,-0.00649,0.56527,0.06742,0.00221,0.25726,-0.03512,-0.00636,0.92185,-0.07965,0.18429,0.00091,-0.35219,0.07398,0.00299,0.20736,-0.00483,-0.00757,0.90065,-0.05700,0.20754,-0.01114,0.63662,0.15405,0.00166,-0.47700,-0.10824,-0.02080,0.91898,-0.07269,0.11503,-0.01533,-0.34603,0.06201,0.00302,-0.37514,-0.01957,-0.00445,0.91937,-0.07791,0.20530,-0.00237,0.08237,0.06351,0.00266,-0.07302,-0.01054,-0.00472,1.02474,-0.06185,0.20638,-0.00240
7.3500,735,3,7.3494,49.91,0.52935,0.02004,0.00457,0.28706,-0.04927,-0.00575,1.00076,-0.15831,0.22678,-0.00823,-0.38558,0.05399,-0.01470,0.22708,-0.06600,-0.00475,0.95811,-0.05488,0.20723,-0.13017,0.56225,0.09634,-0.00757,-0.37340,-0.25456,-0.00153,0.98830,-0.09500,0.14104,-0.07840,-0.37841,0.02455,-0.01200,-0.36281,-0.03804,0.00245,0.98992,-0.08406,0.22200,0.02735,0.04805,0.04952,-0.01153,-0.06308,-0.03466,0.00216,1.08146,-0.07247,0.23184,-0.00741,0.56866,0.06845,0.00200,0.25559,-0.03197,-0.00648,0.91784,-0.08076,0.18434,0.00090,-0.34846,0.07532,0.00250,0.20721,-0.00113,-0.00751,0.89776,-0.05884,0.20699,-0.01085,0.64434,0.15465,0.00080,-0.48216,-0.09802,-0.02087,0.91534,-0.07326,0.11427,-0.01533,-0.34289,0.06342,0.00274,-0.37606,-0.01737,-0.00453,0.91544,-0.07918,0.20518,-0.00235,0.08558,0.06474,0.00234,-0.07348,-0.00819,-0.00484,1.02161,-0.06364,0.20626,-0.00241
7.4000,740,3,7.3994,50.00,0.52935,0.02004,0.00457,0.28706,-0.04927,-0.00575,1.00076,-0.15831,0.22678,-0.00823,-0.38558,0.05399,-0.01470,0.22708,-0.06600,-0.00475,0.95811,-0.05488,0.20723,-0.13017,0.57246,0.10385,-0.01137,-0.39616,-0.23769,-0.01900,0.98128,-0.07170,0.12645,-0.07545,-0.37841,0.02455,-0.01200,-0.36281,-0.03804,0.00245,0.98992,-0.08406,0.22200,0.02735,0.04805,0.04952,-0.01153,-0.06308,-0.03466,0.00216,1.08146,-0.07247,0.23184,-0.00741,0.57211,0.06938,0.00179,0.25407,-0.02876,-0.00659,0.91377,-0.08193,0.18438,0.00088,-0.34466,0.07643,0.00200,0.20725,0.00253,-0.00742,0.89477,-0.06062,0.20645,-0.01059,0.65208,0.15483,-0.00007,-0.48680,-0.08778,-0.02088,0.91166,-0.07391,0.11350,-0.01531,-0.33969,0.06470,0.00246,-0.37687,-0.01513,-0.00460,0.91145,-0.08045,0.20506,-0.00234,0.08884,0.06580,0.00202,-0.07383,-0.00580,-0.00494,1.01838,-0.06543,0.20613,-0.00242
7.4500,745,3,7.4492,49.82,0.53023,0.01255,-0.00487,0.28348,-0.03664,-0.01229,0.98471,-0.16207,0.22462,-0.05192,-0.38242,0.05584,-0.01266,0.22173,-0.04974,-0.00911,0.95055,-0.06857,0.19688,-0.07311,0.57246,0.10385,-0.01137,-0.39616,-0.23769,-0.01900,0.98128,-0.07170,0.12645,-0.07545,-0.37579,0.03426,-0.01390,-0.36659,-0.03547,0.00121,0.98140,-0.07976,0.22384,-0.01095,0.05297,0.05614,-0.00888,-0.06593,-0.02769,-0.00373,1.07460,-0.05904,0.22573,-0.00087,0.57560,0.07021,0.00160,0.25271,-0.02550,-0.00670,0.90964,-0.08316,0.18443,0.00086,-0.34082,0.07728,0.00149,0.20746,0.00615,-0.00731,0.89170,-0.06236,0.20593,-0.01035,0.65982,0.15458,-0.00094,-0.49094,-0.07755,-0.02083,0.90794,-0.07467,0.11274,-0.01529,-0.33643,0.06584,0.00220,-0.37757,-0.01286,-0.00466,0.90740,-0.08171,0.20495,-0.00233,0.09216,0.06671,0.00170,-0.07406,-0.00335,-0.00502,1.01506,-0.06723,0.20601,-0.00243
7.5000,750,3,7.5001,50.89,0.53023,0.01255,-0.00487,0.28348,-0.03664,-0.01229,0.98471,-0.16207,0.22462,-0.05192,-0.38242,0.05584,-0.01266,0.22173,-0.04974,-0.00911,0.95055,-0.06857,0.19688,-0.07311,0.58329,0.11095,-0.01297,-0.41696,-0.20614,-0.02381,0.97505,-0.03881,0.11857,0.00703,-0.37579,0.03426,-0.01390,-0.36659,-0.03547,0.00121,0.98140,-0.07976,0.22384,-0.01095,0.05297,0.05614,-0.00888,-0.06593,-0.02769,-0.00373,1.07460,-0.05904,0.22573,-0.00087,0.57913,0.07095,0.00140,0.25152,-0.02219,-0.00678,0.90545,-0.08446,0.18447,0.00084,-0.33694,0.07789,0.00098,0.20786,0.00971,-0.00721,0.88854,-0.06410,0.20542,-0.01013,0.66753,0.15391,-0.00181,-0.49456,-0.06735,-0.02075,0.90419,-0.07560,0.11197,-0.01524,-0.33311,0.06685,0.00193,-0.37816,-0.01056,-0.00471,0.90328,-0.08297,0.20483,-0.00232,0.09551,0.06747,0.00139,-0.07417,-0.00087,-0.00509,1.01166,-0.06904,0.20589,-0.00244
7.5500,755,3,7.5501,50.05,0.53120,0.01598,-0.01002,0.28059,-0.02924,-0.00072,0.96891,-0.14894,0.21925,-0.05706,-0.37924,0.05115,-0.00992,0.21565,-0.03598,-0.02029,0.94439,-0.07328,0.18950,-0.06805,0.58329,0.11095,-0.01297,-0.41696,-0.20614,-0.02381,0.97505,-0.03881,0.11857,0.00703,-0.37227,0.04340,-0.01177,-0.37008,-0.03031,-0.00831,0.97381,-0.07136,0.22335,-0.00263,0.05297,0.05614,-0.00888,-0.06593,-0.02769,-0.00373,1.07460,-0.05904,0.22573,-0.00087,0.58269,0.07159,0.00122,0.25049,-0.01885,-0.00681,0.90120,-0.08578,0.18451,0.00081,-0.33303,0.07824,0.00047,0.20843,0.01323,-0.00716,0.88529,-0.06590,0.20492,-0.00993,0.67520,0.15281,-0.00267,-0.49767,-0.05718,-0.02071,0.90038,-0.07681,0.11121,-0.01519,-0.32974,0.06774,0.00167,-0.37863,-0.00824,-0.00476,0.89910,-0.08422,0.20471,-0.00231,0.09890,0.06808,0.00108,-0.07415,0.00163,-0.00514,1.00816,-0.07087,0.20577,-0.00245
7.6000,760,3,7.5995,49.36,0.53120,0.01598,-0.01002,0.28059,-0.02924,-0.00072,0.96891,-0.14894,0.21925,-0.05706,-0.37924,0.05115,-0.00992,0.21565,-0.03598,-0.02029,0.94439,-0.07328,0.18950,-0.06805,0.59391,0.11432,-0.01554,-0.43224,-0.16907,-0.02537,0.96432,-0.10032,0.11949,0.00614,-0.37227,0.04340,-0.01177,-0.37008,-0.03031,-0.00831,0.97381,-0.07136,0.22335,-0.00263,0.05862,0.06077,-0.00721,-0.06802,-0.01833,-0.00544,1.06928,-0.04563,0.22082,0.01314,0.58629,0.07215,0.00105,0.24963,-0.01551,-0.00679,0.89687,-0.08707,0.18455,0.00077,-0.32912,0.07835,-0.00005,0.20918,0.01674,-0.00716,0.88194,-0.06789,0.20442,-0.00973,0.68281,0.15129,-0.00354,-0.50028,-0.04703,-0.02071,0.89650,-0.07849,0.11045,-0.01513,-0.32634,0.06849,0.00142,-0.37898,-0.00589,-0.00480,0.89486,-0.08545,0.20460,-0.00230,0.10232,0.06853,0.00078,-0.07401,0.00416,-0.00517,1.00457,-0.07274,0.20565,-0.00245
7.6500,765,3,7.6494,49.86,0.53328,0.02830,-0.01311,0.27616,-0.03703,0.00667,0.95311,-0.14116,0.21740,-0.01547,-0.37911,0.04723,-0.01933,0.20844,-0.01818,-0.01892,0.94096,-0.05420,0.18404,-0.04230,0.59391,0.11432,-0.01554,-0.43224,-0.16907,-0.02537,0.96432,-0.10032,0.11949,0.00614,-0.36826,0.05165,-0.01570,-0.37277,-0.01977,-0.00342,0.96716,-0.06585,0.22360,-0.00593,0.06456,0.06302,-0.00442,-0.06909,-0.00850,-0.00512,1.06519,-0.03575,0.21737,0.00478,0.58991,0.07262,0.00089,0.24894,-0.01219,-0.00674,0.89249,-0.08824,0.18459,0.00074,-0.32520,0.07820,-0.00057,0.21011,0.02025,-0.00716,0.87849,-0.07018,0.20394,-0.00955,0.69033,0.14934,-0.00440,-0.50237,-0.03687,-0.02070,0.89252,-0.08078,0.10970,-0.01506,-0.32290,0.06913,0.00117,-0.37922,-0.00353,-0.00483,0.89055,-0.08666,0.20448,-0.00229,0.10575,0.06884,0.00049,-0.07373,0.00671,-0.00519,1.00088,-0.07463,0.20552,-0.00246
7.7000,770,3,7.6996,50.23,0.53328,0.02830,-0.01311,0.27616,-0.03703,0.00667,0.95311,-0.14116,0.21740,-0.01547,-0.37911,0.04723,-0.01933,0.20844,-0.01818,-0.01892,0.94096,-0.05420,0.18404,-0.04230,0.60731,0.13505,-0.01961,-0.44930,-0.15040,-0.01854,0.95882,-0.06935,0.11791,0.01422,-0.36826,0.05165,-0.01570,-0.37277,-0.01977,-0.00342,0.96716,-0.06585,0.22360,-0.00593,0.06456,0.06302,-0.00442,-0.06909,-0.00850,-0.00512,1.06519,-0.03575,0.21737,0.00478,0.59355,0.07302,0.00074,0.24841,-0.00890,-0.00669,0.88805,-0.08933,0.18462,0.00070,-0.32130,0.07779,-0.00108,0.21121,0.02376,-0.00714,0.87492,-0.07268,0.20347,-0.00939,0.69774,0.14697,-0.00525,-0.50396,-0.02673,-0.02062,0.88841,-0.08355,0.10895,-0.01498,-0.31943,0.06964,0.00092,-0.37934,-0.00115,-0.00485,0.88619,-0.08784,0.20437,-0.00228,0.10920,0.06901,0.00021,-0.07334,0.00925,-0.00520,0.99711,-0.07654,0.20540,-0.00246
7.7500,775,3,7.7495,49.95,0.53690,0.04527,-0.01820,0.27213,-0.04461,0.01179,0.94076,-0.10674,0.21647,-0.02239,-0.37504,0.05537,-0.02289,0.20682,0.00138,-0.01033,0.93501,-0.05889,0.17560,-0.07150,0.60731,0.13505,-0.01961,-0.44930,-0.15040,-0.01854,0.95882,-0.06935,0.11791,0.01422,-0.36005,0.06976,-0.01220,-0.37247,-0.00465,0.00034,0.95765,-0.07736,0.22242,-0.00638,0.06851,0.05946,-0.00362,-0.07078,-0.00670,-0.00020,1.06290,-0.03052,0.21725,0.01861,0.59721,0.07335,0.00059,0.24805,-0.00563,-0.00664,0.88356,-0.09040,0.18466,0.00066,-0.31743,0.07714,-0.00159,0.21249,0.02725,-0.00708,0.87122,-0.07526,0.20300,-0.00923,0.70502,0.14420,-0.00607,-0.50505,-0.01665,-0.02047,0.88416,-0.08658,0.10820,-0.01490,-0.31593,0.07004,0.00068,-0.37933,0.00123,-0.00486,0.88177,-0.08900,0.20426,-0.00227,0.11265,0.06905,-0.00007,-0.07281,0.01180,-0.00519,0.99323,-0.07845,0.20528,-0.00246
7.8000,780,3,7.7995,49.95,0.53690,0.04527,-0.01820,0.27213,-0.04461,0.01179,0.94076,-0.10674,0.21647,-0.02239,-0.37504,0.05537,-0.02289,0.20682,0.00138,-0.01033,0.93501,-0.05889,0.17560,-0.07150,0.62203,0.15261,-0.01307,-0.46247,-0.12771,-0.01988,0.95257,-0.07703,0.11645,0.03101,-0.36005,0.06976,-0.01220,-0.37247,-0.00465,0.00034,0.95765,-0.07736,0.22242,-0.00638,0.06851,0.05946,-0.00362,-0.07078,-0.00670,-0.00020,1.06290,-0.03052,0.21725,0.01861,0.60088,0.07360,0.00044,0.24785,-0.00238,-0.00660,0.87901,-0.09147,0.18469,0.00062,-0.31359,0.07624,-0.00208,0.21393,0.03070,-0.00698,0.86739,-0.07783,0.20255,-0.00908,0.71215,0.14103,-0.00685,-0.50563,-0.00667,-0.02024,0.87975,-0.08969,0.10746,-0.01482,-0.31242,0.07031,0.00044,-0.37921,0.00362,-0.00487,0.87729,-0.09013,0.20414,-0.00226,0.11610,0.06895,-0.00034,-0.07216,0.01434,-0.00516,0.98926,-0.08034,0.20515,-0.00246
7.8500,785,3,7.8494,49.94,0.54254,0.06875,-0.02630,0.26743,-0.04783,0.00565,0.93100,-0.07953,0.21168,-0.06511,-0.36933,0.07080,-0.01896,0.20706,0.01337,-0.00999,0.92806,-0.07011,0.16854,-0.07436,0.62203,0.15261,-0.01307,-0.46247,-0.12771,-0.01988,0.95257,-0.07703,0.11645,0.03101,-0.35278,0.07792,-0.00377,-0.37331,-0.00690,0.00069,0.94931,-0.07978,0.22137,-0.04709,0.07464,0.06403,-0.00589,-0.07156,-0.00646,-0.00020,1.05914,-0.04285,0.21689,0.02606,0.60457,0.07378,0.00030,0.24781,0.00084,-0.00655,0.87441,-0.09256,0.18472,0.00058,-0.30981,0.07510,-0.00254,0.21555,0.03410,-0.00685,0.86344,-0.08031,0.20210,-0.00893,0.71911,0.13749,-0.00758,-0.50572,0.00319,-0.01994,0.87519,-0.09276,0.10672,-0.01472,-0.30890,0.07047,0.00021,-0.37897,0.00600,-0.00487,0.87276,-0.09123,0.20403,-0.00225,0.11954,0.06872,-0.00059,-0.07138,0.01686,-0.00512,0.98520,-0.08219,0.20503,-0.00246
7.9000,790,3,7.8995,50.07,0.54254,0.06875,-0.02630,0.26743,-0.04783,0.00565,0.93100,-0.07953,0.21168,-0.06511,-0.36933,0.07080,-0.01896,0.20706,0.01337,-0.00999,0.92806,-0.07011,0.16854,-0.07436,0.63820,0.16088,-0.00645,-0.47449,-0.11007,-0.01293,0.94674,-0.05075,0.11474,0.03212,-0.35278,0.07792,-0.00377,-0.37331,-0.00690,0.00069,0.94931,-0.07978,0.22137,-0.04709,0.07464,0.06403,-0.00589,-0.07156,-0.00646,-0.00020,1.05914,-0.04285,0.21689,0.02606,0.60826,0.07389,0.00015,0.24793,0.00405,-0.00652,0.86976,-0.09364,0.18475,0.00053,-0.30609,0.07375,-0.00298,0.21734,0.03742,-0.00668,0.85937,-0.08266,0.20165,-0.00880,0.72589,0.13360,-0.00827,-0.50531,0.01288,-0.01957,0.87048,-0.09568,0.10598,-0.01463,-0.30538,0.07052,-0.00002,-0.37861,0.00839,-0.00486,0.86817,-0.09230,0.20392,-0.00224,0.12297,0.06837,-0.00084,-0.07047,0.01936,-0.00507,0.98104,-0.08398,0.20491,-0.00246
7.9500,795,3,7.9492,49.73,0.54792,0.08553,-0.02171,0.27325,-0.01498,0.01026,0.92599,-0.04230,0.20566,-0.02693,-0.36153,0.09008,-0.02464,0.20808,0.01793,0.00063,0.92015,-0.07767,0.16259,-0.01327,0.63820,0.16088,-0.00645,-0.47449,-0.11007,-0.01293,0.94674,-0.05075,0.11474,0.03212,-0.34522,0.07800,-0.00070,-0.37409,-0.00575,-0.00018,0.94082,-0.08340,0.21766,-0.01389,0.08114,0.06836,-0.00733,-0.07179,-0.00267,0.00017,1.05384,-0.06203,0.21782,0.01770,0.61195,0.07393,-0.00000,0.24822,0.00723,-0.00648,0.86505,-0.09470,0.18477,0.00049,-0.30244,0.07219,-0.00338,0.21929,0.04065,-0.00648,0.85518,-0.08485,0.20122,-0.00867,0.73247,0.12939,-0.00889,-0.50443,0.02238,-0.01914,0.86563,-0.09838,0.10526,-0.01453,-0.30185,0.07045,-0.00025,-0.37813,0.01077,-0.00484,0.86353,-0.09334,0.20381,-0.00223,0.12638,0.06790,-0.00107,-0.06944,0.02184,-0.00501,0.97680,-0.08569,0.20479,-0.00246
8.0000,800,4,7.9994,50.14,0.54792,0.08553,-0.02171,0.27325,-0.01498,0.01026,0.92599,-0.04230,0.20566,-0.02693,-0.36153,0.09008,-0.02464,0.20808,0.01793,0.00063,0.92015,-0.07767,0.16259,-0.01327,0.65445,0.16317,0.00023,-0.48486,-0.09746,-0.01388,0.94027,-0.10696,0.11980,0.05171,-0.34522,0.07800,-0.00070,-0.37409,-0.00575,-0.00018,0.94082,-0.08340,0.21766,-0.01389,0.08114,0.06836,-0.00733,-0.07179,-0.00267,0.00017,1.05384,-0.06203,0.21782,0.01770,0.54792,0.08553,-0.02171,0.27325,-0.01498,0.01026,0.92599,-0.04230,0.20566,-0.02693,-0.36153,0.09008,-0.02464,0.20808,0.01793,0.00063,0.92015,-0.07767,0.16259,-0.01327,0.65445,0.16317,0.00023,-0.48486,-0.09746,-0.01388,0.94027,-0.10696,0.11980,0.05171,-0.34522,0.07800,-0.00070,-0.37409,-0.00575,-0.00018,0.94082,-0.08340,0.21766,-0.01389,0.08114,0.06836,-0.00733,-0.07179,-0.00267,0.00017,1.05384,-0.06203,0.21782,0.01770
8.0500,805,4,8.0494,50.04,0.56043,0.12075,-0.01669,0.26970,-0.04688,0.04149,0.92225,-0.02434,0.19926,-0.01685,-0.35150,0.10955,-0.01122,0.20798,0.00930,0.01183,0.91009,-0.09905,0.16569,0.05958,0.65445,0.16317,0.00023,-0.48486,-0.09746,-0.01388,0.94027,-0.10696,0.11980,0.05171,-0.33693,0.07589,-0.00301,-0.37061,0.01649,-0.00041,0.93076,-0.08929,0.21501,0.01487,0.08827,0.07486,-0.00674,-0.07176,0.00041,-0.00050,1.04666,-0.08227,0.22057,0.01667,0.55197,0.07719,-0.01291,0.27239,-0.01894,0.00604,0.92351,-0.05669,0.20440,-0.02358,-0.35729,0.07989,-0.01739,0.20900,0.01918,-0.00521,0.91610,-0.08388,0.16195,-0.01204,0.66260,0.16238,-0.00328,-0.48951,-0.08808,-0.02355,0.93451,-0.12257,0.12217,0.04323,-0.34133,0.07748,-0.00140,-0.37437,-0.00527,-0.00169,0.93655,-0.08752,0.21701,-0.01244,0.08448,0.06527,-0.00539,-0.07192,-0.00201,-0.00267,1.05048,-0.07242,0.21863,0.01464
8.1000,810,4,8.1006,51.18,0.56043,0.12075,-0.01669,0.26970,-0.04688,0.04149,0.92225,-0.02434,0.19926,-0.01685,-0.35150,0.10955,-0.01122,0.20798,0.00930,0.01183,0.91009,-0.09905,0.16569,0.05958,0.67062,0.15935,0.00614,-0.49392,-0.08270,-0.01804,0.92713,-0.12406,0.12572,0.06840,-0.33693,0.07589,-0.00301,-0.37061,0.01649,-0.00041,0.93076,-0.08929,0.21501,0.01487,0.08827,0.07486,-0.00674,-0.07176,0.00041,-0.00050,1.04666,-0.08227,0.22057,0.01667,0.55569,0.07239,-0.00706,0.27138,-0.02106,0.00276,0.92035,-0.06927,0.20330,-0.02066,-0.35349,0.07263,-0.01251,0.21004,0.02265,-0.00862,0.91177,-0.08920,0.16138,-0.01095,0.67067,0.16011,-0.00585,-0.49360,-0.07500,-0.02926,0.92807,-0.13465,0.12414,0.03584,-0.33748,0.07667,-0.00186,-0.37461,-0.00417,-0.00273,0.93206,-0.09218,0.21642,-0.01117,0.08769,0.06297,-0.00409,-0.07198,-0.00020,-0.00456,1.04662,-0.08144,0.21930,0.01197
8.1500,815,4,8.1493,48.75,0.57099,0.13267,0.01639,0.26004,-0.08897,-0.00017,0.91736,-0.00763,0.19779,0.10322,-0.34027,0.11346,0.01766,0.20843,0.00070,0.01032,0.90091,-0.07840,0.16190,-0.08327,0.67062,0.15935,0.00614,-0.49392,-0.08270,-0.01804,0.92713,-0.12406,0.12572,0.06840,-0.32869,0.08037,0.01714,-0.36949,0.00848,0.01292,0.92138,-0.08262,0.21497,-0.01465,0.09603,0.07853,0.00990,-0.07162,0.00283,-0.00617,1.03797,-0.08536,0.22506,0.04314,0.55925,0.06993,-0.00325,0.27031,-0.02176,0.00017,0.91661,-0.08022,0.20233,-0.01812,-0.34999,0.06735,-0.00925,0.21129,0.02737,-0.01040,0.90720,-0.09381,0.16086,-0.00999,0.67859,0.15676,-0.00771,-0.49698,-0.05982,-0.03228,0.92109,-0.14383,0.12577,0.02940,-0.33367,0.07568,-0.00217,-0.37478,-0.00265,-0.00344,0.92732,-0.09710,0.21589,-0.01005,0.09079,0.06119,-0.00323,-0.07192,0.00235,-0.00578,1.04235,-0.08926,0.21983,0.00963
8.2000,820,4,8.2007,51.42,0.57099,0.13267,0.01639,0.26004,-0.08897,-0.00017,0.91736,-0.00763,0.19779,0.10322,-0.34027,0.11346,0.01766,0.20843,0.00070,0.01032,0.90091,-0.07840,0.16190,-0.08327,0.67853,0.10518,0.05332,-0.49731,-0.03721,-0.03469,0.92139,-0.05823,0.13392,0.02825,-0.32869,0.08037,0.01714,-0.36949,0.00848,0.01292,0.92138,-0.08262,0.21497,-0.01465,0.09603,0.07853,0.00990,-0.07162,0.00283,-0.00617,1.03797,-0.08536,0.22506,0.04314,0.56271,0.06898,-0.00085,0.26922,-0.02132,-0.00188,0.91236,-0.08972,0.20148,-0.01591,-0.34673,0.06338,-0.00708,0.21279,0.03268,-0.01111,0.90240,-0.09783,0.16038,-0.00914,0.68633,0.15262,-0.00906,-0.49957,-0.04363,-0.03350,0.91372,-0.15060,0.12709,0.02379,-0.32991,0.07456,-0.00237,-0.37487,-0.00084,-0.00392,0.92234,-0.10208,0.21541,-0.00907,0.09381,0.05975,-0.00268,-0.07173,0.00540,-0.00656,1.03772,-0.09604,0.22026,0.00760
8.2500,825,4,8.2500,49.25,0.58085,0.08134,0.05224,0.25410,-0.06896,-0.03910,0.91894,0.03262,0.20879,0.08100,-0.33003,0.08127,0.04024,0.20459,-0.02070,-0.00524,0.89386,-0.02002,0.15156,-0.08486,0.67853,0.10518,0.05332,-0.49731,-0.03721,-0.03469,0.92139,-0.05823,0.13392,0.02825,-0.32268,0.05658,0.03753,-0.37592,-0.04180,0.01363,0.91320,-0.04025,0.21199,0.00136,0.09797,0.04196,0.02551,-0.06924,0.02056,-0.01111,1.03457,-0.03211,0.23384,-0.02782,0.56616,0.06894,0.00058,0.26819,-0.01998,-0.00353,0.90766,-0.09794,0.20073,-0.01399,-0.34364,0.06029,-0.00563,0.21456,0.03816,-0.01113,0.89742,-0.10136,0.15994,-0.00838,0.69385,0.14794,-0.00999,-0.50134,-0.02715,-0.03353,0.90607,-0.15537,0.12816,0.01890,-0.32621,0.07337,-0.00250,-0.37486,0.00117,-0.00425,0.91712,-0.10694,0.21498,-0.00822,0.09677,0.05853,-0.00232,-0.07138,0.00873,-0.00700,1.03276,-0.10190,0.22060,0.00582
8.3000,830,4,8.2995,49.54,0.58085,0.08134,0.05224,0.25410,-0.06896,-0.03910,0.91894,0.03262,0.20879,0.08100,-0.33003,0.08127,0.04024,0.20459,-0.02070,-0.00524,0.89386,-0.02002,0.15156,-0.08486,0.68713,0.04725,0.05038,-0.50191,-0.01746,-0.02036,0.92543,0.04382,0.13744,0.06261,-0.32268,0.05658,0.03753,-0.37592,-0.04180,0.01363,0.91320,-0.04025,0.21199,0.00136,0.09797,0.04196,0.02551,-0.06924,0.02056,-0.01111,1.03457,-0.03211,0.23384,-0.02782,0.56962,0.06943,0.00133,0.26724,-0.01791,-0.00485,0.90258,-0.10505,0.20008,-0.01231,-0.34069,0.05778,-0.00464,0.21660,0.04353,-0.01071,0.89227,-0.10445,0.15954,-0.00771,0.70112,0.14287,-0.01061,-0.50229,-0.01086,-0.03279,0.89822,-0.15847,0.12899,0.01464,-0.32257,0.07212,-0.00259,-0.37475,0.00332,-0.00448,0.91165,-0.11160,0.21459,-0.00747,0.09966,0.05745,-0.00211,-0.07086,0.01223,-0.00723,1.02754,-0.10696,0.22085,0.00428
8.3500,835,4,8.3501,50.55,0.58550,0.01951,0.04319,0.25077,-0.03184,-0.03130,0.92353,0.06404,0.21396,0.07553,-0.32362,0.03896,0.04671,0.20154,-0.02429,-0.01007,0.89427,0.03838,0.14466,-0.07981,0.68713,0.04725,0.05038,-0.50191,-0.01746,-0.02036,0.92543,0.04382,0.13744,0.06261,-0.31875,0.02197,0.03103,-0.38099,-0.05540,-0.01147,0.91199,0.01128,0.21368,0.01443,0.10244,0.03038,0.01890,-0.07268,-0.00807,-0.00021,1.03274,0.02094,0.22961,-0.05891,0.57311,0.07017,0.00161,0.26641,-0.01527,-0.00590,0.89717,-0.11116,0.19950,-0.01086,-0.33786,0.05569,-0.00396,0.21890,0.04863,-0.01004,0.88698,-0.10717,0.15917,-0.00711,0.70813,0.13758,-0.01096,-0.50243,0.00494,-0.03156,0.89024,-0.16022,0.12963,0.01093,-0.31900,0.07083,-0.00266,-0.37453,0.00555,-0.00463,0.90596,-0.11597,0.21423,-0.00681,0.10251,0.05644,-0.00199,-0.07016,0.01579,-0.00729,1.02208,-0.11134,0.22103,0.00293
8.4000,840,4,8.4002,50.10,0.58550,0.01951,0.04319,0.25077,-0.03184,-0.03130,0.92353,0.06404,0.21396,0.07553,-0.32362,0.03896,0.04671,0.20154,-0.02429,-0.01007,0.89427,0.03838,0.14466,-0.07981,0.68825,-0.00448,0.03655,-0.50453,-0.01657,-0.00302,0.93118,0.05547,0.14866,0.06329,-0.31875,0.02197,0.03103,-0.38099,-0.05540,-0.01147,0.91199,0.01128,0.21368,0.01443,0.10244,0.03038,0.01890,-0.07268,-0.00807,-0.00021,1.03274,0.02094,0.22961,-0.05891,0.57663,0.07096,0.00156,0.26572,-0.01216,-0.00674,0.89148,-0.11641,0.19899,-0.00960,-0.33512,0.05388,-0.00345,0.22146,0.05336,-0.00922,0.88156,-0.10956,0.15883,-0.00658,0.71487,0.13216,-0.01108,-0.50180,0.02005,-0.03004,0.88221,-0.16087,0.13009,0.00771,-0.31549,0.06951,-0.00271,-0.37419,0.00785,-0.00472,0.90006,-0.11999,0.21390,-0.00623,0.10531,0.05548,-0.00194,-0.06928,0.01936,-0.00724,1.01642,-0.11511,0.22115,0.00176
8.4500,845,4,8.4498,49.60,0.58576,-0.01633,0.02009,0.24782,-0.01133,-0.02096,0.92928,0.08070,0.22077,0.01025,-0.32193,-0.00419,0.03323,0.19973,-0.01286,-0.02165,0.90065,0.07410,0.13586,-0.05692,0.68825,-0.00448,0.03655,-0.50453,-0.01657,-0.00302,0.93118,0.05547,0.14866,0.06329,-0.32103,-0.02103,0.01136,-0.38383,-0.02910,-0.02214,0.91445,0.05357,0.21526,0.02291,0.10431,0.00959,0.01416,-0.07329,-0.00566,-0.00586,1.03741,0.06738,0.22103,-0.04202,0.58020,0.07167,0.00129,0.26520,-0.00869,-0.00739,0.88554,-0.12086,0.19854,-0.00850,-0.33247,0.05229,-0.00303,0.22423,0.05767,-0.00835,0.87603,-0.11170,0.15851,-0.00611,0.72135,0.12673,-0.01102,-0.50044,0.03438,-0.02837,0.87417,-0.16071,0.13041,0.00490,-0.31205,0.06817,-0.00277,-0.37374,0.01018,-0.00477,0.89397,-0.12365,0.21361,-0.00572,0.10806,0.05454,-0.00193,-0.06822,0.02288,-0.00710,1.01058,-0.11837,0.22121,0.00074
8.5000,850,4,8.4995,49.74,0.58576,-0.01633,0.02009,0.24782,-0.01133,-0.02096,0.92928,0.08070,0.22077,0.01025,-0.32193,-0.00419,0.03323,0.19973,-0.01286,-0.02165,0.90065,0.07410,0.13586,-0.05692,0.68818,-0.01700,0.00774,-0.50888,-0.02700,-0.00172,0.94009,0.04118,0.15253,0.04923,-0.32103,-0.02103,0.01136,-0.38383,-0.02910,-0.02214,0.91445,0.05357,0.21526,0.02291,0.10431,0.00959,0.01416,-0.07329,-0.00566,-0.00586,1.03741,0.06738,0.22103,-0.04202,0.58380,0.07220,0.00088,0.26486,-0.00494,-0.00788,0.87940,-0.12459,0.19814,-0.00755,-0.32989,0.05089,-0.00269,0.22722,0.06154,-0.00747,0.87039,-0.11368,0.15822,-0.00570,0.72755,0.12137,-0.01083,-0.49838,0.04787,-0.02663,0.86615,-0.15999,0.13059,0.00247,-0.30868,0.06680,-0.00282,-0.37317,0.01253,-0.00480,0.88770,-0.12692,0.21333,-0.00528,0.11076,0.05359,-0.00194,-0.06699,0.02632,-0.00692,1.00459,-0.12118,0.22122,-0.00015
8.5500,855,4,8.5497,50.12,0.58391,-0.02429,-0.00610,0.24873,0.00275,0.00035,0.93713,0.08390,0.22119,0.01396,-0.32278,-0.03238,0.02161,0.19858,0.00591,-0.02278,0.90606,0.05620,0.13673,0.07530,0.68818,-0.01700,0.00774,-0.50888,-0.02700,-0.00172,0.94009,0.04118,0.15253,0.04923,-0.32343,-0.02526,-0.01214,-0.38638,-0.01375,-0.01646,0.92013,0.06649,0.21619,-0.00153,0.10456,-0.00168,0.00481,-0.07369,-0.00224,-0.00623,1.04491,0.07874,0.21639,0.00170,0.58742,0.07252,0.00040,0.26471,-0.00098,-0.00823,0.87310,-0.12767,0.19778,-0.00672,-0.32737,0.04964,-0.00243,0.23038,0.06500,-0.00662,0.86466,-0.11554,0.15794,-0.00532,0.73348,0.11612,-0.01059,-0.49567,0.06051,-0.02490,0.85818,-0.15888,0.13066,0.00036,-0.30537,0.06540,-0.00287,-0.37249,0.01488,-0.00480,0.88128,-0.12981,0.21308,-0.00489,0.11342,0.05263,-0.00198,-0.06559,0.02966,-0.00669,0.99847,-0.12360,0.22119,-0.00092
8.6000,860,4,8.5994,49.77,0.58391,-0.02429,-0.00610,0.24873,0.00275,0.00035,0.93713,0.08390,0.22119,0.01396,-0.32278,-0.03238,0.02161,0.19858,0.00591,-0.02278,0.90606,0.05620,0.13673,0.07530,0.68774,-0.00916,-0.01377,-0.51440,-0.03907,-0.00169,0.94574,0.01002,0.15451,0.03248,-0.32343,-0.02526,-0.01214,-0.38638,-0.01375,-0.01646,0.92013,0.06649,0.21619,-0.00153,0.10456,-0.00168,0.00481,-0.07369,-0.00224,-0.00623,1.04491,0.07874,0.21639,0.00170,0.59105,0.07259,-0.00009,0.26476,0.00312,-0.00847,0.86665,-0.13020,0.19746,-0.00600,-0.32492,0.04850,-0.00224,0.23371,0.06805,-0.00583,0.85884,-0.11726,0.15768,-0.00499,0.73916,0.11098,-0.01034,-0.49234,0.07231,-0.02321,0.85027,-0.15747,0.13063,-0.00148,-0.30214,0.06398,-0.00293,-0.37169,0.01723,-0.00477,0.87473,-0.13232,0.21284,-0.00454,0.11603,0.05164,-0.00203,-0.06403,0.03287,-0.00643,0.99223,-0.12568,0.22113,-0.00159
8.6500,865,4,8.6494,49.96,0.58233,-0.01183,-0.01127,0.25018,0.00854,0.00345,0.94408,0.05665,0.22462,0.07610,-0.32567,-0.04156,0.00440,0.19807,0.01667,-0.02687,0.90715,0.00292,0.14052,-0.00050,0.68774,-0.00916,-0.01377,-0.51440,-0.03907,-0.00169,0.94574,0.01002,0.15451,0.03248,-0.32485,-0.00834,-0.02664,-0.38870,0.00263,-0.01505,0.92589,0.05088,0.21747,-0.00531,0.10302,-0.00872,-0.00416,-0.07402,0.00212,-0.00529,1.05220,0.05461,0.21588,0.02149,0.59467,0.07243,-0.00059,0.26502,0.00731,-0.00859,0.86008,-0.13224,0.19718,-0.00538,-0.32252,0.04744,-0.00210,0.23718,0.07072,-0.00509,0.85294,-0.11883,0.15744,-0.00469,0.74458,0.10597,-0.01008,-0.48845,0.08329,-0.02158,0.84243,-0.15582,0.13052,-0.00306,-0.29897,0.06253,-0.00299,-0.37077,0.01956,-0.00473,0.86806,-0.13447,0.21262,-0.00424,0.11858,0.05064,-0.00208,-0.06231,0.03596,-0.00615,0.98590,-0.12747,0.22104,-0.00218
8.7000,870,4,8.6992,49.85,0.58233,-0.01183,-0.01127,0.25018,0.00854,0.00345,0.94408,0.05665,0.22462,0.07610,-0.32567,-0.04156,0.00440,0.19807,0.01667,-0.02687,0.90715,0.00292,0.14052,-0.00050,0.68315,-0.00975,-0.03102,-0.51944,-0.02619,-0.01476,0.93835,-0.09682,0.15617,-0.00548,-0.32485,-0.00834,-0.02664,-0.38870,0.00263,-0.01505,0.92589,0.05088,0.21747,-0.00531,0.10302,-0.00872,-0.00416,-0.07402,0.00212,-0.00529,1.05220,0.05461,0.21588,0.02149,0.59828,0.07202,-0.00108,0.26549,0.01154,-0.00863,0.85343,-0.13387,0.19692,-0.00484,-0.32018,0.04643,-0.00200,0.24077,0.07305,-0.00442,0.84696,-0.12025,0.15721,-0.00443,0.74976,0.10109,-0.00983,-0.48403,0.09349,-0.02003,0.83469,-0.15398,0.13033,-0.00444,-0.29588,0.06104,-0.00306,-0.36973,0.02187,-0.00467,0.86129,-0.13627,0.21242,-0.00398,0.12109,0.04960,-0.00215,-0.06043,0.03890,-0.00586,0.97949,-0.12898,0.22091,-0.00268
8.7500,875,4,8.7494,50.17,0.58263,0.00278,-0.01151,0.24923,-0.00714,0.00533,0.94687,-0.00091,0.23061,0.02183,-0.32877,-0.03835,-0.01458,0.20124,0.04274,-0.02507,0.90499,-0.03580,0.13961,0.00798,0.68315,-0.00975,-0.03102,-0.51944,-0.02619,-0.01476,0.93835,-0.09682,0.15617,-0.00548,-0.32481,0.01273,-0.02647,-0.38830,0.01899,-0.01396,0.92892,0.01690,0.21534,-0.04843,0.10226,-0.00350,-0.01156,-0.07373,0.00903,-0.00351,1.05470,0.00025,0.21808,0.01348,0.60187,0.07137,-0.00154,0.26617,0.01576,-0.00860,0.84670,-0.13514,0.19669,-0.00437,-0.31788,0.04547,-0.00193,0.24448,0.07507,-0.00381,0.84092,-0.12152,0.15700,-0.00419,0.75470,0.09633,-0.00958,-0.47911,0.10295,-0.01855,0.82704,-0.15201,0.13008,-0.00562,-0.29287,0.05952,-0.00314,-0.36858,0.02414,-0.00460,0.85444,-0.13775,0.21222,-0.00374,0.12354,0.04853,-0.00221,-0.05842,0.04170,-0.00556,0.97301,-0.13026,0.22077,-0.00312
8.8000,880,4,8.7994,50.00,0.58263,0.00278,-0.01151,0.24923,-0.00714,0.00533,0.94687,-0.00091,0.23061,0.02183,-0.32877,-0.03835,-0.01458,0.20124,0.04274,-0.02507,0.90499,-0.03580,0.13961,0.00798,0.68355,0.02509,-0.05154,-0.51804,0.00756,-0.02223,0.92069,-0.16058,0.16054,0.00128,-0.32481,0.01273,-0.02647,-0.38830,0.01899,-0.01396,0.92892,0.01690,0.21534,-0.04843,0.10226,-0.00350,-0.01156,-0.07373,0.00903,-0.00351,1.05470,0.00025,0.21808,0.01348,0.60542,0.07050,-0.00198,0.26707,0.01996,-0.00849,0.83992,-0.13609,0.19649,-0.00397,-0.31563,0.04454,-0.00188,0.24828,0.07680,-0.00326,0.83481,-0.12264,0.15679,-0.00398,0.75940,0.09169,-0.00934,-0.47374,0.11170,-0.01715,0.81949,-0.14995,0.12977,-0.00665,-0.28993,0.05796,-0.00322,-0.36732,0.02638,-0.00452,0.84752,-0.13893,0.21204,-0.00354,0.12594,0.04743,-0.00228,-0.05627,0.04436,-0.00525,0.96647,-0.13132,0.22060,-0.00349
8.8500,885,4,8.8495,50.10,0.58367,0.01807,-0.01818,0.24934,-0.00226,-0.00233,0.94357,-0.06425,0.23008,0.00550,-0.33171,-0.02403,-0.02184,0.20644,0.06628,-0.01924,0.89995,-0.06731,0.14082,0.00799,0.68355,0.02509,-0.05154,-0.51804,0.00756,-0.02223,0.92069,-0.16058,0.16054,0.00128,-0.32168,0.03224,-0.02044,-0.38321,0.05212,-0.01571,0.92377,-0.05507,0.20972,-0.03498,0.10277,0.01003,-0.01634,-0.07355,0.00891,-0.00395,1.05078,-0.06970,0.21774,0.03428,0.60892,0.06943,-0.00240,0.26817,0.02409,-0.00833,0.83310,-0.13676,0.19630,-0.00362,-0.31343,0.04362,-0.00186,0.25215,0.07828,-0.00276,0.82866,-0.12362,0.15660,-0.00378,0.76387,0.08716,-0.00912,-0.46795,0.11978,-0.01582,0.81204,-0.14782,0.12941,-0.00753,-0.28707,0.05636,-0.00330,-0.36594,0.02857,-0.00442,0.84055,-0.13983,0.21187,-0.00336,0.12829,0.04630,-0.00234,-0.05398,0.04686,-0.00494,0.95988,-0.13219,0.22042,-0.00382
8.9000,890,4,8.8995,50.01,0.58367,0.01807,-0.01818,0.24934,-0.00226,-0.00233,0.94357,-0.06425,0.23008,0.00550,-0.33171,-0.02403,-0.02184,0.20644,0.06628,-0.01924,0.89995,-0.06731,0.14082,0.00799,0.68982,0.08661,-0.05332,-0.52310,-0.01146,-0.01597,0.91231,-0.11522,0.15982,0.00710,-0.32168,0.03224,-0.02044,-0.38321,0.05212,-0.01571,0.92377,-0.05507,0.20972,-0.03498,0.10277,0.01003,-0.01634,-0.07355,0.00891,-0.00395,1.05078,-0.06970,0.21774,0.03428,0.61236,0.06816,-0.00278,0.26947,0.02812,-0.00812,0.82625,-0.13719,0.19612,-0.00332,-0.31127,0.04271,-0.00185,0.25610,0.07952,-0.00232,0.82245,-0.12446,0.15641,-0.00361,0.76811,0.08274,-0.00891,-0.46178,0.12723,-0.01457,0.80471,-0.14566,0.12902,-0.00828,-0.28430,0.05472,-0.00339,-0.36446,0.03071,-0.00430,0.83354,-0.14048,0.21171,-0.00320,0.13057,0.04513,-0.00241,-0.05158,0.04920,-0.00463,0.95325,-0.13288,0.22022,-0.00410
8.9500,895,4,8.9493,49.84,0.58628,0.03288,-0.01415,0.24765,-0.00148,-0.01185,0.93442,-0.11909,0.23332,0.03174,-0.33300,-0.00380,-0.02276,0.21252,0.08221,-0.00726,0.89254,-0.07951,0.14216,0.04489,0.68982,0.08661,-0.05332,-0.52310,-0.01146,-0.01597,0.91231,-0.11522,0.15982,0.00710,-0.31786,0.04671,-0.01476,-0.38007,0.05352,-0.00228,0.91417,-0.10892,0.20398,-0.04788,0.10463,0.02445,-0.01725,-0.07146,0.02070,-0.00669,1.03951,-0.13301,0.22151,0.03831,0.61573,0.06670,-0.00314,0.27098,0.03205,-0.00787,0.81938,-0.13741,0.19596,-0.00306,-0.30915,0.04180,-0.00186,0.26010,0.08056,-0.00193,0.81621,-0.12517,0.15624,-0.00345,0.77214,0.07842,-0.00871,-0.45524,0.13409,-0.01339,0.79748,-0.14348,0.12859,-0.00893,-0.28160,0.05304,-0.00347,-0.36287,0.03279,-0.00418,0.82650,-0.14090,0.21155,-0.00306,0.13280,0.04393,-0.00248,-0.04907,0.05140,-0.00432,0.94659,-0.13341,0.22001,-0.00434
9.0000,900,4,8.9995,50.20,0.58628,0.03288,-0.01415,0.24765,-0.00148,-0.01185,0.93442,-0.11909,0.23332,0.03174,-0.33300,-0.00380,-0.02276,0.21252,0.08221,-0.00726,0.89254,-0.07951,0.14216,0.04489,0.70133,0.13109,-0.04181,-0.52413,0.00865,-0.02709,0.90061,-0.16026,0.15688,-0.04228,-0.31786,0.04671,-0.01476,-0.38007,0.05352,-0.00228,0.91417,-0.10892,0.20398,-0.04788,0.10463,0.02445,-0.01725,-0.07146,0.02070,-0.00669,1.03951,-0.13301,0.22151,0.03831,0.61902,0.06508,-0.00347,0.27268,0.03584,-0.00759,0.81251,-0.13743,0.19582,-0.00284,-0.30709,0.04089,-0.00188,0.26415,0.08142,-0.00157,0.80994,-0.12575,0.15607,-0.00331,0.77596,0.07420,-0.00852,-0.44838,0.14038,-0.01228,0.79036,-0.14132,0.12813,-0.00948,-0.27899,0.05131,-0.00356,-0.36118,0.03481,-0.00404,0.81945,-0.14111,0.21140,-0.00293,0.13496,0.04270,-0.00255,-0.04644,0.05345,-0.00402,0.93991,-0.13379,0.21979,-0.00454
9.0500,905,4,9.0498,50.25,0.58935,0.03462,-0.00048,0.25189,0.02530,-0.01754,0.92116,-0.14904,0.23885,0.05251,-0.33189,0.02133,-0.02151,0.21853,0.07900,0.00065,0.88261,-0.09747,0.14572,0.03562,0.70133,0.13109,-0.04181,-0.52413,0.00865,-0.02709,0.90061,-0.16026,0.15688,-0.04228,-0.31339,0.05104,-0.00284,-0.37475,0.06236,0.00494,0.90201,-0.13987,0.19958,0.00284,0.10763,0.03888,-0.01786,-0.06900,0.02935,-0.00268,1.02389,-0.17207,0.22535,0.01378,0.62224,0.06330,-0.00377,0.27456,0.03948,-0.00727,0.80564,-0.13730,0.19568,-0.00265,-0.30507,0.03996,-0.00190,0.26824,0.08211,-0.00126,0.80364,-0.12621,0.15591,-0.00318,0.77956,0.07006,-0.00835,-0.44121,0.14614,-0.01122,0.78335,-0.13918,0.12764,-0.00995,-0.27647,0.04954,-0.00365,-0.35939,0.03675,-0.00389,0.81239,-0.14113,0.21126,-0.00282,0.13707,0.04143,-0.00262,-0.04372,0.05534,-0.00371,0.93322,-0.13403,0.21956,-0.00472
9.1000,910,4,9.0998,50.03,0.58935,0.03462,-0.00048,0.25189,0.02530,-0.01754,0.92116,-0.14904,0.23885,0.05251,-0.33189,0.02133,-0.02151,0.21853,0.07900,0.00065,0.88261,-0.09747,0.14572,0.03562,0.71141,0.13548,-0.02458,-0.51423,0.08250,-0.04101,0.86971,-0.25108,0.15377,-0.06398,-0.31339,0.05104,-0.00284,-0.37475,0.06236,0.00494,0.90201,-0.13987,0.19958,0.00284,0.10763,0.03888,-0.01786,-0.06900,0.02935,-0.00268,1.02389,-0.17207,0.22535,0.01378,0.62535,0.06138,-0.00405,0.27662,0.04297,-0.00693,0.79878,-0.13702,0.19555,-0.00248,-0.30309,0.03902,-0.00194,0.27236,0.08266,-0.00098,0.79732,-0.12654,0.15575,-0.00307,0.78296,0.06600,-0.00819,-0.43377,0.15140,-0.01023,0.77644,-0.13708,0.12713,-0.01035,-0.27404,0.04773,-0.00375,-0.35751,0.03862,-0.00374,0.80534,-0.14098,0.21112,-0.00273,0.13911,0.04013,-0.00269,-0.04091,0.05709,-0.00341,0.92651,-0.13415,0.21932,-0.00487
9.1500,915,4,9.1498,49.99,0.59182,0.03024,-0.00673,0.25191,0.02230,-0.00678,0.90272,-0.18650,0.24080,-0.03170,-0.32873,0.03825,-0.01280,0.22642,0.08237,-0.00206,0.87325,-0.09687,0.14939,0.04420,0.71141,0.13548,-0.02458,-0.51423,0.08250,-0.04101,0.86971,-0.25108,0.15377,-0.06398,-0.30730,0.06351,-0.00824,-0.37465,0.02967,0.01434,0.88716,-0.14914,0.19950,0.01283,0.11255,0.05332,-0.01035,-0.06627,0.03402,-0.00520,1.00577,-0.18272,0.22456,0.01372,0.62837,0.05933,-0.00431,0.27885,0.04628,-0.00656,0.79194,-0.13661,0.19543,-0.00234,-0.30116,0.03806,-0.00198,0.27651,0.08308,-0.00073,0.79099,-0.12677,0.15560,-0.00296,0.78617,0.06202,-0.00805,-0.42608,0.15618,-0.00929,0.76964,-0.13503,0.12661,-0.01069,-0.27170,0.04587,-0.00383,-0.35553,0.04042,-0.00357,0.79830,-0.14068,0.21098,-0.00264,0.14108,0.03879,-0.00276,-0.03802,0.05869,-0.00312,0.91980,-0.13415,0.21907,-0.00499
9.2000,920,4,9.2006,50.78,0.59182,0.03024,-0.00673,0.25191,0.02230,-0.00678,0.90272,-0.18650,0.24080,-0.03170,-0.32873,0.03825,-0.01280,0.22642,0.08237,-0.00206,0.87325,-0.09687,0.14939,0.04420,0.72562,0.14946,-0.01261,-0.50469,0.11542,-0.02955,0.84825,-0.20525,0.15318,0.02216,-0.30730,0.06351,-0.00824,-0.37465,0.02967,0.01434,0.88716,-0.14914,0.19950,0.01283,0.11255,0.05332,-0.01035,-0.06627,0.03402,-0.00520,1.00577,-0.18272,0.22456,0.01372,0.63128,0.05716,-0.00455,0.28125,0.04940,-0.00618,0.78512,-0.13609,0.19532,-0.00222,-0.29929,0.03707,-0.00203,0.28067,0.08338,-0.00050,0.78464,-0.12690,0.15545,-0.00286,0.78917,0.05811,-0.00792,-0.41816,0.16052,-0.00839,0.76294,-0.13303,0.12606,-0.01097,-0.26945,0.04397,-0.00392,-0.35347,0.04212,-0.00339,0.79128,-0.14025,0.21085,-0.00256,0.14299,0.03743,-0.00283,-0.03505,0.06015,-0.00282,0.91310,-0.13405,0.21882,-0.00510
9.2500,925,4,9.2500,49.41,0.59469,0.03634,-0.01151,0.25637,0.04203,-0.00916,0.88224,-0.19758,0.23885,-0.05699,-0.32448,0.04534,-0.00350,0.23373,0.08368,0.00183,0.86324,-0.10000,0.15493,0.06704,0.72562,0.14946,-0.01261,-0.50469,0.11542,-0.02955,0.84825,-0.20525,0.15318,0.02216,-0.30273,0.05931,0.00274,-0.37245,0.01320,0.00728,0.87158,-0.16613,0.20017,0.06104,0.11542,0.04815,-0.00593,-0.06206,0.05079,-0.00601,0.98939,-0.16401,0.23072,-0.02063,0.63408,0.05487,-0.00477,0.28379,0.05234,-0.00579,0.77833,-0.13548,0.19521,-0.00212,-0.29746,0.03606,-0.00208,0.28484,0.08357,-0.00030,0.77830,-0.12692,0.15531,-0.00277,0.79198,0.05425,-0.00780,-0.41004,0.16442,-0.00754,0.75633,-0.13110,0.12551,-0.01120,-0.26730,0.04202,-0.00401,-0.35132,0.04374,-0.00320,0.78428,-0.13969,0.21073,-0.00249,0.14482,0.03602,-0.00289,-0.03200,0.06146,-0.00254,0.90640,-0.13384,0.21856,-0.00519
9.3000,930,4,9.3004,50.38,0.59469,0.03634,-0.01151,0.25637,0.04203,-0.00916,0.88224,-0.19758,0.23885,-0.05699,-0.32448,0.04534,-0.00350,0.23373,0.08368,0.00183,0.86324,-0.10000,0.15493,0.06704,0.74050,0.14905,0.00899,-0.49857,0.10719,-0.02033,0.83931,-0.15618,0.15401,0.05875,-0.30273,0.05931,0.00274,-0.37245,0.01320,0.00728,0.87158,-0.16613,0.20017,0.06104,0.11542,0.04815,-0.00593,-0.06206,0.05079,-0.00601,0.98939,-0.16401,0.23072,-0.02063,0.63677,0.05248,-0.00497,0.28648,0.05508,-0.00538,0.77158,-0.13478,0.19510,-0.00203,-0.29568,0.03503,-0.00214,0.28902,0.08367,-0.00012,0.77195,-0.12685,0.15518,-0.00269,0.79459,0.05045,-0.00770,-0.40173,0.16792,-0.00673,0.74982,-0.12923,0.12495,-0.01139,-0.26525,0.04003,-0.00410,-0.34910,0.04526,-0.00301,0.77731,-0.13902,0.21060,-0.00243,0.14659,0.03459,-0.00296,-0.02890,0.06264,-0.00225,0.89972,-0.13354,0.21830,-0.00526
9.3500,935,4,9.3499,49.52,0.59751,0.03875,-0.01370,0.26219,0.06228,-0.00825,0.86214,-0.19311,0.23201,-0.09488,-0.31974,0.04640,-0.00086,0.24103,0.08181,0.00299,0.85217,-0.10671,0.16127,0.03922,0.74050,0.14905,0.00899,-0.49857,0.10719,-0.02033,0.83931,-0.15618,0.15401,0.05875,-0.29780,0.05886,-0.00823,-0.37321,0.00367,0.00096,0.85549,-0.15662,0.20641,0.09018,0.12127,0.06009,-0.00808,-0.05930,0.04361,0.00242,0.97321,-0.15277,0.22748,0.03314,0.63933,0.05000,-0.00515,0.28930,0.05762,-0.00497,0.76486,-0.13401,0.19500,-0.00196,-0.29396,0.03396,-0.00220,0.29321,0.08369,0.00005,0.76562,-0.12669,0.15504,-0.00261,0.79702,0.04670,-0.00761,-0.39325,0.17102,-0.00595,0.74341,-0.12743,0.12437,-0.01154,-0.26330,0.03800,-0.00418,-0.34680,0.04669,-0.00281,0.77038,-0.13826,0.21048,-0.00238,0.14828,0.03312,-0.00303,-0.02574,0.06368,-0.00198,0.89305,-0.13315,0.21804,-0.00532
9.4000,940,4,9.3999,49.96,0.59751,0.03875,-0.01370,0.26219,0.06228,-0.00825,0.86214,-0.19311,0.23201,-0.09488,-0.31974,0.04640,-0.00086,0.24103,0.08181,0.00299,0.85217,-0.10671,0.16127,0.03922,0.75166,0.12234,0.01704,-0.48789,0.12062,-0.02112,0.82327,-0.19473,0.15807,0.06106,-0.29780,0.05886,-0.00823,-0.37321,0.00367,0.00096,0.85549,-0.15662,0.20641,0.09018,0.12127,0.06009,-0.00808,-0.05930,0.04361,0.00242,0.97321,-0.15277,0.22748,0.03314,0.64177,0.04744,-0.00531,0.29224,0.05996,-0.00455,0.75818,-0.13318,0.19491,-0.00190,-0.29228,0.03287,-0.00227,0.29739,0.08362,0.00020,0.75929,-0.12644,0.15492,-0.00254,0.79926,0.04299,-0.00753,-0.38463,0.17376,-0.00521,0.73708,-0.12571,0.12379,-0.01167,-0.26145,0.03594,-0.00426,-0.34443,0.04802,-0.00260,0.76348,-0.13742,0.21037,-0.00233,0.14990,0.03161,-0.00310,-0.02254,0.06458,-0.00170,0.88640,-0.13269,0.21777,-0.00536
9.4500,945,4,9.4500,50.17,0.60245,0.05989,-0.02225,0.26490,0.04859,-0.00511,0.84080,-0.20750,0.21954,-0.15447,-0.31443,0.05038,0.00037,0.24730,0.07126,0.00434,0.83886,-0.13041,0.16575,0.05493,0.75166,0.12234,0.01704,-0.48789,0.12062,-0.02112,0.82327,-0.19473,0.15807,0.06106,-0.29264,0.05619,-0.00771,-0.36999,0.02686,-0.01198,0.84047,-0.14307,0.21307,0.06309,0.12697,0.06150,0.00225,-0.05473,0.05256,-0.00623,0.95850,-0.14215,0.23417,0.04184,0.64407,0.04479,-0.00547,0.29529,0.06208,-0.00412,0.75154,-0.13229,0.19481,-0.00185,-0.29067,0.03174,-0.00234,0.30157,0.08349,0.00034,0.75297,-0.12612,0.15479,-0.00248,0.80132,0.03931,-0.00747,-0.37588,0.17614,-0.00449,0.73084,-0.12405,0.12321,-0.01176,-0.25971,0.03383,-0.00433,-0.34200,0.04924,-0.00238,0.75663,-0.13650,0.21025,-0.00229,0.15144,0.03007,-0.00317,-0.01929,0.06535,-0.00144,0.87978,-0.13214,0.21750,-0.00540
9.5000,950,4,9.4996,49.54,0.60245,0.05989,-0.02225,0.26490,0.04859,-0.00511,0.84080,-0.20750,0.21954,-0.15447,-0.31443,0.05038,0.00037,0.24730,0.07126,0.00434,0.83886,-0.13041,0.16575,0.05493,0.75936,0.09047,0.01263,-0.47431,0.13282,-0.01941,0.80570,-0.19200,0.16335,0.07027,-0.29264,0.05619,-0.00771,-0.36999,0.02686,-0.01198,0.84047,-0.14307,0.21307,0.06309,0.12697,0.06150,0.00225,-0.05473,0.05256,-0.00623,0.95850,-0.14215,0.23417,0.04184,0.64625,0.04208,-0.00560,0.29844,0.06400,-0.00370,0.74495,-0.13135,0.19472,-0.00181,-0.28911,0.03057,-0.00241,0.30574,0.08329,0.00047,0.74668,-0.12572,0.15467,-0.00242,0.80320,0.03566,-0.00742,-0.36702,0.17817,-0.00381,0.72467,-0.12248,0.12262,-0.01183,-0.25807,0.03169,-0.00440,-0.33951,0.05035,-0.00216,0.74983,-0.13552,0.21014,-0.00225,0.15290,0.02850,-0.00324,-0.01600,0.06599,-0.00117,0.87319,-0.13153,0.21723,-0.00543
9.5500,955,4,9.5496,50.07,0.60743,0.06856,-0.00744,0.27468,0.08322,0.00562,0.82279,-0.17538,0.20460,-0.10084,-0.30899,0.05173,0.00125,0.25299,0.05698,0.00622,0.82361,-0.14366,0.17023,0.04469,0.75936,0.09047,0.01263,-0.47431,0.13282,-0.01941,0.80570,-0.19200,0.16335,0.07027,-0.28689,0.06173,-0.00591,-0.36459,0.05001,-0.00869,0.82634,-0.12770,0.21677,-0.01360,0.13258,0.05810,0.00072,-0.05044,0.05503,-0.00275,0.94446,-0.13334,0.23534,0.02499,0.64828,0.03930,-0.00573,0.30169,0.06571,-0.00327,0.73841,-0.13037,0.19463,-0.00177,-0.28761,0.02937,-0.00249,0.30990,0.08303,0.00059,0.74040,-0.12525,0.15455,-0.00236,0.80489,0.03203,-0.00738,-0.35807,0.17987,-0.00314,0.71859,-0.12097,0.12202,-0.01188,-0.25654,0.02951,-0.00447,-0.33696,0.05136,-0.00194,0.74308,-0.13448,0.21002,-0.00221,0.15429,0.02690,-0.00331,-0.01269,0.06650,-0.00091,0.86663,-0.13085,0.21696,-0.00545
9.6000,960,4,9.5993,49.64,0.60743,0.06856,-0.00744,0.27468,0.08322,0.00562,0.82279,-0.17538,0.20460,-0.10084,-0.30899,0.05173,0.00125,0.25299,0.05698,0.00622,0.82361,-0.14366,0.17023,0.04469,0.76369,0.06116,0.00852,-0.45961,0.14945,-0.01654,0.79299,-0.13548,0.16657,0.02183,-0.28689,0.06173,-0.00591,-0.36459,0.05001,-0.00869,0.82634,-0.12770,0.21677,-0.01360,0.13258,0.05810,0.00072,-0.05044,0.05503,-0.00275,0.94446,-0.13334,0.23534,0.02499,0.65018,0.03646,-0.00584,0.30501,0.06720,-0.00284,0.73191,-0.12936,0.19455,-0.00174,-0.28617,0.02813,-0.00257,0.31404,0.08271,0.00071,0.73415,-0.12472,0.15443,-0.00230,0.80640,0.02841,-0.00736,-0.34904,0.18126,-0.00250,0.71258,-0.11954,0.12143,-0.01191,-0.25512,0.02730,-0.00453,-0.33437,0.05225,-0.00171,0.73639,-0.13339,0.20991,-0.00218,0.15559,0.02525,-0.00338,-0.00936,0.06689,-0.00066,0.86011,-0.13011,0.21669,-0.00546
9.6500,965,4,9.6496,50.34,0.61384,0.07098,0.00095,0.28069,0.05529,0.03086,0.80650,-0.14408,0.19197,-0.11698,-0.30406,0.05042,0.00162,0.25852,0.05675,-0.00831,0.80947,-0.14491,0.17387,0.02246,0.76369,0.06116,0.00852,-0.45961,0.14945,-0.01654,0.79299,-0.13548,0.16657,0.02183,-0.27957,0.06965,-0.00273,-0.36124,0.04458,-0.00602,0.81296,-0.12389,0.21317,0.02444,0.13796,0.05458,0.00625,-0.04595,0.05098,-0.00031,0.93080,-0.13235,0.23609,0.00122,0.65193,0.03357,-0.00594,0.30840,0.06849,-0.00241,0.72547,-0.12831,0.19446,-0.00172,-0.28480,0.02685,-0.00266,0.31817,0.08234,0.00082,0.72793,-0.12412,0.15432,-0.00225,0.80773,0.02480,-0.00736,-0.33995,0.18233,-0.00188,0.70663,-0.11818,0.12083,-0.01193,-0.25381,0.02507,-0.00459,-0.33174,0.05303,-0.00148,0.72975,-0.13225,0.20981,-0.00215,0.15681,0.02358,-0.00345,-0.00600,0.06715,-0.00041,0.85362,-0.12931,0.21641,-0.00547
9.7000,970,4,9.6993,49.64,0.61384,0.07098,0.00095,0.28069,0.05529,0.03086,0.80650,-0.14408,0.19197,-0.11698,-0.30406,0.05042,0.00162,0.25852,0.05675,-0.00831,0.80947,-0.14491,0.17387,0.02246,0.76485,0.03380,-0.00297,-0.43747,0.19416,-0.01476,0.77467,-0.13990,0.17163,-0.01918,-0.27957,0.06965,-0.00273,-0.36124,0.04458,-0.00602,0.81296,-0.12389,0.21317,0.02444,0.13796,0.05458,0.00625,-0.04595,0.05098,-0.00031,0.93080,-0.13235,0.23609,0.00122,0.65353,0.03064,-0.00603,0.31185,0.06957,-0.00198,0.71908,-0.12724,0.19437,-0.00171,-0.28349,0.02552,-0.00275,0.32227,0.08191,0.00093,0.72174,-0.12346,0.15421,-0.00221,0.80888,0.02119,-0.00737,-0.33081,0.18310,-0.00127,0.70076,-0.11690,0.12024,-0.01193,-0.25261,0.02280,-0.00464,-0.32907,0.05370,-0.00124,0.72316,-0.13108,0.20970,-0.00213,0.15795,0.02187,-0.00352,-0.00264,0.06729,-0.00017,0.84718,-0.12845,0.21614,-0.00547
9.7500,975,4,9.7496,50.29,0.62070,0.07648,-0.00758,0.28317,0.02775,0.01380,0.79289,-0.11690,0.17874,-0.14451,-0.29878,0.04871,0.00420,0.26389,0.05706,-0.00025,0.79497,-0.14012,0.17992,0.09899,0.76485,0.03380,-0.00297,-0.43747,0.19416,-0.01476,0.77467,-0.13990,0.17163,-0.01918,-0.27206,0.07450,0.00028,-0.35685,0.04641,0.00225,0.79897,-0.13757,0.21173,0.01475,0.14267,0.04657,0.00776,-0.04173,0.04734,-0.00404,0.91713,-0.13396,0.23790,0.00060,0.65499,0.02766,-0.00610,0.31536,0.07044,-0.00156,0.71275,-0.12614,0.19429,-0.00169,-0.28225,0.02415,-0.00285,0.32636,0.08143,0.00103,0.71559,-0.12274,0.15410,-0.00216,0.80985,0.01757,-0.00739,-0.32164,0.18357,-0.00067,0.69494,-0.11568,0.11964,-0.01192,-0.25153,0.02051,-0.00469,-0.32637,0.05425,-0.00101,0.71664,-0.12987,0.20959,-0.00210,0.15900,0.02013,-0.00358,0.00072,0.06731,0.00008,0.84078,-0.12755,0.21586,-0.00547
9.8000,980,4,9.7995,49.92,0.62070,0.07648,-0.00758,0.28317,0.02775,0.01380,0.79289,-0.11690,0.17874,-0.14451,-0.29878,0.04871,0.00420,0.26389,0.05706,-0.00025,0.79497,-0.14012,0.17992,0.09899,0.76863,0.04676,-0.01395,-0.42514,0.14949,-0.00076,0.76491,-0.11838,0.17157,-0.01233,-0.27206,0.07450,0.00028,-0.35685,0.04641,0.00225,0.79897,-0.13757,0.21173,0.01475,0.14267,0.04657,0.00776,-0.04173,0.04734,-0.00404,0.91713,-0.13396,0.23790,0.00060,0.65630,0.02465,-0.00617,0.31889,0.07110,-0.00114,0.70647,-0.12502,0.19420,-0.00168,-0.28108,0.02273,-0.00295,0.33042,0.08090,0.00114,0.70947,-0.12197,0.15399,-0.00212,0.81064,0.01394,-0.00743,-0.31246,0.18376,-0.00008,0.68919,-0.11453,0.11904,-0.01190,-0.25056,0.01820,-0.00473,-0.32365,0.05469,-0.00077,0.71018,-0.12862,0.20949,-0.00208,0.15996,0.01836,-0.00365,0.00409,0.06721,0.00031,0.83442,-0.12659,0.21559,-0.00546
9.8500,985,4,9.8494,49.94,0.62827,0.08612,-0.01122,0.28027,0.01115,-0.00015,0.78005,-0.11331,0.16479,-0.14427,-0.29440,0.04152,0.00650,0.26965,0.06180,-0.01161,0.78153,-0.13100,0.19383,0.16185,0.76863,0.04676,-0.01395,-0.42514,0.14949,-0.00076,0.76491,-0.11838,0.17157,-0.01233,-0.26830,0.06493,0.00399,-0.35712,0.02097,-0.00834,0.78264,-0.14211,0.21440,0.02285,0.14587,0.03692,0.00324,-0.03809,0.04850,-0.00459,0.90358,-0.14034,0.23579,-0.00176,0.65745,0.02162,-0.00622,0.32246,0.07156,-0.00073,0.70025,-0.12388,0.19412,-0.00168,-0.27998,0.02125,-0.00306,0.33445,0.08031,0.00124,0.70339,-0.12116,0.15389,-0.00208,0.81124,0.01028,-0.00749,-0.30327,0.18366,0.00049,0.68349,-0.11344,0.11845,-0.01187,-0.24971,0.01587,-0.00477,-0.32091,0.05501,-0.00053,0.70378,-0.12735,0.20939,-0.00206,0.16084,0.01655,-0.00372,0.00744,0.06700,0.00055,0.82812,-0.12559,0.21532,-0.00545
9.9000,990,4,9.8997,50.26,0.62827,0.08612,-0.01122,0.28027,0.01115,-0.00015,0.78005,-0.11331,0.16479,-0.14427,-0.29440,0.04152,0.00650,0.26965,0.06180,-0.01161,0.78153,-0.13100,0.19383,0.16185,0.77356,0.05848,-0.01800,-0.40699,0.17101,-0.01185,0.74887,-0.13799,0.17458,-0.01048,-0.26830,0.06493,0.00399,-0.35712,0.02097,-0.00834,0.78264,-0.14211,0.21440,0.02285,0.14587,0.03692,0.00324,-0.03809,0.04850,-0.00459,0.90358,-0.14034,0.23579,-0.00176,0.65846,0.01856,-0.00626,0.32605,0.07182,-0.00033,0.69408,-0.12273,0.19404,-0.00167,-0.27895,0.01972,-0.00318,0.33845,0.07968,0.00135,0.69735,-0.12029,0.15378,-0.00204,0.81166,0.00659,-0.00757,-0.29410,0.18328,0.00106,0.67784,-0.11242,0.11786,-0.01183,-0.24898,0.01353,-0.00480,-0.31815,0.05521,-0.00029,0.69744,-0.12605,0.20928,-0.00204,0.16162,0.01471,-0.00379,0.01078,0.06668,0.00077,0.82186,-0.12454,0.21505,-0.00544
9.9500,995,4,9.9494,49.73,0.63691,0.09156,-0.00744,0.28134,0.03137,-0.01312,0.77001,-0.09284,0.15321,-0.11506,-0.29358,0.02599,-0.00195,0.27423,0.07115,-0.01751,0.77098,-0.13077,0.20804,0.09909,0.77356,0.05848,-0.01800,-0.40699,0.17101,-0.01185,0.74887,-0.13799,0.17458,-0.01048,-0.26357,0.04663,0.01259,-0.35145,0.04273,-0.02649,0.76817,-0.13407,0.21935,-0.00876,0.14853,0.02851,0.00244,-0.03257,0.06131,-0.01178,0.88933,-0.14731,0.23628,0.01582,0.65931,0.01548,-0.00628,0.32964,0.07188,0.00007,0.68797,-0.12155,0.19395,-0.00167,-0.27801,0.01813,-0.00330,0.34241,0.07899,0.00146,0.69136,-0.11938,0.15368,-0.00200,0.81190,0.00285,-0.00767,-0.28495,0.18262,0.00163,0.67224,-0.11145,0.11727,-0.01179,-0.24836,0.01117,-0.00482,-0.31539,0.05530,-0.00006,0.69117,-0.12472,0.20918,-0.00202,0.16231,0.01283,-0.00385,0.01411,0.06624,0.00100,0.81566,-0.12346,0.21477,-0.00543
10.0000,1000,5,9.9994,50.01,0.63691,0.09156,-0.00744,0.28134,0.03137,-0.01312,0.77001,-0.09284,0.15321,-0.11506,-0.29358,0.02599,-0.00195,0.27423,0.07115,-0.01751,0.77098,-0.13077,0.20804,0.09909,0.78049,0.07726,-0.01552,-0.39059,0.17441,-0.01276,0.73266,-0.18323,0.17675,-0.03444,-0.26357,0.04663,0.01259,-0.35145,0.04273,-0.02649,0.76817,-0.13407,0.21935,-0.00876,0.14853,0.02851,0.00244,-0.03257,0.06131,-0.01178,0.88933,-0.14731,0.23628,0.01582,0.63691,0.09156,-0.00744,0.28134,0.03137,-0.01312,0.77001,-0.09284,0.15321,-0.11506,-0.29358,0.02599,-0.00195,0.27423,0.07115,-0.01751,0.77098,-0.13077,0.20804,0.09909,0.78049,0.07726,-0.01552,-0.39059,0.17441,-0.01276,0.73266,-0.18323,0.17675,-0.03444,-0.26357,0.04663,0.01259,-0.35145,0.04273,-0.02649,0.76817,-0.13407,0.21935,-0.00876,0.14853,0.02851,0.00244,-0.03257,0.06131,-0.01178,0.88933,-0.14731,0.23628,0.01582
10.0500,1005,5,10.0497,50.27,0.64604,0.09544,-0.00528,0.28392,0.04621,-0.01846,0.76061,-0.08792,0.14343,-0.04563,-0.29148,0.01718,0.00401,0.28102,0.08951,-0.02296,0.75549,-0.15230,0.22103,0.12178,0.78049,0.07726,-0.01552,-0.39059,0.17441,-0.01276,0.73266,-0.18323,0.17675,-0.03444,-0.26063,0.02657,0.00995,-0.34419,0.06927,-0.02547,0.75473,-0.11957,0.21901,-0.01130,0.15119,0.02669,0.00028,-0.02804,0.05931,-0.00933,0.87421,-0.15197,0.24155,0.06589,0.64139,0.08713,-0.01039,0.28306,0.03709,-0.01034,0.76489,-0.11095,0.14789,-0.09808,-0.29230,0.02503,-0.00201,0.27798,0.07862,-0.01315,0.76444,-0.13090,0.21261,0.08415,0.78416,0.06966,-0.01549,-0.38173,0.18023,-0.01096,0.72369,-0.17596,0.17505,-0.03370,-0.26111,0.05102,0.00573,-0.34904,0.05310,-0.01641,0.76148,-0.13384,0.21892,-0.00838,0.14997,0.02897,-0.00038,-0.02938,0.06598,-0.00753,0.88204,-0.14451,0.23702,0.01345
10.1000,1010,5,10.0994,49.70,0.64604,0.09544,-0.00528,0.28392,0.04621,-0.01846,0.76061,-0.08792,0.14343,-0.04563,-0.29148,0.01718,0.00401,0.28102,0.08951,-0.02296,0.75549,-0.15230,0.22103,0.12178,0.78831,0.08311,-0.00105,-0.37268,0.18729,-0.01344,0.71603,-0.16178,0.17411,0.01689,-0.26063,0.02657,0.00995,-0.34419,0.06927,-0.02547,0.75473,-0.11957,0.21901,-0.01130,0.15119,0.02669,0.00028,-0.02804,0.05931,-0.00933,0.87421,-0.15197,0.24155,0.06589,0.64561,0.08155,-0.01221,0.28503,0.04163,-0.00830,0.75900,-0.12372,0.14337,-0.08330,-0.29108,0.02400,-0.00221,0.28206,0.08421,-0.00982,0.75787,-0.13203,0.21649,0.07114,0.78746,0.06206,-0.01549,-0.37259,0.18517,-0.00915,0.71503,-0.17071,0.17338,-0.03298,-0.25851,0.05259,0.00100,-0.34621,0.05936,-0.00956,0.75477,-0.13455,0.21851,-0.00804,0.15141,0.02829,-0.00230,-0.02600,0.06891,-0.00456,0.87487,-0.14235,0.23763,0.01138
10.1500,1015,5,10.1501,50.76,0.65584,0.09010,0.03283,0.28541,0.04356,-0.01241,0.75062,-0.08976,0.13813,-0.03908,-0.29130,0.00172,0.01186,0.29218,0.11378,-0.00500,0.74043,-0.13691,0.23777,0.17354,0.78831,0.08311,-0.00105,-0.37268,0.18729,-0.01344,0.71603,-0.16178,0.17411,0.01689,-0.25932,0.01196,0.01004,-0.33411,0.08503,0.00878,0.74195,-0.10214,0.22066,0.00260,0.15228,0.01782,0.00849,-0.02017,0.07055,0.00706,0.86053,-0.12748,0.25391,0.14118,0.64953,0.07528,-0.01325,0.28721,0.04531,-0.00675,0.75258,-0.13275,0.13953,-0.07043,-0.28991,0.02285,-0.00249,0.28638,0.08837,-0.00723,0.75123,-0.13353,0.21975,0.05982,0.79037,0.05446,-0.01552,-0.36322,0.18921,-0.00735,0.70660,-0.16668,0.17175,-0.03230,-0.25589,0.05223,-0.00227,-0.34315,0.06283,-0.00492,0.74802,-0.13573,0.21811,-0.00773,0.15279,0.02682,-0.00360,-0.02251,0.07060,-0.00248,0.86780,-0.14070,0.23816,0.00955
10.2000,1020,5,10.2001,49.99,0.65584,0.09010,0.03283,0.28541,0.04356,-0.01241,0.75062,-0.08976,0.13813,-0.03908,-0.29130,0.00172,0.01186,0.29218,0.11378,-0.00500,0.74043,-0.13691,0.23777,0.17354,0.79788,0.07760,0.03700,-0.35751,0.15093,0.04718,0.70971,-0.04436,0.18025,0.06691,-0.25932,0.01196,0.01004,-0.33411,0.08503,0.00878,0.74195,-0.10214,0.22066,0.00260,0.15228,0.01782,0.00849,-0.02017,0.07055,0.00706,0.86053,-0.12748,0.25391,0.14118,0.65313,0.06864,-0.01375,0.28955,0.04831,-0.00554,0.74577,-0.13911,0.13629,-0.05923,-0.28879,0.02154,-0.00283,0.29088,0.09139,-0.00516,0.74452,-0.13502,0.22249,0.04996,0.79290,0.04683,-0.01557,-0.35368,0.19238,-0.00560,0.69835,-0.16337,0.17015,-0.03165,-0.25331,0.05054,-0.00451,-0.33996,0.06443,-0.00179,0.74120,-0.13707,0.21773,-0.00744,0.15408,0.02482,-0.00448,-0.01895,0.07144,-0.00100,0.86080,-0.13944,0.23859,0.00795
10.2500,1025,5,10.2499,49.75,0.66079,0.02934,0.05872,0.29562,0.06614,0.00763,0.74357,-0.06237,0.13606,-0.03953,-0.29140,-0.00164,0.00814,0.29958,0.09108,0.02154,0.72642,-0.10238,0.25679,0.21210,0.79788,0.07760,0.03700,-0.35751,0.15093,0.04718,0.70971,-0.04436,0.18025,0.06691,-0.25963,-0.00725,0.02123,-0.32134,0.07875,0.02407,0.73397,-0.05174,0.21983,-0.00995,0.15530,0.01840,0.01143,-0.01891,0.02844,0.01793,0.84907,-0.07209,0.26446,0.10247,0.65639,0.06185,-0.01390,0.29203,0.05078,-0.00456,0.73870,-0.14354,0.13358,-0.04948,-0.28775,0.02006,-0.00322,0.29550,0.09350,-0.00349,0.73774,-0.13634,0.22477,0.04139,0.79505,0.03918,-0.01564,-0.34400,0.19471,-0.00390,0.69026,-0.16047,0.16858,-0.03103,-0.25085,0.04793,-0.00604,-0.33672,0.06476,0.00030,0.73431,-0.13838,0.21737,-0.00718,0.15527,0.02247,-0.00506,-0.01538,0.07165,0.00008,0.85385,-0.13846,0.23896,0.00655
10.3000,1030,5,10.2996,49.69,0.66079,0.02934,0.05872,0.29562,0.06614,0.00763,0.74357,-0.06237,0.13606,-0.03953,-0.29140,-0.00164,0.00814,0.29958,0.09108,0.02154,0.72642,-0.10238,0.25679,0.21210,0.80296,0.05385,0.03702,-0.34661,0.08372,0.06270,0.70750,0.01822,0.18228,-0.00818,-0.25963,-0.00725,0.02123,-0.32134,0.07875,0.02407,0.73397,-0.05174,0.21983,-0.00995,0.15530,0.01840,0.01143,-0.01891,0.02844,0.01793,0.84907,-0.07209,0.26446,0.10247,0.65931,0.05505,-0.01381,0.29462,0.05281,-0.00373,0.73144,-0.14652,0.13133,-0.04101,-0.28679,0.01839,-0.00362,0.30021,0.09486,-0.00211,0.73089,-0.13738,0.22665,0.03393,0.79682,0.03149,-0.01573,-0.33422,0.19622,-0.00226,0.68230,-0.15780,0.16705,-0.03044,-0.24853,0.04470,-0.00707,-0.33350,0.06424,0.00169,0.72736,-0.13951,0.21702,-0.00693,0.15633,0.01989,-0.00544,-0.01180,0.07141,0.00087,0.84695,-0.13767,0.23925,0.00531
10.3500,1035,5,10.3496,49.99,0.66103,-0.01598,0.03581,0.29689,0.03159,0.01715,0.73778,-0.02966,0.13107,-0.02635,-0.29249,-0.01251,0.01038,0.30728,0.06470,0.02335,0.71864,-0.04055,0.27811,0.15528,0.80296,0.05385,0.03702,-0.34661,0.08372,0.06270,0.70750,0.01822,0.18228,-0.00818,-0.26090,-0.01466,0.00986,-0.31545,0.03515,0.03833,0.73107,0.00117,0.21372,-0.10630,0.15662,0.01973,-0.00838,-0.01611,0.01668,0.02017,0.84462,-0.01924,0.27562,0.12001,0.66190,0.04833,-0.01354,0.29730,0.05445,-0.00300,0.72406,-0.14841,0.12946,-0.03365,-0.28592,0.01651,-0.00405,0.30498,0.09560,-0.00093,0.72400,-0.13813,0.22818,0.02745,0.79820,0.02374,-0.01584,-0.32439,0.19693,-0.00068,0.67448,-0.15528,0.16554,-0.02987,-0.24639,0.04105,-0.00776,-0.33031,0.06317,0.00260,0.72036,-0.14040,0.21667,-0.00671,0.15725,0.01716,-0.00568,-0.00824,0.07083,0.00147,0.84008,-0.13698,0.23949,0.00423
10.4000,1040,5,10.3994,49.78,0.66103,-0.01598,0.03581,0.29689,0.03159,0.01715,0.73778,-0.02966,0.13107,-0.02635,-0.29249,-0.01251,0.01038,0.30728,0.06470,0.02335,0.71864,-0.04055,0.27811,0.15528,0.80454,0.00983,0.04480,-0.33939,0.02587,0.03583,0.70463,0.00988,0.17896,-0.01290,-0.26090,-0.01466,0.00986,-0.31545,0.03515,0.03833,0.73107,0.00117,0.21372,-0.10630,0.15662,0.01973,-0.00838,-0.01611,0.01668,0.02017,0.84462,-0.01924,0.27562,0.12001,0.66415,0.04178,-0.01317,0.30006,0.05577,-0.00236,0.71662,-0.14943,0.12794,-0.02726,-0.28514,0.01441,-0.00448,0.30976,0.09580,0.00009,0.71708,-0.13858,0.22941,0.02183,0.79919,0.01594,-0.01598,-0.31454,0.19689,0.00084,0.66677,-0.15283,0.16406,-0.02933,-0.24443,0.03713,-0.00820,-0.32718,0.06174,0.00319,0.71333,-0.14099,0.21634,-0.00650,0.15804,0.01433,-0.00583,-0.00472,0.06999,0.00194,0.83325,-0.13633,0.23968,0.00328
10.4500,1045,5,10.4500,50.65,0.65833,-0.03606,0.00702,0.29396,0.00022,0.00713,0.73376,-0.01311,0.13097,-0.01523,-0.29387,-0.01365,-0.00630,0.31474,0.05440,0.02184,0.71840,0.01895,0.28616,0.01597,0.80454,0.00983,0.04480,-0.33939,0.02587,0.03583,0.70463,0.00988,0.17896,-0.01290,-0.26290,-0.01797,-0.00203,-0.31123,0.01450,0.03111,0.73311,0.03531,0.19837,-0.14407,0.15844,0.02600,-0.00458,-0.01442,0.00752,0.00953,0.84388,0.00613,0.28103,-0.00221,0.66608,0.03543,-0.01272,0.30287,0.05678,-0.00177,0.70913,-0.14977,0.12672,-0.02171,-0.28448,0.01211,-0.00493,0.31455,0.09553,0.00099,0.71015,-0.13876,0.23038,0.01694,0.79979,0.00807,-0.01613,-0.30471,0.19612,0.00231,0.65919,-0.15042,0.16260,-0.02882,-0.24268,0.03303,-0.00847,-0.32414,0.06008,0.00356,0.70627,-0.14126,0.21602,-0.00631,0.15869,0.01145,-0.00591,-0.00124,0.06894,0.00233,0.82645,-0.13568,0.23982,0.00245
10.5000,1050,5,10.5011,51.09,0.65833,-0.03606,0.00702,0.29396,0.00022,0.00713,0.73376,-0.01311,0.13097,-0.01523,-0.29387,-0.01365,-0.00630,0.31474,0.05440,0.02184,0.71840,0.01895,0.28616,0.01597,0.80172,-0.03676,0.03350,-0.33693,-0.00390,0.00445,0.69931,-0.04282,0.17539,0.01197,-0.26290,-0.01797,-0.00203,-0.31123,0.01450,0.03111,0.73311,0.03531,0.19837,-0.14407,0.15844,0.02600,-0.00458,-0.01442,0.00752,0.00953,0.84388,0.00613,0.28103,-0.00221,0.66770,0.02931,-0.01221,0.30573,0.05752,-0.00123,0.70165,-0.14954,0.12576,-0.01689,-0.28394,0.00957,-0.00539,0.31931,0.09484,0.00180,0.70321,-0.13870,0.23111,0.01270,0.80000,0.00011,-0.01631,-0.29494,0.19464,0.00373,0.65173,-0.14806,0.16118,-0.02833,-0.24113,0.02884,-0.00862,-0.32118,0.05828,0.00378,0.69921,-0.14120,0.21571,-0.00613,0.15919,0.00854,-0.00595,0.00217,0.06771,0.00265,0.81968,-0.13498,0.23992,0.00172
10.5500,1055,5,10.5493,48.18,0.65445,-0.03215,-0.01463,0.29656,0.01242,-0.00122,0.73370,0.01259,0.12865,-0.01736,-0.29469,0.00259,-0.01226,0.32025,0.04170,0.02746,0.72225,0.04330,0.28527,-0.00373,0.80172,-0.03676,0.03350,-0.33693,-0.00390,0.00445,0.69931,-0.04282,0.17539,0.01197,-0.26302,0.00391,-0.01569,-0.31459,-0.02715,0.02372,0.73503,0.02833,0.18722,-0.07388,0.16032,0.01377,0.02059,-0.01348,0.00730,-0.01050,0.84546,0.02633,0.27416,-0.07693,0.66901,0.02345,-0.01167,0.30862,0.05800,-0.00074,0.69419,-0.14881,0.12502,-0.01272,-0.28353,0.00681,-0.00586,0.32403,0.09378,0.00255,0.69628,-0.13843,0.23166,0.00903,0.79980,-0.00794,-0.01651,-0.28526,0.19247,0.00510,0.64439,-0.14574,0.15977,-0.02786,-0.23979,0.02459,-0.00868,-0.31831,0.05639,0.00391,0.69215,-0.14081,0.21541,-0.00597,0.15954,0.00562,-0.00595,0.00552,0.06634,0.00293,0.81295,-0.13421,0.23999,0.00108
10.6000,1060,5,10.5994,50.12,0.65445,-0.03215,-0.01463,0.29656,0.01242,-0.00122,0.73370,0.01259,0.12865,-0.01736,-0.29469,0.00259,-0.01226,0.32025,0.04170,0.02746,0.72225,0.04330,0.28527,-0.00373,0.79617,-0.06238,-0.00386,-0.32745,0.03960,-0.03240,0.68462,-0.11964,0.17859,0.03143,-0.26302,0.00391,-0.01569,-0.31459,-0.02715,0.02372,0.73503,0.02833,0.18722,-0.07388,0.16032,0.01377,0.02059,-0.01348,0.00730,-0.01050,0.84546,0.02633,0.27416,-0.07693,0.67005,0.01787,-0.01110,0.31153,0.05824,-0.00028,0.68677,-0.14764,0.12448,-0.00911,-0.28326,0.00382,-0.00633,0.32868,0.09235,0.00324,0.68937,-0.13799,0.23203,0.00585,0.79920,-0.01609,-0.01671,-0.27571,0.18964,0.00644,0.63716,-0.14347,0.15839,-0.02742,-0.23867,0.02033,-0.00868,-0.31554,0.05445,0.00398,0.68513,-0.14010,0.21512,-0.00582,0.15975,0.00271,-0.00593,0.00880,0.06484,0.00319,0.80626,-0.13333,0.24003,0.00052
10.6500,1065,5,10.6496,50.26,0.65290,-0.00567,-0.02991,0.29610,-0.00014,0.01297,0.73361,0.00406,0.12412,-0.00549,-0.29085,0.03351,-0.01151,0.32340,0.02336,0.02299,0.72139,-0.00168,0.27885,-0.08212,0.79617,-0.06238,-0.00386,-0.32745,0.03960,-0.03240,0.68462,-0.11964,0.17859,0.03143,-0.26235,0.01273,-0.01344,-0.31595,-0.01775,0.00279,0.73415,-0.00376,0.17855,-0.09944,0.16023,-0.00153,0.00285,-0.01258,0.01292,-0.00524,0.84747,0.00973,0.26769,-0.00881,0.67081,0.01256,-0.01055,0.31444,0.05827,0.00015,0.67943,-0.14608,0.12410,-0.00598,-0.28315,0.00062,-0.00673,0.33326,0.09060,0.00389,0.68249,-0.13739,0.23225,0.00311,0.79819,-0.02432,-0.01684,-0.26631,0.18616,0.00773,0.63004,-0.14120,0.15703,-0.02699,-0.23776,0.01609,-0.00864,-0.31287,0.05249,0.00401,0.67815,-0.13909,0.21483,-0.00568,0.15981,-0.00019,-0.00589,0.01201,0.06322,0.00342,0.79962,-0.13233,0.24005,0.00002
10.7000,1070,5,10.6994,49.74,0.65290,-0.00567,-0.02991,0.29610,-0.00014,0.01297,0.73361,0.00406,0.12412,-0.00549,-0.29085,0.03351,-0.01151,0.32340,0.02336,0.02299,0.72139,-0.00168,0.27885,-0.08212,0.79051,-0.05675,-0.01820,-0.31927,0.08898,-0.03554,0.66729,-0.17676,0.18896,0.19106,-0.26235,0.01273,-0.01344,-0.31595,-0.01775,0.00279,0.73415,-0.00376,0.17855,-0.09944,0.16023,-0.00153,0.00285,-0.01258,0.01292,-0.00524,0.84747,0.00973,0.26769,-0.00881,0.67131,0.00751,-0.01004,0.31735,0.05810,0.00056,0.67217,-0.14420,0.12387,-0.00328,-0.28320,-0.00277,-0.00706,0.33774,0.08854,0.00450,0.67564,-0.13657,0.23234,0.00073,0.79677,-0.03260,-0.01687,-0.25710,0.18206,0.00898,0.62304,-0.13882,0.15569,-0.02658,-0.23706,0.01187,-0.00856,-0.31029,0.05053,0.00402,0.67123,-0.13778,0.21455,-0.00555,0.15973,-0.00307,-0.00584,0.01512,0.06149,0.00363,0.79303,-0.13118,0.24004,-0.00041
10.7500,1075,5,10.7588,59.43,0.65334,0.02141,-0.01955,0.28946,-0.03105,0.01218,0.73041,-0.01848,0.12694,0.01738,-0.28546,0.05492,-0.00669,0.32531,0.00769,0.01157,0.71758,-0.04179,0.27252,-0.02418,0.79051,-0.05675,-0.01820,-0.31927,0.08898,-0.03554,0.66729,-0.17676,0.18896,0.19106,-0.26087,0.02215,-0.01783,-0.31346,0.00915,-0.00271,0.73109,-0.04749,0.16798,-0.05128,0.15928,-0.00859,0.00200,-0.01124,0.02094,-0.01548,0.84625,-0.03606,0.26757,0.03606,0.67156,0.00270,-0.00958,0.32025,0.05773,0.00094,0.66501,-0.14206,0.12377,-0.00096,-0.28343,-0.00629,-0.00730,0.34211,0.08619,0.00507,0.66883,-0.13548,0.23233,-0.00131,0.79493,-0.04086,-0.01680,-0.24811,0.17736,0.01017,0.61616,-0.13622,0.15437,-0.02619,-0.23657,0.00769,-0.00846,-0.30781,0.04856,0.00401,0.66438,-0.13622,0.21427,-0.00542,0.15950,-0.00592,-0.00578,0.01815,0.05966,0.00384,0.78650,-0.12987,0.24001,-0.00079
10.8000,1080,5,10.7994,40.59,0.65334,0.02141,-0.01955,0.28946,-0.03105,0.01218,0.73041,-0.01848,0.12694,0.01738,-0.28546,0.05492,-0.00669,0.32531,0.00769,0.01157,0.71758,-0.04179,0.27252,-0.02418,0.78503,-0.03990,-0.02701,-0.31352,0.09557,-0.00761,0.65001,-0.12742,0.21323,0.23800,-0.26087,0.02215,-0.01783,-0.31346,0.00915,-0.00271,0.73109,-0.04749,0.16798,-0.05128,0.15928,-0.00859,0.00200,-0.01124,0.02094,-0.01548,0.84625,-0.03606,0.26757,0.03606,0.67158,-0.00189,-0.00915,0.32312,0.05718,0.00130,0.65797,-0.13969,0.12377,0.00105,-0.28383,-0.00991,-0.00746,0.34635,0.08357,0.00560,0.66209,-0.13410,0.23222,-0.00308,0.79268,-0.04906,-0.01662,-0.23937,0.17210,0.01130,0.60942,-0.13333,0.15307,-0.02581,-0.23629,0.00357,-0.00834,-0.30544,0.04659,0.00400,0.65761,-0.13440,0.21401,-0.00531,0.15914,-0.00874,-0.00570,0.02109,0.05773,0.00403,0.78005,-0.12839,0.23996,-0.00112
10.8500,1085,5,10.8495,50.12,0.65589,0.03856,-0.02437,0.29007,-0.00821,-0.01145,0.72460,-0.06195,0.12870,0.04318,-0.28012,0.04888,0.01059,0.32953,0.02325,-0.00704,0.71427,-0.04676,0.27338,0.02755,0.78503,-0.03990,-0.02701,-0.31352,0.09557,-0.00761,0.65001,-0.12742,0.21323,0.23800,-0.25892,0.03533,-0.01394,-0.31997,-0.01377,0.00423,0.71894,-0.11943,0.17044,0.00879,0.15824,-0.01134,-0.00069,-0.00859,0.03062,-0.00999,0.84021,-0.08524,0.27315,0.06259,0.67138,-0.00628,-0.00877,0.32596,0.05645,0.00165,0.65105,-0.13711,0.12387,0.00277,-0.28442,-0.01360,-0.00755,0.35046,0.08070,0.00609,0.65543,-0.13243,0.23202,-0.00459,0.79003,-0.05715,-0.01634,-0.23091,0.16629,0.01236,0.60283,-0.13010,0.15179,-0.02544,-0.23621,-0.00049,-0.00821,-0.30315,0.04463,0.00399,0.65094,-0.13236,0.21374,-0.00520,0.15863,-0.01151,-0.00562,0.02392,0.05571,0.00421,0.77367,-0.12672,0.23990,-0.00141
10.9000,1090,5,10.8994,49.83,0.65589,0.03856,-0.02437,0.29007,-0.00821,-0.01145,0.72460,-0.06195,0.12870,0.04318,-0.28012,0.04888,0.01059,0.32953,0.02325,-0.00704,0.71427,-0.04676,0.27338,0.02755,0.78332,-0.01010,-0.02374,-0.30116,0.11455,-0.01401,0.63950,-0.06022,0.24197,0.33426,-0.25892,0.03533,-0.01394,-0.31997,-0.01377,0.00423,0.71894,-0.11943,0.17044,0.00879,0.15824,-0.01134,-0.00069,-0.00859,0.03062,-0.00999,0.84021,-0.08524,0.27315,0.06259,0.67096,-0.01049,-0.00842,0.32877,0.05556,0.00198,0.64426,-0.13435,0.12405,0.00425,-0.28519,-0.01731,-0.00757,0.35442,0.07760,0.00655,0.64885,-0.13047,0.23176,-0.00589,0.78697,-0.06507,-0.01597,-0.22275,0.15998,0.01336,0.59642,-0.12651,0.15053,-0.02509,-0.23634,-0.00448,-0.00807,-0.30097,0.04267,0.00398,0.64438,-0.13011,0.21349,-0.00510,0.15799,-0.01424,-0.00552,0.02666,0.05360,0.00438,0.76738,-0.12486,0.23982,-0.00166
10.9500,1095,5,10.9497,50.29,0.66068,0.05229,-0.00125,0.28847,-0.00248,-0.01186,0.71587,-0.09452,0.13686,0.06540,-0.27492,0.03557,0.02660,0.33304,0.03292,-0.00930,0.70765,-0.07380,0.27600,0.01401,0.78332,-0.01010,-0.02374,-0.30116,0.11455,-0.01401,0.63950,-0.06022,0.24197,0.33426,-0.25494,0.04368,-0.01450,-0.32219,0.00037,-0.01111,0.70361,-0.16270,0.17543,0.05896,0.15696,-0.01477,0.00010,-0.00487,0.04515,-0.01881,0.82956,-0.12495,0.28128,0.09062,0.67033,-0.01454,-0.00810,0.33152,0.05452,0.00229,0.63762,-0.13143,0.12429,0.00551,-0.28615,-0.02101,-0.00751,0.35822,0.07429,0.00695,0.64239,-0.12822,0.23144,-0.00699,0.78352,-0.07280,-0.01550,-0.21492,0.15319,0.01429,0.59019,-0.12255,0.14928,-0.02475,-0.23666,-0.00841,-0.00793,-0.29889,0.04072,0.00397,0.63793,-0.12767,0.21323,-0.00501,0.15721,-0.01693,-0.00542,0.02928,0.05141,0.00454,0.76119,-0.12281,0.23973,-0.00188
11.0000,1100,5,10.9995,49.87,0.66068,0.05229,-0.00125,0.28847,-0.00248,-0.01186,0.71587,-0.09452,0.13686,0.06540,-0.27492,0.03557,0.02660,0.33304,0.03292,-0.00930,0.70765,-0.07380,0.27600,0.01401,0.78404,0.01964,-0.01745,-0.28985,0.10920,0.00783,0.62704,-0.09831,0.27186,0.23783,-0.25494,0.04368,-0.01450,-0.32219,0.00037,-0.01111,0.70361,-0.16270,0.17543,0.05896,0.15696,-0.01477,0.00010,-0.00487,0.04515,-0.01881,0.82956,-0.12495,0.28128,0.09062,0.66950,-0.01845,-0.00782,0.33421,0.05332,0.00259,0.63112,-0.12836,0.12459,0.00659,-0.28729,-0.02467,-0.00740,0.36184,0.07078,0.00732,0.63604,-0.12568,0.23106,-0.00794,0.77970,-0.08027,-0.01495,-0.20744,0.14597,0.01514,0.58417,-0.11822,0.14805,-0.02443,-0.23718,-0.01226,-0.00777,-0.29690,0.03877,0.00397,0.63161,-0.12506,0.21298,-0.00492,0.15629,-0.01956,-0.00531,0.03180,0.04914,0.00470,0.75510,-0.12058,0.23963,-0.00208
11.0500,1105,5,11.0504,50.91,0.66546,0.04741,0.00134,0.28808,0.01100,-0.03004,0.70409,-0.11914,0.13874,-0.01073,-0.27076,0.01217,0.04308,0.33393,0.02434,0.00136,0.69333,-0.13458,0.27469,-0.08352,0.78679,0.03385,-0.01745,-0.27964,0.10466,0.00783,0.61249,-0.12286,0.27186,0.23783,-0.25048,0.04708,0.00018,-0.31897,0.02971,-0.01551,0.68657,-0.16209,0.17986,-0.01978,0.15509,-0.02376,0.00496,0.00066,0.06581,-0.02683,0.81596,-0.14094,0.28539,-0.03247,0.66849,-0.02222,-0.00757,0.33685,0.05197,0.00289,0.62478,-0.12516,0.12495,0.00750,-0.28862,-0.02826,-0.00723,0.36529,0.06711,0.00764,0.62982,-0.12289,0.23065,-0.00874,0.77550,-0.08745,-0.01432,-0.20033,0.13836,0.01590,0.57837,-0.11353,0.14684,-0.02411,-0.23789,-0.01603,-0.00762,-0.29501,0.03683,0.00397,0.62543,-0.12230,0.21274,-0.00484,0.15525,-0.02213,-0.00519,0.03420,0.04680,0.00484,0.74913,-0.11817,0.23952,-0.00225
11.1000,1110,5,11.1006,50.20,0.66546,0.04741,0.00134,0.28808,0.01100,-0.03004,0.70409,-0.11914,0.13874,-0.01073,-0.27076,0.01217,0.04308,0.33393,0.02434,0.00136,0.69333,-0.13458,0.27469,-0.08352,0.78679,0.03385,-0.01191,-0.27964,0.10466,0.00283,0.61249,-0.12286,0.28492,0.09725,-0.25048,0.04708,0.00018,-0.31897,0.02971,-0.01551,0.68657,-0.16209,0.17986,-0.01978,0.15509,-0.02376,0.00496,0.00066,0.06581,-0.02683,0.81596,-0.14094,0.28539,-0.03247,0.66728,-0.02588,-0.00734,0.33941,0.05049,0.00317,0.61861,-0.12186,0.12534,0.00827,-0.29012,-0.03175,-0.00700,0.36855,0.06330,0.00791,0.62375,-0.11985,0.23019,-0.00941,0.77096,-0.09431,-0.01363,-0.19361,0.13039,0.01659,0.57282,-0.10853,0.14564,-0.02380,-0.23878,-0.01973,-0.00746,-0.29322,0.03488,0.00397,0.61938,-0.11941,0.21250,-0.00476,0.15408,-0.02465,-0.00507,0.03648,0.04440,0.00497,0.74329,-0.11561,0.23941,-0.00239
11.1500,1115,5,11.1499,49.29,0.66890,0.03266,0.01237,0.29196,0.05063,-0.03751,0.69026,-0.13479,0.14131,0.01362,-0.27101,-0.02496,0.04030,0.33885,0.03817,-0.02194,0.67989,-0.13953,0.26517,-0.13246,0.78819,0.02793,-0.01191,-0.26583,0.11808,0.00283,0.59758,-0.13429,0.28492,0.09725,-0.24394,0.05457,0.00154,-0.32231,-0.00043,-0.00862,0.67093,-0.14465,0.17716,-0.03238,0.15234,-0.02764,-0.00927,0.00825,0.08330,-0.00887,0.80166,-0.14514,0.27575,-0.14523,0.66590,-0.02943,-0.00714,0.34189,0.04887,0.00345,0.61260,-0.11847,0.12577,0.00892,-0.29179,-0.03512,-0.00673,0.37162,0.05936,0.00814,0.61784,-0.11659,0.22971,-0.00998,0.76608,-0.10081,-0.01287,-0.18730,0.12210,0.01718,0.56752,-0.10325,0.14446,-0.02350,-0.23986,-0.02335,-0.00730,-0.29152,0.03293,0.00398,0.61349,-0.11640,0.21226,-0.00468,0.15279,-0.02710,-0.00493,0.03863,0.04193,0.00509,0.73757,-0.11290,0.23928,-0.00252
11.2000,1120,5,11.1995,49.61,0.66890,0.03266,0.01237,0.29196,0.05063,-0.03751,0.69026,-0.13479,0.14131,0.01362,-0.27101,-0.02496,0.04030,0.33885,0.03817,-0.02194,0.67989,-0.13953,0.26517,-0.13246,0.78819,0.02793,0.00936,-0.26583,0.11808,-0.00201,0.59758,-0.13429,0.28785,0.01398,-0.24394,0.05457,0.00154,-0.32231,-0.00043,-0.00862,0.67093,-0.14465,0.17716,-0.03238,0.15234,-0.02764,-0.00927,0.00825,0.08330,-0.00887,0.80166,-0.14514,0.27575,-0.14523,0.66434,-0.03288,-0.00695,0.34429,0.04711,0.00371,0.60676,-0.11502,0.12623,0.00946,-0.29363,-0.03835,-0.00643,0.37449,0.05532,0.00831,0.61210,-0.11314,0.22920,-0.01045,0.76088,-0.10693,-0.01206,-0.18140,0.11355,0.01768,0.56250,-0.09775,0.14329,-0.02321,-0.24111,-0.02689,-0.00713,-0.28992,0.03098,0.00399,0.60775,-0.11330,0.21203,-0.00461,0.15137,-0.02949,-0.00479,0.04067,0.03941,0.00520,0.73200,-0.11008,0.23915,-0.00263
11.2500,1125,5,11.2499,50.37,0.67124,0.00642,0.02145,0.30748,0.12580,-0.03012,0.67573,-0.14292,0.14175,0.03374,-0.27454,-0.06157,0.01150,0.34220,0.04820,-0.02635,0.66394,-0.14036,0.25501,0.00639,0.79059,0.01773,0.00936,-0.25990,0.09740,-0.00201,0.58588,-0.10800,0.28785,0.01398,-0.23892,0.04587,0.01357,-0.32294,0.00436,-0.01766,0.65631,-0.13765,0.17439,-0.03287,0.15023,-0.02138,-0.01166,0.01861,0.09914,-0.01059,0.78841,-0.13602,0.25099,-0.25214,0.66261,-0.03625,-0.00678,0.34660,0.04522,0.00398,0.60110,-0.11154,0.12672,0.00991,-0.29562,-0.04142,-0.00609,0.37715,0.05121,0.00844,0.60653,-0.10953,0.22866,-0.01084,0.75539,-0.11264,-0.01122,-0.17595,0.10477,0.01810,0.55775,-0.09211,0.14214,-0.02293,-0.24254,-0.03035,-0.00697,-0.28842,0.02902,0.00400,0.60216,-0.11011,0.21180,-0.00454,0.14984,-0.03181,-0.00465,0.04257,0.03683,0.00529,0.72657,-0.10715,0.23902,-0.00273
11.3000,1130,5,11.3012,51.31,0.67124,0.00642,0.02145,0.30748,0.12580,-0.03012,0.67573,-0.14292,0.14175,0.03374,-0.27454,-0.06157,0.01150,0.34220,0.04820,-0.02635,0.66394,-0.14036,0.25501,0.00639,0.79059,0.01773,0.00906,-0.25990,0.09740,0.00226,0.58588,-0.10800,0.28645,-0.03577,-0.23892,0.04587,0.01357,-0.32294,0.00436,-0.01766,0.65631,-0.13765,0.17439,-0.03287,0.15023,-0.02138,-0.01166,0.01861,0.09914,-0.01059,0.78841,-0.13602,0.25099,-0.25214,0.66072,-0.03954,-0.00662,0.34881,0.04321,0.00424,0.59561,-0.10802,0.12722,0.01028,-0.29776,-0.04431,-0.00572,0.37961,0.04705,0.00852,0.60114,-0.10582,0.22811,-0.01116,0.74963,-0.11792,-0.01033,-0.17093,0.09581,0.01842,0.55329,-0.08642,0.14100,-0.02265,-0.24415,-0.03373,-0.00680,-0.28702,0.02706,0.00401,0.59674,-0.10684,0.21158,-0.00447,0.14819,-0.03405,-0.00450,0.04435,0.03422,0.00538,0.72128,-0.10415,0.23888,-0.00281
11.3500,1135,5,11.3493,48.13,0.67280,-0.00612,0.03070,0.31727,0.10879,0.01040,0.65880,-0.16235,0.14312,-0.02397,-0.28160,-0.07926,0.00925,0.34803,0.07268,-0.01718,0.65043,-0.11421,0.26444,0.15067,0.79036,-0.00214,0.00906,-0.24665,0.11284,0.00226,0.57233,-0.11135,0.28645,-0.03577,-0.23598,0.02041,0.01151,-0.31617,0.05516,-0.02223,0.64268,-0.11803,0.16917,-0.05759,0.14149,-0.01666,-0.01305,0.02447,0.10453,0.00209,0.78035,-0.11305,0.22762,-0.21048,0.65866,-0.04274,-0.00647,0.35092,0.04107,0.00449,0.59029,-0.10450,0.12774,0.01058,-0.30005,-0.04702,-0.00533,0.38186,0.04287,0.00854,0.59595,-0.10208,0.22755,-0.01142,0.74361,-0.12277,-0.00943,-0.16637,0.08671,0.01865,0.54911,-0.08082,0.13987,-0.02239,-0.24592,-0.03702,-0.00664,-0.28572,0.02509,0.00402,0.59148,-0.10352,0.21136,-0.00441,0.14644,-0.03622,-0.00435,0.04600,0.03156,0.00545,0.71615,-0.10110,0.23874,-0.00289
11.4000,1140,5,11.3993,49.93,0.67280,-0.00612,0.03070,0.31727,0.10879,0.01040,0.65880,-0.16235,0.14312,-0.02397,-0.28160,-0.07926,0.00925,0.34803,0.07268,-0.01718,0.65043,-0.11421,0.26444,0.15067,0.79036,-0.00214,0.01054,-0.24665,0.11284,-0.00909,0.57233,-0.11135,0.28097,-0.09406,-0.23598,0.02041,0.01151,-0.31617,0.05516,-0.02223,0.64268,-0.11803,0.16917,-0.05759,0.14149,-0.01666,-0.01305,0.02447,0.10453,0.00209,0.78035,-0.11305,0.22762,-0.21048,0.65644,-0.04588,-0.00632,0.35292,0.03880,0.00474,0.58516,-0.10094,0.12828,0.01082,-0.30246,-0.04954,-0.00494,0.38389,0.03868,0.00852,0.59094,-0.09839,0.22697,-0.01162,0.73736,-0.12717,-0.00852,-0.16226,0.07753,0.01879,0.54520,-0.07546,0.13876,-0.02212,-0.24785,-0.04024,-0.00647,-0.28451,0.02312,0.00403,0.58639,-0.10014,0.21114,-0.00435,0.14457,-0.03832,-0.00419,0.04751,0.02887,0.00551,0.71117,-0.09803,0.23859,-0.00295
11.4500,1145,5,11.4495,50.28,0.66713,-0.03151,0.01005,0.31831,0.06170,0.01073,0.63647,-0.17325,0.13453,-0.12671,-0.29082,-0.08339,-0.01950,0.35571,0.08481,0.00431,0.64043,-0.08013,0.27416,0.06445,0.78945,-0.01552,0.01054,-0.24284,0.06595,-0.00909,0.56310,-0.08412,0.28097,-0.09406,-0.23409,0.00871,0.01796,-0.31087,0.05916,0.00337,0.63164,-0.10879,0.16099,-0.01729,0.14146,-0.00266,-0.00518,0.03368,0.10194,0.01278,0.76917,-0.10178,0.21515,-0.09696,0.65407,-0.04895,-0.00618,0.35480,0.03641,0.00499,0.58020,-0.09730,0.12883,0.01100,-0.30500,-0.05187,-0.00453,0.38572,0.03451,0.00846,0.58611,-0.09489,0.22639,-0.01177,0.73090,-0.13113,-0.00760,-0.15862,0.06830,0.01885,0.54155,-0.07055,0.13766,-0.02187,-0.24994,-0.04337,-0.00630,-0.28341,0.02114,0.00404,0.58146,-0.09673,0.21092,-0.00429,0.14261,-0.04033,-0.00403,0.04888,0.02616,0.00556,0.70635,-0.09497,0.23844,-0.00300
11.5000,1150,5,11.5025,52.98,0.66713,-0.03151,0.01005,0.31831,0.06170,0.01073,0.63647,-0.17325,0.13453,-0.12671,-0.29082,-0.08339,-0.01950,0.35571,0.08481,0.00431,0.64043,-0.08013,0.27416,0.06445,0.78945,-0.01552,0.03090,-0.24284,0.06595,-0.00101,0.56310,-0.08412,0.26608,-0.16334,-0.23409,0.00871,0.01796,-0.31087,0.05916,0.00337,0.63164,-0.10879,0.16099,-0.01729,0.14146,-0.00266,-0.00518,0.03368,0.10194,0.01278,0.76917,-0.10178,0.21515,-0.09696,0.65155,-0.05195,-0.00604,0.35656,0.03391,0.00519,0.57543,-0.09353,0.12938,0.01114,-0.30765,-0.05399,-0.00413,0.38735,0.03038,0.00841,0.58144,-0.09171,0.22580,-0.01189,0.72425,-0.13463,-0.00669,-0.15543,0.05904,0.01889,0.53814,-0.06626,0.13657,-0.02162,-0.25218,-0.04642,-0.00613,-0.28240,0.01916,0.00405,0.57671,-0.09328,0.21071,-0.00424,0.14054,-0.04227,-0.00387,0.05012,0.02342,0.00559,0.70168,-0.09193,0.23829,-0.00305
11.5500,1155,5,11.5507,48.13,0.66354,-0.03550,0.00129,0.32215,0.04587,0.00953,0.61979,-0.15318,0.12626,-0.01361,-0.29940,-0.06416,-0.03502,0.36257,0.08646,-0.00351,0.63060,-0.08724,0.27089,-0.08027,0.78511,-0.05435,0.03090,-0.23413,0.07615,-0.00101,0.55339,-0.09819,0.26608,-0.16334,-0.23203,0.00921,0.02063,-0.31163,0.01092,0.01082,0.61927,-0.11059,0.16054,-0.01071,0.14314,0.01068,0.00574,0.04533,0.09912,0.01730,0.75829,-0.10114,0.20553,-0.12133,0.64888,-0.05487,-0.00589,0.35819,0.03133,0.00534,0.57085,-0.08972,0.12994,0.01124,-0.31040,-0.05592,-0.00373,0.38876,0.02626,0.00839,0.57693,-0.08875,0.22520,-0.01197,0.71744,-0.13769,-0.00581,-0.15271,0.04976,0.01895,0.53492,-0.06246,0.13550,-0.02137,-0.25458,-0.04938,-0.00596,-0.28149,0.01717,0.00405,0.57214,-0.08982,0.21050,-0.00418,0.13838,-0.04413,-0.00371,0.05122,0.02068,0.00561,0.69716,-0.08891,0.23814,-0.00309
11.6000,1160,5,11.5998,49.14,0.66354,-0.03550,0.00129,0.32215,0.04587,0.00953,0.61979,-0.15318,0.12626,-0.01361,-0.29940,-0.06416,-0.03502,0.36257,0.08646,-0.00351,0.63060,-0.08724,0.27089,-0.08027,0.78511,-0.05435,0.03032,-0.23413,0.07615,-0.03071,0.55339,-0.09819,0.24769,-0.20842,-0.23203,0.00921,0.02063,-0.31163,0.01092,0.01082,0.61927,-0.11059,0.16054,-0.01071,0.14314,0.01068,0.00574,0.04533,0.09912,0.01730,0.75829,-0.10114,0.20553,-0.12133,0.64607,-0.05772,-0.00574,0.35969,0.02868,0.00543,0.56646,-0.08593,0.13050,0.01130,-0.31324,-0.05765,-0.00334,0.38997,0.02214,0.00841,0.57257,-0.08588,0.22460,-0.01202,0.71049,-0.14033,-0.00494,-0.15046,0.04044,0.01905,0.53188,-0.05896,0.13443,-0.02113,-0.25712,-0.05226,-0.00579,-0.28068,0.01518,0.00405,0.56773,-0.08636,0.21029,-0.00413,0.13613,-0.04591,-0.00355,0.05219,0.01792,0.00562,0.69279,-0.08592,0.23798,-0.00312
11.6500,1165,5,11.6494,49.57,0.65806,-0.04360,-0.00394,0.33221,0.05856,0.00521,0.60714,-0.12880,0.12914,0.04986,-0.30402,-0.03163,-0.02662,0.36952,0.08506,0.00693,0.61756,-0.12175,0.26069,-0.11091,0.77660,-0.09961,0.03032,-0.22582,0.09748,-0.03071,0.54157,-0.11040,0.24769,-0.20842,-0.23264,-0.01203,0.01497,-0.31017,0.00736,-0.00652,0.60939,-0.08660,0.15899,-0.02397,0.14427,0.00595,0.01181,0.05351,0.07165,0.02880,0.74773,-0.10370,0.19747,-0.06748,0.64311,-0.06050,-0.00560,0.36106,0.02601,0.00549,0.56225,-0.08222,0.13107,0.01133,-0.31616,-0.05920,-0.00296,0.39098,0.01801,0.00842,0.56834,-0.08302,0.22400,-0.01204,0.70342,-0.14254,-0.00408,-0.14867,0.03108,0.01911,0.52902,-0.05564,0.13338,-0.02089,-0.25980,-0.05505,-0.00561,-0.27997,0.01320,0.00405,0.56350,-0.08292,0.21008,-0.00408,0.13379,-0.04761,-0.00338,0.05302,0.01516,0.00562,0.68856,-0.08295,0.23783,-0.00315
11.7000,1170,5,11.7022,52.87,0.65806,-0.04360,-0.00394,0.33221,0.05856,0.00521,0.60714,-0.12880,0.12914,0.04986,-0.30402,-0.03163,-0.02662,0.36952,0.08506,0.00693,0.61756,-0.12175,0.26069,-0.11091,0.77660,-0.09961,0.03705,-0.22582,0.09748,-0.03642,0.54157,-0.11040,0.22955,-0.13323,-0.23264,-0.01203,0.01497,-0.31017,0.00736,-0.00652,0.60939,-0.08660,0.15899,-0.02397,0.14427,0.00595,0.01181,0.05351,0.07165,0.02880,0.74773,-0.10370,0.19747,-0.06748,0.64002,-0.06321,-0.00545,0.36229,0.02330,0.00554,0.55823,-0.07859,0.13164,0.01134,-0.31915,-0.06056,-0.00258,0.39177,0.01388,0.00840,0.56426,-0.08016,0.22340,-0.01204,0.69624,-0.14434,-0.00325,-0.14735,0.02171,0.01910,0.52632,-0.05241,0.13234,-0.02066,-0.26262,-0.05776,-0.00544,-0.27936,0.01121,0.00405,0.55944,-0.07950,0.20988,-0.00403,0.13137,-0.04923,-0.00322,0.05371,0.01241,0.00561,0.68449,-0.08001,0.23767,-0.00317
11.7500,1175,5,11.7496,47.34,0.65390,-0.03347,-0.01395,0.33658,0.04658,0.01360,0.59680,-0.09380,0.13029,0.00014,-0.30826,-0.02340,-0.00484,0.37854,0.08861,0.02605,0.60791,-0.11751,0.25388,0.02494,0.76562,-0.12588,0.03705,-0.22283,0.09039,-0.03642,0.53329,-0.09583,0.22955,-0.13323,-0.23581,-0.03167,0.01723,-0.31309,-0.00344,-0.02208,0.59772,-0.10629,0.15559,-0.00414,0.14813,0.02245,0.00773,0.05109,-0.01194,0.04198,0.73468,-0.11923,0.19129,-0.01354,0.63679,-0.06585,-0.00531,0.36339,0.02057,0.00558,0.55439,-0.07505,0.13220,0.01133,-0.32221,-0.06173,-0.00221,0.39236,0.00977,0.00836,0.56033,-0.07729,0.22280,-0.01202,0.68899,-0.14573,-0.00244,-0.14650,0.01235,0.01904,0.52378,-0.04927,0.13132,-0.02043,-0.26558,-0.06039,-0.00526,-0.27885,0.00923,0.00404,0.55555,-0.07612,0.20968,-0.00398,0.12887,-0.05077,-0.00306,0.05426,0.00966,0.00558,0.68056,-0.07707,0.23751,-0.00319
11.8000,1180,5,11.8011,51.51,0.65390,-0.03347,-0.01395,0.33658,0.04658,0.01360,0.59680,-0.09380,0.13029,0.00014,-0.30826,-0.02340,-0.00484,0.37854,0.08861,0.02605,0.60791,-0.11751,0.25388,0.02494,0.76562,-0.12588,0.02018,-0.22283,0.09039,-0.03639,0.53329,-0.09583,0.21645,-0.10953,-0.23581,-0.03167,0.01723,-0.31309,-0.00344,-0.02208,0.59772,-0.10629,0.15559,-0.00414,0.14813,0.02245,0.00773,0.05109,-0.01194,0.04198,0.73468,-0.11923,0.19129,-0.01354,0.63343,-0.06842,-0.00516,0.36435,0.01783,0.00561,0.55073,-0.07158,0.13277,0.01130,-0.32532,-0.06272,-0.00185,0.39275,0.00569,0.00828,0.55653,-0.07439,0.22220,-0.01198,0.68168,-0.14674,-0.00166,-0.14611,0.00305,0.01890,0.52139,-0.04617,0.13030,-0.02020,-0.26866,-0.06293,-0.00509,-0.27844,0.00725,0.00402,0.55183,-0.07279,0.20948,-0.00393,0.12629,-0.05224,-0.00291,0.05467,0.00694,0.00554,0.67678,-0.07415,0.23735,-0.00320
11.8500,1185,5,11.8495,48.44,0.65582,-0.00382,-0.00804,0.33649,0.01612,0.00556,0.58820,-0.07491,0.13350,0.06399,-0.31103,-0.01695,0.00074,0.38551,0.06232,0.01781,0.59555,-0.12371,0.25098,-0.17376,0.75221,-0.14921,0.02018,-0.21221,0.11919,-0.03639,0.52675,-0.06014,0.21645,-0.10953,-0.23950,-0.04088,0.00320,-0.31304,0.00574,-0.02131,0.58618,-0.11425,0.15690,0.02775,0.14899,0.01001,0.01531,0.05313,-0.01920,0.01462,0.72362,-0.12058,0.19434,-0.00810,0.62995,-0.07092,-0.00502,0.36517,0.01507,0.00563,0.54723,-0.06820,0.13333,0.01125,-0.32848,-0.06354,-0.00150,0.39293,0.00166,0.00817,0.55289,-0.07148,0.22160,-0.01193,0.67432,-0.14737,-0.00092,-0.14619,-0.00618,0.01870,0.51916,-0.04310,0.12930,-0.01998,-0.27187,-0.06538,-0.00491,-0.27813,0.00528,0.00400,0.54827,-0.06951,0.20929,-0.00389,0.12365,-0.05362,-0.00275,0.05495,0.00423,0.00549,0.67315,-0.07124,0.23719,-0.00322
11.9000,1190,5,11.9022,52.63,0.65582,-0.00382,-0.00804,0.33649,0.01612,0.00556,0.58820,-0.07491,0.13350,0.06399,-0.31103,-0.01695,0.00074,0.38551,0.06232,0.01781,0.59555,-0.12371,0.25098,-0.17376,0.75221,-0.14921,0.01187,-0.21221,0.11919,-0.02558,0.52675,-0.06014,0.19944,-0.20759,-0.23950,-0.04088,0.00320,-0.31304,0.00574,-0.02131,0.58618,-0.11425,0.15690,0.02775,0.14899,0.01001,0.01531,0.05313,-0.01920,0.01462,0.72362,-0.12058,0.19434,-0.00810,0.62634,-0.07334,-0.00487,0.36585,0.01231,0.00564,0.54391,-0.06490,0.13389,0.01118,-0.33167,-0.06420,-0.00117,0.39292,-0.00232,0.00803,0.54939,-0.06854,0.22100,-0.01187,0.66694,-0.14765,-0.00022,-0.14673,-0.01529,0.01844,0.51708,-0.04005,0.12830,-0.01976,-0.27520,-0.06775,-0.00474,-0.27791,0.00333,0.00398,0.54487,-0.06629,0.20909,-0.00384,0.12093,-0.05494,-0.00260,0.05510,0.00155,0.00543,0.66966,-0.06835,0.23703,-0.00322
11.9500,1195,5,11.9509,48.73,0.65537,-0.00555,0.00684,0.34085,0.02825,-0.00826,0.58146,-0.06641,0.14097,0.08960,-0.31228,-0.01282,-0.00238,0.38773,0.02983,0.01643,0.57941,-0.13201,0.22506,-0.33697,0.73680,-0.15561,0.01187,-0.19914,0.14179,-0.02558,0.52233,-0.02335,0.19944,-0.20759,-0.24410,-0.05035,0.00398,-0.30418,0.04797,-0.00812,0.57347,-0.11233,0.16299,0.05877,0.15006,0.00200,0.00890,0.04734,-0.04002,0.00895,0.71002,-0.13890,0.19421,0.01484,0.62262,-0.07569,-0.00472,0.36640,0.00954,0.00565,0.54074,-0.06167,0.13445,0.01111,-0.33490,-0.06470,-0.00087,0.39270,-0.00622,0.00786,0.54603,-0.06560,0.22041,-0.01179,0.65956,-0.14759,0.00043,-0.14772,-0.02426,0.01811,0.51515,-0.03702,0.12732,-0.01955,-0.27864,-0.07003,-0.00456,-0.27779,0.00138,0.00395,0.54164,-0.06314,0.20890,-0.00380,0.11815,-0.05618,-0.00245,0.05511,-0.00110,0.00536,0.66631,-0.06547,0.23687,-0.00323
12.0000,1200,6,11.9994,48.51,0.65537,-0.00555,0.00684,0.34085,0.02825,-0.00826,0.58146,-0.06641,0.14097,0.08960,-0.31228,-0.01282,-0.00238,0.38773,0.02983,0.01643,0.57941,-0.13201,0.22506,-0.33697,0.73680,-0.15561,-0.00466,-0.19914,0.14179,-0.01718,0.52233,-0.02335,0.18078,-0.11435,-0.24410,-0.05035,0.00398,-0.30418,0.04797,-0.00812,0.57347,-0.11233,0.16299,0.05877,0.15006,0.00200,0.00890,0.04734,-0.04002,0.00895,0.71002,-0.13890,0.19421,0.01484,0.65537,-0.00555,0.00684,0.34085,0.02825,-0.00826,0.58146,-0.06641,0.14097,0.08960,-0.31228,-0.01282,-0.00238,0.38773,0.02983,0.01643,0.57941,-0.13201,0.22506,-0.33697,0.73680,-0.15561,-0.00466,-0.19914,0.14179,-0.01718,0.52233,-0.02335,0.18078,-0.11435,-0.24410,-0.05035,0.00398,-0.30418,0.04797,-0.00812,0.57347,-0.11233,0.16299,0.05877,0.15006,0.00200,0.00890,0.04734,-0.04002,0.00895,0.71002,-0.13890,0.19421,0.01484
12.0500,1205,6,12.0504,51.02,0.65521,-0.01712,0.02655,0.34263,0.03124,-0.01350,0.57400,-0.06207,0.15259,0.13559,-0.31494,-0.02301,0.00543,0.39177,0.03392,0.00253,0.56998,-0.08460,0.20027,-0.09954,0.72240,-0.15538,-0.00466,-0.17513,0.19372,-0.01718,0.51353,-0.03268,0.18078,-0.11435,-0.24875,-0.05104,-0.00421,-0.29740,0.06108,-0.01013,0.56134,-0.11149,0.17583,0.24300,0.15012,-0.00342,0.01060,0.04343,-0.04457,0.00364,0.69549,-0.14946,0.19731,0.05080,0.65514,-0.00431,-0.00121,0.34235,0.03177,-0.00610,0.57792,-0.07460,0.14515,0.07784,-0.31295,-0.01410,-0.00276,0.38900,0.02101,0.01920,0.57309,-0.12129,0.20931,-0.29410,0.72896,-0.15782,-0.00431,-0.19194,0.14426,0.00547,0.52127,-0.01940,0.17540,-0.10097,-0.24658,-0.04906,0.00146,-0.30170,0.05053,-0.00268,0.56810,-0.10267,0.16573,0.05130,0.15024,0.00476,0.00278,0.04525,-0.04353,0.00562,0.70326,-0.13152,0.19488,0.01191
12.1000,1210,6,12.0994,48.98,0.65521,-0.01712,0.02655,0.34263,0.03124,-0.01350,0.57400,-0.06207,0.15259,0.13559,-0.31494,-0.02301,0.00543,0.39177,0.03392,0.00253,0.56998,-0.08460,0.20027,-0.09954,0.72240,-0.15538,-0.00158,-0.17513,0.19372,-0.00953,0.51353,-0.03268,0.17071,-0.01510,-0.24875,-0.05104,-0.00421,-0.29740,0.06108,-0.01013,0.56134,-0.11149,0.17583,0.24300,0.15012,-0.00342,0.01060,0.04343,-0.04457,0.00364,0.69549,-0.14946,0.19731,0.05080,0.65488,-0.00628,-0.00644,0.34401,0.03425,-0.00404,0.57407,-0.07873,0.14878,0.06761,-0.31369,-0.01550,-0.00296,0.38981,0.01128,0.02024,0.56725,-0.11261,0.19556,-0.25667,0.72102,-0.15981,-0.00378,-0.18486,0.13776,0.01991,0.52037,-0.01692,0.17065,-0.08931,-0.24903,-0.04881,-0.00033,-0.29916,0.05089,0.00097,0.56317,-0.09474,0.16813,0.04477,0.15050,0.00506,-0.00129,0.04301,-0.04572,0.00348,0.69687,-0.12428,0.19541,0.00939
12.1500,1215,6,12.1498,50.36,0.65323,-0.04088,0.01963,0.34478,0.04464,-0.01218,0.56707,-0.06566,0.16443,0.05765,-0.31740,-0.02180,0.00531,0.39432,0.03228,-0.00071,0.55936,-0.10055,0.19505,0.01219,0.70895,-0.11898,-0.00158,-0.15934,0.15608,-0.00953,0.50669,-0.06566,0.17071,-0.01510,-0.25328,-0.03994,-0.01815,-0.29022,0.06905,0.02244,0.55031,-0.09011,0.19142,0.11301,0.14974,-0.01802,0.01432,0.04019,-0.03022,-0.02255,0.68086,-0.13373,0.19577,-0.12985,0.65447,-0.01030,-0.00972,0.34576,0.03576,-0.00214,0.57009,-0.08020,0.15194,0.05871,-0.31450,-0.01698,-0.00305,0.39013,0.00134,0.02014,0.56181,-0.10520,0.18356,-0.22399,0.71299,-0.16151,-0.00317,-0.17826,0.12563,0.02876,0.51957,-0.01522,0.16645,-0.07915,-0.25148,-0.04930,-0.00162,-0.29664,0.04978,0.00340,0.55861,-0.08805,0.17022,0.03905,0.15072,0.00372,-0.00396,0.04069,-0.04707,0.00212,0.69083,-0.11727,0.19582,0.00720
12.2000,1220,6,12.1993,49.53,0.65323,-0.04088,0.01963,0.34478,0.04464,-0.01218,0.56707,-0.06566,0.16443,0.05765,-0.31740,-0.02180,0.00531,0.39432,0.03228,-0.00071,0.55936,-0.10055,0.19505,0.01219,0.70895,-0.11898,-0.04148,-0.15934,0.15608,0.06803,0.50669,-0.06566,0.18123,0.05624,-0.25328,-0.03994,-0.01815,-0.29022,0.06905,0.02244,0.55031,-0.09011,0.19142,0.11301,0.14974,-0.01802,0.01432,0.04019,-0.03022,-0.02255,0.68086,-0.13373,0.19577,-0.12985,0.65383,-0.01560,-0.01168,0.34757,0.03637,-0.00040,0.56608,-0.07993,0.15467,0.05097,-0.31539,-0.01849,-0.00307,0.38995,-0.00837,0.01934,0.55672,-0.09858,0.17309,-0.19545,0.70487,-0.16291,-0.00253,-0.17236,0.11016,0.03381,0.51884,-0.01391,0.16272,-0.07030,-0.25397,-0.05033,-0.00253,-0.29420,0.04769,0.00500,0.55435,-0.08227,0.17205,0.03405,0.15085,0.00133,-0.00566,0.03831,-0.04789,0.00129,0.68514,-0.11053,0.19613,0.00532
12.2500,1225,6,12.2493,50.04,0.64918,-0.04414,-0.00441,0.34605,0.03240,0.00303,0.56002,-0.05405,0.16904,0.08256,-0.32021,-0.02738,-0.01027,0.39705,0.02392,0.00862,0.54934,-0.08026,0.19921,-0.03320,0.69999,-0.06489,-0.04148,-0.15072,0.07067,0.06803,0.50334,-0.01608,0.18123,0.05624,-0.25133,0.00360,-0.01469,-0.28438,0.03374,0.03017,0.54421,-0.05626,0.20489,0.20359,0.14912,-0.01394,-0.01559,0.03483,-0.02237,-0.00925,0.66917,-0.09488,0.17687,-0.14789,0.65290,-0.02161,-0.01272,0.34939,0.03618,0.00115,0.56211,-0.07851,0.15705,0.04424,-0.31635,-0.01999,-0.00307,0.38930,-0.01756,0.01811,0.55194,-0.09249,0.16396,-0.17054,0.69670,-0.16400,-0.00191,-0.16728,0.09288,0.03632,0.51818,-0.01277,0.15940,-0.06258,-0.25652,-0.05174,-0.00319,-0.29188,0.04497,0.00602,0.55037,-0.07715,0.17364,0.02967,0.15085,-0.00173,-0.00670,0.03590,-0.04839,0.00080,0.67977,-0.10406,0.19636,0.00369
12.3000,1230,6,12.2992,49.86,0.64918,-0.04414,-0.00441,0.34605,0.03240,0.00303,0.56002,-0.05405,0.16904,0.08256,-0.32021,-0.02738,-0.01027,0.39705,0.02392,0.00862,0.54934,-0.08026,0.19921,-0.03320,0.69999,-0.06489,-0.03174,-0.15072,0.07067,0.06477,0.50334,-0.01608,0.18686,0.07816,-0.25133,0.00360,-0.01469,-0.28438,0.03374,0.03017,0.54421,-0.05626,0.20489,0.20359,0.14912,-0.01394,-0.01559,0.03483,-0.02237,-0.00925,0.66917,-0.09488,0.17687,-0.14789,0.65166,-0.02797,-0.01313,0.35117,0.03527,0.00253,0.55824,-0.07636,0.15911,0.03838,-0.31738,-0.02150,-0.00307,0.38821,-0.02609,0.01665,0.54746,-0.08676,0.15599,-0.14879,0.68848,-0.16479,-0.00134,-0.16308,0.07481,0.03712,0.51756,-0.01169,0.15644,-0.05584,-0.25914,-0.05343,-0.00366,-0.28971,0.04184,0.00666,0.54663,-0.07254,0.17502,0.02583,0.15067,-0.00517,-0.00729,0.03348,-0.04871,0.00053,0.67473,-0.09786,0.19650,0.00229
12.3500,1235,6,12.3493,50.15,0.64670,-0.03653,-0.00379,0.35439,0.07055,-0.00223,0.55372,-0.04363,0.17756,0.05166,-0.32218,-0.00775,-0.02644,0.40181,0.02553,0.03071,0.54693,-0.01587,0.19197,-0.13100,0.69619,-0.02355,-0.03174,-0.14563,0.01810,0.06477,0.50563,0.02386,0.18686,0.07816,-0.25086,0.01326,0.00395,-0.28148,0.01429,0.01304,0.53954,-0.02842,0.22165,0.13502,0.14869,-0.00939,0.01388,0.03318,0.00687,-0.03698,0.66281,-0.02771,0.16831,-0.09901,0.65010,-0.03442,-0.01312,0.35290,0.03373,0.00373,0.55449,-0.07373,0.16090,0.03328,-0.31850,-0.02301,-0.00308,0.38670,-0.03388,0.01508,0.54326,-0.08132,0.14903,-0.12979,0.68022,-0.16533,-0.00084,-0.15980,0.05665,0.03680,0.51701,-0.01065,0.15380,-0.04997,-0.26186,-0.05531,-0.00399,-0.28770,0.03848,0.00702,0.54311,-0.06832,0.17623,0.02248,0.15032,-0.00883,-0.00758,0.03103,-0.04893,0.00040,0.66998,-0.09194,0.19659,0.00109
12.4000,1240,6,12.3993,49.94,0.64670,-0.03653,-0.00379,0.35439,0.07055,-0.00223,0.55372,-0.04363,0.17756,0.05166,-0.32218,-0.00775,-0.02644,0.40181,0.02553,0.03071,0.54693,-0.01587,0.19197,-0.13100,0.69619,-0.02355,-0.01945,-0.14563,0.01810,0.05830,0.50563,0.02386,0.20445,0.19185,-0.25086,0.01326,0.00395,-0.28148,0.01429,0.01304,0.53954,-0.02842,0.22165,0.13502,0.14869,-0.00939,0.01388,0.03318,0.00687,-0.03698,0.66281,-0.02771,0.16831,-0.09901,0.64822,-0.04079,-0.01282,0.35454,0.03164,0.00476,0.55087,-0.07083,0.16245,0.02885,-0.31969,-0.02453,-0.00312,0.38483,-0.04088,0.01349,0.53933,-0.07614,0.14297,-0.11321,0.67195,-0.16563,-0.00043,-0.15741,0.03883,0.03575,0.51650,-0.00966,0.15143,-0.04485,-0.26468,-0.05732,-0.00421,-0.28586,0.03498,0.00721,0.53979,-0.06440,0.17728,0.01954,0.14979,-0.01257,-0.00766,0.02858,-0.04911,0.00035,0.66553,-0.08629,0.19662,0.00005
12.4500,1245,6,12.4495,50.23,0.64424,-0.02514,-0.01087,0.35901,0.06545,0.01508,0.54797,-0.04838,0.17555,-0.09624,-0.32230,0.01817,-0.00968,0.40271,0.00167,0.03598,0.54724,0.00542,0.17411,-0.18997,0.69648,-0.00193,-0.01945,-0.14322,-0.01550,0.05830,0.50820,0.01044,0.20445,0.19185,-0.25120,0.00763,-0.00664,-0.28034,0.00225,0.00856,0.53783,0.00460,0.23217,0.03863,0.14695,-0.02409,0.00134,0.03395,0.03003,-0.01355,0.66336,0.03733,0.15753,0.00298,0.64603,-0.04696,-0.01232,0.35606,0.02909,0.00563,0.54741,-0.06774,0.16379,0.02499,-0.32095,-0.02608,-0.00320,0.38263,-0.04712,0.01193,0.53564,-0.07124,0.13768,-0.09873,0.66366,-0.16576,-0.00011,-0.15590,0.02165,0.03425,0.51604,-0.00879,0.14930,-0.04038,-0.26760,-0.05943,-0.00436,-0.28420,0.03143,0.00727,0.53666,-0.06073,0.17819,0.01698,0.14907,-0.01632,-0.00760,0.02612,-0.04928,0.00034,0.66135,-0.08091,0.19660,-0.00084
12.5000,1250,6,12.5009,51.41,0.64424,-0.02514,-0.01087,0.35901,0.06545,0.01508,0.54797,-0.04838,0.17555,-0.09624,-0.32230,0.01817,-0.00968,0.40271,0.00167,0.03598,0.54724,0.00542,0.17411,-0.18997,0.69648,-0.00193,-0.00352,-0.14322,-0.01550,0.04159,0.50820,0.01044,0.21618,0.05247,-0.25120,0.00763,-0.00664,-0.28034,0.00225,0.00856,0.53783,0.00460,0.23217,0.03863,0.14695,-0.02409,0.00134,0.03395,0.03003,-0.01355,0.66336,0.03733,0.15753,0.00298,0.64353,-0.05286,-0.01170,0.35744,0.02614,0.00635,0.54410,-0.06453,0.16496,0.02164,-0.32229,-0.02767,-0.00330,0.38013,-0.05260,0.01044,0.53220,-0.06664,0.13306,-0.08609,0.65538,-0.16575,0.00013,-0.15523,0.00528,0.03248,0.51562,-0.00812,0.14738,-0.03648,-0.27062,-0.06159,-0.00445,-0.28272,0.02786,0.00725,0.53372,-0.05726,0.17898,0.01473,0.14816,-0.02001,-0.00745,0.02366,-0.04945,0.00036,0.65743,-0.07577,0.19653,-0.00161
12.5500,1255,6,12.5506,49.68,0.64402,-0.00088,-0.02189,0.36130,0.04452,0.02509,0.54106,-0.05499,0.16307,-0.15824,-0.32075,0.02635,0.00011,0.39943,-0.03936,0.03458,0.54471,-0.01825,0.14876,-0.28325,0.69857,0.00320,-0.00352,-0.14338,-0.03511,0.04159,0.50900,-0.02142,0.21618,0.05247,-0.25332,-0.00653,-0.00033,-0.27721,0.01816,0.00258,0.53932,0.02249,0.23346,-0.01123,0.14372,-0.02772,-0.00938,0.03705,0.03357,-0.00442,0.66872,0.06679,0.16791,0.13533,0.64075,-0.05843,-0.01102,0.35867,0.02288,0.00693,0.54095,-0.06127,0.16597,0.01872,-0.32372,-0.02931,-0.00339,0.37738,-0.05738,0.00906,0.52897,-0.06234,0.12904,-0.07505,0.64709,-0.16563,0.00034,-0.15536,-0.01020,0.03060,0.51522,-0.00766,0.14565,-0.03307,-0.27376,-0.06379,-0.00449,-0.28142,0.02432,0.00717,0.53094,-0.05396,0.17967,0.01276,0.14707,-0.02362,-0.00725,0.02118,-0.04963,0.00038,0.65377,-0.07089,0.19644,-0.00226
12.6000,1260,6,12.6011,50.50,0.64402,-0.00088,-0.02189,0.36130,0.04452,0.02509,0.54106,-0.05499,0.16307,-0.15824,-0.32075,0.02635,0.00011,0.39943,-0.03936,0.03458,0.54471,-0.01825,0.14876,-0.28325,0.69857,0.00320,0.02489,-0.14338,-0.03511,0.01148,0.50900,-0.02142,0.21282,-0.04137,-0.25332,-0.00653,-0.00033,-0.27721,0.01816,0.00258,0.53932,0.02249,0.23346,-0.01123,0.14372,-0.02772,-0.00938,0.03705,0.03357,-0.00442,0.66872,0.06679,0.16791,0.13533,0.63769,-0.06367,-0.01033,0.35972,0.01937,0.00736,0.53797,-0.05801,0.16684,0.01618,-0.32523,-0.03099,-0.00346,0.37441,-0.06150,0.00779,0.52596,-0.05828,0.12554,-0.06541,0.63881,-0.16542,0.00054,-0.15624,-0.02474,0.02869,0.51485,-0.00736,0.14407,-0.03009,-0.27700,-0.06599,-0.00449,-0.28029,0.02084,0.00705,0.52832,-0.05081,0.18026,0.01104,0.14580,-0.02711,-0.00701,0.01869,-0.04981,0.00039,0.65034,-0.06624,0.19631,-0.00282
12.6500,1265,6,12.6502,49.08,0.64550,0.02729,-0.02133,0.36067,0.01175,0.01917,0.53451,-0.05314,0.14512,-0.18722,-0.32047,0.01715,0.00220,0.39373,-0.06697,0.02889,0.53918,-0.04531,0.11679,-0.32675,0.69928,-0.02744,0.02489,-0.14427,-0.02798,0.01148,0.50796,-0.04216,0.21282,-0.04137,-0.25544,-0.01553,0.00012,-0.27519,0.02328,0.00243,0.54097,0.01182,0.23021,-0.05660,0.14041,-0.01210,-0.02104,0.03721,0.00819,0.02798,0.67389,0.03148,0.17846,0.02242,0.63439,-0.06856,-0.00964,0.36060,0.01568,0.00766,0.53515,-0.05481,0.16759,0.01397,-0.32682,-0.03270,-0.00351,0.37124,-0.06503,0.00663,0.52314,-0.05443,0.12248,-0.05700,0.63055,-0.16511,0.00072,-0.15782,-0.03834,0.02679,0.51448,-0.00716,0.14263,-0.02749,-0.28035,-0.06818,-0.00446,-0.27933,0.01741,0.00689,0.52585,-0.04779,0.18078,0.00954,0.14436,-0.03049,-0.00675,0.01620,-0.05001,0.00040,0.64714,-0.06181,0.19616,-0.00330
12.7000,1270,6,12.6995,49.28,0.64550,0.02729,-0.02133,0.36067,0.01175,0.01917,0.53451,-0.05314,0.14512,-0.18722,-0.32047,0.01715,0.00220,0.39373,-0.06697,0.02889,0.53918,-0.04531,0.11679,-0.32675,0.69928,-0.02744,0.03713,-0.14427,-0.02798,-0.01015,0.50796,-0.04216,0.21013,-0.05351,-0.25544,-0.01553,0.00012,-0.27519,0.02328,0.00243,0.54097,0.01182,0.23021,-0.05660,0.14041,-0.01210,-0.02104,0.03721,0.00819,0.02798,0.67389,0.03148,0.17846,0.02242,0.63084,-0.07312,-0.00896,0.36129,0.01187,0.00786,0.53249,-0.05169,0.16824,0.01205,-0.32850,-0.03443,-0.00355,0.36791,-0.06803,0.00559,0.52051,-0.05075,0.11982,-0.04965,0.62230,-0.16471,0.00089,-0.16006,-0.05103,0.02494,0.51413,-0.00704,0.14132,-0.02521,-0.28382,-0.07036,-0.00440,-0.27854,0.01408,0.00672,0.52354,-0.04490,0.18122,0.00822,0.14275,-0.03374,-0.00648,0.01369,-0.05020,0.00039,0.64416,-0.05758,0.19598,-0.00371
12.7500,1275,6,12.7549,55.43,0.64943,0.04724,-0.00673,0.35791,-0.02023,0.01283,0.52743,-0.05469,0.12867,-0.16192,-0.32101,-0.01019,0.02458,0.38815,-0.07387,-0.00208,0.53461,-0.04506,0.08030,-0.38117,0.69700,-0.05467,0.01796,-0.14506,-0.02907,0.00325,0.50489,-0.06224,0.19618,-0.19142,-0.25850,-0.02688,0.01472,-0.26864,0.04080,-0.00901,0.53948,-0.03046,0.21910,-0.18384,0.13876,-0.00610,-0.00413,0.03746,-0.01297,0.01540,0.67388,-0.02351,0.17117,-0.14273,0.62708,-0.07736,-0.00831,0.36179,0.00799,0.00795,0.52998,-0.04867,0.16880,0.01037,-0.33026,-0.03618,-0.00357,0.36445,-0.07054,0.00466,0.51806,-0.04723,0.11750,-0.04323,0.61408,-0.16424,0.00104,-0.16291,-0.06282,0.02316,0.51378,-0.00698,0.14011,-0.02322,-0.28739,-0.07249,-0.00432,-0.27792,0.01082,0.00653,0.52136,-0.04212,0.18160,0.00707,0.14099,-0.03685,-0.00621,0.01118,-0.05039,0.00037,0.64138,-0.05354,0.19579,-0.00405
12.8000,1280,6,12.7994,44.54,0.64943,0.04724,-0.00673,0.35791,-0.02023,0.01283,0.52743,-0.05469,0.12867,-0.16192,-0.32101,-0.01019,0.02458,0.38815,-0.07387,-0.00208,0.53461,-0.04506,0.08030,-0.38117,0.69700,-0.05467,0.01796,-0.14506,-0.02907,0.00325,0.50489,-0.06224,0.19618,-0.19142,-0.25850,-0.02688,0.01472,-0.26864,0.04080,-0.00901,0.53948,-0.03046,0.21910,-0.18384,0.13876,-0.00610,-0.00413,0.03746,-0.01297,0.01540,0.67388,-0.02351,0.17117,-0.14273,0.62311,-0.08128,-0.00769,0.36209,0.00408,0.00796,0.52762,-0.04576,0.16928,0.00892,-0.33212,-0.03793,-0.00357,0.36087,-0.07261,0.00382,0.51579,-0.04385,0.11548,-0.03763,0.60588,-0.16369,0.00119,-0.16632,-0.07376,0.02146,0.51343,-0.00696,0.13899,-0.02147,-0.29107,-0.07459,-0.00422,-0.27746,0.00767,0.00633,0.51932,-0.03944,0.18193,0.00606,0.13907,-0.03983,-0.00594,0.00865,-0.05057,0.00034,0.63880,-0.04969,0.19558,-0.00434
12.8500,1285,6,12.8504,51.01,0.65283,0.03770,0.00957,0.35889,-0.00032,-0.00330,0.52220,-0.03961,0.11725,-0.07196,-0.32553,-0.03884,0.00676,0.38344,-0.04919,-0.01314,0.53534,-0.01932,0.05084,-0.14072,0.66222,-0.12639,0.01796,-0.17157,-0.05570,0.00325,0.47262,-0.05299,0.19618,-0.19142,-0.26141,-0.03370,0.01668,-0.27012,0.00199,0.02487,0.53349,-0.07122,0.19951,-0.15022,0.13860,0.01136,-0.02047,0.03312,-0.03048,0.01633,0.66709,-0.08816,0.16162,-0.03700,0.61896,-0.08490,-0.00709,0.36220,0.00019,0.00789,0.52540,-0.04295,0.16969,0.00765,-0.33406,-0.03968,-0.00356,0.35719,-0.07430,0.00308,0.51368,-0.04061,0.11373,-0.03274,0.59771,-0.16307,0.00133,-0.17027,-0.08389,0.01984,0.51308,-0.00697,0.13796,-0.01994,-0.29485,-0.07663,-0.00411,-0.27715,0.00462,0.00611,0.51742,-0.03687,0.18221,0.00518,0.13701,-0.04268,-0.00568,0.00612,-0.05072,0.00029,0.63641,-0.04600,0.19535,-0.00459
12.9000,1290,6,12.8995,49.05,0.65283,0.03770,0.00957,0.35889,-0.00032,-0.00330,0.52220,-0.03961,0.11725,-0.07196,-0.32553,-0.03884,0.00676,0.38344,-0.04919,-0.01314,0.53534,-0.01932,0.05084,-0.14072,0.66222,-0.12639,0.02201,-0.17157,-0.05570,-0.04432,0.47262,-0.05299,0.18285,-0.05123,-0.26141,-0.03370,0.01668,-0.27012,0.00199,0.02487,0.53349,-0.07122,0.19951,-0.15022,0.13860,0.01136,-0.02047,0.03312,-0.03048,0.01633,0.66709,-0.08816,0.16162,-0.03700,0.61463,-0.08824,-0.00653,0.36211,-0.00365,0.00775,0.52332,-0.04024,0.17005,0.00655,-0.33608,-0.04142,-0.00354,0.35344,-0.07565,0.00242,0.51173,-0.03749,0.11220,-0.02847,0.58958,-0.16239,0.00145,-0.17470,-0.09324,0.01829,0.51273,-0.00700,0.13699,-0.01860,-0.29873,-0.07862,-0.00398,-0.27700,0.00167,0.00589,0.51563,-0.03439,0.18245,0.00441,0.13480,-0.04540,-0.00542,0.00358,-0.05085,0.00023,0.63420,-0.04247,0.19512,-0.00480
12.9500,1295,6,12.9501,50.56,0.65534,0.02061,0.02208,0.35983,0.00231,0.00405,0.51769,-0.03066,0.11120,-0.02741,-0.32948,-0.04435,-0.00265,0.37663,-0.04456,0.00603,0.52918,-0.05062,0.04055,0.01183,0.64874,-0.14366,0.00874,-0.17294,0.00164,-0.02956,0.46892,0.00058,0.19036,0.18578,-0.26607,-0.04915,0.01191,-0.26490,0.00036,0.01544,0.52395,-0.10686,0.18873,-0.07281,0.13870,0.01502,-0.00509,0.03383,-0.02113,0.02797,0.65796,-0.11290,0.16078,0.03490,0.61014,-0.09132,-0.00600,0.36183,-0.00740,0.00756,0.52138,-0.03764,0.17035,0.00559,-0.33820,-0.04315,-0.00350,0.34963,-0.07668,0.00183,0.50993,-0.03448,0.11087,-0.02475,0.58147,-0.16165,0.00157,-0.17958,-0.10185,0.01683,0.51238,-0.00704,0.13609,-0.01742,-0.30271,-0.08053,-0.00384,-0.27698,-0.00116,0.00566,0.51397,-0.03199,0.18265,0.00374,0.13247,-0.04799,-0.00516,0.00104,-0.05095,0.00015,0.63216,-0.03908,0.19487,-0.00497
13.0000,1300,6,13.0015,51.49,0.65534,0.02061,0.02208,0.35983,0.00231,0.00405,0.51769,-0.03066,0.11120,-0.02741,-0.32948,-0.04435,-0.00265,0.37663,-0.04456,0.00603,0.52918,-0.05062,0.04055,0.01183,0.64874,-0.14366,0.00874,-0.17294,0.00164,-0.02956,0.46892,0.00058,0.19036,0.18578,-0.26607,-0.04915,0.01191,-0.26490,0.00036,0.01544,0.52395,-0.10686,0.18873,-0.07281,0.13870,0.01502,-0.00509,0.03383,-0.02113,0.02797,0.65796,-0.11290,0.16078,0.03490,0.60550,-0.09414,-0.00550,0.36137,-0.01105,0.00731,0.51956,-0.03513,0.17061,0.00475,-0.34040,-0.04485,-0.00346,0.34578,-0.07745,0.00131,0.50828,-0.03159,0.10971,-0.02149,0.57341,-0.16086,0.00167,-0.18487,-0.10976,0.01544,0.51203,-0.00710,0.13525,-0.01638,-0.30678,-0.08238,-0.00369,-0.27711,-0.00388,0.00543,0.51243,-0.02968,0.18282,0.00315,0.13001,-0.05046,-0.00492,-0.00151,-0.05100,0.00007,0.63029,-0.03582,0.19462,-0.00511
13.0500,1305,6,13.0500,48.43,0.65712,0.00629,0.02740,0.35271,-0.02276,-0.00950,0.51192,-0.04030,0.11089,0.01706,-0.33397,-0.03797,-0.01109,0.37187,-0.04128,-0.00485,0.52440,-0.05520,0.04453,0.13464,0.63481,-0.14474,-0.01253,-0.17199,0.01023,0.00068,0.47041,0.02809,0.20377,0.11963,-0.27149,-0.05743,0.01330,-0.26444,-0.01246,0.01600,0.51272,-0.10997,0.17740,-0.08630,0.14102,0.03306,-0.00839,0.02785,-0.06156,0.03967,0.64367,-0.14609,0.15705,-0.05665,0.60073,-0.09671,-0.00502,0.36073,-0.01457,0.00702,0.51786,-0.03271,0.17083,0.00402,-0.34268,-0.04654,-0.00340,0.34189,-0.07798,0.00085,0.50677,-0.02879,0.10871,-0.01865,0.56539,-0.16001,0.00177,-0.19054,-0.11700,0.01411,0.51167,-0.00717,0.13445,-0.01546,-0.31095,-0.08415,-0.00353,-0.27737,-0.00649,0.00519,0.51101,-0.02744,0.18297,0.00264,0.12742,-0.05282,-0.00468,-0.00406,-0.05101,-0.00003,0.62857,-0.03270,0.19436,-0.00523
13.1000,1310,6,13.1024,52.41,0.65712,0.00629,0.02740,0.35271,-0.02276,-0.00950,0.51192,-0.04030,0.11089,0.01706,-0.33397,-0.03797,-0.01109,0.37187,-0.04128,-0.00485,0.52440,-0.05520,0.04453,0.13464,0.63481,-0.14474,-0.01253,-0.17199,0.01023,0.00068,0.47041,0.02809,0.20377,0.11963,-0.27149,-0.05743,0.01330,-0.26444,-0.01246,0.01600,0.51272,-0.10997,0.17740,-0.08630,0.14102,0.03306,-0.00839,0.02785,-0.06156,0.03967,0.64367,-0.14609,0.15705,-0.05665,0.59583,-0.09907,-0.00458,0.35992,-0.01793,0.00669,0.51629,-0.03037,0.17101,0.00339,-0.34505,-0.04819,-0.00334,0.33798,-0.07829,0.00044,0.50539,-0.02609,0.10784,-0.01617,0.55741,-0.15913,0.00185,-0.19656,-0.12361,0.01285,0.51131,-0.00725,0.13370,-0.01466,-0.31520,-0.08584,-0.00336,-0.27776,-0.00897,0.00494,0.50969,-0.02526,0.18309,0.00219,0.12473,-0.05506,-0.00445,-0.00661,-0.05097,-0.00014,0.62701,-0.02968,0.19410,-0.00532
13.1500,1315,6,13.1503,47.91,0.65666,-0.02379,0.03788,0.35222,-0.00804,-0.01758,0.50704,-0.04401,0.11697,0.07181,-0.33507,-0.01665,-0.01806,0.36443,-0.05501,0.00584,0.51219,-0.08854,0.05765,0.08059,0.62251,-0.11617,-0.02281,-0.17057,0.00967,0.02073,0.47503,0.04467,0.21942,0.15629,-0.27743,-0.06494,0.00802,-0.26718,-0.03319,0.01856,0.50276,-0.08642,0.16871,-0.04593,0.14395,0.02005,0.03982,0.01836,-0.09605,0.02148,0.62909,-0.13605,0.14827,-0.13948,0.59082,-0.10121,-0.00415,0.35894,-0.02113,0.00633,0.51482,-0.02811,0.17117,0.00284,-0.34750,-0.04982,-0.00328,0.33406,-0.07842,0.00008,0.50416,-0.02348,0.10709,-0.01400,0.54948,-0.15820,0.00192,-0.20289,-0.12962,0.01166,0.51095,-0.00733,0.13299,-0.01394,-0.31953,-0.08745,-0.00319,-0.27827,-0.01133,0.00469,0.50848,-0.02315,0.18319,0.00180,0.12192,-0.05718,-0.00423,-0.00916,-0.05087,-0.00025,0.62560,-0.02678,0.19383,-0.00539
13.2000,1320,6,13.2005,50.18,0.65666,-0.02379,0.03788,0.35222,-0.00804,-0.01758,0.50704,-0.04401,0.11697,0.07181,-0.33507,-0.01665,-0.01806,0.36443,-0.05501,0.00584,0.51219,-0.08854,0.05765,0.08059,0.62251,-0.11617,-0.02281,-0.17057,0.00967,0.02073,0.47503,0.04467,0.21942,0.15629,-0.27743,-0.06494,0.00802,-0.26718,-0.03319,0.01856,0.50276,-0.08642,0.16871,-0.04593,0.14395,0.02005,0.03982,0.01836,-0.09605,0.02148,0.62909,-0.13605,0.14827,-0.13948,0.58571,-0.10315,-0.00375,0.35781,-0.02414,0.00595,0.51347,-0.02593,0.17130,0.00236,-0.35003,-0.05141,-0.00320,0.33014,-0.07837,-0.00024,0.50305,-0.02095,0.10644,-0.01211,0.54159,-0.15724,0.00199,-0.20951,-0.13505,0.01051,0.51058,-0.00741,0.13231,-0.01331,-0.32394,-0.08897,-0.00301,-0.27889,-0.01357,0.00444,0.50737,-0.02109,0.18327,0.00145,0.11901,-0.05920,-0.00401,-0.01170,-0.05072,-0.00037,0.62434,-0.02397,0.19356,-0.00545
13.2500,1325,6,13.2499,49.40,0.65146,-0.06612,0.03972,0.35427,0.00727,-0.01420,0.50369,-0.03501,0.12412,0.07397,-0.33439,-0.00086,0.00710,0.35257,-0.08353,0.01347,0.49745,-0.12875,0.05481,-0.15669,0.61382,-0.08790,-0.00553,-0.17030,-0.01568,0.03482,0.48165,0.04839,0.22618,-0.05259,-0.28364,-0.06521,0.00342,-0.27188,-0.05512,0.00624,0.49532,-0.05858,0.16034,-0.05740,0.14432,-0.01666,0.04407,0.00698,-0.11236,0.01051,0.61637,-0.12184,0.15786,0.35693,0.58051,-0.10489,-0.00338,0.35653,-0.02696,0.00555,0.51223,-0.02380,0.17140,0.00194,-0.35264,-0.05296,-0.00313,0.32623,-0.07818,-0.00053,0.50206,-0.01850,0.10588,-0.01046,0.53375,-0.15625,0.00205,-0.21639,-0.13994,0.00941,0.51021,-0.00749,0.13165,-0.01275,-0.32842,-0.09040,-0.00283,-0.27962,-0.01569,0.00418,0.50637,-0.01908,0.18333,0.00115,0.11600,-0.06112,-0.00380,-0.01423,-0.05051,-0.00050,0.62321,-0.02125,0.19329,-0.00549
13.3000,1330,6,13.3007,50.82,0.65146,-0.06612,0.03972,0.35427,0.00727,-0.01420,0.50369,-0.03501,0.12412,0.07397,-0.33439,-0.00086,0.00710,0.35257,-0.08353,0.01347,0.49745,-0.12875,0.05481,-0.15669,0.61382,-0.08790,-0.00553,-0.17030,-0.01568,0.03482,0.48165,0.04839,0.22618,-0.05259,-0.28364,-0.06521,0.00342,-0.27188,-0.05512,0.00624,0.49532,-0.05858,0.16034,-0.05740,0.14432,-0.01666,0.04407,0.00698,-0.11236,0.01051,0.61637,-0.12184,0.15786,0.35693,0.57523,-0.10646,-0.00302,0.35511,-0.02958,0.00513,0.51109,-0.02173,0.17149,0.00158,-0.35533,-0.05447,-0.00304,0.32233,-0.07786,-0.00079,0.50119,-0.01612,0.10539,-0.00902,0.52597,-0.15523,0.00209,-0.22350,-0.14430,0.00836,0.50983,-0.00757,0.13103,-0.01226,-0.33298,-0.09174,-0.00264,-0.28045,-0.01767,0.00392,0.50546,-0.01710,0.18338,0.00089,0.11290,-0.06294,-0.00360,-0.01675,-0.05023,-0.00063,0.62221,-0.01862,0.19301,-0.00552
13.3500,1335,6,13.3500,49.35,0.64354,-0.09709,0.02817,0.35099,-0.00429,-0.01196,0.49903,-0.04474,0.13088,0.08921,-0.33394,-0.00087,0.00342,0.34180,-0.10805,0.01776,0.48356,-0.12157,0.04258,-0.02076,0.60890,-0.06308,0.00420,-0.17301,-0.06375,0.04423,0.48802,0.02222,0.20366,-0.41335,-0.28782,-0.05554,0.00233,-0.27906,-0.07141,-0.00217,0.49037,-0.03656,0.15246,-0.10605,0.14044,-0.05592,0.03732,-0.00934,-0.13648,-0.01413,0.60375,-0.11172,0.20354,0.49243,0.56987,-0.10786,-0.00268,0.35357,-0.03199,0.00469,0.51006,-0.01971,0.17156,0.00126,-0.35809,-0.05594,-0.00296,0.31845,-0.07742,-0.00101,0.50045,-0.01380,0.10497,-0.00776,0.51823,-0.15420,0.00213,-0.23081,-0.14815,0.00735,0.50945,-0.00764,0.13043,-0.01181,-0.33760,-0.09299,-0.00244,-0.28139,-0.01953,0.00366,0.50466,-0.01516,0.18342,0.00067,0.10971,-0.06466,-0.00341,-0.01925,-0.04989,-0.00077,0.62134,-0.01606,0.19274,-0.00554
13.4000,1340,6,13.4021,52.12,0.64354,-0.09709,0.02817,0.35099,-0.00429,-0.01196,0.49903,-0.04474,0.13088,0.08921,-0.33394,-0.00087,0.00342,0.34180,-0.10805,0.01776,0.48356,-0.12157,0.04258,-0.02076,0.60890,-0.06308,0.00420,-0.17301,-0.06375,0.04423,0.48802,0.02222,0.20366,-0.41335,-0.28782,-0.05554,0.00233,-0.27906,-0.07141,-0.00217,0.49037,-0.03656,0.15246,-0.10605,0.14044,-0.05592,0.03732,-0.00934,-0.13648,-0.01413,0.60375,-0.11172,0.20354,0.49243,0.56445,-0.10909,-0.00236,0.35192,-0.03418,0.00425,0.50912,-0.01774,0.17162,0.00098,-0.36092,-0.05738,-0.00287,0.31459,-0.07687,-0.00122,0.49981,-0.01154,0.10461,-0.00666,0.51055,-0.15315,0.00216,-0.23831,-0.15151,0.00637,0.50907,-0.00770,0.12985,-0.01142,-0.34227,-0.09414,-0.00225,-0.28241,-0.02126,0.00339,0.50395,-0.01325,0.18345,0.00047,0.10644,-0.06628,-0.00322,-0.02174,-0.04948,-0.00091,0.62060,-0.01357,0.19246,-0.00555
13.4500,1345,6,13.4494,47.22,0.63181,-0.13060,0.02848,0.35366,0.01154,-0.00819,0.49555,-0.03116,0.14040,0.07058,-0.33387,-0.00327,0.01001,0.33072,-0.11650,-0.00573,0.47422,-0.07867,0.03730,-0.09804,0.60503,-0.08107,0.05024,-0.17857,-0.08030,-0.00591,0.49266,0.02346,0.16053,-0.45926,-0.29373,-0.05794,0.00355,-0.28576,-0.06757,-0.01625,0.48757,-0.01478,0.14610,-0.02815,0.13254,-0.07575,-0.01640,-0.02876,-0.16027,-0.00282,0.59300,-0.09673,0.26664,0.59778,0.55896,-0.11017,-0.00205,0.35016,-0.03615,0.00380,0.50828,-0.01579,0.17166,0.00074,-0.36382,-0.05876,-0.00279,0.31076,-0.07622,-0.00141,0.49929,-0.00934,0.10430,-0.00571,0.50292,-0.15208,0.00218,-0.24595,-0.15440,0.00543,0.50868,-0.00775,0.12929,-0.01106,-0.34701,-0.09519,-0.00205,-0.28351,-0.02286,0.00313,0.50333,-0.01135,0.18347,0.00029,0.10308,-0.06782,-0.00304,-0.02420,-0.04899,-0.00106,0.61998,-0.01114,0.19218,-0.00556
13.5000,1350,6,13.4996,50.22,0.63181,-0.13060,0.02848,0.35366,0.01154,-0.00819,0.49555,-0.03116,0.14040,0.07058,-0.33387,-0.00327,0.01001,0.33072,-0.11650,-0.00573,0.47422,-0.07867,0.03730,-0.09804,0.60503,-0.08107,0.05024,-0.17857,-0.08030,-0.00591,0.49266,0.02346,0.16053,-0.45926,-0.29373,-0.05794,0.00355,-0.28576,-0.06757,-0.01625,0.48757,-0.01478,0.14610,-0.02815,0.13254,-0.07575,-0.01640,-0.02876,-0.16027,-0.00282,0.59300,-0.09673,0.26664,0.59778,0.55343,-0.11110,-0.00176,0.34831,-0.03790,0.00334,0.50754,-0.01387,0.17169,0.00053,-0.36680,-0.06011,-0.00270,0.30697,-0.07549,-0.00158,0.49888,-0.00718,0.10404,-0.00487,0.49534,-0.15101,0.00219,-0.25374,-0.15684,0.00451,0.50829,-0.00779,0.12874,-0.01074,-0.35179,-0.09615,-0.00185,-0.28469,-0.02433,0.00287,0.50281,-0.00946,0.18348,0.00014,0.09966,-0.06926,-0.00286,-0.02664,-0.04844,-0.00121,0.61949,-0.00876,0.19190,-0.00555
13.5500,1355,6,13.5504,50.81,0.61836,-0.14870,0.01000,0.35107,0.00405,-0.00719,0.49263,-0.02140,0.14780,0.05233,-0.33470,-0.01179,0.00194,0.31944,-0.10811,-0.01511,0.46945,-0.02096,0.02859,-0.04179,0.60607,-0.11057,0.06715,-0.17815,-0.07492,-0.00657,0.50845,0.09021,0.11775,-0.20971,-0.30022,-0.06836,0.00692,-0.28999,-0.04770,-0.01782,0.48662,0.00625,0.14188,-0.09054,0.12580,-0.06340,-0.01641,-0.04496,-0.13114,-0.08374,0.58355,-0.08300,0.30652,0.12747,0.54785,-0.11190,-0.00147,0.34637,-0.03943,0.00289,0.50689,-0.01197,0.17172,0.00035,-0.36983,-0.06141,-0.00261,0.30321,-0.07467,-0.00175,0.49857,-0.00507,0.10381,-0.00414,0.48782,-0.14994,0.00219,-0.26163,-0.15883,0.00361,0.50790,-0.00780,0.12821,-0.01045,-0.35662,-0.09701,-0.00165,-0.28594,-0.02567,0.00260,0.50239,-0.00757,0.18349,0.00001,0.09616,-0.07062,-0.00268,-0.02904,-0.04781,-0.00136,0.61911,-0.00644,0.19163,-0.00554
13.6000,1360,6,13.6000,49.58,0.61836,-0.14870,0.01000,0.35107,0.00405,-0.00719,0.49263,-0.02140,0.14780,0.05233,-0.33470,-0.01179,0.00194,0.31944,-0.10811,-0.01511,0.46945,-0.02096,0.02859,-0.04179,0.60607,-0.11057,0.06715,-0.17815,-0.07492,-0.00657,0.50845,0.09021,0.11775,-0.20971,-0.30022,-0.06836,0.00692,-0.28999,-0.04770,-0.01782,0.48662,0.00625,0.14188,-0.09054,0.12580,-0.06340,-0.01641,-0.04496,-0.13114,-0.08374,0.58355,-0.08300,0.30652,0.12747,0.54224,-0.11255,-0.00120,0.34437,-0.04074,0.00243,0.50634,-0.01008,0.17173,0.00019,-0.37294,-0.06267,-0.00253,0.29950,-0.07378,-0.00190,0.49837,-0.00299,0.10362,-0.00350,0.48035,-0.14887,0.00218,-0.26961,-0.16038,0.00274,0.50751,-0.00780,0.12770,-0.01019,-0.36149,-0.09777,-0.00145,-0.28726,-0.02689,0.00234,0.50206,-0.00568,0.18348,-0.00010,0.09260,-0.07189,-0.00251,-0.03141,-0.04710,-0.00151,0.61884,-0.00415,0.19135,-0.00553
13.6500,1365,6,13.6497,49.73,0.60258,-0.15782,-0.00013,0.35236,0.01348,-0.00396,0.49022,-0.02200,0.15614,0.08826,-0.33615,-0.02109,0.02535,0.30962,-0.08617,-0.02363,0.46914,0.01246,0.03189,0.11283,0.59125,-0.18315,0.06481,-0.18556,-0.07976,0.01464,0.51485,0.06940,0.11713,0.26123,-0.30838,-0.08188,0.00222,-0.29022,-0.01533,-0.02381,0.48619,0.00616,0.13576,-0.07258,0.11748,-0.07407,-0.02277,-0.04860,-0.03285,-0.04517,0.58184,0.01590,0.30253,-0.06757,0.53660,-0.11308,-0.00094,0.34230,-0.04182,0.00198,0.50589,-0.00818,0.17174,0.00005,-0.37610,-0.06389,-0.00244,0.29584,-0.07281,-0.00205,0.49827,-0.00094,0.10346,-0.00295,0.47293,-0.14780,0.00217,-0.27766,-0.16151,0.00188,0.50712,-0.00776,0.12719,-0.00995,-0.36640,-0.09843,-0.00125,-0.28863,-0.02797,0.00208,0.50182,-0.00377,0.18348,-0.00020,0.08897,-0.07309,-0.00235,-0.03375,-0.04632,-0.00167,0.61869,-0.00189,0.19107,-0.00551
13.7000,1370,6,13.6993,49.60,0.60258,-0.15782,-0.00013,0.35236,0.01348,-0.00396,0.49022,-0.02200,0.15614,0.08826,-0.33615,-0.02109,0.02535,0.30962,-0.08617,-0.02363,0.46914,0.01246,0.03189,0.11283,0.59125,-0.18315,0.06481,-0.18556,-0.07976,0.01464,0.51485,0.06940,0.11713,0.26123,-0.30838,-0.08188,0.00222,-0.29022,-0.01533,-0.02381,0.48619,0.00616,0.13576,-0.07258,0.11748,-0.07407,-0.02277,-0.04860,-0.03285,-0.04517,0.58184,0.01590,0.30253,-0.06757,0.53094,-0.11348,-0.00069,0.34019,-0.04268,0.00154,0.50553,-0.00628,0.17174,-0.00007,-0.37933,-0.06507,-0.00236,0.29222,-0.07176,-0.00220,0.49828,0.00108,0.10333,-0.00246,0.46557,-0.14674,0.00215,-0.28576,-0.16223,0.00103,0.50673,-0.00769,0.12670,-0.00974,-0.37133,-0.09900,-0.00105,-0.29005,-0.02893,0.00182,0.50168,-0.00183,0.18346,-0.00028,0.08529,-0.07420,-0.00219,-0.03605,-0.04546,-0.00183,0.61865,0.00034,0.19080,-0.00548
13.7500,1375,6,13.7495,50.25,0.58768,-0.15429,-0.00041,0.35767,0.03426,0.01903,0.48834,-0.01932,0.16509,0.09045,-0.34145,-0.04203,0.00341,0.29754,-0.07374,-0.03219,0.47426,0.02996,0.04911,0.19626,0.57240,-0.22898,0.04127,-0.18854,-0.07600,0.03690,0.51704,0.05532,0.15143,0.40606,-0.31700,-0.08730,0.00534,-0.29055,-0.00048,-0.01895,0.48573,0.00263,0.12709,-0.11546,0.11101,-0.05189,-0.02743,-0.04776,0.01604,-0.03028,0.58657,0.08449,0.30444,0.12814,0.52526,-0.11376,-0.00045,0.33804,-0.04333,0.00110,0.50526,-0.00435,0.17173,-0.00017,-0.38261,-0.06620,-0.00228,0.28866,-0.07065,-0.00234,0.49838,0.00308,0.10321,-0.00204,0.45825,-0.14569,0.00212,-0.29388,-0.16253,0.00019,0.50635,-0.00758,0.12622,-0.00954,-0.37630,-0.09946,-0.00085,-0.29152,-0.02976,0.00157,0.50164,0.00013,0.18345,-0.00036,0.08155,-0.07524,-0.00203,-0.03830,-0.04453,-0.00199,0.61873,0.00256,0.19052,-0.00545
13.8000,1380,6,13.7998,50.28,0.58768,-0.15429,-0.00041,0.35767,0.03426,0.01903,0.48834,-0.01932,0.16509,0.09045,-0.34145,-0.04203,0.00341,0.29754,-0.07374,-0.03219,0.47426,0.02996,0.04911,0.19626,0.57240,-0.22898,0.04127,-0.18854,-0.07600,0.03690,0.51704,0.05532,0.15143,0.40606,-0.31700,-0.08730,0.00534,-0.29055,-0.00048,-0.01895,0.48573,0.00263,0.12709,-0.11546,0.11101,-0.05189,-0.02743,-0.04776,0.01604,-0.03028,0.58657,0.08449,0.30444,0.12814,0.51956,-0.11392,-0.00021,0.33586,-0.04376,0.00067,0.50509,-0.00240,0.17172,-0.00027,-0.38595,-0.06730,-0.00220,0.28516,-0.06947,-0.00249,0.49859,0.00507,0.10312,-0.00167,0.45100,-0.14466,0.00208,-0.30200,-0.16242,-0.00064,0.50598,-0.00742,0.12575,-0.00936,-0.38128,-0.09983,-0.00065,-0.29302,-0.03047,0.00132,0.50169,0.00214,0.18343,-0.00042,0.07777,-0.07619,-0.00188,-0.04050,-0.04351,-0.00215,0.61891,0.00476,0.19025,-0.00542
13.8500,1385,6,13.8499,50.11,0.57401,-0.14161,0.00031,0.35732,-0.00838,0.03089,0.48651,-0.01466,0.17208,0.04488,-0.34180,-0.03822,0.00844,0.28846,-0.06701,-0.03609,0.47685,0.02238,0.06974,0.19370,0.55015,-0.24642,0.02067,-0.19590,-0.11439,0.06157,0.51588,-0.01837,0.19154,0.29404,-0.32590,-0.09559,0.00974,-0.29180,0.00679,-0.00331,0.48524,-0.00333,0.11753,-0.09547,0.10983,-0.02344,-0.02064,-0.04899,0.00407,0.02722,0.59654,0.09986,0.33257,0.36337,0.51387,-0.11397,0.00002,0.33367,-0.04399,0.00026,0.50502,-0.00040,0.17170,-0.00035,-0.38934,-0.06837,-0.00213,0.28172,-0.06821,-0.00265,0.49889,0.00704,0.10305,-0.00135,0.44379,-0.14365,0.00203,-0.31011,-0.16190,-0.00147,0.50561,-0.00720,0.12528,-0.00919,-0.38628,-0.10010,-0.00045,-0.29456,-0.03106,0.00107,0.50185,0.00420,0.18341,-0.00048,0.07393,-0.07708,-0.00173,-0.04265,-0.04242,-0.00231,0.61920,0.00696,0.18998,-0.00539
13.9000,1390,6,13.8996,49.70,0.57401,-0.14161,0.00031,0.35732,-0.00838,0.03089,0.48651,-0.01466,0.17208,0.04488,-0.34180,-0.03822,0.00844,0.28846,-0.06701,-0.03609,0.47685,0.02238,0.06974,0.19370,0.55015,-0.24642,0.02067,-0.19590,-0.11439,0.06157,0.51588,-0.01837,0.19154,0.29404,-0.32590,-0.09559,0.00974,-0.29180,0.00679,-0.00331,0.48524,-0.00333,0.11753,-0.09547,0.10983,-0.02344,-0.02064,-0.04899,0.00407,0.02722,0.59654,0.09986,0.33257,0.36337,0.50817,-0.11390,0.00025,0.33147,-0.04401,-0.00014,0.50505,0.00165,0.17168,-0.00042,-0.39278,-0.06939,-0.00206,0.27834,-0.06687,-0.00281,0.49929,0.00901,0.10299,-0.00107,0.43663,-0.14267,0.00198,-0.31819,-0.16098,-0.00230,0.50526,-0.00690,0.12483,-0.00903,-0.39129,-0.10027,-0.00025,-0.29613,-0.03152,0.00083,0.50211,0.00632,0.18338,-0.00053,0.07006,-0.07789,-0.00158,-0.04474,-0.04125,-0.00247,0.61961,0.00917,0.18971,-0.00536
13.9500,1395,6,13.9494,49.75,0.55770,-0.14691,-0.01298,0.36058,-0.00234,0.01164,0.48745,0.01216,0.17396,0.02490,-0.34064,-0.02389,0.00455,0.27763,-0.05959,-0.03231,0.47653,-0.00013,0.09105,0.16566,0.52550,-0.23975,-0.01291,-0.21046,-0.17709,0.06676,0.51208,-0.06079,0.21771,0.13004,-0.33601,-0.10553,0.00894,-0.29076,0.01095,-0.00112,0.48455,-0.01087,0.11293,-0.00541,0.11004,0.01443,0.00352,-0.05136,-0.00713,-0.02775,0.60374,0.04701,0.36417,0.17319,0.50248,-0.11372,0.00048,0.32927,-0.04385,-0.00053,0.50519,0.00377,0.17166,-0.00048,-0.39628,-0.07039,-0.00200,0.27503,-0.06545,-0.00299,0.49979,0.01097,0.10294,-0.00083,0.42952,-0.14171,0.00192,-0.32620,-0.15965,-0.00313,0.50492,-0.00653,0.12438,-0.00888,-0.39630,-0.10034,-0.00005,-0.29771,-0.03188,0.00060,0.50248,0.00850,0.18335,-0.00057,0.06615,-0.07863,-0.00143,-0.04677,-0.03999,-0.00263,0.62012,0.01139,0.18945,-0.00532
14.0000,1400,7,13.9998,50.40,0.55770,-0.14691,-0.01298,0.36058,-0.00234,0.01164,0.48745,0.01216,0.17396,0.02490,-0.34064,-0.02389,0.00455,0.27763,-0.05959,-0.03231,0.47653,-0.00013,0.09105,0.16566,0.52550,-0.23975,-0.01291,-0.21046,-0.17709,0.06676,0.51208,-0.06079,0.21771,0.13004,-0.33601,-0.10553,0.00894,-0.29076,0.01095,-0.00112,0.48455,-0.01087,0.11293,-0.00541,0.11004,0.01443,0.00352,-0.05136,-0.00713,-0.02775,0.60374,0.04701,0.36417,0.17319,0.55770,-0.14691,-0.01298,0.36058,-0.00234,0.01164,0.48745,0.01216,0.17396,0.02490,-0.34064,-0.02389,0.00455,0.27763,-0.05959,-0.03231,0.47653,-0.00013,0.09105,0.16566,0.52550,-0.23975,-0.01291,-0.21046,-0.17709,0.06676,0.51208,-0.06079,0.21771,0.13004,-0.33601,-0.10553,0.00894,-0.29076,0.01095,-0.00112,0.48455,-0.01087,0.11293,-0.00541,0.11004,0.01443,0.00352,-0.05136,-0.00713,-0.02775,0.60374,0.04701,0.36417,0.17319
14.0500,1405,7,14.0495,49.71,0.54477,-0.11896,-0.02551,0.35911,-0.01911,0.03126,0.48918,0.03188,0.17392,0.03130,-0.34266,-0.03319,0.02032,0.27453,-0.02655,-0.03370,0.47633,-0.00547,0.10191,0.07154,0.50650,-0.19229,-0.02654,-0.23762,-0.26163,0.04057,0.50379,-0.08784,0.22547,0.08483,-0.34803,-0.12090,0.00583,-0.28587,0.03097,0.00877,0.48350,-0.00950,0.11471,0.08124,0.10734,-0.04588,0.04735,-0.04641,0.03211,-0.04078,0.60927,0.04876,0.37057,-0.19456,0.55024,-0.15113,-0.00479,0.36034,-0.00739,0.00904,0.48796,0.00904,0.17515,0.02275,-0.34179,-0.02281,0.00014,0.27500,-0.04619,-0.02292,0.47689,0.01385,0.09879,0.14460,0.51338,-0.24460,-0.00716,-0.22002,-0.20333,0.04176,0.50940,-0.04720,0.22370,0.11036,-0.34119,-0.10222,0.00485,-0.29020,0.01107,0.00053,0.48420,-0.00344,0.11270,-0.00409,0.11078,0.01477,-0.00175,-0.05142,0.00403,-0.01836,0.60598,0.04301,0.37222,0.14945
14.1000,1410,7,14.0995,49.98,0.54477,-0.11896,-0.02551,0.35911,-0.01911,0.03126,0.48918,0.03188,0.17392,0.03130,-0.34266,-0.03319,0.02032,0.27453,-0.02655,-0.03370,0.47633,-0.00547,0.10191,0.07154,0.50650,-0.19229,-0.02654,-0.23762,-0.26163,0.04057,0.50379,-0.08784,0.22547,0.08483,-0.34803,-0.12090,0.00583,-0.28587,0.03097,0.00877,0.48350,-0.00950,0.11471,0.08124,0.10734,-0.04588,0.04735,-0.04641,0.03211,-0.04078,0.60927,0.04876,0.37057,-0.19456,0.54265,-0.15208,0.00053,0.35986,-0.01132,0.00707,0.48840,0.00925,0.17623,0.02083,-0.34295,-0.02349,-0.00270,0.27295,-0.03662,-0.01652,0.47784,0.02335,0.10555,0.12621,0.50108,-0.24704,-0.00303,-0.23062,-0.21928,0.02430,0.50730,-0.03725,0.22878,0.09322,-0.34626,-0.10053,0.00223,-0.28966,0.01053,0.00160,0.48419,0.00318,0.11252,-0.00294,0.11148,0.01301,-0.00518,-0.05102,0.01137,-0.01201,0.60806,0.04070,0.37916,0.12869
14.1500,1415,7,14.1494,49.91,0.53585,-0.07735,-0.03835,0.35269,-0.07341,0.02780,0.49123,0.02991,0.18048,0.01646,-0.34700,-0.05584,0.01037,0.27413,0.00876,-0.02351,0.47691,-0.00276,0.10287,-0.05741,0.47963,-0.17506,-0.08885,-0.27381,-0.28571,-0.07032,0.48990,-0.07078,0.23886,0.28255,-0.35938,-0.11320,-0.02967,-0.28481,0.01283,0.01184,0.48202,-0.01602,0.11052,-0.08489,0.10055,-0.07980,0.01095,-0.04209,0.05311,0.00481,0.61281,0.01544,0.38221,0.38974,0.53506,-0.15093,0.00391,0.35922,-0.01439,0.00554,0.48892,0.01140,0.17723,0.01911,-0.34416,-0.02529,-0.00449,0.27130,-0.02965,-0.01218,0.47918,0.02999,0.11145,0.11015,0.48870,-0.24776,-0.00006,-0.24183,-0.22801,0.01202,0.50564,-0.02962,0.23306,0.07829,-0.35126,-0.09987,0.00061,-0.28916,0.00957,0.00224,0.48451,0.00923,0.11240,-0.00194,0.11206,0.00990,-0.00736,-0.05032,0.01615,-0.00775,0.61007,0.03960,0.38513,0.11055
14.2000,1420,7,14.1993,49.92,0.53585,-0.07735,-0.03835,0.35269,-0.07341,0.02780,0.49123,0.02991,0.18048,0.01646,-0.34700,-0.05584,0.01037,0.27413,0.00876,-0.02351,0.47691,-0.00276,0.10287,-0.05741,0.47963,-0.17506,-0.08885,-0.27381,-0.28571,-0.07032,0.48990,-0.07078,0.23886,0.28255,-0.35938,-0.11320,-0.02967,-0.28481,0.01283,0.01184,0.48202,-0.01602,0.11052,-0.08489,0.10055,-0.07980,0.01095,-0.04209,0.05311,0.00481,0.61281,0.01544,0.38221,0.38974,0.52757,-0.14846,0.00598,0.35844,-0.01680,0.00433,0.48956,0.01469,0.17815,0.01757,-0.34549,-0.02778,-0.00558,0.26995,-0.02443,-0.00928,0.48081,0.03480,0.11660,0.09612,0.47632,-0.24724,0.00208,-0.25333,-0.23165,0.00331,0.50431,-0.02345,0.23664,0.06528,-0.35625,-0.09982,-0.00033,-0.28871,0.00837,0.00261,0.48511,0.01488,0.11232,-0.00107,0.11246,0.00593,-0.00867,-0.04943,0.01921,-0.00492,0.61204,0.03940,0.39026,0.09470
14.2500,1425,7,14.2498,50.51,0.53033,-0.02703,-0.05532,0.34334,-0.08058,-0.01302,0.49365,0.03219,0.18393,0.04351,-0.35180,-0.05159,-0.00714,0.27600,0.01749,0.01322,0.47674,-0.00804,0.09729,-0.02136,0.46696,-0.08339,-0.11574,-0.29657,-0.18962,-0.08350,0.48577,-0.03174,0.25652,0.04275,-0.36556,-0.05120,-0.04966,-0.29216,-0.02842,0.00881,0.47914,-0.02613,0.10380,-0.07567,0.09237,-0.07848,-0.01293,-0.04444,0.02064,0.00457,0.60870,-0.01105,0.42921,0.46466,0.52023,-0.14520,0.00720,0.35755,-0.01868,0.00335,0.49039,0.01862,0.17899,0.01619,-0.34695,-0.03069,-0.00620,0.26884,-0.02038,-0.00737,0.48264,0.03845,0.12109,0.08387,0.46399,-0.24582,0.00363,-0.26493,-0.23166,-0.00296,0.50328,-0.01817,0.23962,0.05396,-0.36125,-0.10012,-0.00080,-0.28832,0.00704,0.00278,0.48599,0.02022,0.11229,-0.00032,0.11265,0.00148,-0.00939,-0.04842,0.02114,-0.00308,0.61402,0.03987,0.39464,0.08084
14.3000,1430,7,14.2998,50.02,0.53033,-0.02703,-0.05532,0.34334,-0.08058,-0.01302,0.49365,0.03219,0.18393,0.04351,-0.35180,-0.05159,-0.00714,0.27600,0.01749,0.01322,0.47674,-0.00804,0.09729,-0.02136,0.46696,-0.08339,-0.11574,-0.29657,-0.18962,-0.08350,0.48577,-0.03174,0.25652,0.04275,-0.36556,-0.05120,-0.04966,-0.29216,-0.02842,0.00881,0.47914,-0.02613,0.10380,-0.07567,0.09237,-0.07848,-0.01293,-0.04444,0.02064,0.00457,0.60870,-0.01105,0.42921,0.46466,0.51306,-0.14149,0.00784,0.35658,-0.02012,0.00256,0.49143,0.02290,0.17977,0.01496,-0.34856,-0.03381,-0.00652,0.26790,-0.01709,-0.00617,0.48464,0.04139,0.12501,0.07317,0.45175,-0.24375,0.00474,-0.27646,-0.22902,-0.00756,0.50249,-0.01338,0.24206,0.04410,-0.36627,-0.10056,-0.00097,-0.28800,0.00566,0.00282,0.48713,0.02533,0.11229,0.00033,0.11260,-0.00321,-0.00971,-0.04733,0.02234,-0.00190,0.61604,0.04088,0.39837,0.06874
14.3500,1435,7,14.3506,50.79,0.52937,-0.00103,-0.03212,0.34997,0.01942,-0.04145,0.49569,0.02703,0.18553,0.06828,-0.35575,-0.03643,-0.01496,0.27602,0.00338,0.01554,0.47478,-0.02871,0.09740,0.03786,0.46458,0.00628,-0.08194,-0.31163,-0.08722,-0.08741,0.48668,-0.00429,0.25024,-0.11131,-0.36852,-0.00918,-0.03657,-0.29462,-0.02730,-0.00312,0.47642,-0.03457,0.09995,-0.03908,0.07843,-0.08425,-0.04129,-0.03669,0.04990,0.03519,0.61252,-0.00302,0.45281,-0.01477,0.50609,-0.13756,0.00813,0.35554,-0.02121,0.00191,0.49269,0.02738,0.18049,0.01385,-0.35033,-0.03705,-0.00665,0.26712,-0.01425,-0.00546,0.48677,0.04392,0.12843,0.06383,0.43963,-0.24122,0.00553,-0.28780,-0.22443,-0.01101,0.50193,-0.00878,0.24405,0.03553,-0.37131,-0.10104,-0.00094,-0.28775,0.00429,0.00277,0.48852,0.03023,0.11232,0.00089,0.11232,-0.00799,-0.00974,-0.04619,0.02308,-0.00119,0.61811,0.04233,0.40154,0.05817
14.4000,1440,7,14.3993,48.68,0.52937,-0.00103,-0.03212,0.34997,0.01942,-0.04145,0.49569,0.02703,0.18553,0.06828,-0.35575,-0.03643,-0.01496,0.27602,0.00338,0.01554,0.47478,-0.02871,0.09740,0.03786,0.46458,0.00628,-0.08194,-0.31163,-0.08722,-0.08741,0.48668,-0.00429,0.25024,-0.11131,-0.36852,-0.00918,-0.03657,-0.29462,-0.02730,-0.00312,0.47642,-0.03457,0.09995,-0.03908,0.07843,-0.08425,-0.04129,-0.03669,0.04990,0.03519,0.61252,-0.00302,0.45281,-0.01477,0.49931,-0.13355,0.00820,0.35446,-0.02201,0.00138,0.49417,0.03196,0.18116,0.01286,-0.35227,-0.04032,-0.00666,0.26647,-0.01167,-0.00511,0.48903,0.04629,0.13142,0.05568,0.42764,-0.23836,0.00609,-0.29887,-0.21835,-0.01369,0.50161,-0.00412,0.24564,0.02808,-0.37637,-0.10147,-0.00078,-0.28757,0.00296,0.00266,0.49015,0.03495,0.11238,0.00138,0.11180,-0.01274,-0.00959,-0.04502,0.02355,-0.00078,0.62027,0.04415,0.40421,0.04894
14.4500,1445,7,14.4529,53.58,0.53104,0.02121,-0.01918,0.35476,0.06287,-0.01560,0.49572,0.00089,0.18150,-0.13178,-0.35732,-0.01236,-0.01655,0.27168,-0.02662,0.01155,0.46890,-0.05154,0.10305,0.10017,0.46740,0.04352,-0.03058,-0.31085,0.03836,-0.07848,0.48193,-0.01843,0.24283,-0.02040,-0.36882,0.01527,-0.02316,-0.29605,-0.01113,-0.01192,0.47285,-0.03077,0.10122,-0.02621,0.07280,-0.03384,-0.03089,-0.03313,0.03457,0.00634,0.61092,-0.04916,0.43449,-0.33821,0.49273,-0.12954,0.00814,0.35334,-0.02258,0.00096,0.49588,0.03656,0.18178,0.01197,-0.35436,-0.04358,-0.00661,0.26595,-0.00920,-0.00502,0.49140,0.04868,0.13402,0.04856,0.41579,-0.23527,0.00648,-0.30962,-0.21109,-0.01584,0.50153,0.00085,0.24687,0.02160,-0.38145,-0.10180,-0.00054,-0.28746,0.00169,0.00250,0.49201,0.03951,0.11246,0.00180,0.11105,-0.01738,-0.00932,-0.04384,0.02388,-0.00058,0.62253,0.04630,0.40645,0.04089
14.5000,1450,7,14.5660,113.13,0.53104,0.02121,-0.01918,0.35476,0.06287,-0.01560,0.49572,0.00089,0.18150,-0.13178,-0.35732,-0.01236,-0.01655,0.27168,-0.02662,0.01155,0.46890,-0.05154,0.10305,0.10017,0.46740,0.04352,-0.03058,-0.31085,0.03836,-0.07848,0.48193,-0.01843,0.24283,-0.02040,-0.36882,0.01527,-0.02316,-0.29605,-0.01113,-0.01192,0.47285,-0.03077,0.10122,-0.02621,0.07280,-0.03384,-0.03089,-0.03313,0.03457,0.00634,0.61092,-0.04916,0.43449,-0.33821,0.48635,-0.12558,0.00801,0.35220,-0.02297,0.00064,0.49783,0.04109,0.18236,0.01117,-0.35662,-0.04680,-0.00652,0.26555,-0.00672,-0.00513,0.49390,0.05131,0.13629,0.04234,0.40411,-0.23203,0.00673,-0.31997,-0.20286,-0.01765,0.50171,0.00639,0.24781,0.01598,-0.38655,-0.10199,-0.00025,-0.28740,0.00051,0.00232,0.49410,0.04391,0.11256,0.00216,0.11007,-0.02187,-0.00896,-0.04264,0.02414,-0.00051,0.62491,0.04874,0.40831,0.03385
14.5500,1455,7,14.5988,32.76,0.53528,0.04790,0.00443,0.35756,0.03614,0.03549,0.49123,-0.03787,0.16844,-0.07604,-0.35707,0.00831,-0.00894,0.26787,-0.03974,0.00889,0.46513,-0.02530,0.12087,0.27241,0.47256,0.04366,0.02279,-0.30266,0.09247,-0.02749,0.47621,-0.02018,0.24705,-0.04366,-0.36908,0.01330,0.00050,-0.29242,0.03400,-0.01495,0.47228,-0.00626,0.09893,0.01174,0.07280,-0.03384,-0.03089,-0.03313,0.03457,0.00634,0.61092,-0.04916,0.43449,-0.33821,0.48017,-0.12169,0.00786,0.35105,-0.02322,0.00040,0.49999,0.04544,0.18290,0.01046,-0.35904,-0.04997,-0.00640,0.26528,-0.00414,-0.00539,0.49654,0.05440,0.13826,0.03691,0.39259,-0.22868,0.00689,-0.32989,-0.19381,-0.01923,0.50218,0.01282,0.24848,0.01110,-0.39165,-0.10204,0.00006,-0.28741,-0.00059,0.00213,0.49640,0.04816,0.11267,0.00247,0.10887,-0.02616,-0.00854,-0.04142,0.02440,-0.00054,0.62741,0.05146,0.40985,0.02772
14.6000,1460,7,14.6043,5.47,0.53528,0.04790,0.00443,0.35756,0.03614,0.03549,0.49123,-0.03787,0.16844,-0.07604,-0.35560,0.01371,-0.00894,0.26330,-0.04228,0.00889,0.46518,0.01923,0.12087,0.27241,0.47256,0.04366,0.02279,-0.30266,0.09247,-0.02749,0.47621,-0.02018,0.24705,-0.04366,-0.36908,0.01330,0.00050,-0.29242,0.03400,-0.01495,0.47228,-0.00626,0.09893,0.01174,0.06259,-0.02531,-0.03089,-0.03643,0.01104,0.00634,0.59891,-0.07930,0.43449,-0.33821,0.47418,-0.11788,0.00766,0.34988,-0.02337,0.00022,0.50236,0.04946,0.18340,0.00981,-0.36162,-0.05307,-0.00622,0.26514,-0.00141,-0.00575,0.49935,0.05818,0.13999,0.03217,0.38124,-0.22526,0.00707,-0.33934,-0.18403,-0.02061,0.50301,0.02039,0.24893,0.00687,-0.39675,-0.10193,0.00038,-0.28746,-0.00158,0.00193,0.49891,0.05226,0.11280,0.00274,0.10746,-0.03024,-0.00809,-0.04020,0.02468,-0.00062,0.63006,0.05442,0.41110,0.02237
14.6500,1465,7,14.6524,48.17,0.53995,0.03388,0.04635,0.35946,0.01038,0.00684,0.48711,-0.03720,0.16029,-0.12706,-0.35560,0.01371,-0.00297,0.26330,-0.04228,-0.00526,0.46518,0.01923,0.15049,0.29558,0.47630,0.00797,0.06855,-0.29695,0.07404,0.00801,0.47534,-0.00424,0.24450,0.02091,-0.36743,0.01094,0.01016,-0.28886,0.04140,-0.00485,0.47173,0.00628,0.09894,0.04020,0.06140,0.03025,-0.04202,-0.03687,0.00449,0.00556,0.59193,-0.04915,0.36123,-0.24351,0.46838,-0.11418,0.00741,0.34871,-0.02344,0.00007,0.50493,0.05325,0.18388,0.00923,-0.36435,-0.05605,-0.00592,0.26514,0.00150,-0.00612,0.50237,0.06243,0.14149,0.02804,0.37007,-0.22173,0.00735,-0.34828,-0.17362,-0.02179,0.50423,0.02874,0.24918,0.00321,-0.40184,-0.10167,0.00070,-0.28756,-0.00247,0.00172,0.50162,0.05622,0.11295,0.00297,0.10585,-0.03410,-0.00762,-0.03896,0.02501,-0.00074,0.63286,0.05756,0.41210,0.01771
14.7000,1470,7,14.6996,47.23,0.53995,0.03388,0.04635,0.35946,0.01038,0.00684,0.48711,-0.03720,0.16029,-0.12706,-0.35560,0.01371,-0.00297,0.26330,-0.04228,-0.00526,0.46518,0.01923,0.15049,0.29558,0.47630,0.00797,0.06855,-0.29695,0.07404,0.00801,0.47534,-0.00424,0.24450,0.02091,-0.36743,0.01094,0.01016,-0.28886,0.04140,-0.00485,0.47173,0.00628,0.09894,0.04020,0.06140,0.03025,-0.04202,-0.03687,0.00449,0.00556,0.59193,-0.04915,0.36123,-0.24351,0.46276,-0.11061,0.00712,0.34754,-0.02344,-0.00007,0.50769,0.05693,0.18433,0.00870,-0.36722,-0.05886,-0.00552,0.26529,0.00459,-0.00649,0.50560,0.06686,0.14280,0.02443,0.35907,-0.21804,0.00773,-0.35669,-0.16268,-0.02279,0.50589,0.03742,0.24926,0.00004,-0.40691,-0.10125,0.00101,-0.28771,-0.00327,0.00151,0.50453,0.06005,0.11310,0.00316,0.10405,-0.03772,-0.00714,-0.03770,0.02540,-0.00087,0.63582,0.06082,0.41288,0.01365
14.7500,1475,7,14.7518,52.17,0.54105,-0.02072,0.06560,0.35911,-0.00216,0.00296,0.48353,-0.03140,0.14324,-0.23057,-0.35382,0.01274,0.01888,0.25874,-0.03805,-0.00890,0.46822,0.05547,0.17952,0.28061,0.47355,-0.06447,0.09949,-0.29129,0.03308,0.03953,0.47811,0.03784,0.24517,-0.03775,-0.36773,0.00564,0.01694,-0.29305,-0.00173,0.01034,0.46833,-0.00456,0.10276,0.03988,0.06642,0.06993,-0.04136,-0.03607,0.00750,0.03091,0.58999,0.00821,0.35006,0.04101,0.45732,-0.10720,0.00679,0.34637,-0.02337,-0.00021,0.51063,0.06057,0.18475,0.00823,-0.37023,-0.06146,-0.00504,0.26560,0.00785,-0.00681,0.50905,0.07129,0.14394,0.02128,0.34827,-0.21413,0.00820,-0.36454,-0.15130,-0.02359,0.50797,0.04606,0.24919,-0.00269,-0.41196,-0.10069,0.00130,-0.28789,-0.00395,0.00130,0.50763,0.06377,0.11326,0.00333,0.10208,-0.04111,-0.00666,-0.03641,0.02586,-0.00100,0.63894,0.06413,0.41347,0.01012
14.8000,1480,7,14.7995,47.68,0.54105,-0.02072,0.06560,0.35911,-0.00216,0.00296,0.48353,-0.03140,0.14324,-0.23057,-0.35382,0.01274,0.01888,0.25874,-0.03805,-0.00890,0.46822,0.05547,0.17952,0.28061,0.47355,-0.06447,0.09949,-0.29129,0.03308,0.03953,0.47811,0.03784,0.24517,-0.03775,-0.36773,0.00564,0.01694,-0.29305,-0.00173,0.01034,0.46833,-0.00456,0.10276,0.03988,0.06642,0.06993,-0.04136,-0.03607,0.00750,0.03091,0.58999,0.00821,0.35006,0.04101,0.45204,-0.10395,0.00645,0.34521,-0.02323,-0.00035,0.51374,0.06417,0.18515,0.00780,-0.37336,-0.06380,-0.00450,0.26608,0.01126,-0.00706,0.51272,0.07555,0.14494,0.01853,0.33767,-0.20998,0.00875,-0.37181,-0.13957,-0.02420,0.51049,0.05435,0.24900,-0.00505,-0.41698,-0.09998,0.00159,-0.28810,-0.00454,0.00109,0.51091,0.06737,0.11343,0.00346,0.09994,-0.04425,-0.00617,-0.03511,0.02639,-0.00113,0.64223,0.06745,0.41390,0.00705
14.8500,1485,7,14.8516,52.12,0.53360,-0.09127,0.03137,0.36564,0.02160,0.01532,0.48431,0.01513,0.11227,-0.38608,-0.35502,-0.01559,0.02081,0.25789,-0.01749,-0.01524,0.47881,0.11195,0.20637,0.18071,0.46273,-0.14825,0.08199,-0.29122,-0.03161,0.04477,0.48351,0.05865,0.23062,-0.28478,-0.36878,-0.02084,0.02885,-0.29307,0.00034,-0.01286,0.46755,0.00816,0.10541,-0.01921,0.07217,0.09154,0.00413,-0.02595,0.04372,0.01129,0.59386,0.06119,0.35893,0.11184,0.44692,-0.10087,0.00611,0.34405,-0.02302,-0.00052,0.51704,0.06773,0.18553,0.00741,-0.37660,-0.06586,-0.00391,0.26673,0.01477,-0.00723,0.51660,0.07953,0.14580,0.01613,0.32728,-0.20554,0.00936,-0.37849,-0.12759,-0.02461,0.51340,0.06205,0.24869,-0.00707,-0.42196,-0.09913,0.00185,-0.28834,-0.00503,0.00089,0.51436,0.07088,0.11361,0.00358,0.09766,-0.04716,-0.00569,-0.03377,0.02697,-0.00125,0.64568,0.07070,0.41419,0.00438
14.9000,1490,7,14.8998,48.16,0.53360,-0.09127,0.03137,0.36564,0.02160,0.01532,0.48431,0.01513,0.11227,-0.38608,-0.35559,-0.02794,0.02081,0.25359,-0.02016,-0.01524,0.48689,0.09461,0.20637,0.18071,0.46273,-0.14825,0.08199,-0.29122,-0.03161,0.04477,0.48351,0.05865,0.23062,-0.28478,-0.36878,-0.02084,0.02885,-0.29307,0.00034,-0.01286,0.46755,0.00816,0.10541,-0.01921,0.07217,0.09154,0.00413,-0.02595,0.04372,0.01129,0.59386,0.06119,0.35893,0.11184,0.44195,-0.09796,0.00577,0.34291,-0.02272,-0.00072,0.52052,0.07126,0.18589,0.00706,-0.37994,-0.06763,-0.00329,0.26756,0.01833,-0.00730,0.52067,0.08315,0.14655,0.01404,0.31712,-0.20079,0.00999,-0.38457,-0.11547,-0.02481,0.51668,0.06898,0.24830,-0.00881,-0.42689,-0.09816,0.00211,-0.28860,-0.00542,0.00069,0.51799,0.07428,0.11379,0.00367,0.09523,-0.04984,-0.00522,-0.03241,0.02761,-0.00136,0.64930,0.07385,0.41434,0.00206
14.9500,1495,7,14.9495,49.72,0.52369,-0.11338,0.01839,0.36514,0.00462,0.02614,0.48702,0.05699,0.07447,-0.35353,-0.35559,-0.02794,0.01454,0.25359,-0.02016,-0.01650,0.48689,0.09461,0.21698,0.04051,0.44412,-0.22228,0.07341,-0.28895,-0.06233,0.03910,0.48260,0.07552,0.20425,-0.33460,-0.37275,-0.05602,0.02889,-0.29501,0.01016,-0.01658,0.46922,0.03832,0.10692,0.01579,0.08405,0.10932,-0.00620,-0.02274,0.02455,0.01218,0.60202,0.08548,0.37010,0.04083,0.43712,-0.09521,0.00546,0.34178,-0.02231,-0.00095,0.52417,0.07474,0.18624,0.00673,-0.38336,-0.06909,-0.00267,0.26856,0.02191,-0.00726,0.52491,0.08635,0.14721,0.01222,0.30720,-0.19573,0.01063,-0.39004,-0.10329,-0.02480,0.52028,0.07501,0.24782,-0.01030,-0.43177,-0.09707,0.00234,-0.28888,-0.00571,0.00050,0.52179,0.07759,0.11398,0.00375,0.09268,-0.05228,-0.00475,-0.03101,0.02830,-0.00145,0.65307,0.07687,0.41440,0.00005
15.0000,1500,7,14.9993,49.84,0.52369,-0.11338,0.01839,0.36514,0.00462,0.02614,0.48702,0.05699,0.07447,-0.35353,-0.35869,-0.03930,0.01454,0.25211,-0.01405,-0.01650,0.49461,0.07254,0.21698,0.04051,0.44412,-0.22228,0.07341,-0.28895,-0.06233,0.03910,0.48260,0.07552,0.20425,-0.33460,-0.37275,-0.05602,0.02889,-0.29501,0.01016,-0.01658,0.46922,0.03832,0.10692,0.01579,0.08405,0.10932,-0.00620,-0.02274,0.02455,0.01218,0.60202,0.08548,0.37010,0.04083,0.43243,-0.09260,0.00518,0.34068,-0.02178,-0.00121,0.52799,0.07817,0.18656,0.00644,-0.38685,-0.07025,-0.00207,0.26975,0.02543,-0.00711,0.52930,0.08909,0.14778,0.01062,0.29755,-0.19037,0.01125,-0.39490,-0.09118,-0.02458,0.52416,0.08009,0.24727,-0.01157,-0.43660,-0.09587,0.00256,-0.28917,-0.00591,0.00031,0.52575,0.08079,0.11417,0.00382,0.09001,-0.05450,-0.00430,-0.02958,0.02904,-0.00153,0.65698,0.07972,0.41435,-0.00169
15.0500,1505,7,15.0526,53.27,0.51253,-0.11958,-0.00189,0.36154,-0.03116,0.04431,0.49224,0.09335,0.04605,-0.22475,-0.35869,-0.03930,0.01447,0.25211,-0.01405,-0.00854,0.49461,0.07254,0.21220,-0.12027,0.41051,-0.29062,0.04192,-0.31090,-0.16481,0.04622,0.48556,0.09249,0.17520,-0.28611,-0.38065,-0.08996,0.01801,-0.29099,0.02840,-0.01353,0.47409,0.06296,0.11166,0.08299,0.09401,0.09082,0.02911,-0.01625,0.02705,-0.01223,0.61092,0.08395,0.36933,-0.13050,0.42786,-0.09012,0.00494,0.33960,-0.02112,-0.00151,0.53198,0.08153,0.18688,0.00617,-0.39038,-0.07113,-0.00151,0.27111,0.02886,-0.00684,0.53381,0.09138,0.14828,0.00924,0.28817,-0.18471,0.01181,-0.39916,-0.07922,-0.02415,0.52828,0.08420,0.24666,-0.01265,-0.44136,-0.09456,0.00277,-0.28947,-0.00602,0.00013,0.52987,0.08389,0.11436,0.00387,0.08723,-0.05650,-0.00385,-0.02811,0.02980,-0.00159,0.66104,0.08240,0.41423,-0.00320
15.1000,1510,7,15.1008,48.19,0.51253,-0.11958,-0.00189,0.36154,-0.03116,0.04431,0.49224,0.09335,0.04605,-0.22475,-0.35869,-0.03930,0.01447,0.25211,-0.01405,-0.00854,0.49461,0.07254,0.21220,-0.12027,0.41051,-0.29062,0.04192,-0.31090,-0.16481,0.04622,0.48556,0.09249,0.17520,-0.28611,-0.38065,-0.08996,0.01801,-0.29099,0.02840,-0.01353,0.47409,0.06296,0.11166,0.08299,0.09401,0.09082,0.02911,-0.01625,0.02705,-0.01223,0.61092,0.08395,0.36933,-0.13050,0.42341,-0.08774,0.00476,0.33857,-0.02030,-0.00185,0.53614,0.08482,0.18718,0.00593,-0.39396,-0.07175,-0.00101,0.27263,0.03213,-0.00647,0.53843,0.09324,0.14871,0.00803,0.27908,-0.17879,0.01230,-0.40283,-0.06751,-0.02354,0.53257,0.08742,0.24601,-0.01357,-0.44605,-0.09315,0.00296,-0.28977,-0.00604,-0.00004,0.53414,0.08688,0.11455,0.00390,0.08436,-0.05828,-0.00342,-0.02660,0.03060,-0.00163,0.66522,0.08491,0.41404,-0.00450
15.1500,1515,7,15.1516,50.81,0.50160,-0.10912,-0.00191,0.35240,-0.08263,0.00883,0.50249,0.12604,0.03578,0.00061,-0.36354,-0.05261,-0.00000,0.25280,0.00829,-0.02561,0.50365,0.07482,0.19833,-0.15661,0.38048,-0.30855,0.01145,-0.32561,-0.19199,0.03021,0.48817,0.04695,0.15557,-0.10833,-0.39103,-0.10419,0.00474,-0.28634,0.03050,-0.00475,0.48309,0.09861,0.12022,0.11497,0.10052,0.06058,0.02644,-0.01007,0.05106,0.01491,0.61836,0.07001,0.35358,-0.26804,0.41908,-0.08544,0.00464,0.33758,-0.01930,-0.00221,0.54046,0.08800,0.18747,0.00570,-0.39755,-0.07214,-0.00059,0.27432,0.03519,-0.00600,0.54313,0.09477,0.14908,0.00697,0.27029,-0.17266,0.01268,-0.40592,-0.05615,-0.02276,0.53700,0.08990,0.24531,-0.01434,-0.45067,-0.09166,0.00314,-0.29007,-0.00598,-0.00021,0.53855,0.08976,0.11475,0.00393,0.08140,-0.05986,-0.00300,-0.02505,0.03140,-0.00166,0.66953,0.08726,0.41378,-0.00562
15.2000,1520,7,15.1994,47.75,0.50160,-0.10912,-0.00191,0.35240,-0.08263,0.00883,0.50249,0.12604,0.03578,0.00061,-0.36798,-0.04955,-0.00000,0.25334,0.02322,-0.02561,0.50965,0.05955,0.19833,-0.15661,0.38048,-0.30855,0.01145,-0.32561,-0.19199,0.03021,0.48817,0.04695,0.15557,-0.10833,-0.39103,-0.10419,0.00474,-0.28634,0.03050,-0.00475,0.48309,0.09861,0.12022,0.11497,0.10052,0.06058,0.02644,-0.01007,0.05106,0.01491,0.61836,0.07001,0.35358,-0.26804,0.41487,-0.08318,0.00458,0.33664,-0.01812,-0.00259,0.54494,0.09101,0.18775,0.00550,-0.40117,-0.07234,-0.00024,0.27615,0.03801,-0.00546,0.54790,0.09611,0.14941,0.00606,0.26182,-0.16637,0.01295,-0.40845,-0.04521,-0.02183,0.54155,0.09189,0.24457,-0.01498,-0.45522,-0.09007,0.00331,-0.29037,-0.00584,-0.00036,0.54311,0.09250,0.11494,0.00395,0.07838,-0.06123,-0.00260,-0.02346,0.03222,-0.00167,0.67394,0.08947,0.41348,-0.00658
15.2500,1525,7,15.2517,52.40,0.48984,-0.11412,0.00662,0.34530,-0.06895,-0.00523,0.51195,0.12691,0.04223,0.16554,-0.36798,-0.04955,-0.00539,0.25334,0.02322,-0.02624,0.50965,0.05955,0.18652,-0.06894,0.34937,-0.31129,-0.01267,-0.34547,-0.21270,-0.02889,0.49129,0.09462,0.14496,-0.01175,-0.40040,-0.10310,0.00362,-0.28325,0.03502,-0.00875,0.49405,0.12845,0.12955,0.07736,0.10804,0.04765,0.01878,-0.00732,0.02045,-0.00963,0.62518,0.06461,0.32657,-0.11127,0.41077,-0.08094,0.00455,0.33577,-0.01677,-0.00294,0.54956,0.09380,0.18802,0.00531,-0.40479,-0.07238,0.00007,0.27811,0.04055,-0.00492,0.55274,0.09741,0.14969,0.00526,0.25366,-0.15996,0.01318,-0.41045,-0.03474,-0.02088,0.54619,0.09366,0.24381,-0.01551,-0.45968,-0.08841,0.00347,-0.29065,-0.00563,-0.00051,0.54780,0.09511,0.11514,0.00396,0.07529,-0.06241,-0.00221,-0.02183,0.03304,-0.00166,0.67847,0.09156,0.41313,-0.00740
15.3000,1530,7,15.2994,47.64,0.48984,-0.11412,0.00662,0.34530,-0.06895,-0.00523,0.51195,0.12691,0.04223,0.16554,-0.36798,-0.04955,-0.00539,0.25334,0.02322,-0.02624,0.50965,0.05955,0.18652,-0.06894,0.34937,-0.31129,-0.01267,-0.34547,-0.21270,-0.02889,0.49129,0.09462,0.14496,-0.01175,-0.40040,-0.10310,0.00362,-0.28325,0.03502,-0.00875,0.49405,0.12845,0.12955,0.07736,0.10804,0.04765,0.01878,-0.00732,0.02045,-0.00963,0.62518,0.06461,0.32657,-0.11127,0.40677,-0.07871,0.00452,0.33497,-0.01525,-0.00322,0.55432,0.09639,0.18828,0.00513,-0.40840,-0.07226,0.00039,0.28020,0.04284,-0.00443,0.55764,0.09871,0.14993,0.00456,0.24582,-0.15344,0.01342,-0.41193,-0.02473,-0.01996,0.55091,0.09530,0.24303,-0.01594,-0.46405,-0.08667,0.00361,-0.29093,-0.00534,-0.00065,0.55262,0.09759,0.11534,0.00397,0.07214,-0.06340,-0.00183,-0.02015,0.03385,-0.00164,0.68310,0.09354,0.41274,-0.00810
15.3500,1535,7,15.3498,50.41,0.47613,-0.13962,0.01936,0.34265,-0.03260,-0.03004,0.52533,0.12704,0.06389,0.24086,-0.37200,-0.04234,-0.00870,0.25608,0.04298,-0.01804,0.51550,0.06090,0.18340,-0.04794,0.32041,-0.28893,-0.05160,-0.35874,-0.13271,-0.07018,0.49520,0.05780,0.15124,0.29100,-0.40961,-0.09652,-0.00626,-0.27953,0.03470,0.00692,0.50590,0.12292,0.13498,0.07039,0.11110,0.02046,0.03846,-0.00335,0.03860,0.00471,0.63055,0.03417,0.32257,-0.08397,0.40289,-0.07650,0.00449,0.33424,-0.01362,-0.00344,0.55920,0.09879,0.18854,0.00497,-0.41201,-0.07199,0.00072,0.28239,0.04490,-0.00399,0.56261,0.10000,0.15015,0.00396,0.23832,-0.14680,0.01366,-0.41293,-0.01515,-0.01908,0.55572,0.09688,0.24222,-0.01630,-0.46834,-0.08487,0.00375,-0.29119,-0.00499,-0.00078,0.55756,0.09993,0.11554,0.00397,0.06895,-0.06421,-0.00147,-0.01844,0.03465,-0.00161,0.68782,0.09544,0.41232,-0.00870
15.4000,1540,7,15.3996,49.76,0.47613,-0.13962,0.01936,0.34265,-0.03260,-0.03004,0.52533,0.12704,0.06389,0.24086,-0.37200,-0.04234,-0.00870,0.25608,0.04298,-0.01804,0.51550,0.06090,0.18340,-0.04794,0.32041,-0.28893,-0.05160,-0.35874,-0.13271,-0.07018,0.49520,0.05780,0.15124,0.29100,-0.40961,-0.09652,-0.00626,-0.27953,0.03470,0.00692,0.50590,0.12292,0.13498,0.07039,0.11110,0.02046,0.03846,-0.00335,0.03860,0.00471,0.63055,0.03417,0.32257,-0.08397,0.39912,-0.07431,0.00445,0.33361,-0.01188,-0.00361,0.56419,0.10103,0.18878,0.00481,-0.41560,-0.07155,0.00106,0.28468,0.04676,-0.00360,0.56764,0.10130,0.15033,0.00343,0.23115,-0.14003,0.01393,-0.41345,-0.00600,-0.01824,0.56060,0.09845,0.24140,-0.01657,-0.47254,-0.08300,0.00387,-0.29143,-0.00458,-0.00089,0.56261,0.10214,0.11574,0.00396,0.06572,-0.06484,-0.00112,-0.01669,0.03543,-0.00157,0.69264,0.09727,0.41187,-0.00920
15.4500,1545,7,15.4494,49.83,0.46128,-0.15496,0.01016,0.33789,-0.00736,-0.02385,0.53538,0.10418,0.08756,0.23674,-0.37259,-0.02857,0.00310,0.26590,0.07671,-0.00812,0.51946,0.05927,0.17349,-0.11404,0.29538,-0.21828,-0.10028,-0.36637,-0.04351,-0.05176,0.49434,0.00782,0.18707,0.49308,-0.41684,-0.08271,-0.00355,-0.27596,0.04041,0.00171,0.51534,0.09725,0.14031,0.04024,0.11034,-0.01935,0.04354,0.00609,0.03938,0.03323,0.63320,0.02112,0.30910,-0.12260,0.39546,-0.07214,0.00440,0.33306,-0.01008,-0.00372,0.56930,0.10312,0.18902,0.00467,-0.41916,-0.07095,0.00142,0.28707,0.04844,-0.00326,0.57274,0.10265,0.15049,0.00297,0.22432,-0.13314,0.01420,-0.41353,0.00275,-0.01745,0.56557,0.10009,0.24056,-0.01679,-0.47664,-0.08107,0.00399,-0.29164,-0.00412,-0.00100,0.56777,0.10421,0.11594,0.00395,0.06247,-0.06530,-0.00078,-0.01490,0.03619,-0.00151,0.69755,0.09903,0.41140,-0.00962
15.5000,1550,7,15.4997,50.27,0.46128,-0.15496,0.01016,0.33789,-0.00736,-0.02385,0.53538,0.10418,0.08756,0.23674,-0.37413,-0.02443,0.00310,0.27282,0.07358,-0.00812,0.52603,0.06791,0.17349,-0.11404,0.29538,-0.21828,-0.10028,-0.36637,-0.04351,-0.05176,0.49434,0.00782,0.18707,0.49308,-0.41684,-0.08271,-0.00355,-0.27596,0.04041,0.00171,0.51534,0.09725,0.14031,0.04024,0.11034,-0.01935,0.04354,0.00609,0.03938,0.03323,0.63320,0.02112,0.30910,-0.12260,0.39191,-0.06999,0.00434,0.33260,-0.00824,-0.00378,0.57450,0.10503,0.18925,0.00454,-0.42269,-0.07016,0.00179,0.28953,0.04997,-0.00296,0.57791,0.10409,0.15063,0.00257,0.21783,-0.12610,0.01450,-0.41318,0.01112,-0.01670,0.57061,0.10189,0.23972,-0.01695,-0.48065,-0.07908,0.00410,-0.29184,-0.00360,-0.00109,0.57303,0.10615,0.11613,0.00394,0.05919,-0.06561,-0.00046,-0.01307,0.03691,-0.00145,0.70254,0.10073,0.41091,-0.00998
15.5500,1555,7,15.5494,49.70,0.44529,-0.16728,0.00660,0.33787,0.00846,-0.00594,0.54590,0.10550,0.11309,0.28686,-0.37413,-0.02443,0.00827,0.27282,0.07358,-0.00047,0.52603,0.06791,0.16686,-0.05644,0.27695,-0.12915,-0.07355,-0.37405,-0.03267,0.00597,0.49341,0.04386,0.22635,0.11518,-0.42460,-0.08052,0.00934,-0.27085,0.03679,0.01569,0.52390,0.08633,0.14465,0.07951,0.10693,-0.06480,0.06016,0.00678,-0.00558,0.01078,0.63445,0.02001,0.29944,-0.10485,0.38846,-0.06787,0.00429,0.33223,-0.00638,-0.00380,0.57980,0.10675,0.18947,0.00441,-0.42617,-0.06919,0.00215,0.29206,0.05135,-0.00269,0.58315,0.10566,0.15075,0.00223,0.21171,-0.11892,0.01477,-0.41243,0.01913,-0.01596,0.57576,0.10391,0.23887,-0.01706,-0.48455,-0.07705,0.00420,-0.29200,-0.00304,-0.00118,0.57838,0.10796,0.11633,0.00392,0.05591,-0.06576,-0.00015,-0.01121,0.03761,-0.00138,0.70762,0.10238,0.41041,-0.01027
15.6000,1560,7,15.5995,50.15,0.44529,-0.16728,0.00660,0.33787,0.00846,-0.00594,0.54590,0.10550,0.11309,0.28686,-0.37413,-0.02443,0.00827,0.27282,0.07358,-0.00047,0.52603,0.06791,0.16686,-0.05644,0.27695,-0.12915,-0.07355,-0.37405,-0.03267,0.00597,0.49341,0.04386,0.22635,0.11518,-0.42460,-0.08052,0.00934,-0.27085,0.03679,0.01569,0.52390,0.08633,0.14465,0.07951,0.10693,-0.06480,0.06016,0.00678,-0.00558,0.01078,0.63445,0.02001,0.29944,-0.10485,0.38512,-0.06578,0.00425,0.33196,-0.00451,-0.00381,0.58517,0.10832,0.18969,0.00430,-0.42961,-0.06806,0.00247,0.29466,0.05260,-0.00242,0.58848,0.10728,0.15085,0.00193,0.20594,-0.11162,0.01498,-0.41128,0.02678,-0.01521,0.58101,0.10605,0.23801,-0.01713,-0.48835,-0.07497,0.00429,-0.29214,-0.00245,-0.00125,0.58382,0.10965,0.11652,0.00390,0.05262,-0.06576,0.00014,-0.00931,0.03826,-0.00130,0.71278,0.10397,0.40989,-0.01051
15.6500,1565,7,15.6494,49.91,0.42846,-0.16763,0.00912,0.33183,-0.02190,0.02597,0.55488,0.11214,0.13771,0.23254,-0.37649,-0.03319,0.02304,0.27949,0.06518,0.00839,0.53418,0.08268,0.16424,-0.01286,0.26780,-0.06411,-0.02820,-0.37514,-0.02706,0.01268,0.49849,0.09044,0.21642,-0.27037,-0.43257,-0.08660,0.01398,-0.26804,0.01905,0.02106,0.53109,0.07425,0.15587,0.12365,0.10567,-0.05844,0.01173,-0.00250,-0.07615,0.02470,0.63865,0.04218,0.29631,0.09188,0.38188,-0.06370,0.00424,0.33178,-0.00265,-0.00379,0.59063,0.10978,0.18990,0.00418,-0.43298,-0.06678,0.00274,0.29732,0.05373,-0.00216,0.59388,0.10887,0.15094,0.00167,0.20055,-0.10423,0.01513,-0.40975,0.03405,-0.01445,0.58636,0.10818,0.23716,-0.01716,-0.49205,-0.07284,0.00437,-0.29225,-0.00182,-0.00131,0.58935,0.11123,0.11672,0.00388,0.04934,-0.06563,0.00041,-0.00738,0.03888,-0.00121,0.71802,0.10548,0.40936,-0.01069
15.7000,1570,7,15.6993,49.93,0.42846,-0.16763,0.00912,0.33183,-0.02190,0.02597,0.55488,0.11214,0.13771,0.23254,-0.38036,-0.05164,0.02304,0.28452,0.04649,0.00839,0.54330,0.09144,0.16424,-0.01286,0.26780,-0.06411,-0.02820,-0.37514,-0.02706,0.01268,0.49849,0.09044,0.21642,-0.27037,-0.43257,-0.08660,0.01398,-0.26804,0.01905,0.02106,0.53109,0.07425,0.15587,0.12365,0.10567,-0.05844,0.01173,-0.00250,-0.07615,0.02470,0.63865,0.04218,0.29631,0.09188,0.37875,-0.06161,0.00425,0.33169,-0.00080,-0.00376,0.59615,0.11116,0.19011,0.00408,-0.43628,-0.06537,0.00297,0.30003,0.05472,-0.00190,0.59936,0.11038,0.15102,0.00144,0.19552,-0.09679,0.01521,-0.40788,0.04095,-0.01369,0.59182,0.11022,0.23630,-0.01716,-0.49563,-0.07068,0.00445,-0.29232,-0.00116,-0.00136,0.59494,0.11270,0.11691,0.00385,0.04606,-0.06536,0.00068,-0.00542,0.03945,-0.00112,0.72333,0.10691,0.40882,-0.01084
15.7500,1575,7,15.7494,50.04,0.41064,-0.17438,-0.00543,0.32636,-0.05134,-0.00094,0.56345,0.09307,0.15662,0.08308,-0.38036,-0.05164,0.03565,0.28452,0.04649,0.01432,0.54330,0.09144,0.16111,-0.03472,0.26564,-0.03116,-0.01202,-0.38169,-0.04353,0.00551,0.51364,0.16099,0.19147,-0.16487,-0.44161,-0.09810,0.01599,-0.26420,0.00624,0.02299,0.53702,0.06667,0.16487,0.08159,0.09943,-0.08222,0.03002,-0.00989,-0.07852,-0.02312,0.64671,0.10142,0.31225,0.30596,0.37572,-0.05952,0.00429,0.33170,0.00103,-0.00371,0.60174,0.11247,0.19031,0.00398,-0.43951,-0.06387,0.00314,0.30279,0.05559,-0.00164,0.60492,0.11175,0.15109,0.00125,0.19087,-0.08932,0.01521,-0.40567,0.04748,-0.01292,0.59738,0.11211,0.23544,-0.01713,-0.49911,-0.06848,0.00452,-0.29236,-0.00048,-0.00140,0.60061,0.11407,0.11710,0.00382,0.04280,-0.06497,0.00092,-0.00344,0.03997,-0.00101,0.72871,0.10826,0.40827,-0.01096
15.8000,1580,7,15.7997,50.33,0.41064,-0.17438,-0.00543,0.32636,-0.05134,-0.00094,0.56345,0.09307,0.15662,0.08308,-0.38036,-0.05164,0.03565,0.28452,0.04649,0.01432,0.54330,0.09144,0.16111,-0.03472,0.26564,-0.03116,-0.01202,-0.38169,-0.04353,0.00551,0.51364,0.16099,0.19147,-0.16487,-0.44161,-0.09810,0.01599,-0.26420,0.00624,0.02299,0.53702,0.06667,0.16487,0.08159,0.09943,-0.08222,0.03002,-0.00989,-0.07852,-0.02312,0.64671,0.10142,0.31225,0.30596,0.37280,-0.05740,0.00435,0.33180,0.00284,-0.00364,0.60740,0.11371,0.19051,0.00389,-0.44267,-0.06230,0.00327,0.30559,0.05633,-0.00138,0.61054,0.11297,0.15114,0.00108,0.18659,-0.08187,0.01514,-0.40314,0.05363,-0.01215,0.60303,0.11379,0.23459,-0.01708,-0.50248,-0.06624,0.00458,-0.29237,0.00022,-0.00144,0.60635,0.11534,0.11729,0.00379,0.03957,-0.06446,0.00116,-0.00143,0.04044,-0.00091,0.73415,0.10950,0.40772,-0.01104
15.8500,1585,7,15.8494,49.71,0.39638,-0.15290,-0.03510,0.32661,-0.01315,-0.00343,0.56945,0.05933,0.15772,-0.04977,-0.38285,-0.07423,0.02812,0.29298,0.03452,0.02124,0.54873,0.09915,0.16554,0.07837,0.26375,-0.02979,0.01307,-0.38451,-0.04040,-0.01610,0.53176,0.19720,0.17466,-0.04980,-0.45213,-0.11076,0.01306,-0.26461,-0.01568,0.02563,0.54450,0.08521,0.17659,0.16607,0.09789,-0.08708,0.00462,-0.00821,-0.03026,-0.01930,0.65496,0.16113,0.34412,0.25799,0.36998,-0.05524,0.00444,0.33198,0.00461,-0.00356,0.61311,0.11488,0.19070,0.00379,-0.44574,-0.06068,0.00333,0.30842,0.05695,-0.00114,0.61621,0.11403,0.15120,0.00093,0.18268,-0.07448,0.01499,-0.40031,0.05940,-0.01138,0.60876,0.11525,0.23373,-0.01701,-0.50574,-0.06398,0.00464,-0.29234,0.00092,-0.00146,0.61215,0.11651,0.11748,0.00376,0.03636,-0.06383,0.00137,0.00061,0.04086,-0.00080,0.73965,0.11063,0.40717,-0.01109
15.9000,1590,7,15.8994,49.96,0.39638,-0.15290,-0.03510,0.32661,-0.01315,-0.00343,0.56945,0.05933,0.15772,-0.04977,-0.39038,-0.08889,0.02812,0.29389,0.00110,0.02124,0.55881,0.10605,0.16554,0.07837,0.26375,-0.02979,0.01307,-0.38451,-0.04040,-0.01610,0.53176,0.19720,0.17466,-0.04980,-0.45213,-0.11076,0.01306,-0.26461,-0.01568,0.02563,0.54450,0.08521,0.17659,0.16607,0.09789,-0.08708,0.00462,-0.00821,-0.03026,-0.01930,0.65496,0.16113,0.34412,0.25799,0.36728,-0.05304,0.00456,0.33226,0.00633,-0.00347,0.61888,0.11598,0.19089,0.00371,-0.44873,-0.05903,0.00335,0.31128,0.05744,-0.00090,0.62194,0.11492,0.15124,0.00081,0.17914,-0.06718,0.01477,-0.39720,0.06479,-0.01061,0.61455,0.11649,0.23288,-0.01692,-0.50888,-0.06169,0.00469,-0.29228,0.00164,-0.00147,0.61800,0.11760,0.11767,0.00373,0.03318,-0.06311,0.00158,0.00266,0.04123,-0.00068,0.74521,0.11165,0.40661,-0.01112
15.9500,1595,7,15.9496,50.22,0.38457,-0.10857,-0.02589,0.32337,-0.01998,0.00402,0.57635,0.07643,0.15690,0.06928,-0.39038,-0.08889,0.02383,0.29389,0.00110,0.00856,0.55881,0.10605,0.18089,0.20260,0.26043,-0.05747,0.06814,-0.38297,-0.01937,-0.00685,0.54955,0.19352,0.16823,-0.06517,-0.46255,-0.11332,0.00764,-0.26950,-0.04723,0.02014,0.55262,0.09211,0.19468,0.16132,0.08880,-0.10030,0.01020,-0.00778,-0.00713,-0.01685,0.67323,0.21023,0.36958,0.17874,0.36468,-0.05077,0.00470,0.33262,0.00801,-0.00336,0.62471,0.11700,0.19107,0.00363,-0.45165,-0.05740,0.00331,0.31416,0.05783,-0.00066,0.62770,0.11566,0.15128,0.00070,0.17596,-0.06001,0.01446,-0.39384,0.06981,-0.00985,0.62040,0.11751,0.23204,-0.01682,-0.51191,-0.05938,0.00474,-0.29218,0.00236,-0.00147,0.62390,0.11859,0.11786,0.00370,0.03005,-0.06229,0.00177,0.00473,0.04153,-0.00056,0.75082,0.11256,0.40606,-0.01113
16.0000,1600,8,16.0001,50.52,0.38457,-0.10857,-0.02589,0.32337,-0.01998,0.00402,0.57635,0.07643,0.15690,0.06928,-0.39977,-0.10898,0.02383,0.29230,-0.00793,0.00856,0.57137,0.13083,0.18089,0.20260,0.26043,-0.05747,0.06814,-0.38297,-0.01937,-0.00685,0.54955,0.19352,0.16823,-0.06517,-0.46255,-0.11332,0.00764,-0.26950,-0.04723,0.02014,0.55262,0.09211,0.19468,0.16132,0.08880,-0.10030,0.01020,-0.00778,-0.00713,-0.01685,0.67323,0.21023,0.36958,0.17874,0.38457,-0.10857,-0.02589,0.32337,-0.01998,0.00402,0.57635,0.07643,0.15690,0.06928,-0.39977,-0.10898,0.02383,0.29230,-0.00793,0.00856,0.57137,0.13083,0.18089,0.20260,0.26043,-0.05747,0.06814,-0.38297,-0.01937,-0.00685,0.54955,0.19352,0.16823,-0.06517,-0.46255,-0.11332,0.00764,-0.26950,-0.04723,0.02014,0.55262,0.09211,0.19468,0.16132,0.08880,-0.10030,0.01020,-0.00778,-0.00713,-0.01685,0.67323,0.21023,0.36958,0.17874
16.0500,1605,8,16.0498,49.65,0.37518,-0.08297,-0.03137,0.32194,-0.00474,-0.00888,0.58568,0.10455,0.16619,0.16900,-0.39977,-0.10898,0.01084,0.29230,-0.00793,0.00036,0.57137,0.13083,0.19793,0.19328,0.25229,-0.12441,0.05473,-0.38225,-0.01654,0.00313,0.56725,0.19622,0.17197,0.14522,-0.47455,-0.11300,-0.00818,-0.27223,-0.05190,0.01018,0.56310,0.11290,0.21039,0.16549,0.08279,-0.08699,0.00250,-0.00926,-0.01195,-0.01133,0.69529,0.22174,0.38164,0.05613,0.37890,-0.11649,-0.00772,0.32233,-0.02167,0.00287,0.58059,0.09248,0.16018,0.06200,-0.40497,-0.10001,0.01349,0.29183,-0.00984,-0.00010,0.57799,0.13399,0.19036,0.17668,0.25828,-0.03085,0.04218,-0.38382,-0.01410,-0.01404,0.55904,0.18675,0.16513,-0.05896,-0.46812,-0.10970,0.00719,-0.27207,-0.05488,0.01159,0.55749,0.10286,0.20222,0.14079,0.08390,-0.09619,0.00680,-0.00795,-0.00024,-0.01158,0.68344,0.19860,0.37792,0.15539
16.1000,1610,8,16.1014,51.61,0.37518,-0.08297,-0.03137,0.32194,-0.00474,-0.00888,0.58568,0.10455,0.16619,0.16900,-0.39977,-0.10898,0.01084,0.29230,-0.00793,0.00036,0.57137,0.13083,0.19793,0.19328,0.25229,-0.12441,0.05473,-0.38225,-0.01654,0.00313,0.56725,0.19622,0.17197,0.14522,-0.47455,-0.11300,-0.00818,-0.27223,-0.05190,0.01018,0.56310,0.11290,0.21039,0.16549,0.08279,-0.08699,0.00250,-0.00926,-0.01195,-0.01133,0.69529,0.22174,0.38164,0.05613,0.37304,-0.11721,0.00388,0.32121,-0.02280,0.00177,0.58553,0.10492,0.16311,0.05559,-0.40984,-0.09512,0.00699,0.29137,-0.00839,-0.00537,0.58477,0.13690,0.19861,0.15403,0.25717,-0.01465,0.02509,-0.38433,-0.00611,-0.01812,0.56825,0.18191,0.16232,-0.05350,-0.47352,-0.10623,0.00699,-0.27493,-0.05904,0.00576,0.56289,0.11263,0.20880,0.12284,0.07916,-0.09345,0.00456,-0.00784,0.00451,-0.00801,0.69312,0.18920,0.38517,0.13498
16.1500,1615,8,16.1495,48.11,0.36825,-0.06145,-0.01782,0.31925,0.00509,-0.00315,0.59575,0.09653,0.17906,0.09575,-0.41023,-0.11391,0.00069,0.28999,-0.00622,-0.01558,0.58424,0.13250,0.22731,0.37197,0.23668,-0.16340,0.01295,-0.38385,-0.04796,0.02710,0.58535,0.13575,0.18096,-0.11797,-0.48607,-0.10207,-0.03357,-0.27540,-0.04249,-0.00046,0.57554,0.12165,0.23598,0.37487,0.07527,-0.08505,-0.01102,-0.00955,-0.00933,0.01529,0.71675,0.19168,0.37953,-0.01416,0.36726,-0.11341,0.01102,0.32005,-0.02341,0.00074,0.59104,0.11472,0.16575,0.04994,-0.41453,-0.09273,0.00310,0.29103,-0.00494,-0.00837,0.59168,0.13942,0.20581,0.13422,0.25670,-0.00525,0.01407,-0.38441,0.00334,-0.02011,0.57726,0.17837,0.15977,-0.04869,-0.47874,-0.10282,0.00694,-0.27793,-0.06083,0.00180,0.56874,0.12137,0.21454,0.10714,0.07454,-0.09159,0.00312,-0.00753,0.00781,-0.00561,0.70239,0.18159,0.39146,0.11713
16.2000,1620,8,16.1998,50.27,0.36825,-0.06145,-0.01782,0.31925,0.00509,-0.00315,0.59575,0.09653,0.17906,0.09575,-0.41023,-0.11391,0.00069,0.28999,-0.00622,-0.01558,0.58424,0.13250,0.22731,0.37197,0.23668,-0.16340,0.01295,-0.38385,-0.04796,0.02710,0.58535,0.13575,0.18096,-0.11797,-0.48607,-0.10207,-0.03357,-0.27540,-0.04249,-0.00046,0.57554,0.12165,0.23598,0.37487,0.07527,-0.08505,-0.01102,-0.00955,-0.00933,0.01529,0.71675,0.19168,0.37953,-0.01416,0.36174,-0.10689,0.01516,0.31888,-0.02354,-0.00019,0.59697,0.12253,0.16812,0.04497,-0.41914,-0.09180,0.00095,0.29089,-0.00042,-0.00987,0.59870,0.14147,0.21208,0.11691,0.25658,-0.00018,0.00718,-0.38399,0.01339,-0.02071,0.58611,0.17569,0.15744,-0.04444,-0.48380,-0.09940,0.00699,-0.28098,-0.06101,-0.00088,0.57501,0.12908,0.21954,0.09342,0.06999,-0.09029,0.00224,-0.00708,0.01014,-0.00399,0.71131,0.17540,0.39692,0.10152
16.2500,1625,8,16.2503,50.55,0.36323,-0.03932,-0.02508,0.31931,0.00625,0.00497,0.60283,0.06477,0.18525,0.04544,-0.42101,-0.10786,-0.01567,0.28907,-0.00170,0.00139,0.59506,0.10112,0.25105,0.10119,0.22200,-0.13946,-0.04639,-0.38486,-0.03363,0.00526,0.59603,0.07160,0.16056,-0.21032,-0.49255,-0.04855,-0.05963,-0.28391,-0.05172,-0.00062,0.58360,0.06223,0.27317,0.28524,0.06917,-0.05155,-0.02979,-0.01190,-0.01929,0.00794,0.73133,0.09461,0.38454,0.07279,0.35660,-0.09886,0.01730,0.31771,-0.02325,-0.00101,0.60326,0.12881,0.17026,0.04059,-0.42372,-0.09161,-0.00005,0.29099,0.00458,-0.01038,0.60582,0.14307,0.21754,0.10178,0.25664,0.00225,0.00309,-0.38307,0.02351,-0.02042,0.59484,0.17360,0.15531,-0.04070,-0.48868,-0.09595,0.00708,-0.28402,-0.06011,-0.00267,0.58163,0.13578,0.22391,0.08142,0.06550,-0.08933,0.00173,-0.00652,0.01182,-0.00291,0.71994,0.17033,0.40164,0.08787
16.3000,1630,8,16.3000,49.70,0.36323,-0.03932,-0.02508,0.31931,0.00625,0.00497,0.60283,0.06477,0.18525,0.04544,-0.43115,-0.08729,-0.01567,0.28856,-0.00154,0.00139,0.60185,0.05708,0.25105,0.10119,0.22200,-0.13946,-0.04639,-0.38486,-0.03363,0.00526,0.59603,0.07160,0.16056,-0.21032,-0.49255,-0.04855,-0.05963,-0.28391,-0.05172,-0.00062,0.58360,0.06223,0.27317,0.28524,0.06917,-0.05155,-0.02979,-0.01190,-0.01929,0.00794,0.73133,0.09461,0.38454,0.07279,0.35187,-0.09013,0.01813,0.31656,-0.02258,-0.00171,0.60983,0.13390,0.17219,0.03673,-0.42830,-0.09172,-0.00030,0.29135,0.00966,-0.01026,0.61300,0.14425,0.22229,0.08855,0.25678,0.00316,0.00087,-0.38164,0.03333,-0.01956,0.60347,0.17192,0.15336,-0.03739,-0.49339,-0.09245,0.00719,-0.28698,-0.05849,-0.00385,0.58857,0.14155,0.22771,0.07093,0.06106,-0.08855,0.00149,-0.00590,0.01305,-0.00218,0.72835,0.16613,0.40573,0.07594
16.3500,1635,8,16.3503,50.30,0.35996,-0.02082,-0.01134,0.31735,-0.00761,0.01107,0.60614,0.01945,0.19051,0.04383,-0.43115,-0.08729,-0.03725,0.28856,-0.00154,0.00639,0.60185,0.05708,0.26599,0.18704,0.21329,-0.07523,-0.05345,-0.38791,-0.04182,0.01977,0.59925,0.02113,0.13942,-0.25834,-0.49622,-0.00888,-0.05204,-0.28723,-0.02516,-0.01475,0.58669,0.00084,0.29976,0.16186,0.06491,-0.02972,-0.03807,-0.01098,-0.00350,0.01064,0.73629,-0.00235,0.38919,0.02719,0.34759,-0.08121,0.01811,0.31545,-0.02159,-0.00230,0.61664,0.13802,0.17394,0.03332,-0.43289,-0.09183,-0.00009,0.29196,0.01458,-0.00975,0.62024,0.14504,0.22642,0.07699,0.25694,0.00331,-0.00010,-0.37974,0.04264,-0.01834,0.61203,0.17050,0.15157,-0.03446,-0.49793,-0.08890,0.00730,-0.28986,-0.05641,-0.00461,0.59577,0.14644,0.23102,0.06175,0.05665,-0.08784,0.00143,-0.00522,0.01399,-0.00168,0.73657,0.16263,0.40926,0.06551
16.4000,1640,8,16.4018,51.53,0.35996,-0.02082,-0.01134,0.31735,-0.00761,0.01107,0.60614,0.01945,0.19051,0.04383,-0.43961,-0.06204,-0.03725,0.28843,0.00345,0.00639,0.60422,0.01682,0.26599,0.18704,0.21329,-0.07523,-0.05345,-0.38791,-0.04182,0.01977,0.59925,0.02113,0.13942,-0.25834,-0.49622,-0.00888,-0.05204,-0.28723,-0.02516,-0.01475,0.58669,0.00084,0.29976,0.16186,0.06491,-0.02972,-0.03807,-0.01098,-0.00350,0.01064,0.73629,-0.00235,0.38919,0.02719,0.34374,-0.07245,0.01756,0.31441,-0.02034,-0.00278,0.62362,0.14136,0.17553,0.03032,-0.43748,-0.09177,0.00040,0.29280,0.01918,-0.00901,0.62750,0.14551,0.23001,0.06690,0.25710,0.00319,-0.00026,-0.37739,0.05129,-0.01692,0.62053,0.16928,0.14991,-0.03187,-0.50228,-0.08529,0.00740,-0.29262,-0.05402,-0.00508,0.60320,0.15053,0.23391,0.05374,0.05227,-0.08713,0.00148,-0.00451,0.01473,-0.00134,0.74462,0.15964,0.41231,0.05640
16.4500,1645,8,16.4500,48.12,0.35734,-0.01312,-0.00986,0.31465,-0.01398,0.00539,0.60725,0.00963,0.20018,0.16641,-0.43961,-0.06204,-0.03285,0.28843,0.00345,0.00544,0.60422,0.01682,0.29302,0.26117,0.21089,-0.00491,-0.05936,-0.39004,-0.03745,-0.01170,0.60175,0.04815,0.11944,-0.09366,-0.49450,0.02321,-0.02897,-0.28490,0.01791,-0.00636,0.58258,-0.02786,0.31289,0.04322,0.06389,0.00572,-0.01500,-0.01376,-0.00237,-0.00228,0.73205,-0.07162,0.38721,-0.03073,0.34033,-0.06404,0.01671,0.31342,-0.01888,-0.00317,0.63076,0.14404,0.17697,0.02766,-0.44206,-0.09141,0.00105,0.29387,0.02339,-0.00814,0.63478,0.14567,0.23313,0.05807,0.25726,0.00314,0.00010,-0.37462,0.05922,-0.01539,0.62896,0.16820,0.14838,-0.02958,-0.50646,-0.08165,0.00747,-0.29526,-0.05145,-0.00535,0.61081,0.15388,0.23641,0.04673,0.04793,-0.08637,0.00162,-0.00375,0.01532,-0.00110,0.75254,0.15706,0.41492,0.04844
16.5000,1650,8,16.4993,49.36,0.35734,-0.01312,-0.00986,0.31465,-0.01398,0.00539,0.60725,0.00963,0.20018,0.16641,-0.44595,-0.03373,-0.03285,0.28902,0.01293,0.00544,0.60836,0.02258,0.29302,0.26117,0.21089,-0.00491,-0.05936,-0.39004,-0.03745,-0.01170,0.60175,0.04815,0.11944,-0.09366,-0.49450,0.02321,-0.02897,-0.28490,0.01791,-0.00636,0.58258,-0.02786,0.31289,0.04322,0.06389,0.00572,-0.01500,-0.01376,-0.00237,-0.00228,0.73205,-0.07162,0.38721,-0.03073,0.33733,-0.05609,0.01568,0.31252,-0.01725,-0.00346,0.63802,0.14616,0.17830,0.02532,-0.44662,-0.09072,0.00178,0.29513,0.02717,-0.00723,0.64206,0.14558,0.23584,0.05036,0.25742,0.00334,0.00077,-0.37148,0.06638,-0.01381,0.63735,0.16722,0.14695,-0.02754,-0.51045,-0.07797,0.00752,-0.29776,-0.04879,-0.00549,0.61858,0.15656,0.23859,0.04060,0.04363,-0.08554,0.00180,-0.00297,0.01582,-0.00092,0.76034,0.15478,0.41717,0.04148
16.5500,1655,8,16.5502,50.92,0.35454,-0.02193,0.01438,0.31444,-0.01014,-0.01663,0.60876,0.01065,0.21856,0.18633,-0.44595,-0.03373,-0.05155,0.28902,0.01293,0.01084,0.60836,0.02258,0.30545,0.04939,0.21213,0.03534,-0.04059,-0.39272,-0.01980,-0.01475,0.60331,0.06055,0.11533,-0.01389,-0.49188,0.03512,0.00229,-0.28423,0.01401,0.00968,0.57810,-0.03784,0.31521,-0.02294,0.06403,0.00606,-0.00909,-0.01497,0.00692,-0.01180,0.72317,-0.09062,0.38323,0.05323,0.33472,-0.04866,0.01458,0.31170,-0.01550,-0.00367,0.64537,0.14780,0.17951,0.02324,-0.45113,-0.08966,0.00254,0.29658,0.03048,-0.00630,0.64934,0.14527,0.23818,0.04363,0.25760,0.00392,0.00164,-0.36800,0.07277,-0.01224,0.64569,0.16633,0.14562,-0.02573,-0.51425,-0.07427,0.00754,-0.30013,-0.04609,-0.00553,0.62646,0.15863,0.24049,0.03525,0.03938,-0.08460,0.00202,-0.00217,0.01623,-0.00078,0.76802,0.15273,0.41909,0.03541
16.6000,1660,8,16.5994,49.16,0.35454,-0.02193,0.01438,0.31444,-0.01014,-0.01663,0.60876,0.01065,0.21856,0.18633,-0.44788,0.01023,-0.05155,0.29032,0.02121,0.01084,0.61272,0.01703,0.30545,0.04939,0.21213,0.03534,-0.04059,-0.39272,-0.01980,-0.01475,0.60331,0.06055,0.11533,-0.01389,-0.49188,0.03512,0.00229,-0.28423,0.01401,0.00968,0.57810,-0.03784,0.31521,-0.02294,0.06403,0.00606,-0.00909,-0.01497,0.00692,-0.01180,0.72317,-0.09062,0.38323,0.05323,0.33246,-0.04178,0.01347,0.31097,-0.01366,-0.00382,0.65279,0.14901,0.18063,0.02140,-0.45558,-0.08823,0.00329,0.29817,0.03334,-0.00538,0.65659,0.14476,0.24021,0.03775,0.25782,0.00496,0.00260,-0.36422,0.07839,-0.01068,0.65398,0.16552,0.14437,-0.02412,-0.51787,-0.07057,0.00754,-0.30237,-0.04338,-0.00550,0.63443,0.16013,0.24213,0.03057,0.03518,-0.08355,0.00225,-0.00135,0.01658,-0.00065,0.77561,0.15083,0.42072,0.03011
16.6500,1665,8,16.6502,50.84,0.34996,-0.05060,0.02509,0.31144,-0.00018,-0.02730,0.60813,0.00664,0.23022,0.09506,-0.44788,0.01023,-0.03566,0.29032,0.02121,0.00215,0.61272,0.01703,0.31299,0.17183,0.21639,0.06552,-0.03288,-0.39305,0.00721,-0.02042,0.60232,0.01371,0.11299,-0.00515,-0.48935,0.02154,0.02828,-0.28457,-0.01075,0.01749,0.57479,-0.00646,0.31264,-0.03336,0.06446,0.00451,0.01101,-0.01516,0.01484,-0.01534,0.71536,-0.05359,0.39677,0.25217,0.33053,-0.03545,0.01237,0.31034,-0.01176,-0.00390,0.66026,0.14984,0.18165,0.01977,-0.45995,-0.08644,0.00402,0.29990,0.03576,-0.00449,0.66381,0.14409,0.24197,0.03261,0.25811,0.00648,0.00361,-0.36017,0.08325,-0.00916,0.66224,0.16480,0.14321,-0.02268,-0.52131,-0.06688,0.00752,-0.30447,-0.04070,-0.00542,0.64246,0.16112,0.24355,0.02648,0.03103,-0.08239,0.00249,-0.00052,0.01688,-0.00054,0.78311,0.14903,0.42211,0.02548
16.7000,1670,8,16.7018,51.58,0.34996,-0.05060,0.02509,0.31144,-0.00018,-0.02730,0.60813,0.00664,0.23022,0.09506,-0.45268,0.00682,-0.03566,0.28674,0.00867,0.00215,0.60629,-0.02470,0.31299,0.17183,0.21639,0.06552,-0.03288,-0.39305,0.00721,-0.02042,0.60232,0.01371,0.11299,-0.00515,-0.48935,0.02154,0.02828,-0.28457,-0.01075,0.01749,0.57479,-0.00646,0.31264,-0.03336,0.06446,0.00451,0.01101,-0.01516,0.01484,-0.01534,0.71536,-0.05359,0.39677,0.25217,0.32890,-0.02964,0.01130,0.30980,-0.00984,-0.00394,0.66777,0.15033,0.18261,0.01832,-0.46422,-0.08429,0.00472,0.30174,0.03776,-0.00365,0.67099,0.14327,0.24348,0.02813,0.25848,0.00850,0.00462,-0.35590,0.08738,-0.00768,0.67046,0.16418,0.14210,-0.02140,-0.52456,-0.06320,0.00747,-0.30644,-0.03807,-0.00531,0.65053,0.16163,0.24479,0.02291,0.02694,-0.08110,0.00273,0.00033,0.01711,-0.00043,0.79051,0.14730,0.42328,0.02144
16.7500,1675,8,16.7499,48.05,0.34293,-0.08065,0.01182,0.30978,0.01763,-0.02157,0.60772,0.02101,0.23482,0.00902,-0.45268,0.00682,-0.01275,0.28674,0.00867,0.01256,0.60629,-0.02470,0.32421,0.05991,0.22153,0.07308,-0.01231,-0.38600,0.04554,-0.01953,0.59890,0.01043,0.10622,-0.05598,-0.49044,-0.01835,0.04221,-0.28677,-0.03687,0.01473,0.57694,0.04556,0.30700,-0.05300,0.06326,-0.01976,0.01396,-0.01269,0.03314,-0.02305,0.71358,0.00926,0.41659,0.07635,0.32756,-0.02435,0.01029,0.30935,-0.00791,-0.00393,0.67529,0.15049,0.18349,0.01704,-0.46837,-0.08182,0.00538,0.30367,0.03935,-0.00284,0.67814,0.14235,0.24479,0.02421,0.25896,0.01102,0.00562,-0.35145,0.09080,-0.00625,0.67866,0.16370,0.14106,-0.02025,-0.52763,-0.05955,0.00740,-0.30828,-0.03549,-0.00518,0.65862,0.16170,0.24585,0.01979,0.02292,-0.07971,0.00297,0.00120,0.01730,-0.00032,0.79784,0.14560,0.42426,0.01792
16.8000,1680,8,16.8013,51.42,0.34293,-0.08065,0.01182,0.30978,0.01763,-0.02157,0.60772,0.02101,0.23482,0.00902,-0.45312,0.02021,-0.01275,0.28603,0.00387,0.01256,0.60596,0.02367,0.32421,0.05991,0.22153,0.07308,-0.01231,-0.38600,0.04554,-0.01953,0.59890,0.01043,0.10622,-0.05598,-0.49044,-0.01835,0.04221,-0.28677,-0.03687,0.01473,0.57694,0.04556,0.30700,-0.05300,0.06326,-0.01976,0.01396,-0.01269,0.03314,-0.02305,0.71358,0.00926,0.41659,0.07635,0.32646,-0.01954,0.00933,0.30901,-0.00599,-0.00389,0.68281,0.15032,0.18431,0.01589,-0.47239,-0.07903,0.00600,0.30567,0.04055,-0.00207,0.68523,0.14137,0.24591,0.02080,0.25959,0.01401,0.00659,-0.34684,0.09352,-0.00486,0.68684,0.16339,0.14008,-0.01922,-0.53052,-0.05595,0.00731,-0.30999,-0.03299,-0.00503,0.66670,0.16136,0.24677,0.01707,0.01897,-0.07820,0.00319,0.00206,0.01743,-0.00020,0.80507,0.14390,0.42508,0.01485
16.8500,1685,8,16.8500,48.74,0.33482,-0.08279,-0.00068,0.30631,0.00251,-0.01485,0.60649,0.01709,0.23827,0.04853,-0.45312,0.02021,-0.01369,0.28603,0.00387,-0.00293,0.60596,0.02367,0.33151,0.04775,0.22701,0.07164,-0.00553,-0.38287,0.04681,-0.00569,0.60170,0.07295,0.09682,-0.08016,-0.49390,-0.05410,0.03488,-0.29418,-0.06305,0.00503,0.58344,0.09937,0.30295,0.00338,0.05941,-0.04740,0.01727,-0.00980,0.04824,-0.02171,0.71868,0.09570,0.41876,0.08131,0.32559,-0.01519,0.00842,0.30875,-0.00410,-0.00382,0.69032,0.14980,0.18508,0.01487,-0.47627,-0.07594,0.00658,0.30772,0.04138,-0.00134,0.69227,0.14039,0.24688,0.01782,0.26037,0.01747,0.00751,-0.34211,0.09557,-0.00351,0.69500,0.16332,0.13914,-0.01829,-0.53323,-0.05239,0.00720,-0.31158,-0.03055,-0.00487,0.67475,0.16063,0.24756,0.01469,0.01510,-0.07658,0.00339,0.00294,0.01750,-0.00009,0.81223,0.14218,0.42575,0.01218
16.9000,1690,8,16.9010,50.94,0.33482,-0.08279,-0.00068,0.30631,0.00251,-0.01485,0.60649,0.01709,0.23827,0.04853,-0.45194,0.01878,-0.01369,0.28368,0.00375,-0.00293,0.61123,0.10621,0.33151,0.04775,0.22701,0.07164,-0.00553,-0.38287,0.04681,-0.00569,0.60170,0.07295,0.09682,-0.08016,-0.49390,-0.05410,0.03488,-0.29418,-0.06305,0.00503,0.58344,0.09937,0.30295,0.00338,0.05941,-0.04740,0.01727,-0.00980,0.04824,-0.02171,0.71868,0.09570,0.41876,0.08131,0.32494,-0.01126,0.00761,0.30860,-0.00225,-0.00372,0.69779,0.14894,0.18580,0.01396,-0.47998,-0.07259,0.00707,0.30980,0.04187,-0.00066,0.69927,0.13939,0.24770,0.01522,0.26134,0.02136,0.00831,-0.33729,0.09698,-0.00223,0.70317,0.16343,0.13825,-0.01746,-0.53576,-0.04888,0.00708,-0.31305,-0.02821,-0.00470,0.68275,0.15954,0.24825,0.01261,0.01132,-0.07487,0.00359,0.00381,0.01751,0.00003,0.81929,0.14040,0.42630,0.00985
16.9500,1695,8,16.9497,48.70,0.32692,-0.08083,-0.00728,0.30638,0.01370,-0.01743,0.61004,0.05667,0.24413,0.05118,-0.45194,0.01878,0.00709,0.28368,0.00375,-0.02168,0.61123,0.10621,0.32415,-0.14084,0.23196,0.05708,0.00373,-0.37471,0.07887,-0.01218,0.61301,0.15224,0.09073,-0.05705,-0.50070,-0.08007,0.01543,-0.30190,-0.07634,-0.00519,0.59580,0.14886,0.30200,-0.05756,0.05362,-0.06357,0.00920,-0.00628,0.04720,0.00095,0.73271,0.18340,0.42973,0.11189,0.32446,-0.00772,0.00687,0.30853,-0.00045,-0.00360,0.70521,0.14780,0.18648,0.01314,-0.48352,-0.06902,0.00747,0.31190,0.04203,-0.00002,0.70621,0.13828,0.24841,0.01295,0.26251,0.02560,0.00898,-0.33242,0.09777,-0.00102,0.71135,0.16356,0.13739,-0.01670,-0.53812,-0.04544,0.00695,-0.31440,-0.02594,-0.00453,0.69070,0.15811,0.24883,0.01080,0.00762,-0.07307,0.00376,0.00469,0.01747,0.00016,0.82627,0.13854,0.42674,0.00783
17.0000,1700,8,17.0005,50.84,0.32692,-0.08083,-0.00728,0.30638,0.01370,-0.01743,0.61004,0.05667,0.24413,0.05118,-0.45385,-0.01449,0.00709,0.28292,0.01564,-0.02168,0.62610,0.17771,0.32415,-0.14084,0.23196,0.05708,0.00373,-0.37471,0.07887,-0.01218,0.61301,0.15224,0.09073,-0.05705,-0.50070,-0.08007,0.01543,-0.30190,-0.07634,-0.00519,0.59580,0.14886,0.30200,-0.05756,0.05362,-0.06357,0.00920,-0.00628,0.04720,0.00095,0.73271,0.18340,0.42973,0.11189,0.32416,-0.00451,0.00622,0.30855,0.00128,-0.00345,0.71256,0.14640,0.18712,0.01240,-0.48688,-0.06528,0.00778,0.31400,0.04190,0.00056,0.71309,0.13698,0.24900,0.01098,0.26391,0.03015,0.00952,-0.32752,0.09798,0.00013,0.71953,0.16359,0.13657,-0.01601,-0.54030,-0.04207,0.00681,-0.31564,-0.02377,-0.00434,0.69856,0.15635,0.24933,0.00922,0.00401,-0.07118,0.00391,0.00556,0.01736,0.00028,0.83314,0.13657,0.42709,0.00607
17.0500,1705,8,17.0497,49.16,0.31892,-0.07651,-0.01211,0.30959,0.03720,-0.01298,0.61927,0.10238,0.25225,0.11151,-0.45385,-0.01449,0.01867,0.28292,0.01564,-0.02786,0.62610,0.17771,0.31002,-0.13841,0.23381,0.03429,0.01087,-0.37134,0.07302,-0.00316,0.63004,0.19583,0.08296,-0.07827,-0.50927,-0.08920,0.00130,-0.30960,-0.07182,-0.01226,0.61315,0.20045,0.29650,-0.05493,0.04643,-0.08383,0.02856,-0.00207,0.04233,0.00115,0.75459,0.24805,0.43895,0.06512,0.32401,-0.00160,0.00564,0.30865,0.00293,-0.00328,0.71984,0.14475,0.18772,0.01175,-0.49005,-0.06141,0.00800,0.31609,0.04150,0.00109,0.71990,0.13546,0.24951,0.00926,0.26553,0.03492,0.00994,-0.32263,0.09765,0.00121,0.72770,0.16343,0.13579,-0.01539,-0.54232,-0.03876,0.00666,-0.31678,-0.02168,-0.00416,0.70633,0.15428,0.24976,0.00784,0.00050,-0.06923,0.00405,0.00642,0.01719,0.00041,0.83992,0.13446,0.42735,0.00454
17.1000,1710,8,17.1011,51.42,0.31892,-0.07651,-0.01211,0.30959,0.03720,-0.01298,0.61927,0.10238,0.25225,0.11151,-0.45796,-0.04907,0.01867,0.28448,0.03546,-0.02786,0.64541,0.20729,0.31002,-0.13841,0.23381,0.03429,0.01087,-0.37134,0.07302,-0.00316,0.63004,0.19583,0.08296,-0.07827,-0.50927,-0.08920,0.00130,-0.30960,-0.07182,-0.01226,0.61315,0.20045,0.29650,-0.05493,0.04643,-0.08383,0.02856,-0.00207,0.04233,0.00115,0.75459,0.24805,0.43895,0.06512,0.32399,0.00103,0.00512,0.30884,0.00449,-0.00309,0.72703,0.14287,0.18829,0.01115,-0.49302,-0.05744,0.00815,0.31815,0.04084,0.00157,0.72663,0.13369,0.24993,0.00776,0.26740,0.03988,0.01024,-0.31777,0.09681,0.00222,0.73586,0.16300,0.13504,-0.01481,-0.54418,-0.03554,0.00650,-0.31781,-0.01969,-0.00397,0.71398,0.15190,0.25012,0.00664,-0.00291,-0.06721,0.00416,0.00728,0.01696,0.00054,0.84659,0.13218,0.42755,0.00322
17.1500,1715,8,17.1494,48.30,0.30634,-0.08357,-0.01877,0.31487,0.05943,0.00749,0.63773,0.16993,0.25791,0.08196,-0.45796,-0.04907,0.01348,0.28448,0.03546,-0.02970,0.64541,0.20729,0.29297,-0.16845,0.23373,0.01422,-0.00097,-0.36459,0.07249,-0.00346,0.65165,0.23652,0.07673,-0.04070,-0.52058,-0.10249,-0.01231,-0.31351,-0.03813,-0.02170,0.63630,0.22898,0.28525,-0.05733,0.03833,-0.08905,0.00946,-0.00084,0.01111,0.01799,0.77972,0.25547,0.44561,0.06459,0.32411,0.00343,0.00467,0.30910,0.00596,-0.00289,0.73413,0.14073,0.18883,0.01061,-0.49579,-0.05343,0.00822,0.32017,0.03997,0.00200,0.73327,0.13164,0.25029,0.00646,0.26952,0.04495,0.01041,-0.31296,0.09549,0.00315,0.74400,0.16225,0.13431,-0.01429,-0.54588,-0.03239,0.00634,-0.31875,-0.01779,-0.00378,0.72151,0.14922,0.25042,0.00559,-0.00622,-0.06515,0.00426,0.00812,0.01666,0.00066,0.85314,0.12973,0.42768,0.00207
17.2000,1720,8,17.2030,53.56,0.30634,-0.08357,-0.01877,0.31487,0.05943,0.00749,0.63773,0.16993,0.25791,0.08196,-0.46344,-0.06492,0.01348,0.28850,0.05315,-0.02970,0.66553,0.20498,0.29297,-0.16845,0.23373,0.01422,-0.00097,-0.36459,0.07249,-0.00346,0.65165,0.23652,0.07673,-0.04070,-0.52058,-0.10249,-0.01231,-0.31351,-0.03813,-0.02170,0.63630,0.22898,0.28525,-0.05733,0.03833,-0.08905,0.00946,-0.00084,0.01111,0.01799,0.77972,0.25547,0.44561,0.06459,0.32433,0.00563,0.00428,0.30943,0.00732,-0.00267,0.74110,0.13835,0.18935,0.01013,-0.49836,-0.04939,0.00822,0.32214,0.03889,0.00238,0.73979,0.12932,0.25058,0.00533,0.27190,0.05008,0.01048,-0.30823,0.09373,0.00402,0.75208,0.16114,0.13361,-0.01381,-0.54742,-0.02932,0.00617,-0.31959,-0.01598,-0.00358,0.72890,0.14626,0.25068,0.00468,-0.00943,-0.06304,0.00433,0.00894,0.01631,0.00079,0.85956,0.12709,0.42776,0.00108
17.2500,1725,8,17.2498,46.79,0.30070,-0.04196,-0.03650,0.31789,0.03226,0.02630,0.65566,0.19555,0.26402,0.10893,-0.46344,-0.06492,0.01713,0.28850,0.05315,-0.02024,0.66553,0.20498,0.27959,-0.12552,0.23339,0.00747,-0.00984,-0.35634,0.08406,0.00046,0.67389,0.22261,0.07777,0.00244,-0.52950,-0.08357,-0.02123,-0.31732,-0.02519,-0.00641,0.65846,0.22319,0.27534,-0.07529,0.02984,-0.09189,0.01217,-0.00148,-0.00670,-0.00621,0.80388,0.22833,0.45264,0.14984,0.32467,0.00764,0.00393,0.30983,0.00857,-0.00244,0.74796,0.13570,0.18985,0.00968,-0.50073,-0.04537,0.00816,0.32406,0.03764,0.00272,0.74620,0.12670,0.25082,0.00435,0.27453,0.05521,0.01044,-0.30359,0.09156,0.00481,0.76010,0.15965,0.13293,-0.01336,-0.54881,-0.02633,0.00600,-0.32035,-0.01427,-0.00339,0.73613,0.14300,0.25089,0.00389,-0.01252,-0.06090,0.00438,0.00975,0.01589,0.00091,0.86584,0.12424,0.42779,0.00022
17.3000,1730,8,17.3277,77.94,0.30070,-0.04196,-0.03650,0.31789,0.03226,0.02630,0.65566,0.19555,0.26402,0.10893,-0.47134,-0.08647,0.01713,0.29475,0.07162,-0.02024,0.68667,0.20579,0.27959,-0.12552,0.23339,0.00747,-0.00984,-0.35634,0.08406,0.00046,0.67389,0.22261,0.07777,0.00244,-0.52950,-0.08357,-0.02123,-0.31732,-0.02519,-0.00641,0.65846,0.22319,0.27534,-0.07529,0.02984,-0.09189,0.01217,-0.00148,-0.00670,-0.00621,0.80388,0.22833,0.45264,0.14984,0.32509,0.00949,0.00362,0.31029,0.00971,-0.00220,0.75467,0.13279,0.19032,0.00928,-0.50290,-0.04139,0.00805,0.32590,0.03623,0.00302,0.75246,0.12380,0.25102,0.00349,0.27742,0.06031,0.01031,-0.29908,0.08902,0.00552,0.76804,0.15777,0.13227,-0.01295,-0.55006,-0.02343,0.00583,-0.32102,-0.01266,-0.00319,0.74319,0.13945,0.25107,0.00320,-0.01552,-0.05874,0.00442,0.01053,0.01541,0.00103,0.87198,0.12117,0.42778,-0.00051
17.3500,1735,8,17.3500,22.27,0.30046,0.00444,-0.02155,0.31472,-0.01044,0.02538,0.67267,0.19353,0.27790,0.11096,-0.47134,-0.08647,0.00492,0.29475,0.07162,-0.01886,0.68667,0.20579,0.26770,-0.10442,0.23576,0.02705,-0.02198,-0.34921,0.07998,0.00213,0.69635,0.18632,0.07892,0.05687,-0.53705,-0.06440,-0.02150,-0.32434,-0.04264,-0.00036,0.67625,0.20161,0.26672,-0.12028,0.02010,-0.10074,-0.00722,-0.00074,-0.00064,0.00932,0.82473,0.18010,0.47020,0.16009,0.32561,0.01120,0.00336,0.31080,0.01073,-0.00194,0.76123,0.12960,0.19078,0.00891,-0.50487,-0.03748,0.00788,0.32768,0.03469,0.00326,0.75857,0.12060,0.25117,0.00276,0.28056,0.06531,0.01009,-0.29469,0.08616,0.00616,0.77587,0.15548,0.13163,-0.01256,-0.55116,-0.02062,0.00565,-0.32162,-0.01114,-0.00300,0.75007,0.13561,0.25121,0.00260,-0.01840,-0.05657,0.00443,0.01129,0.01488,0.00115,0.87795,0.11789,0.42774,-0.00114
17.4000,1740,8,17.3997,49.78,0.30046,0.00444,-0.02155,0.31472,-0.01044,0.02538,0.67267,0.19353,0.27790,0.11096,-0.48053,-0.09829,0.00492,0.30250,0.08174,-0.01886,0.70701,0.20032,0.26770,-0.10442,0.23576,0.02705,-0.02198,-0.34921,0.07998,0.00213,0.69635,0.18632,0.07892,0.05687,-0.53705,-0.06440,-0.02150,-0.32434,-0.04264,-0.00036,0.67625,0.20161,0.26672,-0.12028,0.02010,-0.10074,-0.00722,-0.00074,-0.00064,0.00932,0.82473,0.18010,0.47020,0.16009,0.32621,0.01279,0.00313,0.31136,0.01161,-0.00168,0.76762,0.12614,0.19121,0.00857,-0.50665,-0.03367,0.00767,0.32937,0.03304,0.00346,0.76452,0.11714,0.25130,0.00212,0.28395,0.07019,0.00978,-0.29046,0.08300,0.00672,0.78358,0.15281,0.13101,-0.01220,-0.55212,-0.01789,0.00548,-0.32214,-0.00972,-0.00281,0.75675,0.13146,0.25133,0.00208,-0.02117,-0.05440,0.00443,0.01202,0.01428,0.00126,0.88376,0.11438,0.42767,-0.00169
17.4500,1745,8,17.4497,49.97,0.30040,0.01823,-0.01892,0.31480,-0.00483,0.00669,0.69347,0.19613,0.28915,0.12983,-0.48053,-0.09829,0.01342,0.30250,0.08174,-0.00315,0.70701,0.20032,0.26291,0.02901,0.23779,0.04516,-0.02640,-0.34133,0.07391,0.00636,0.71876,0.19840,0.08675,0.07294,-0.54399,-0.05363,-0.01741,-0.32872,-0.03306,-0.01032,0.69418,0.17848,0.25811,-0.08761,0.01046,-0.08720,-0.02010,0.00063,0.00707,0.01113,0.84000,0.12443,0.48622,0.08945,0.32689,0.01427,0.00292,0.31196,0.01237,-0.00140,0.77384,0.12239,0.19163,0.00825,-0.50824,-0.02997,0.00741,0.33098,0.03130,0.00361,0.77028,0.11341,0.25139,0.00156,0.28757,0.07489,0.00939,-0.28640,0.07958,0.00721,0.79115,0.14975,0.13041,-0.01186,-0.55295,-0.01524,0.00530,-0.32259,-0.00839,-0.00261,0.76321,0.12702,0.25142,0.00162,-0.02384,-0.05223,0.00441,0.01271,0.01364,0.00137,0.88939,0.11065,0.42757,-0.00215
17.5000,1750,8,17.4998,50.05,0.30040,0.01823,-0.01892,0.31480,-0.00483,0.00669,0.69347,0.19613,0.28915,0.12983,-0.48993,-0.09611,0.01342,0.30901,0.07892,-0.00315,0.72189,0.16247,0.26291,0.02901,0.23779,0.04516,-0.02640,-0.34133,0.07391,0.00636,0.71876,0.19840,0.08675,0.07294,-0.54399,-0.05363,-0.01741,-0.32872,-0.03306,-0.01032,0.69418,0.17848,0.25811,-0.08761,0.01046,-0.08720,-0.02010,0.00063,0.00707,0.01113,0.84000,0.12443,0.48622,0.08945,0.32764,0.01566,0.00275,0.31260,0.01299,-0.00112,0.77986,0.11834,0.19204,0.00796,-0.50965,-0.02641,0.00711,0.33250,0.02950,0.00372,0.77585,0.10944,0.25145,0.00108,0.29143,0.07939,0.00893,-0.28251,0.07594,0.00762,0.79855,0.14634,0.12983,-0.01154,-0.55364,-0.01268,0.00513,-0.32298,-0.00715,-0.00242,0.76945,0.12227,0.25149,0.00123,-0.02640,-0.05008,0.00437,0.01338,0.01294,0.00147,0.89482,0.10670,0.42745,-0.00254
17.5500,1755,8,17.5497,49.92,0.30190,0.02586,-0.00783,0.31696,-0.00159,0.01076,0.71385,0.18034,0.29726,0.04804,-0.48993,-0.09611,-0.00556,0.30901,0.07892,0.01383,0.72189,0.16247,0.26954,0.09130,0.24234,0.06510,-0.02152,-0.33253,0.07611,-0.00043,0.74027,0.21732,0.09936,0.09287,-0.54948,-0.04265,-0.01806,-0.33228,-0.02459,-0.00619,0.71017,0.16044,0.25227,-0.06850,0.00663,-0.04197,-0.01685,-0.00183,-0.01980,0.01476,0.84897,0.07446,0.49104,-0.01272,0.32845,0.01697,0.00259,0.31326,0.01347,-0.00083,0.78567,0.11398,0.19243,0.00769,-0.51088,-0.02300,0.00678,0.33393,0.02765,0.00379,0.78122,0.10527,0.25150,0.00067,0.29551,0.08364,0.00841,-0.27881,0.07211,0.00796,0.80578,0.14264,0.12926,-0.01124,-0.55422,-0.01021,0.00496,-0.32331,-0.00601,-0.00223,0.77544,0.11720,0.25155,0.00089,-0.02885,-0.04795,0.00431,0.01401,0.01220,0.00157,0.90006,0.10253,0.42732,-0.00287
17.6000,1760,8,17.5999,50.22,0.30190,0.02586,-0.00783,0.31696,-0.00159,0.01076,0.71385,0.18034,0.29726,0.04804,-0.49930,-0.08346,-0.00556,0.31566,0.06872,0.01383,0.73551,0.13531,0.26954,0.09130,0.24234,0.06510,-0.02152,-0.33253,0.07611,-0.00043,0.74027,0.21732,0.09936,0.09287,-0.54948,-0.04265,-0.01806,-0.33228,-0.02459,-0.00619,0.71017,0.16044,0.25227,-0.06850,0.00663,-0.04197,-0.01685,-0.00183,-0.01980,0.01476,0.84897,0.07446,0.49104,-0.01272,0.32933,0.01821,0.00246,0.31394,0.01380,-0.00053,0.79125,0.10926,0.19281,0.00744,-0.51195,-0.01976,0.00642,0.33526,0.02579,0.00381,0.78638,0.10095,0.25152,0.00032,0.29979,0.08763,0.00784,-0.27530,0.06814,0.00822,0.81281,0.13871,0.12870,-0.01096,-0.55467,-0.00782,0.00479,-0.32358,-0.00496,-0.00205,0.78116,0.11181,0.25158,0.00060,-0.03119,-0.04585,0.00424,0.01460,0.01140,0.00166,0.90507,0.09815,0.42717,-0.00315
17.6500,1765,8,17.6500,50.09,0.30588,0.04804,-0.01778,0.31273,-0.01975,0.00955,0.72924,0.15046,0.30036,0.05116,-0.49930,-0.08346,-0.02018,0.31566,0.06872,0.00764,0.73551,0.13531,0.27497,0.01563,0.24931,0.08232,-0.01974,-0.32168,0.09198,0.00107,0.75857,0.16548,0.10908,0.05916,-0.55413,-0.03714,-0.01599,-0.33114,0.00967,-0.00871,0.72641,0.15836,0.24618,-0.00970,0.00324,-0.02955,-0.00672,-0.00349,-0.01779,-0.00573,0.85641,0.07283,0.48220,-0.16278,0.33027,0.01938,0.00234,0.31463,0.01398,-0.00022,0.79659,0.10413,0.19317,0.00721,-0.51286,-0.01670,0.00604,0.33651,0.02392,0.00380,0.79131,0.09658,0.25153,0.00002,0.30427,0.09132,0.00721,-0.27200,0.06406,0.00842,0.81965,0.13464,0.12816,-0.01068,-0.55500,-0.00551,0.00462,-0.32381,-0.00400,-0.00186,0.78661,0.10610,0.25161,0.00035,-0.03343,-0.04379,0.00416,0.01515,0.01057,0.00174,0.90987,0.09354,0.42701,-0.00338
17.7000,1770,8,17.6998,49.84,0.30588,0.04804,-0.01778,0.31273,-0.01975,0.00955,0.72924,0.15046,0.30036,0.05116,-0.50811,-0.06543,-0.02018,0.32245,0.06330,0.00764,0.74939,0.11817,0.27497,0.01563,0.24931,0.08232,-0.01974,-0.32168,0.09198,0.00107,0.75857,0.16548,0.10908,0.05916,-0.55413,-0.03714,-0.01599,-0.33114,0.00967,-0.00871,0.72641,0.15836,0.24618,-0.00970,0.00324,-0.02955,-0.00672,-0.00349,-0.01779,-0.00573,0.85641,0.07283,0.48220,-0.16278,0.33127,0.02050,0.00223,0.31533,0.01402,0.00007,0.80165,0.09851,0.19353,0.00699,-0.51363,-0.01384,0.00565,0.33766,0.02206,0.00378,0.79603,0.09223,0.25152,-0.00024,0.30892,0.09470,0.00656,-0.26890,0.05989,0.00859,0.82628,0.13054,0.12763,-0.01042,-0.55522,-0.00329,0.00445,-0.32398,-0.00313,-0.00168,0.79177,0.10005,0.25162,0.00013,-0.03557,-0.04178,0.00406,0.01565,0.00969,0.00182,0.91442,0.08872,0.42683,-0.00357
17.7500,1775,8,17.7502,50.38,0.31209,0.05685,0.01041,0.31579,-0.00422,-0.00297,0.74367,0.14064,0.30741,0.10317,-0.50811,-0.06543,-0.03060,0.32245,0.06330,0.01255,0.74939,0.11817,0.27640,-0.00902,0.26078,0.11135,-0.01266,-0.31894,0.05640,0.00254,0.77807,0.17434,0.11243,0.10456,-0.55708,-0.02348,-0.01471,-0.32959,0.01945,0.00013,0.74167,0.14931,0.24508,-0.00651,0.00005,-0.03801,0.00257,-0.00425,0.00206,-0.02278,0.86419,0.09646,0.46239,-0.23715,0.33232,0.02157,0.00211,0.31603,0.01392,0.00033,0.80643,0.09243,0.19387,0.00678,-0.51425,-0.01116,0.00527,0.33871,0.02021,0.00378,0.80054,0.08786,0.25151,-0.00046,0.31373,0.09776,0.00591,-0.26601,0.05563,0.00878,0.83270,0.12628,0.12712,-0.01017,-0.55533,-0.00115,0.00428,-0.32412,-0.00235,-0.00151,0.79661,0.09367,0.25162,-0.00005,-0.03761,-0.03981,0.00395,0.01612,0.00878,0.00190,0.91873,0.08365,0.42665,-0.00372
17.8000,1780,8,17.8001,49.87,0.31209,0.05685,0.01041,0.31579,-0.00422,-0.00297,0.74367,0.14064,0.30741,0.10317,-0.51380,-0.03816,-0.03060,0.32806,0.05931,0.01255,0.75851,0.09252,0.27640,-0.00902,0.26078,0.11135,-0.01266,-0.31894,0.05640,0.00254,0.77807,0.17434,0.11243,0.10456,-0.55708,-0.02348,-0.01471,-0.32959,0.01945,0.00013,0.74167,0.14931,0.24508,-0.00651,0.00005,-0.03801,0.00257,-0.00425,0.00206,-0.02278,0.86419,0.09646,0.46239,-0.23715,0.33343,0.02257,0.00198,0.31672,0.01370,0.00055,0.81089,0.08588,0.19421,0.00658,-0.51475,-0.00867,0.00489,0.33968,0.01835,0.00381,0.80482,0.08339,0.25148,-0.00065,0.31869,0.10050,0.00526,-0.26334,0.05127,0.00898,0.83890,0.12169,0.12662,-0.00992,-0.55534,0.00091,0.00412,-0.32422,-0.00165,-0.00134,0.80113,0.08698,0.25161,-0.00021,-0.03955,-0.03791,0.00383,0.01653,0.00783,0.00197,0.92279,0.07832,0.42646,-0.00384
17.8500,1785,8,17.8498,49.67,0.31753,0.04305,0.01020,0.31631,-0.00030,-0.00938,0.75694,0.12937,0.31205,0.02147,-0.51380,-0.03816,-0.02192,0.32806,0.05931,0.01386,0.75851,0.09252,0.27321,-0.07241,0.27141,0.11401,-0.00587,-0.31099,0.07639,-0.01082,0.79485,0.17583,0.12387,0.18472,-0.55779,-0.00477,-0.00908,-0.32903,0.01010,0.00608,0.75580,0.14087,0.24587,0.03273,-0.00484,-0.05110,0.00537,-0.00255,0.02192,-0.01819,0.87612,0.12274,0.44193,-0.19544,0.33458,0.02351,0.00186,0.31740,0.01338,0.00074,0.81501,0.07887,0.19453,0.00639,-0.51512,-0.00636,0.00452,0.34055,0.01647,0.00386,0.80887,0.07874,0.25144,-0.00081,0.32378,0.10292,0.00461,-0.26088,0.04681,0.00921,0.84486,0.11657,0.12613,-0.00969,-0.55524,0.00289,0.00396,-0.32429,-0.00104,-0.00117,0.80530,0.07997,0.25160,-0.00035,-0.04140,-0.03606,0.00370,0.01690,0.00685,0.00203,0.92656,0.07270,0.42627,-0.00394
17.9000,1790,8,17.9000,50.20,0.31753,0.04305,0.01020,0.31631,-0.00030,-0.00938,0.75694,0.12937,0.31205,0.02147,-0.51736,-0.01911,-0.02192,0.33402,0.05570,0.01386,0.76981,0.11396,0.27321,-0.07241,0.27141,0.11401,-0.00587,-0.31099,0.07639,-0.01082,0.79485,0.17583,0.12387,0.18472,-0.55779,-0.00477,-0.00908,-0.32903,0.01010,0.00608,0.75580,0.14087,0.24587,0.03273,-0.00484,-0.05110,0.00537,-0.00255,0.02192,-0.01819,0.87612,0.12274,0.44193,-0.19544,0.33578,0.02439,0.00173,0.31806,0.01298,0.00088,0.81877,0.07140,0.19485,0.00621,-0.51538,-0.00423,0.00416,0.34132,0.01456,0.00395,0.81269,0.07382,0.25140,-0.00094,0.32898,0.10503,0.00396,-0.25866,0.04223,0.00947,0.85054,0.11072,0.12565,-0.00946,-0.55505,0.00480,0.00380,-0.32433,-0.00050,-0.00101,0.80912,0.07268,0.25158,-0.00046,-0.04316,-0.03428,0.00356,0.01722,0.00585,0.00208,0.93005,0.06676,0.42607,-0.00401
17.9500,1795,8,17.9498,49.88,0.32121,0.03162,0.01143,0.31689,0.01189,-0.00612,0.76842,0.12294,0.31180,-0.02883,-0.51736,-0.01911,-0.02175,0.33402,0.05570,0.01702,0.76981,0.11396,0.26361,-0.09333,0.28199,0.10478,-0.00109,-0.29613,0.12972,-0.01407,0.80444,0.09901,0.14222,0.03962,-0.55681,0.00765,-0.00255,-0.32934,0.00189,-0.00311,0.76862,0.13034,0.24700,0.06504,-0.01192,-0.06804,0.00630,-0.00348,0.02078,-0.02304,0.88805,0.13184,0.42309,-0.13524,0.33702,0.02521,0.00160,0.31870,0.01252,0.00099,0.82214,0.06349,0.19515,0.00604,-0.51555,-0.00228,0.00380,0.34200,0.01259,0.00407,0.81625,0.06852,0.25135,-0.00105,0.33427,0.10681,0.00330,-0.25666,0.03752,0.00975,0.85591,0.10389,0.12518,-0.00924,-0.55476,0.00662,0.00364,-0.32434,-0.00004,-0.00086,0.81257,0.06512,0.25155,-0.00056,-0.04483,-0.03257,0.00341,0.01748,0.00481,0.00213,0.93323,0.06046,0.42587,-0.00406
18.0000,1800,9,17.9995,49.65,0.32121,0.03162,0.01143,0.31689,0.01189,-0.00612,0.76842,0.12294,0.31180,-0.02883,-0.51839,-0.00490,-0.02175,0.33714,0.03589,0.01702,0.77887,0.11530,0.26361,-0.09333,0.28199,0.10478,-0.00109,-0.29613,0.12972,-0.01407,0.80444,0.09901,0.14222,0.03962,-0.55681,0.00765,-0.00255,-0.32934,0.00189,-0.00311,0.76862,0.13034,0.24700,0.06504,-0.01192,-0.06804,0.00630,-0.00348,0.02078,-0.02304,0.88805,0.13184,0.42309,-0.13524,0.32121,0.03162,0.01143,0.31689,0.01189,-0.00612,0.76842,0.12294,0.31180,-0.02883,-0.51839,-0.00490,-0.02175,0.33714,0.03589,0.01702,0.77887,0.11530,0.26361,-0.09333,0.28199,0.10478,-0.00109,-0.29613,0.12972,-0.01407,0.80444,0.09901,0.14222,0.03962,-0.55681,0.00765,-0.00255,-0.32934,0.00189,-0.00311,0.76862,0.13034,0.24700,0.06504,-0.01192,-0.06804,0.00630,-0.00348,0.02078,-0.02304,0.88805,0.13184,0.42309,-0.13524
18.0500,1805,9,18.0499,50.45,0.32398,0.02150,0.00950,0.31557,-0.00069,-0.00246,0.77818,0.10467,0.31053,-0.02817,-0.51839,-0.00490,-0.00235,0.33714,0.03589,0.01436,0.77887,0.11530,0.25941,-0.03416,0.29356,0.10956,0.00511,-0.28521,0.11380,0.00848,0.81639,0.11236,0.14367,-0.10435,-0.55549,0.01260,-0.00399,-0.32916,0.00400,-0.00088,0.77992,0.11556,0.25028,0.06495,-0.02111,-0.09333,-0.00111,0.00090,0.05236,-0.01880,0.90234,0.15456,0.41147,-0.05555,0.32291,0.03574,0.00578,0.31756,0.01470,-0.00535,0.77420,0.10887,0.31045,-0.02536,-0.51885,-0.01279,-0.01115,0.33873,0.02812,0.01477,0.78457,0.11200,0.25924,-0.08162,0.28723,0.10533,0.00296,-0.28954,0.13284,0.00039,0.80942,0.09920,0.14406,0.03406,-0.55645,0.00686,-0.00076,-0.32921,0.00337,-0.00292,0.77478,0.11617,0.25004,0.05694,-0.01525,-0.06524,0.00518,-0.00220,0.02947,-0.01301,0.89435,0.12005,0.41675,-0.11875
18.1000,1810,9,18.0999,49.98,0.32398,0.02150,0.00950,0.31557,-0.00069,-0.00246,0.77818,0.10467,0.31053,-0.02817,-0.51932,0.00002,-0.00235,0.34010,0.02408,0.01436,0.79170,0.12074,0.25941,-0.03416,0.29356,0.10956,0.00511,-0.28521,0.11380,0.00848,0.81639,0.11236,0.14367,-0.10435,-0.55549,0.01260,-0.00399,-0.32916,0.00400,-0.00088,0.77992,0.11556,0.25028,0.06495,-0.02111,-0.09333,-0.00111,0.00090,0.05236,-0.01880,0.90234,0.15456,0.41147,-0.05555,0.32475,0.03763,0.00220,0.31836,0.01714,-0.00458,0.77933,0.09650,0.30926,-0.02233,-0.51960,-0.01646,-0.00437,0.33997,0.02131,0.01304,0.79001,0.10497,0.25542,-0.07136,0.29254,0.10737,0.00509,-0.28295,0.13014,0.00993,0.81427,0.09390,0.14564,0.02921,-0.55611,0.00680,0.00042,-0.32901,0.00475,-0.00271,0.78024,0.10260,0.25271,0.04987,-0.01845,-0.06290,0.00440,-0.00060,0.03407,-0.00620,0.90006,0.10838,0.41118,-0.10431
18.1500,1815,9,18.1494,49.47,0.32535,0.01424,-0.00065,0.31515,-0.00364,0.00502,0.78738,0.08392,0.32282,0.24289,-0.51932,0.00002,-0.00273,0.34010,0.02408,0.01677,0.79170,0.12074,0.26152,0.06557,0.30528,0.10963,0.03406,-0.28345,0.05485,0.03863,0.83574,0.16452,0.13221,-0.08568,-0.57155,-0.02498,0.00181,-0.33825,-0.01995,-0.00746,0.78253,0.08652,0.25531,0.05364,-0.03127,-0.09591,-0.01863,0.00655,0.06014,0.01781,0.91688,0.13333,0.40655,-0.06885,0.32665,0.03813,0.00004,0.31927,0.01919,-0.00380,0.78387,0.08512,0.30821,-0.01967,-0.52045,-0.01751,-0.00025,0.34088,0.01527,0.01165,0.79503,0.09518,0.25208,-0.06240,0.29798,0.11010,0.00586,-0.27659,0.12365,0.01605,0.81874,0.08413,0.14700,0.02498,-0.55577,0.00720,0.00118,-0.32874,0.00603,-0.00249,0.78505,0.08956,0.25504,0.04368,-0.02154,-0.06088,0.00387,0.00116,0.03591,-0.00161,0.90519,0.09666,0.40629,-0.09167
18.2000,1820,9,18.2001,50.71,0.32535,0.01424,-0.00065,0.31515,-0.00364,0.00502,0.78738,0.08392,0.32282,0.24289,-0.51910,0.00018,-0.00273,0.34035,0.00140,0.01677,0.80138,0.09533,0.26152,0.06557,0.30528,0.10963,0.03406,-0.28345,0.05485,0.03863,0.83574,0.16452,0.13221,-0.08568,-0.57155,-0.02498,0.00181,-0.33825,-0.01995,-0.00746,0.78253,0.08652,0.25531,0.05364,-0.03127,-0.09591,-0.01863,0.00655,0.06014,0.01781,0.91688,0.13333,0.40655,-0.06885,0.32855,0.03783,-0.00114,0.32027,0.02086,-0.00303,0.78785,0.07417,0.30729,-0.01734,-0.52132,-0.01700,0.00205,0.34150,0.00985,0.01048,0.79950,0.08360,0.24916,-0.05455,0.30356,0.11297,0.00570,-0.27062,0.11478,0.01981,0.82263,0.07105,0.14815,0.02130,-0.55539,0.00791,0.00166,-0.32841,0.00719,-0.00227,0.78921,0.07701,0.25709,0.03826,-0.02454,-0.05908,0.00349,0.00296,0.03590,0.00145,0.90973,0.08485,0.40199,-0.08060
18.2500,1825,9,18.2499,49.82,0.32534,0.01019,-0.00407,0.32056,0.03127,-0.00417,0.79785,0.07775,0.34604,0.28769,-0.51910,0.00018,0.01303,0.34035,0.00140,0.01939,0.80138,0.09533,0.26849,0.12926,0.31242,0.06584,0.04269,-0.27985,0.01924,0.01988,0.84608,0.07750,0.12584,-0.02019,-0.57456,-0.02521,-0.01788,-0.33649,-0.00297,-0.01524,0.79002,0.05681,0.25653,0.04762,-0.03986,-0.06486,-0.02699,0.01010,0.03331,0.04221,0.92533,0.05641,0.39842,-0.12127,0.33042,0.03711,-0.00168,0.32135,0.02217,-0.00229,0.79129,0.06336,0.30647,-0.01531,-0.52214,-0.01569,0.00313,0.34187,0.00497,0.00947,0.80337,0.07090,0.24661,-0.04768,0.30927,0.11560,0.00494,-0.26513,0.10448,0.02195,0.82580,0.05560,0.14913,0.01809,-0.55497,0.00880,0.00194,-0.32802,0.00825,-0.00204,0.79275,0.06487,0.25888,0.03353,-0.02745,-0.05744,0.00321,0.00473,0.03466,0.00346,0.91367,0.07294,0.39821,-0.07091
18.3000,1830,9,18.2996,49.67,0.32534,0.01019,-0.00407,0.32056,0.03127,-0.00417,0.79785,0.07775,0.34604,0.28769,-0.51949,-0.01019,0.01303,0.34015,-0.01301,0.01939,0.80821,0.06399,0.26849,0.12926,0.31242,0.06584,0.04269,-0.27985,0.01924,0.01988,0.84608,0.07750,0.12584,-0.02019,-0.57456,-0.02521,-0.01788,-0.33649,-0.00297,-0.01524,0.79002,0.05681,0.25653,0.04762,-0.03986,-0.06486,-0.02699,0.01010,0.03331,0.04221,0.92533,0.05641,0.39842,-0.12127,0.33226,0.03625,-0.00180,0.32248,0.02312,-0.00159,0.79419,0.05256,0.30575,-0.01353,-0.52288,-0.01406,0.00340,0.34201,0.00055,0.00857,0.80658,0.05756,0.24438,-0.04168,0.31511,0.11775,0.00379,-0.26018,0.09343,0.02295,0.82816,0.03853,0.14997,0.01529,-0.55451,0.00980,0.00210,-0.32758,0.00919,-0.00181,0.79570,0.05309,0.26045,0.02939,-0.03029,-0.05592,0.00300,0.00641,0.03262,0.00474,0.91702,0.06100,0.39488,-0.06242
18.3500,1835,9,18.3495,49.89,0.32675,0.00898,0.01438,0.32217,0.01828,0.01738,0.80401,0.04777,0.37101,0.21088,-0.51949,-0.01019,0.01464,0.34015,-0.01301,0.00678,0.80821,0.06399,0.28172,0.08045,0.31607,0.02429,0.03419,-0.27565,0.00425,0.00733,0.84725,0.00532,0.12221,-0.10491,-0.57697,-0.01339,-0.02630,-0.33408,0.02505,-0.00225,0.79388,0.03569,0.26085,0.04803,-0.04530,-0.03260,-0.02913,0.01149,0.01051,0.03275,0.92733,-0.00234,0.38520,-0.14393,0.33405,0.03539,-0.00166,0.32365,0.02374,-0.00093,0.79654,0.04172,0.30512,-0.01197,-0.52355,-0.01243,0.00316,0.34193,-0.00346,0.00776,0.80912,0.04395,0.24243,-0.03642,0.32104,0.11929,0.00244,-0.25580,0.08209,0.02319,0.82964,0.02048,0.15067,0.01286,-0.55399,0.01085,0.00217,-0.32710,0.01003,-0.00158,0.79807,0.04164,0.26183,0.02577,-0.03305,-0.05450,0.00283,0.00798,0.03009,0.00552,0.91977,0.04907,0.39195,-0.05498
18.4000,1840,9,18.3996,50.18,0.32675,0.00898,0.01438,0.32217,0.01828,0.01738,0.80401,0.04777,0.37101,0.21088,-0.52099,-0.02465,0.01464,0.33915,-0.01119,0.00678,0.81367,0.04969,0.28172,0.08045,0.31607,0.02429,0.03419,-0.27565,0.00425,0.00733,0.84725,0.00532,0.12221,-0.10491,-0.57697,-0.01339,-0.02630,-0.33408,0.02505,-0.00225,0.79388,0.03569,0.26085,0.04803,-0.04530,-0.03260,-0.02913,0.01149,0.01051,0.03275,0.92733,-0.00234,0.38520,-0.14393,0.33580,0.03464,-0.00137,0.32485,0.02404,-0.00031,0.79836,0.03087,0.30455,-0.01060,-0.52413,-0.01101,0.00260,0.34167,-0.00708,0.00701,0.81098,0.03034,0.24073,-0.03183,0.32703,0.12013,0.00099,-0.25197,0.07077,0.02289,0.83020,0.00199,0.15126,0.01074,-0.55342,0.01191,0.00218,-0.32658,0.01075,-0.00136,0.79987,0.03049,0.26303,0.02260,-0.03574,-0.05314,0.00269,0.00942,0.02726,0.00596,0.92193,0.03726,0.38937,-0.04846
18.4500,1845,9,18.4495,49.85,0.32851,0.01044,0.00426,0.32195,-0.00402,0.00229,0.80634,0.01274,0.38550,0.09808,-0.52099,-0.02465,0.01692,0.33915,-0.01119,-0.01128,0.81367,0.04969,0.28666,-0.01790,0.31729,0.00097,0.01784,-0.27580,0.00159,-0.00549,0.84662,0.03150,0.10717,-0.18491,-0.57721,0.01268,-0.02527,-0.33050,0.03590,0.00353,0.79610,0.02587,0.26273,0.02118,-0.04760,-0.00156,-0.02960,0.01231,-0.00101,0.01910,0.92595,-0.02441,0.37223,-0.14977,0.33751,0.03406,-0.00102,0.32605,0.02405,0.00027,0.79963,0.02004,0.30405,-0.00940,-0.52465,-0.00991,0.00188,0.34123,-0.01034,0.00630,0.81216,0.01697,0.23924,-0.02781,0.33304,0.12026,-0.00045,-0.24871,0.05969,0.02224,0.82984,-0.01644,0.15175,0.00891,-0.55280,0.01298,0.00215,-0.32603,0.01136,-0.00114,0.80112,0.01961,0.26409,0.01983,-0.03836,-0.05186,0.00256,0.01071,0.02428,0.00616,0.92350,0.02564,0.38709,-0.04274
18.5000,1850,9,18.4995,50.04,0.32851,0.01044,0.00426,0.32195,-0.00402,0.00229,0.80634,0.01274,0.38550,0.09808,-0.52421,-0.03986,0.01692,0.34066,0.01215,-0.01128,0.81778,0.03769,0.28666,-0.01790,0.31729,0.00097,0.01784,-0.27580,0.00159,-0.00549,0.84662,0.03150,0.10717,-0.18491,-0.57721,0.01268,-0.02527,-0.33050,0.03590,0.00353,0.79610,0.02587,0.26273,0.02118,-0.04760,-0.00156,-0.02960,0.01231,-0.00101,0.01910,0.92595,-0.02441,0.37223,-0.14977,0.33921,0.03365,-0.00065,0.32725,0.02378,0.00080,0.80036,0.00929,0.30361,-0.00835,-0.52513,-0.00918,0.00110,0.34064,-0.01326,0.00563,0.81268,0.00402,0.23794,-0.02429,0.33904,0.11971,-0.00181,-0.24600,0.04899,0.02134,0.82857,-0.03441,0.15215,0.00732,-0.55213,0.01402,0.00210,-0.32545,0.01187,-0.00092,0.80184,0.00902,0.26502,0.01740,-0.04092,-0.05063,0.00245,0.01184,0.02124,0.00620,0.92450,0.01430,0.38508,-0.03773
18.5500,1855,9,18.5495,49.98,0.32990,0.01187,-0.00514,0.32157,-0.00245,-0.00660,0.80572,-0.00970,0.38907,0.01535,-0.52421,-0.03986,0.00245,0.34066,0.01215,-0.01760,0.81778,0.03769,0.28402,-0.06220,0.31774,-0.00642,-0.00520,-0.27099,0.02738,-0.01148,0.84586,0.01486,0.09168,-0.17367,-0.58172,0.01753,-0.00923,-0.33281,0.00578,0.02145,0.79355,0.00958,0.26460,0.00019,-0.04648,0.02817,-0.02318,0.01184,-0.00378,0.00610,0.92300,-0.02430,0.36085,-0.07890,0.34088,0.03342,-0.00030,0.32843,0.02327,0.00128,0.80056,-0.00131,0.30322,-0.00743,-0.52558,-0.00883,0.00034,0.33991,-0.01587,0.00500,0.81257,-0.00834,0.23680,-0.02121,0.34500,0.11851,-0.00304,-0.24381,0.03878,0.02030,0.82641,-0.05153,0.15248,0.00594,-0.55140,0.01503,0.00203,-0.32484,0.01227,-0.00072,0.80203,-0.00130,0.26584,0.01528,-0.04343,-0.04946,0.00234,0.01283,0.01822,0.00612,0.92494,0.00331,0.38330,-0.03334
18.6000,1860,9,18.5996,50.10,0.32990,0.01187,-0.00514,0.32157,-0.00245,-0.00660,0.80572,-0.00970,0.38907,0.01535,-0.52421,-0.03986,0.00245,0.34066,0.01215,-0.01760,0.81778,0.03769,0.28402,-0.06220,0.31774,-0.00642,-0.00520,-0.27099,0.02738,-0.01148,0.84586,0.01486,0.09168,-0.17367,-0.58172,0.01753,-0.00923,-0.33281,0.00578,0.02145,0.79355,0.00958,0.26460,0.00019,-0.04648,0.02817,-0.02318,0.01184,-0.00378,0.00610,0.92300,-0.02430,0.36085,-0.07890,0.34255,0.03334,-0.00002,0.32957,0.02253,0.00172,0.80024,-0.01172,0.30287,-0.00662,-0.52602,-0.00884,-0.00036,0.33906,-0.01817,0.00440,0.81186,-0.02000,0.23581,-0.01852,0.35088,0.11675,-0.00410,-0.24211,0.02910,0.01916,0.82343,-0.06750,0.15275,0.00475,-0.55062,0.01601,0.00195,-0.32422,0.01257,-0.00052,0.80171,-0.01132,0.26656,0.01342,-0.04587,-0.04834,0.00223,0.01367,0.01525,0.00598,0.92483,-0.00726,0.38174,-0.02949
18.6500,1865,9,18.6500,50.34,0.32743,0.00400,0.00337,0.31841,-0.00480,-0.00168,0.79987,-0.02575,0.38950,-0.01844,-0.52797,-0.03516,-0.01630,0.34364,0.02716,0.00392,0.82077,0.02627,0.28075,0.07660,0.31821,0.00889,-0.01173,-0.27109,0.00179,0.00231,0.84087,-0.00975,0.07272,-0.20274,-0.57999,0.02833,-0.01153,-0.33292,-0.01056,0.00982,0.79527,0.02726,0.26547,0.01912,-0.04348,0.04216,-0.00915,0.01242,0.00619,-0.00096,0.92128,-0.00637,0.35460,-0.06755,0.34422,0.03339,0.00020,0.33067,0.02159,0.00210,0.79939,-0.02188,0.30255,-0.00591,-0.52647,-0.00916,-0.00094,0.33810,-0.02019,0.00385,0.81058,-0.03083,0.23494,-0.01617,0.35667,0.11452,-0.00496,-0.24089,0.01998,0.01799,0.81969,-0.08208,0.15296,0.00372,-0.54980,0.01694,0.00186,-0.32359,0.01278,-0.00033,0.80090,-0.02105,0.26718,0.01179,-0.04826,-0.04727,0.00213,0.01436,0.01236,0.00578,0.92422,-0.01735,0.38035,-0.02610
18.7000,1870,9,18.6996,49.67,0.32743,0.00400,0.00337,0.31841,-0.00480,-0.00168,0.79987,-0.02575,0.38950,-0.01844,-0.53134,-0.02470,-0.01630,0.34669,0.03362,0.00392,0.82047,-0.00826,0.28075,0.07660,0.31821,0.00889,-0.01173,-0.27109,0.00179,0.00231,0.84087,-0.00975,0.07272,-0.20274,-0.57999,0.02833,-0.01153,-0.33292,-0.01056,0.00982,0.79527,0.02726,0.26547,0.01912,-0.04348,0.04216,-0.00915,0.01242,0.00619,-0.00096,0.92128,-0.00637,0.35460,-0.06755,0.34589,0.03352,0.00033,0.33173,0.02048,0.00243,0.79805,-0.03177,0.30227,-0.00528,-0.52694,-0.00974,-0.00139,0.33704,-0.02195,0.00334,0.80879,-0.04077,0.23419,-0.01411,0.36233,0.11192,-0.00560,-0.24010,0.01145,0.01682,0.81525,-0.09508,0.15312,0.00284,-0.54893,0.01783,0.00177,-0.32295,0.01290,-0.00015,0.79961,-0.03046,0.26774,0.01037,-0.05060,-0.04625,0.00203,0.01490,0.00958,0.00555,0.92311,-0.02692,0.37912,-0.02313
18.7500,1875,9,18.7493,49.65,0.32751,0.00321,-0.01229,0.31771,-0.00375,-0.00780,0.79656,-0.02169,0.38685,-0.09507,-0.53134,-0.02470,-0.02589,0.34669,0.03362,0.00129,0.82047,-0.00826,0.29002,0.03748,0.32015,0.02367,-0.01928,-0.26760,0.01835,-0.01818,0.83599,-0.01845,0.05419,-0.11570,-0.57759,0.03720,-0.01546,-0.33082,-0.00268,0.00280,0.79994,0.05003,0.27047,0.04302,-0.03965,0.04044,0.01556,0.01326,0.00410,0.00997,0.92183,0.02400,0.34852,-0.05268,0.34757,0.03370,0.00036,0.33272,0.01922,0.00271,0.79622,-0.04134,0.30202,-0.00473,-0.52744,-0.01050,-0.00168,0.33591,-0.02347,0.00288,0.80652,-0.04978,0.23353,-0.01231,0.36785,0.10906,-0.00600,-0.23973,0.00348,0.01568,0.81021,-0.10640,0.15325,0.00208,-0.54802,0.01867,0.00167,-0.32230,0.01293,0.00002,0.79786,-0.03954,0.26822,0.00912,-0.05289,-0.04527,0.00194,0.01532,0.00692,0.00530,0.92153,-0.03596,0.37803,-0.02052
18.8000,1880,9,18.7996,50.30,0.32751,0.00321,-0.01229,0.31771,-0.00375,-0.00780,0.79656,-0.02169,0.38685,-0.09507,-0.53134,-0.02470,-0.02589,0.34669,0.03362,0.00129,0.82047,-0.00826,0.29002,0.03748,0.32015,0.02367,-0.01928,-0.26760,0.01835,-0.01818,0.83599,-0.01845,0.05419,-0.11570,-0.57759,0.03720,-0.01546,-0.33082,-0.00268,0.00280,0.79994,0.05003,0.27047,0.04302,-0.03965,0.04044,0.01556,0.01326,0.00410,0.00997,0.92183,0.02400,0.34852,-0.05268,0.34926,0.03386,0.00030,0.33365,0.01783,0.00293,0.79392,-0.05058,0.30180,-0.00424,-0.52799,-0.01136,-0.00182,0.33470,-0.02478,0.00248,0.80383,-0.05785,0.23295,-0.01074,0.37323,0.10607,-0.00617,-0.23975,-0.00394,0.01459,0.80464,-0.11604,0.15333,0.00144,-0.54706,0.01947,0.00158,-0.32165,0.01288,0.00017,0.79566,-0.04828,0.26865,0.00803,-0.05513,-0.04434,0.00185,0.01560,0.00439,0.00504,0.91952,-0.04444,0.37706,-0.01823
18.8500,1885,9,18.8498,50.24,0.32697,0.00786,-0.02250,0.32294,0.03729,-0.01335,0.79794,0.01327,0.37876,-0.07848,-0.53337,-0.00326,-0.01351,0.35053,0.03523,0.02432,0.81754,-0.02076,0.28594,-0.05496,0.32547,0.05104,-0.01690,-0.26482,0.03743,-0.01198,0.83399,-0.01395,0.04024,-0.12891,-0.57360,0.04723,-0.01391,-0.32900,0.01463,-0.00654,0.80536,0.06773,0.27406,0.02116,-0.03657,0.02663,0.01898,0.01281,-0.00836,0.00612,0.92542,0.04505,0.34245,-0.06255,0.35096,0.03398,0.00017,0.33450,0.01635,0.00310,0.79117,-0.05945,0.30160,-0.00381,-0.52858,-0.01226,-0.00183,0.33343,-0.02591,0.00214,0.80075,-0.06503,0.23245,-0.00936,0.37846,0.10304,-0.00615,-0.24012,-0.01085,0.01357,0.79863,-0.12408,0.15339,0.00089,-0.54607,0.02022,0.00149,-0.32101,0.01276,0.00032,0.79304,-0.05666,0.26903,0.00707,-0.05732,-0.04346,0.00177,0.01576,0.00198,0.00478,0.91710,-0.05237,0.37620,-0.01621
18.9000,1890,9,18.8995,49.70,0.32697,0.00786,-0.02250,0.32294,0.03729,-0.01335,0.79794,0.01327,0.37876,-0.07848,-0.53337,-0.00326,-0.01351,0.35053,0.03523,0.02432,0.81754,-0.02076,0.28594,-0.05496,0.32547,0.05104,-0.01690,-0.26482,0.03743,-0.01198,0.83399,-0.01395,0.04024,-0.12891,-0.57360,0.04723,-0.01391,-0.32900,0.01463,-0.00654,0.80536,0.06773,0.27406,0.02116,-0.03657,0.02663,0.01898,0.01281,-0.00836,0.00612,0.92542,0.04505,0.34245,-0.06255,0.35266,0.03403,0.00002,0.33528,0.01480,0.00322,0.78799,-0.06788,0.30142,-0.00343,-0.52922,-0.01315,-0.00181,0.33211,-0.02688,0.00184,0.79734,-0.07150,0.23201,-0.00816,0.38354,0.10005,-0.00607,-0.24082,-0.01727,0.01261,0.79225,-0.13078,0.15342,0.00043,-0.54504,0.02093,0.00139,-0.32038,0.01257,0.00046,0.79000,-0.06466,0.26936,0.00623,-0.05947,-0.04261,0.00169,0.01580,-0.00030,0.00451,0.91429,-0.05978,0.37544,-0.01443
18.9500,1895,9,18.9497,50.14,0.32864,0.02640,-0.01553,0.32637,0.04782,0.00553,0.79814,0.02232,0.37065,-0.08657,-0.53242,0.02331,-0.02017,0.35313,0.00875,0.03745,0.81680,0.00137,0.28089,0.01584,0.33224,0.07094,-0.01929,-0.25782,0.05542,-0.00808,0.83291,-0.01197,0.03081,0.00954,-0.56792,0.06423,-0.01480,-0.32821,0.01193,-0.00379,0.81006,0.06234,0.27886,0.05895,-0.03508,0.00501,0.02152,0.01131,-0.01731,-0.00418,0.93004,0.04529,0.33539,-0.07501,0.35436,0.03400,-0.00011,0.33598,0.01320,0.00330,0.78439,-0.07581,0.30125,-0.00310,-0.52989,-0.01403,-0.00179,0.33075,-0.02772,0.00158,0.79361,-0.07740,0.23163,-0.00711,0.38847,0.09710,-0.00597,-0.24184,-0.02323,0.01170,0.78557,-0.13644,0.15344,0.00004,-0.54398,0.02159,0.00130,-0.31976,0.01232,0.00058,0.78658,-0.07228,0.26965,0.00549,-0.06158,-0.04180,0.00161,0.01573,-0.00244,0.00424,0.91113,-0.06669,0.37475,-0.01287
19.0000,1900,9,18.9994,49.78,0.32864,0.02640,-0.01553,0.32637,0.04782,0.00553,0.79814,0.02232,0.37065,-0.08657,-0.52859,0.03850,-0.02017,0.35350,-0.01258,0.03745,0.81773,0.02555,0.28089,0.01584,0.33224,0.07094,-0.01929,-0.25782,0.05542,-0.00808,0.83291,-0.01197,0.03081,0.00954,-0.56792,0.06423,-0.01480,-0.32821,0.01193,-0.00379,0.81006,0.06234,0.27886,0.05895,-0.03508,0.00501,0.02152,0.01131,-0.01731,-0.00418,0.93004,0.04529,0.33539,-0.07501,0.35606,0.03392,-0.00024,0.33660,0.01157,0.00335,0.78041,-0.08322,0.30111,-0.00280,-0.53062,-0.01491,-0.00177,0.32934,-0.02844,0.00135,0.78960,-0.08286,0.23130,-0.00619,0.39325,0.09420,-0.00585,-0.24314,-0.02875,0.01084,0.77862,-0.14127,0.15343,-0.00029,-0.54288,0.02221,0.00121,-0.31915,0.01201,0.00069,0.78278,-0.07950,0.26991,0.00485,-0.06365,-0.04103,0.00153,0.01556,-0.00446,0.00398,0.90763,-0.07314,0.37415,-0.01148
19.0500,1905,9,19.0495,50.08,0.33171,0.04253,-0.01308,0.32829,0.02776,0.00993,0.79808,0.01114,0.36186,-0.12231,-0.52859,0.03850,0.00730,0.35350,-0.01258,0.01815,0.81773,0.02555,0.28254,-0.05915,0.34070,0.09026,-0.01271,-0.25367,0.05108,0.00161,0.83147,-0.01777,0.03526,0.04619,-0.56074,0.07514,-0.00617,-0.32851,0.01643,-0.00401,0.81398,0.04942,0.28099,-0.02867,-0.03480,-0.01045,0.01399,0.00833,-0.02355,-0.01232,0.93347,0.03150,0.33025,-0.04045,0.35775,0.03377,-0.00035,0.33714,0.00992,0.00336,0.77608,-0.09012,0.30097,-0.00253,-0.53139,-0.01577,-0.00175,0.32790,-0.02905,0.00116,0.78533,-0.08795,0.23101,-0.00539,0.39789,0.09136,-0.00573,-0.24471,-0.03386,0.01002,0.77145,-0.14545,0.15341,-0.00055,-0.54176,0.02278,0.00113,-0.31856,0.01164,0.00079,0.77864,-0.08632,0.27014,0.00428,-0.06569,-0.04030,0.00146,0.01529,-0.00635,0.00373,0.90382,-0.07917,0.37360,-0.01026
19.1000,1910,9,19.0999,50.42,0.33171,0.04253,-0.01308,0.32829,0.02776,0.00993,0.79808,0.01114,0.36186,-0.12231,-0.52506,0.03166,0.00730,0.35280,-0.01766,0.01815,0.82167,0.04886,0.28254,-0.05915,0.34070,0.09026,-0.01271,-0.25367,0.05108,0.00161,0.83147,-0.01777,0.03526,0.04619,-0.56074,0.07514,-0.00617,-0.32851,0.01643,-0.00401,0.81398,0.04942,0.28099,-0.02867,-0.03480,-0.01045,0.01399,0.00833,-0.02355,-0.01232,0.93347,0.03150,0.33025,-0.04045,0.35943,0.03358,-0.00044,0.33759,0.00827,0.00335,0.77141,-0.09652,0.30085,-0.00229,-0.53220,-0.01662,-0.00173,0.32644,-0.02958,0.00099,0.78081,-0.09271,0.23076,-0.00469,0.40238,0.08858,-0.00560,-0.24652,-0.03859,0.00925,0.76409,-0.14910,0.15337,-0.00076,-0.54061,0.02331,0.00104,-0.31798,0.01123,0.00088,0.77416,-0.09274,0.27034,0.00378,-0.06768,-0.03959,0.00140,0.01492,-0.00812,0.00348,0.89972,-0.08479,0.37312,-0.00917
19.1500,1915,9,19.1495,49.59,0.33691,0.05703,-0.00961,0.33392,0.03351,0.01130,0.79965,0.01526,0.35086,-0.09180,-0.52506,0.03166,0.00707,0.35280,-0.01766,-0.00009,0.82167,0.04886,0.27053,-0.18920,0.35063,0.10749,-0.01362,-0.24943,0.03534,0.00803,0.82884,-0.03211,0.04265,0.12065,-0.55368,0.07378,0.00175,-0.32539,0.02294,0.00174,0.81664,0.01383,0.27840,-0.02603,-0.03583,-0.02301,0.01202,0.00546,-0.01920,-0.01627,0.93515,0.00782,0.32883,0.02710,0.36111,0.03334,-0.00053,0.33796,0.00664,0.00332,0.76643,-0.10247,0.30074,-0.00208,-0.53305,-0.01747,-0.00173,0.32495,-0.03003,0.00084,0.77606,-0.09719,0.23054,-0.00408,0.40675,0.08586,-0.00547,-0.24856,-0.04295,0.00853,0.75655,-0.15234,0.15333,-0.00093,-0.53943,0.02381,0.00096,-0.31743,0.01079,0.00095,0.76937,-0.09877,0.27052,0.00334,-0.06965,-0.03892,0.00133,0.01448,-0.00977,0.00324,0.89535,-0.09005,0.37268,-0.00821
19.2000,1920,9,19.1996,50.08,0.33691,0.05703,-0.00961,0.33392,0.03351,0.01130,0.79965,0.01526,0.35086,-0.09180,-0.52068,0.02565,0.00707,0.35121,-0.02065,-0.00009,0.82314,0.01690,0.27053,-0.18920,0.35063,0.10749,-0.01362,-0.24943,0.03534,0.00803,0.82884,-0.03211,0.04265,0.12065,-0.55368,0.07378,0.00175,-0.32539,0.02294,0.00174,0.81664,0.01383,0.27840,-0.02603,-0.03583,-0.02301,0.01202,0.00546,-0.01920,-0.01627,0.93515,0.00782,0.32883,0.02710,0.36277,0.03307,-0.00059,0.33826,0.00502,0.00326,0.76117,-0.10801,0.30065,-0.00189,-0.53394,-0.01831,-0.00173,0.32344,-0.03041,0.00071,0.77110,-0.10139,0.23035,-0.00355,0.41097,0.08321,-0.00534,-0.25081,-0.04696,0.00783,0.74886,-0.15526,0.15328,-0.00106,-0.53823,0.02426,0.00089,-0.31691,0.01030,0.00102,0.76429,-0.10442,0.27068,0.00295,-0.07158,-0.03829,0.00127,0.01395,-0.01130,0.00300,0.89072,-0.09497,0.37230,-0.00736
19.2500,1925,9,19.2499,50.29,0.34104,0.06006,0.00257,0.33353,0.01300,0.01406,0.79626,-0.01396,0.34712,-0.03514,-0.52068,0.02565,0.01854,0.35121,-0.02065,0.00362,0.82314,0.01690,0.25179,-0.24498,0.36196,0.11727,-0.00212,-0.24627,0.02758,0.00915,0.82463,-0.05311,0.05344,0.09199,-0.54678,0.06996,0.01056,-0.32307,0.01671,0.00698,0.81521,-0.02578,0.27530,-0.01400,-0.03776,-0.03185,0.01092,0.00161,-0.02143,-0.01601,0.93351,-0.02327,0.33413,0.08096,0.36441,0.03276,-0.00064,0.33847,0.00344,0.00318,0.75564,-0.11315,0.30056,-0.00171,-0.53488,-0.01916,-0.00173,0.32191,-0.03073,0.00060,0.76593,-0.10534,0.23019,-0.00309,0.41507,0.08063,-0.00520,-0.25325,-0.05064,0.00717,0.74103,-0.15792,0.15323,-0.00114,-0.53700,0.02468,0.00081,-0.31640,0.00979,0.00106,0.75893,-0.10970,0.27082,0.00261,-0.07347,-0.03768,0.00121,0.01335,-0.01271,0.00277,0.88586,-0.09957,0.37195,-0.00659
19.3000,1930,9,19.3000,50.13,0.34104,0.06006,0.00257,0.33353,0.01300,0.01406,0.79626,-0.01396,0.34712,-0.03514,-0.51849,0.01110,0.01854,0.34969,-0.02004,0.00362,0.82139,-0.03875,0.25179,-0.24498,0.36196,0.11727,-0.00212,-0.24627,0.02758,0.00915,0.82463,-0.05311,0.05344,0.09199,-0.54678,0.06996,0.01056,-0.32307,0.01671,0.00698,0.81521,-0.02578,0.27530,-0.01400,-0.03776,-0.03185,0.01092,0.00161,-0.02143,-0.01601,0.93351,-0.02327,0.33413,0.08096,0.36604,0.03244,-0.00067,0.33860,0.00190,0.00308,0.74986,-0.11795,0.30047,-0.00155,-0.53586,-0.02001,-0.00173,0.32037,-0.03100,0.00050,0.76057,-0.10907,0.23004,-0.00268,0.41904,0.07811,-0.00505,-0.25587,-0.05400,0.00654,0.73307,-0.16041,0.15317,-0.00120,-0.53576,0.02506,0.00074,-0.31593,0.00926,0.00110,0.75332,-0.11461,0.27094,0.00231,-0.07534,-0.03710,0.00115,0.01268,-0.01401,0.00254,0.88077,-0.10389,0.37163,-0.00591
19.3500,1935,9,19.3499,49.89,0.34616,0.05488,0.01091,0.33471,0.00260,0.01207,0.79425,-0.02731,0.34705,-0.00349,-0.51849,0.01110,0.01876,0.34969,-0.02004,-0.00349,0.82139,-0.03875,0.22534,-0.21882,0.37205,0.10915,0.01444,-0.24085,0.02385,0.01915,0.81256,-0.11564,0.06581,0.08835,-0.54027,0.06221,0.01455,-0.32351,-0.00345,0.00579,0.81107,-0.05472,0.27244,-0.04292,-0.04159,-0.04674,0.00010,0.00180,0.00305,-0.01964,0.93028,-0.04791,0.34586,0.16599,0.36766,0.03211,-0.00068,0.33866,0.00042,0.00296,0.74385,-0.12243,0.30040,-0.00141,-0.53688,-0.02086,-0.00173,0.31881,-0.03122,0.00042,0.75503,-0.11258,0.22992,-0.00233,0.42288,0.07568,-0.00488,-0.25865,-0.05706,0.00592,0.72499,-0.16279,0.15311,-0.00122,-0.53450,0.02541,0.00067,-0.31548,0.00872,0.00112,0.74748,-0.11918,0.27105,0.00204,-0.07718,-0.03655,0.00109,0.01195,-0.01520,0.00231,0.87547,-0.10795,0.37135,-0.00529
19.4000,1940,9,19.3998,49.87,0.34616,0.05488,0.01091,0.33471,0.00260,0.01207,0.79425,-0.02731,0.34705,-0.00349,-0.51773,-0.00072,0.01876,0.34693,-0.02604,-0.00349,0.81329,-0.10601,0.22534,-0.21882,0.37205,0.10915,0.01444,-0.24085,0.02385,0.01915,0.81256,-0.11564,0.06581,0.08835,-0.54027,0.06221,0.01455,-0.32351,-0.00345,0.00579,0.81107,-0.05472,0.27244,-0.04292,-0.04159,-0.04674,0.00010,0.00180,0.00305,-0.01964,0.93028,-0.04791,0.34586,0.16599,0.36925,0.03178,-0.00068,0.33864,-0.00100,0.00281,0.73762,-0.12661,0.30033,-0.00128,-0.53794,-0.02170,-0.00171,0.31724,-0.03141,0.00034,0.74931,-0.11591,0.22981,-0.00202,0.42660,0.07334,-0.00467,-0.26157,-0.05981,0.00531,0.71679,-0.16512,0.15305,-0.00122,-0.53322,0.02572,0.00061,-0.31506,0.00817,0.00112,0.74141,-0.12340,0.27114,0.00180,-0.07900,-0.03603,0.00102,0.01116,-0.01628,0.00209,0.86998,-0.11176,0.37110,-0.00474
19.4500,1945,9,19.4504,50.59,0.35034,0.04214,0.01237,0.33616,-0.00657,0.00954,0.79267,-0.02899,0.34706,-0.03035,-0.51773,-0.00072,0.01432,0.34693,-0.02604,-0.00138,0.81329,-0.10601,0.20523,-0.14232,0.38240,0.09321,0.02150,-0.24311,-0.00703,0.01532,0.80337,-0.12066,0.07299,0.08415,-0.53510,0.04647,0.01356,-0.32575,-0.01539,-0.00129,0.80382,-0.08299,0.27314,-0.00310,-0.04590,-0.04480,-0.00170,0.00159,0.00892,-0.00986,0.92303,-0.09014,0.36117,0.13317,0.37084,0.03145,-0.00066,0.33856,-0.00233,0.00262,0.73119,-0.13052,0.30027,-0.00115,-0.53905,-0.02253,-0.00166,0.31567,-0.03156,0.00028,0.74344,-0.11909,0.22971,-0.00176,0.43022,0.07111,-0.00440,-0.26462,-0.06227,0.00470,0.70848,-0.16749,0.15299,-0.00119,-0.53193,0.02600,0.00054,-0.31466,0.00762,0.00109,0.73514,-0.12729,0.27123,0.00159,-0.08079,-0.03554,0.00095,0.01032,-0.01725,0.00186,0.86430,-0.11534,0.37088,-0.00423
19.5000,1950,9,19.5002,49.86,0.35034,0.04214,0.01237,0.33616,-0.00657,0.00954,0.79267,-0.02899,0.34706,-0.03035,-0.51755,-0.01150,0.01432,0.34478,-0.02528,-0.00138,0.80042,-0.13858,0.20523,-0.14232,0.38240,0.09321,0.02150,-0.24311,-0.00703,0.01532,0.80337,-0.12066,0.07299,0.08415,-0.53510,0.04647,0.01356,-0.32575,-0.01539,-0.00129,0.80382,-0.08299,0.27314,-0.00310,-0.04590,-0.04480,-0.00170,0.00159,0.00892,-0.00986,0.92303,-0.09014,0.36117,0.13317,0.37240,0.03113,-0.00063,0.33841,-0.00356,0.00239,0.72457,-0.13414,0.30022,-0.00103,-0.54020,-0.02333,-0.00157,0.31409,-0.03168,0.00022,0.73741,-0.12216,0.22963,-0.00153,0.43372,0.06903,-0.00404,-0.26779,-0.06442,0.00407,0.70004,-0.16997,0.15293,-0.00114,-0.53062,0.02625,0.00046,-0.31429,0.00710,0.00104,0.72869,-0.13085,0.27130,0.00140,-0.08255,-0.03510,0.00086,0.00944,-0.01810,0.00161,0.85845,-0.11872,0.37068,-0.00377
19.5500,1955,9,19.5499,49.66,0.35225,0.02490,0.00379,0.33726,0.00163,0.00358,0.79105,-0.01580,0.34236,-0.05841,-0.51755,-0.01150,0.01317,0.34478,-0.02528,-0.00135,0.80042,-0.13858,0.19065,-0.07256,0.38907,0.06242,0.02400,-0.23998,-0.00336,0.01202,0.78694,-0.15349,0.08078,0.01925,-0.53118,0.03543,0.00617,-0.32667,-0.01281,-0.00629,0.79527,-0.08831,0.27759,0.05676,-0.05100,-0.05558,0.01066,0.00481,0.03048,-0.01687,0.91397,-0.09753,0.37483,0.12592,0.37395,0.03084,-0.00058,0.33821,-0.00466,0.00209,0.71778,-0.13747,0.30017,-0.00092,-0.54138,-0.02406,-0.00140,0.31250,-0.03178,0.00017,0.73122,-0.12520,0.22956,-0.00133,0.43712,0.06716,-0.00355,-0.27106,-0.06626,0.00340,0.69148,-0.17269,0.15287,-0.00106,-0.52930,0.02645,0.00039,-0.31395,0.00661,0.00094,0.72206,-0.13410,0.27137,0.00123,-0.08430,-0.03471,0.00074,0.00851,-0.01883,0.00135,0.85243,-0.12190,0.37050,-0.00334
19.6000,1960,9,19.5997,49.80,0.35225,0.02490,0.00379,0.33726,0.00163,0.00358,0.79105,-0.01580,0.34236,-0.05841,-0.51873,-0.02033,0.01317,0.34140,-0.03091,-0.00135,0.78546,-0.14757,0.19065,-0.07256,0.38907,0.06242,0.02400,-0.23998,-0.00336,0.01202,0.78694,-0.15349,0.08078,0.01925,-0.53118,0.03543,0.00617,-0.32667,-0.01281,-0.00629,0.79527,-0.08831,0.27759,0.05676,-0.05100,-0.05558,0.01066,0.00481,0.03048,-0.01687,0.91397,-0.09753,0.37483,0.12592,0.37548,0.03057,-0.00051,0.33795,-0.00560,0.00170,0.71083,-0.14046,0.30013,-0.00082,-0.54260,-0.02468,-0.00111,0.31091,-0.03185,0.00012,0.72488,-0.12830,0.22950,-0.00116,0.44044,0.06558,-0.00286,-0.27441,-0.06775,0.00266,0.68277,-0.17578,0.15282,-0.00096,-0.52797,0.02662,0.00030,-0.31363,0.00618,0.00080,0.71528,-0.13703,0.27143,0.00108,-0.08603,-0.03438,0.00059,0.00756,-0.01942,0.00106,0.84626,-0.12490,0.37035,-0.00295
