t,k,ping,wall,tick_ms,mx0,mxd0,mth0,my0,myd0,mph0,mz0,mzd0,mps0,mr0,mx1,mxd1,mth1,my1,myd1,mph1,mz1,mzd1,mps1,mr1,mx2,mxd2,mth2,my2,myd2,mph2,mz2,mzd2,mps2,mr2,mx3,mxd3,mth3,my3,myd3,mph3,mz3,mzd3,mps3,mr3,px0,pxd0,pth0,py0,pyd0,pph0,pz0,pzd0,pps0,pr0,px1,pxd1,pth1,py1,pyd1,pph1,pz1,pzd1,pps1,pr1,px2,pxd2,pth2,py2,pyd2,pph2,pz2,pzd2,pps2,pr2,px3,pxd3,pth3,py3,pyd3,pph3,pz3,pzd3,pps3,pr3
0.0000,0,0,0.0000,0.00,0.94173,-0.00305,-0.02037,0.01122,0.02034,0.00651,0.41222,-0.06135,-0.17791,0.03112,-0.36090,-0.00666,-0.00512,0.02018,0.00852,0.01417,0.37296,-0.02140,-0.10512,0.05318,1.30656,0.00199,0.00296,-0.13074,0.00266,-0.02477,0.37426,0.04613,-0.15011,0.06349,0.24372,-0.00554,-0.00179,-0.29449,-0.01579,0.01859,0.37564,0.00871,-0.00179,0.00450,0.94173,-0.00305,-0.02037,0.01122,0.02034,0.00651,0.41222,-0.06135,-0.17791,0.03112,-0.36090,-0.00666,-0.00512,0.02018,0.00852,0.01417,0.37296,-0.02140,-0.10512,0.05318,1.30656,0.00199,0.00296,-0.13074,0.00266,-0.02477,0.37426,0.04613,-0.15011,0.06349,0.24372,-0.00554,-0.00179,-0.29449,-0.01579,0.01859,0.37564,0.00871,-0.00179,0.00450
0.0500,5,0,0.0474,47.44,0.94296,0.01970,-0.00298,0.01074,-0.00516,0.01688,0.40624,-0.05041,-0.17263,0.16766,-0.36181,-0.00260,-0.01096,0.02059,-0.00512,0.01530,0.37057,-0.01640,-0.10084,0.05231,1.30846,0.00336,-0.00039,-0.12982,0.02755,-0.01087,0.37789,0.01939,-0.14420,0.04033,0.24305,-0.00413,-0.00155,-0.29675,-0.02800,0.01596,0.37536,0.00727,-0.00210,-0.02950,0.94132,-0.01363,-0.02253,0.01223,0.02179,-0.01095,0.41015,-0.02284,-0.17639,0.02972,-0.36126,-0.00713,0.00254,0.02049,0.00472,0.00212,0.37246,0.00139,-0.10264,0.04631,1.30661,-0.00178,-0.01686,-0.13038,0.01009,-0.00688,0.37676,0.05400,-0.14713,0.05584,0.24336,-0.00971,-0.01430,-0.29549,-0.02364,0.01364,0.37647,0.02448,-0.00161,0.00265
0.1000,10,0,0.0979,50.44,0.94296,0.01970,-0.00298,0.01074,-0.00516,0.01688,0.40624,-0.05041,-0.17263,0.16766,-0.36181,-0.00260,-0.01096,0.02059,-0.00512,0.01530,0.37057,-0.01640,-0.10084,0.05231,1.30846,0.00336,-0.00039,-0.12982,0.02755,-0.01087,0.37789,0.01939,-0.14420,0.04033,0.24305,-0.00413,-0.00155,-0.29675,-0.02800,0.01596,0.37536,0.00727,-0.00210,-0.02950,0.94036,-0.02496,-0.02347,0.01350,0.02989,-0.02106,0.40980,0.00757,-0.17493,0.02847,-0.36157,-0.00469,0.00697,0.02073,0.00578,-0.00589,0.37308,0.02289,-0.10048,0.04030,1.30625,-0.01335,-0.02929,-0.12985,0.01051,0.00424,0.37969,0.06331,-0.14451,0.04916,0.24266,-0.01881,-0.02215,-0.29682,-0.02934,0.00974,0.37809,0.04027,-0.00152,0.00104
0.1500,15,0,0.1479,50.03,0.94347,0.00341,0.00580,0.01144,0.00188,-0.02943,0.40248,-0.01973,-0.14852,0.23182,-0.36208,-0.00213,-0.01524,0.02642,0.01677,-0.00252,0.36929,0.00115,-0.09387,0.04306,1.31061,0.00302,0.03300,-0.12898,0.01730,0.01264,0.38065,0.01499,-0.14055,-0.02494,0.24257,-0.00636,0.02034,-0.30049,-0.03913,0.01029,0.37581,0.00684,-0.00687,-0.06610,0.93882,-0.03652,-0.02359,0.01528,0.04166,-0.02630,0.41082,0.03214,-0.17354,0.02734,-0.36171,-0.00065,0.00922,0.02112,0.01004,-0.01110,0.37473,0.04283,-0.09860,0.03505,1.30519,-0.02969,-0.03667,-0.12940,0.00667,0.01082,0.38310,0.07331,-0.14221,0.04332,0.24143,-0.03093,-0.02683,-0.29839,-0.03332,0.00662,0.38048,0.05556,-0.00150,-0.00036
0.2000,20,0,0.1981,50.14,0.94347,0.00341,0.00580,0.01144,0.00188,-0.02943,0.40248,-0.01973,-0.14852,0.23182,-0.36208,-0.00213,-0.01524,0.02642,0.01677,-0.00252,0.36929,0.00115,-0.09387,0.04306,1.31061,0.00302,0.03300,-0.12898,0.01730,0.01264,0.38065,0.01499,-0.14055,-0.02494,0.24257,-0.00636,0.02034,-0.30049,-0.03913,0.01029,0.37581,0.00684,-0.00687,-0.06610,0.93671,-0.04801,-0.02318,0.01770,0.05517,-0.02836,0.41294,0.05242,-0.17220,0.02632,-0.36162,0.00412,0.01004,0.02177,0.01635,-0.01437,0.37733,0.06109,-0.09696,0.03046,1.30324,-0.04876,-0.04061,-0.12922,0.00040,0.01434,0.38702,0.08349,-0.14017,0.03821,0.23954,-0.04478,-0.02933,-0.30013,-0.03593,0.00409,0.38363,0.07005,-0.00155,-0.00157
0.2500,25,0,0.2474,49.31,0.94440,-0.00117,0.01630,0.00932,0.01266,-0.00992,0.40450,0.03159,-0.12806,0.28739,-0.36056,0.02318,-0.02004,0.02659,0.01431,-0.00950,0.37069,0.02608,-0.08800,0.03901,1.30892,-0.04197,0.04876,-0.12479,0.01861,0.01792,0.37930,-0.01780,-0.14441,-0.00537,0.23994,-0.03564,0.03137,-0.30252,-0.04163,0.00718,0.37551,0.00678,-0.01259,-0.09873,0.93403,-0.05921,-0.02244,0.02081,0.06915,-0.02839,0.41600,0.06943,-0.17091,0.02540,-0.36129,0.00904,0.00992,0.02277,0.02392,-0.01630,0.38081,0.07766,-0.09554,0.02646,1.30029,-0.06915,-0.04222,-0.12938,-0.00707,0.01585,0.39145,0.09351,-0.13837,0.03374,0.23694,-0.05947,-0.03036,-0.30197,-0.03741,0.00202,0.38747,0.08358,-0.00166,-0.00262
0.3000,30,0,0.2997,52.36,0.94440,-0.00117,0.01630,0.00932,0.01266,-0.00992,0.40450,0.03159,-0.12806,0.28739,-0.36056,0.02318,-0.02004,0.02659,0.01431,-0.00950,0.37069,0.02608,-0.08800,0.03901,1.30892,-0.04197,0.04876,-0.12479,0.01861,0.01792,0.37930,-0.01780,-0.14441,-0.00537,0.23994,-0.03564,0.03137,-0.30252,-0.04163,0.00718,0.37551,0.00678,-0.01259,-0.09873,0.93079,-0.06999,-0.02148,0.02461,0.08282,-0.02716,0.41985,0.08393,-0.16966,0.02457,-0.36072,0.01375,0.00921,0.02418,0.03220,-0.01731,0.38507,0.09260,-0.09431,0.02296,1.29632,-0.08992,-0.04228,-0.12993,-0.01493,0.01605,0.39637,0.10315,-0.13679,0.02984,0.23359,-0.07440,-0.03040,-0.30386,-0.03797,0.00031,0.39197,0.09607,-0.00181,-0.00353
0.3500,35,0,0.3479,48.16,0.94083,-0.03648,0.03370,0.01799,0.05512,-0.03194,0.40841,0.05977,-0.10502,0.18614,-0.35527,0.05507,-0.02113,0.02521,0.00777,-0.00927,0.37266,0.04621,-0.08345,0.01913,1.30324,-0.08775,0.04039,-0.12337,0.00609,0.02192,0.37612,-0.03037,-0.15013,-0.03336,0.23573,-0.05980,0.02960,-0.31008,-0.06313,0.00753,0.37693,0.01519,-0.02310,-0.10825,0.92703,-0.08026,-0.02040,0.02908,0.09568,-0.02520,0.42436,0.09641,-0.16845,0.02381,-0.35992,0.01802,0.00815,0.02600,0.04079,-0.01767,0.39004,0.10597,-0.09324,0.01990,1.29131,-0.11045,-0.04131,-0.13087,-0.02268,0.01542,0.40175,0.11228,-0.13538,0.02643,0.22950,-0.08919,-0.02978,-0.30575,-0.03776,-0.00111,0.39706,0.10750,-0.00201,-0.00431
0.4000,40,0,0.3998,51.94,0.94083,-0.03648,0.03370,0.01799,0.05512,-0.03194,0.40841,0.05977,-0.10502,0.18614,-0.35527,0.05507,-0.02113,0.02521,0.00777,-0.00927,0.37266,0.04621,-0.08345,0.01913,1.30324,-0.08775,0.04039,-0.12337,0.00609,0.02192,0.37612,-0.03037,-0.15013,-0.03336,0.23573,-0.05980,0.02960,-0.31008,-0.06313,0.00753,0.37693,0.01519,-0.02310,-0.10825,0.92278,-0.08999,-0.01926,0.03416,0.10747,-0.02286,0.42946,0.10724,-0.16727,0.02313,-0.35893,0.02172,0.00690,0.02826,0.04946,-0.01759,0.39564,0.11789,-0.09231,0.01724,1.28528,-0.13034,-0.03968,-0.13219,-0.02998,0.01429,0.40758,0.12079,-0.13414,0.02345,0.22468,-0.10355,-0.02873,-0.30762,-0.03692,-0.00229,0.40270,0.11787,-0.00224,-0.00498
0.4500,45,0,0.4475,47.71,0.93548,-0.06154,0.01352,0.02511,0.08008,-0.01011,0.41507,0.08539,-0.07675,0.31216,-0.34921,0.06811,-0.01153,0.02497,0.01511,-0.00822,0.37810,0.07017,-0.08605,-0.03618,1.29294,-0.12539,0.03960,-0.12420,-0.00854,0.00611,0.37350,-0.02549,-0.15386,0.01315,0.22847,-0.09228,0.03029,-0.31454,-0.05539,-0.00034,0.37878,0.01904,-0.03255,-0.06199,0.91805,-0.09915,-0.01809,0.03980,0.11807,-0.02036,0.43506,0.11668,-0.16613,0.02250,-0.35776,0.02478,0.00556,0.03094,0.05800,-0.01720,0.40181,0.12846,-0.09151,0.01491,1.27829,-0.14931,-0.03764,-0.13386,-0.03665,0.01288,0.41382,0.12866,-0.13303,0.02085,0.21915,-0.11733,-0.02741,-0.30943,-0.03555,-0.00327,0.40883,0.12721,-0.00250,-0.00556
0.5000,50,0,0.4982,50.67,0.93548,-0.06154,0.01352,0.02511,0.08008,-0.01011,0.41507,0.08539,-0.07675,0.31216,-0.34921,0.06811,-0.01153,0.02497,0.01511,-0.00822,0.37810,0.07017,-0.08605,-0.03618,1.29294,-0.12539,0.03960,-0.12420,-0.00854,0.00611,0.37350,-0.02549,-0.15386,0.01315,0.22847,-0.09228,0.03029,-0.31454,-0.05539,-0.00034,0.37878,0.01904,-0.03255,-0.06199,0.91287,-0.10773,-0.01692,0.04595,0.12744,-0.01785,0.44111,0.12494,-0.16502,0.02193,-0.35646,0.02718,0.00422,0.03405,0.06630,-0.01661,0.40847,0.13777,-0.09082,0.01288,1.27037,-0.16722,-0.03536,-0.13585,-0.04259,0.01134,0.42044,0.13585,-0.13205,0.01857,0.21296,-0.13041,-0.02592,-0.31117,-0.03374,-0.00408,0.41541,0.13559,-0.00280,-0.00606
0.5500,55,0,0.5473,49.05,0.92971,-0.07722,0.02526,0.03174,0.08027,-0.00993,0.42702,0.13218,-0.05131,0.26361,-0.34361,0.07271,-0.00926,0.02838,0.03231,-0.01256,0.38734,0.08298,-0.08909,-0.03027,1.28141,-0.15038,0.02316,-0.12723,-0.01455,0.00777,0.37522,0.00568,-0.14914,0.06042,0.21931,-0.11325,0.03019,-0.32245,-0.06638,-0.00581,0.38139,0.02290,-0.03616,0.00530,0.90728,-0.11575,-0.01577,0.05253,0.13560,-0.01543,0.44754,0.13217,-0.16394,0.02141,-0.35506,0.02892,0.00290,0.03757,0.07427,-0.01588,0.41557,0.14595,-0.09022,0.01111,1.26158,-0.18398,-0.03295,-0.13811,-0.04777,0.00975,0.42740,0.14237,-0.13117,0.01658,0.20613,-0.14274,-0.02435,-0.31280,-0.03157,-0.00475,0.42238,0.14303,-0.00311,-0.00648
0.6000,60,0,0.5984,51.17,0.92971,-0.07722,0.02526,0.03174,0.08027,-0.00993,0.42702,0.13218,-0.05131,0.26361,-0.33654,0.07774,-0.00926,0.02992,0.03649,-0.01256,0.39661,0.09829,-0.08909,-0.03027,1.28141,-0.15038,0.02316,-0.12723,-0.01455,0.00777,0.37522,0.00568,-0.14914,0.06042,0.21931,-0.11325,0.03019,-0.32245,-0.06638,-0.00581,0.38139,0.02290,-0.03616,0.00530,0.90131,-0.12321,-0.01465,0.05949,0.14261,-0.01315,0.45431,0.13849,-0.16288,0.02092,-0.35358,0.03003,0.00165,0.04147,0.08186,-0.01505,0.42305,0.15308,-0.08970,0.00956,1.25199,-0.19954,-0.03051,-0.14061,-0.05217,0.00820,0.43466,0.14823,-0.13038,0.01485,0.19870,-0.15429,-0.02273,-0.31432,-0.02910,-0.00530,0.42970,0.14962,-0.00344,-0.00684
0.6500,65,0,0.6476,49.17,0.92244,-0.07731,-0.01177,0.04211,0.09399,0.00121,0.44144,0.14069,-0.03271,0.04987,-0.33654,0.07774,-0.00723,0.02992,0.03649,-0.01318,0.39661,0.09829,-0.09165,-0.01607,1.26477,-0.18576,0.03124,-0.12224,0.00089,0.02074,0.37034,-0.02613,-0.14449,0.08607,0.20834,-0.13282,0.02392,-0.32751,-0.05696,-0.00587,0.38331,0.01444,-0.03494,0.06750,0.89497,-0.13013,-0.01357,0.06677,0.14853,-0.01103,0.46137,0.14398,-0.16185,0.02048,-0.35206,0.03055,0.00048,0.04575,0.08903,-0.01418,0.43086,0.15925,-0.08926,0.00822,1.24165,-0.21391,-0.02807,-0.14331,-0.05582,0.00670,0.44221,0.15344,-0.12968,0.01333,0.19071,-0.16504,-0.02111,-0.31571,-0.02639,-0.00573,0.43733,0.15539,-0.00379,-0.00715
0.7000,70,0,0.6974,49.75,0.92244,-0.07731,-0.01177,0.04211,0.09399,0.00121,0.44144,0.14069,-0.03271,0.04987,-0.33654,0.07774,-0.00723,0.02992,0.03649,-0.01318,0.39661,0.09829,-0.09165,-0.01607,1.26477,-0.18576,0.03124,-0.12224,0.00089,0.02074,0.37034,-0.02613,-0.14449,0.08607,0.20834,-0.13282,0.02392,-0.32751,-0.05696,-0.00587,0.38331,0.01444,-0.03494,0.06750,0.88830,-0.13653,-0.01252,0.07432,0.15346,-0.00909,0.46870,0.14875,-0.16083,0.02006,-0.35053,0.03052,-0.00059,0.05037,0.09576,-0.01327,0.43896,0.16456,-0.08888,0.00704,1.23062,-0.22709,-0.02568,-0.14618,-0.05875,0.00529,0.45000,0.15804,-0.12905,0.01200,0.18221,-0.17500,-0.01950,-0.31696,-0.02349,-0.00607,0.44522,0.16042,-0.00416,-0.00741
0.7500,75,0,0.7472,49.83,0.91504,-0.08154,0.01208,0.05519,0.10801,-0.00494,0.45218,0.09968,-0.03205,-0.11727,-0.32904,0.08388,-0.00038,0.03254,0.03937,-0.01437,0.40736,0.11393,-0.09341,0.05271,1.24798,-0.19797,0.01781,-0.12559,-0.01900,-0.00689,0.37179,0.00309,-0.13371,0.10726,0.19487,-0.15066,0.03046,-0.33358,-0.05921,-0.00913,0.38477,0.00218,-0.02763,0.09656,0.88133,-0.14242,-0.01150,0.08210,0.15747,-0.00733,0.47624,0.15284,-0.15984,0.01968,-0.34902,0.02999,-0.00157,0.05531,0.10204,-0.01234,0.44730,0.16907,-0.08855,0.00602,1.21896,-0.23911,-0.02335,-0.14918,-0.06102,0.00398,0.45800,0.16206,-0.12848,0.01085,0.17322,-0.18418,-0.01793,-0.31805,-0.02045,-0.00633,0.45335,0.16474,-0.00453,-0.00762
0.8000,80,0,0.7974,50.20,0.91504,-0.08154,0.01208,0.05519,0.10801,-0.00494,0.45218,0.09968,-0.03205,-0.11727,-0.32904,0.08388,-0.00038,0.03254,0.03937,-0.01437,0.40736,0.11393,-0.09341,0.05271,1.24798,-0.19797,0.01781,-0.12559,-0.01900,-0.00689,0.37179,0.00309,-0.13371,0.10726,0.19487,-0.15066,0.03046,-0.33358,-0.05921,-0.00913,0.38477,0.00218,-0.02763,0.09656,0.87407,-0.14782,-0.01053,0.09006,0.16067,-0.00574,0.48397,0.15634,-0.15887,0.01932,-0.34754,0.02899,-0.00246,0.06056,0.10786,-0.01141,0.45585,0.17286,-0.08827,0.00513,1.20673,-0.25000,-0.02110,-0.15227,-0.06268,0.00278,0.46620,0.16552,-0.12796,0.00984,0.16380,-0.19260,-0.01640,-0.31900,-0.01730,-0.00651,0.46169,0.16843,-0.00492,-0.00780
0.8500,85,0,0.8477,50.36,0.91001,-0.05934,-0.00358,0.05960,0.07359,-0.01040,0.46336,0.08203,-0.05543,-0.29541,-0.32204,0.07597,0.00539,0.03975,0.06142,-0.01268,0.42089,0.14186,-0.08262,0.11477,1.22772,-0.21905,0.02555,-0.12301,0.00641,-0.00508,0.36987,-0.00359,-0.12286,0.10252,0.17823,-0.17536,0.01417,-0.33739,-0.04149,-0.00423,0.38431,-0.01423,-0.01841,0.06931,0.86655,-0.15275,-0.00960,0.09815,0.16313,-0.00432,0.49186,0.15928,-0.15791,0.01899,-0.34613,0.02759,-0.00324,0.06609,0.11323,-0.01049,0.46458,0.17600,-0.08804,0.00436,1.19398,-0.25982,-0.01895,-0.15543,-0.06377,0.00169,0.47455,0.16846,-0.12749,0.00896,0.15398,-0.20028,-0.01492,-0.31978,-0.01408,-0.00662,0.47019,0.17152,-0.00531,-0.00795
0.9000,90,0,0.8973,49.60,0.91001,-0.05934,-0.00358,0.05960,0.07359,-0.01040,0.46336,0.08203,-0.05543,-0.29541,-0.32204,0.07597,0.00539,0.03975,0.06142,-0.01268,0.42089,0.14186,-0.08262,0.11477,1.22772,-0.21905,0.02555,-0.12301,0.00641,-0.00508,0.36987,-0.00359,-0.12286,0.10252,0.17823,-0.17536,0.01417,-0.33739,-0.04149,-0.00423,0.38431,-0.01423,-0.01841,0.06931,0.85880,-0.15724,-0.00870,0.10636,0.16493,-0.00305,0.49989,0.16172,-0.15697,0.01867,-0.34479,0.02583,-0.00394,0.07188,0.11816,-0.00959,0.47344,0.17854,-0.08784,0.00369,1.18076,-0.26861,-0.01689,-0.15864,-0.06435,0.00070,0.48303,0.17092,-0.12706,0.00819,0.14378,-0.20724,-0.01349,-0.32041,-0.01081,-0.00668,0.47883,0.17406,-0.00571,-0.00807
0.9500,95,0,0.9472,49.82,0.90414,-0.06059,0.00430,0.06786,0.09106,-0.02909,0.47114,0.07240,-0.08927,-0.28756,-0.31553,0.06735,0.00504,0.04293,0.06794,-0.01356,0.42749,0.10595,-0.07407,0.10950,1.20683,-0.23375,0.01800,-0.12166,0.01326,-0.00180,0.37013,-0.01648,-0.11099,0.06775,0.15939,-0.19574,0.01036,-0.33336,0.01680,-0.02018,0.37883,-0.03694,-0.01604,0.00730,0.85083,-0.16129,-0.00784,0.11464,0.16615,-0.00192,0.50803,0.16370,-0.15604,0.01838,-0.34355,0.02374,-0.00454,0.07790,0.12264,-0.00870,0.48242,0.18054,-0.08767,0.00311,1.16713,-0.27640,-0.01492,-0.16186,-0.06447,-0.00019,0.49163,0.17292,-0.12667,0.00751,0.13326,-0.21352,-0.01212,-0.32086,-0.00753,-0.00668,0.48759,0.17611,-0.00612,-0.00816
1.0000,100,1,0.9977,50.55,0.90414,-0.06059,0.00430,0.06786,0.09106,-0.02909,0.47114,0.07240,-0.08927,-0.28756,-0.30918,0.05967,0.00504,0.04921,0.07931,-0.01356,0.43687,0.09132,-0.07407,0.10950,1.20683,-0.23375,0.01800,-0.12166,0.01326,-0.00180,0.37013,-0.01648,-0.11099,0.06775,0.15939,-0.19574,0.01036,-0.33336,0.01680,-0.02018,0.37883,-0.03694,-0.01604,0.00730,0.90414,-0.06059,0.00430,0.06786,0.09106,-0.02909,0.47114,0.07240,-0.08927,-0.28756,-0.30918,0.05967,0.00504,0.04921,0.07931,-0.01356,0.43687,0.09132,-0.07407,0.10950,1.20683,-0.23375,0.01800,-0.12166,0.01326,-0.00180,0.37013,-0.01648,-0.11099,0.06775,0.15939,-0.19574,0.01036,-0.33336,0.01680,-0.02018,0.37883,-0.03694,-0.01604,0.00730
1.0500,105,1,1.0474,49.68,0.89794,-0.07029,0.01320,0.09032,0.16766,-0.02129,0.47120,0.05198,-0.10328,-0.11600,-0.30918,0.05967,0.00918,0.04921,0.07931,-0.00032,0.43687,0.09132,-0.06250,0.13765,1.18560,-0.23551,0.01021,-0.12228,0.00455,0.00036,0.36685,-0.03738,-0.10446,0.04714,0.14054,-0.19534,0.00206,-0.33295,0.01545,-0.00648,0.37470,-0.03927,-0.01148,0.11415,0.90111,-0.06148,-0.00702,0.07276,0.10485,-0.02705,0.47453,0.06487,-0.10262,-0.24740,-0.30615,0.06121,0.00141,0.05334,0.08593,-0.01338,0.44158,0.09729,-0.06898,0.09468,1.19532,-0.22773,0.00733,-0.12100,0.01239,0.00475,0.37036,0.02451,-0.10783,0.05883,0.14971,-0.19207,0.00497,-0.33230,0.02483,-0.01303,0.37811,0.00700,-0.01573,0.00505
1.1000,110,1,1.0974,49.99,0.89794,-0.07029,0.01320,0.09032,0.16766,-0.02129,0.47120,0.05198,-0.10328,-0.11600,-0.30396,0.05256,0.00918,0.05688,0.08620,-0.00032,0.44656,0.10209,-0.06250,0.13765,1.18560,-0.23551,0.01021,-0.12228,0.00455,0.00036,0.36685,-0.03738,-0.10446,0.04714,0.14054,-0.19534,0.00206,-0.33295,0.01545,-0.00648,0.37470,-0.03927,-0.01148,0.11415,0.89791,-0.06674,-0.01383,0.07833,0.11751,-0.02452,0.47776,0.06528,-0.11410,-0.21239,-0.30308,0.06120,-0.00134,0.05780,0.09240,-0.01297,0.44659,0.10303,-0.06457,0.08175,1.18399,-0.22596,0.00040,-0.12046,0.00904,0.00853,0.37246,0.05843,-0.10509,0.05106,0.14015,-0.19057,0.00140,-0.33092,0.02999,-0.00835,0.37940,0.04338,-0.01553,0.00312
1.1500,115,1,1.1474,49.99,0.89181,-0.06978,0.02253,0.10395,0.15869,-0.02012,0.47702,0.04939,-0.10784,0.00054,-0.30396,0.05256,0.00313,0.05688,0.08620,-0.00833,0.44656,0.10209,-0.05374,0.05468,1.16224,-0.24109,0.01225,-0.12328,-0.00641,0.01653,0.36499,-0.01145,-0.09872,0.01549,0.12231,-0.18804,0.00806,-0.33916,-0.00982,-0.00830,0.37300,-0.01207,0.00436,0.21438,0.89439,-0.07455,-0.01761,0.08449,0.12887,-0.02177,0.48114,0.07047,-0.12394,-0.18187,-0.30005,0.06001,-0.00344,0.06258,0.09863,-0.01242,0.45189,0.10883,-0.06077,0.07047,1.17268,-0.22691,-0.00395,-0.12012,0.00432,0.01047,0.37611,0.08677,-0.10271,0.04429,0.13062,-0.19049,-0.00090,-0.32934,0.03329,-0.00534,0.38235,0.07380,-0.01541,0.00146
1.2000,120,1,1.1976,50.19,0.89181,-0.06978,0.02253,0.10395,0.15869,-0.02012,0.47702,0.04939,-0.10784,0.00054,-0.29987,0.04180,0.00313,0.06327,0.08184,-0.00833,0.45484,0.10735,-0.05374,0.05468,1.16224,-0.24109,0.01225,-0.12328,-0.00641,0.01653,0.36499,-0.01145,-0.09872,0.01549,0.12231,-0.18804,0.00806,-0.33916,-0.00982,-0.00830,0.37300,-0.01207,0.00436,0.21438,0.89044,-0.08369,-0.01936,0.09119,0.13886,-0.01898,0.48485,0.07835,-0.13235,-0.15527,-0.29710,0.05790,-0.00507,0.06766,0.10457,-0.01177,0.45748,0.11475,-0.05750,0.06063,1.16127,-0.22954,-0.00653,-0.12004,-0.00103,0.01120,0.38106,0.11062,-0.10064,0.03840,0.12108,-0.19131,-0.00233,-0.32762,0.03541,-0.00343,0.38670,0.09939,-0.01538,0.00004
1.2500,125,1,1.2476,50.05,0.89181,-0.06978,0.02253,0.10395,0.15869,-0.02012,0.47702,0.04939,-0.10784,0.00054,-0.29987,0.04180,0.00714,0.06327,0.08184,-0.00266,0.45484,0.10735,-0.04712,0.08507,1.13784,-0.26054,0.03744,-0.12560,-0.02922,0.00974,0.36646,0.02500,-0.09595,0.04730,0.10432,-0.18684,0.00207,-0.34227,-0.00569,-0.00780,0.37513,0.04325,0.02875,0.28370,0.88601,-0.09333,-0.01979,0.09835,0.14750,-0.01625,0.48899,0.08759,-0.13952,-0.13209,-0.29427,0.05509,-0.00632,0.07303,0.11016,-0.01104,0.46336,0.12079,-0.05469,0.05206,1.14971,-0.23312,-0.00790,-0.12023,-0.00654,0.01116,0.38711,0.13080,-0.09885,0.03327,0.11148,-0.19268,-0.00316,-0.32581,0.03678,-0.00226,0.39222,0.12104,-0.01541,-0.00117
1.3000,130,1,1.2973,49.72,0.88368,-0.09178,0.02127,0.12005,0.17909,-0.01861,0.48157,0.03408,-0.10235,0.03684,-0.29634,0.03345,0.00714,0.06866,0.07732,-0.00266,0.46163,0.08522,-0.04712,0.08507,1.13784,-0.26054,0.03744,-0.12560,-0.02922,0.00974,0.36646,0.02500,-0.09595,0.04730,0.10432,-0.18684,0.00207,-0.34227,-0.00569,-0.00780,0.37513,0.04325,0.02875,0.28370,0.88110,-0.10296,-0.01935,0.10592,0.15482,-0.01365,0.49361,0.09731,-0.14561,-0.11190,-0.29160,0.05175,-0.00729,0.07867,0.11538,-0.01026,0.46956,0.12689,-0.05228,0.04458,1.13795,-0.23715,-0.00845,-0.12069,-0.01190,0.01063,0.39409,0.14793,-0.09731,0.02880,0.10181,-0.19434,-0.00355,-0.32395,0.03770,-0.00156,0.39875,0.13940,-0.01549,-0.00221
1.3500,135,1,1.3475,50.17,0.87309,-0.11383,0.02988,0.13855,0.19894,-0.02174,0.48414,0.02234,-0.09965,0.06213,-0.29634,0.03345,0.01032,0.06866,0.07732,-0.00111,0.46163,0.08522,-0.03644,0.07297,1.10892,-0.29578,0.00241,-0.11805,0.01941,0.01300,0.35896,-0.01082,-0.09037,0.02603,0.08576,-0.19491,0.00412,-0.33962,0.01401,-0.01761,0.38160,0.08673,0.05379,0.11713,0.87572,-0.11223,-0.01838,0.11382,0.16092,-0.01123,0.49872,0.10696,-0.15075,-0.09431,-0.28910,0.04798,-0.00804,0.08456,0.12022,-0.00945,0.47605,0.13294,-0.05022,0.03807,1.12599,-0.24131,-0.00844,-0.12141,-0.01692,0.00983,0.40186,0.16247,-0.09597,0.02491,0.09205,-0.19612,-0.00366,-0.32204,0.03836,-0.00118,0.40612,0.15500,-0.01562,-0.00310
1.4000,140,1,1.3972,49.75,0.87309,-0.11383,0.02988,0.13855,0.19894,-0.02174,0.48414,0.02234,-0.09965,0.06213,-0.29424,0.01811,0.01043,0.07628,0.08531,-0.00822,0.46855,0.07929,-0.03103,-0.00909,1.10892,-0.29578,0.00241,-0.11805,0.01941,0.01300,0.35896,-0.01082,-0.09037,0.02603,0.08576,-0.19491,0.00412,-0.33962,0.01401,-0.01761,0.38160,0.08673,0.05379,0.11713,0.86989,-0.12094,-0.01710,0.12199,0.16587,-0.00899,0.50430,0.11621,-0.15508,-0.07900,-0.28681,0.04389,-0.00861,0.09068,0.12465,-0.00862,0.48285,0.13885,-0.04846,0.03239,1.11382,-0.24537,-0.00807,-0.12237,-0.02151,0.00887,0.41030,0.17482,-0.09481,0.02152,0.08220,-0.19790,-0.00356,-0.32011,0.03889,-0.00099,0.41421,0.16823,-0.01580,-0.00385
1.4500,145,1,1.4473,50.00,0.85937,-0.14523,0.01679,0.16239,0.23908,-0.01971,0.48649,0.02161,-0.09410,0.03293,-0.29424,0.01811,0.01043,0.07628,0.08531,-0.00822,0.46855,0.07929,-0.03103,-0.00909,1.08199,-0.27525,0.00034,-0.12091,-0.01913,0.00832,0.36059,0.04537,-0.09424,0.03676,0.06683,-0.18942,0.00072,-0.34216,0.00726,0.00759,0.39119,0.10729,0.05280,-0.09579,0.86364,-0.12897,-0.01564,0.13039,0.16977,-0.00695,0.51033,0.12485,-0.15869,-0.06566,-0.28472,0.03956,-0.00902,0.09702,0.12867,-0.00779,0.48993,0.14455,-0.04696,0.02745,1.10146,-0.24919,-0.00745,-0.12355,-0.02561,0.00785,0.41931,0.18526,-0.09381,0.01858,0.07226,-0.19959,-0.00332,-0.31816,0.03934,-0.00090,0.42291,0.17943,-0.01601,-0.00449
1.5000,150,1,1.4975,50.20,0.85937,-0.14523,0.01679,0.16239,0.23908,-0.01971,0.48649,0.02161,-0.09410,0.03293,-0.29270,0.00905,0.01043,0.08521,0.09456,-0.00822,0.47387,0.03542,-0.03103,-0.00909,1.08199,-0.27525,0.00034,-0.12091,-0.01913,0.00832,0.36059,0.04537,-0.09424,0.03676,0.06683,-0.18942,0.00072,-0.34216,0.00726,0.00759,0.39119,0.10729,0.05280,-0.09579,0.85701,-0.13627,-0.01411,0.13895,0.17272,-0.00510,0.51678,0.13279,-0.16167,-0.05406,-0.28285,0.03506,-0.00931,0.10354,0.13229,-0.00695,0.49730,0.14997,-0.04570,0.02314,1.08891,-0.25266,-0.00669,-0.12493,-0.02921,0.00683,0.42880,0.19405,-0.09294,0.01602,0.06224,-0.20114,-0.00299,-0.31618,0.03978,-0.00088,0.43212,0.18887,-0.01625,-0.00503
1.5500,155,1,1.5474,49.98,0.84589,-0.14522,0.01676,0.17475,0.20032,-0.00871,0.48842,0.02831,-0.09316,0.03380,-0.29270,0.00905,0.01265,0.08521,0.09456,-0.01595,0.47387,0.03542,-0.03766,-0.09792,1.05301,-0.28064,0.01601,-0.12885,-0.05202,-0.00470,0.36355,0.04509,-0.08962,-0.02179,0.04793,-0.19181,0.01182,-0.34233,0.00290,0.00215,0.40171,0.11191,0.04356,-0.10697,0.85003,-0.14281,-0.01257,0.14764,0.17480,-0.00343,0.52360,0.13997,-0.16412,-0.04397,-0.28122,0.03044,-0.00950,0.11024,0.13549,-0.00613,0.50492,0.15503,-0.04464,0.01939,1.07620,-0.25574,-0.00583,-0.12647,-0.03232,0.00584,0.43869,0.20139,-0.09220,0.01379,0.05215,-0.20251,-0.00259,-0.31418,0.04021,-0.00088,0.44177,0.19676,-0.01651,-0.00549
1.6000,160,1,1.5973,49.88,0.84589,-0.14522,0.01676,0.17475,0.20032,-0.00871,0.48842,0.02831,-0.09316,0.03380,-0.29290,-0.00234,0.00743,0.09419,0.10676,-0.00710,0.48273,0.06313,-0.04856,-0.11558,1.05301,-0.28064,0.01601,-0.12885,-0.05202,-0.00470,0.36355,0.04509,-0.08962,-0.02179,0.04793,-0.19181,0.01182,-0.34233,0.00290,0.00215,0.40171,0.11191,0.04356,-0.10697,0.84274,-0.14860,-0.01106,0.15642,0.17611,-0.00193,0.53076,0.14638,-0.16609,-0.03520,-0.27981,0.02575,-0.00960,0.11709,0.13830,-0.00531,0.51279,0.15970,-0.04376,0.01612,1.06334,-0.25837,-0.00492,-0.12815,-0.03495,0.00490,0.44892,0.20745,-0.09156,0.01185,0.04199,-0.20368,-0.00214,-0.31216,0.04065,-0.00089,0.45178,0.20329,-0.01679,-0.00587
1.6500,165,1,1.6474,50.08,0.82758,-0.17925,0.01063,0.20294,0.23827,-0.00950,0.48964,0.02995,-0.09701,-0.02452,-0.29290,-0.00234,0.00743,0.09419,0.10676,-0.00710,0.48273,0.06313,-0.04856,-0.11558,1.02441,-0.29365,0.00754,-0.13377,-0.05680,0.01614,0.36706,0.03532,-0.09598,-0.10739,0.02836,-0.20264,0.00044,-0.34074,0.01061,0.00398,0.41267,0.10807,0.03705,-0.01811,0.83518,-0.15367,-0.00960,0.16524,0.17672,-0.00060,0.53822,0.15204,-0.16766,-0.02757,-0.27864,0.02104,-0.00961,0.12406,0.14071,-0.00451,0.52089,0.16395,-0.04302,0.01328,1.05037,-0.26056,-0.00399,-0.12995,-0.03714,0.00403,0.45942,0.21237,-0.09101,0.01017,0.03178,-0.20461,-0.00167,-0.31011,0.04108,-0.00089,0.46208,0.20863,-0.01709,-0.00618
1.7000,170,1,1.6973,49.89,0.82758,-0.17925,0.01063,0.20294,0.23827,-0.00950,0.48964,0.02995,-0.09701,-0.02452,-0.29404,-0.01209,0.00632,0.10535,0.11792,-0.01102,0.49161,0.04938,-0.06048,-0.08998,1.02441,-0.29365,0.00754,-0.13377,-0.05680,0.01614,0.36706,0.03532,-0.09598,-0.10739,0.02836,-0.20264,0.00044,-0.34074,0.01061,0.00398,0.41267,0.10807,0.03705,-0.01811,0.82738,-0.15803,-0.00821,0.17408,0.17672,0.00060,0.54595,0.15696,-0.16887,-0.02095,-0.27771,0.01633,-0.00956,0.13115,0.14273,-0.00373,0.52918,0.16775,-0.04242,0.01081,1.03730,-0.26229,-0.00306,-0.13186,-0.03892,0.00324,0.47014,0.21629,-0.09054,0.00871,0.02154,-0.20531,-0.00118,-0.30805,0.04151,-0.00087,0.47262,0.21290,-0.01741,-0.00645
1.7500,175,1,1.7475,50.18,0.81013,-0.18718,0.00661,0.22543,0.26038,-0.00623,0.49274,0.03397,-0.10473,-0.06491,-0.29404,-0.01209,0.00632,0.10535,0.11792,-0.01102,0.49161,0.04938,-0.06048,-0.08998,0.99507,-0.30826,0.01128,-0.13942,-0.05683,0.01299,0.37006,0.02762,-0.10742,-0.11044,0.00660,-0.20674,-0.00016,-0.33921,-0.01008,0.01163,0.42304,0.10665,0.03265,-0.13741,0.81939,-0.16173,-0.00690,0.18291,0.17616,0.00165,0.55391,0.16120,-0.16977,-0.01521,-0.27701,0.01166,-0.00946,0.13833,0.14437,-0.00297,0.53765,0.17110,-0.04194,0.00866,1.02415,-0.26356,-0.00214,-0.13384,-0.04033,0.00252,0.48103,0.21931,-0.09013,0.00744,0.01126,-0.20577,-0.00069,-0.30596,0.04193,-0.00083,0.48335,0.21622,-0.01774,-0.00666
1.8000,180,1,1.7974,49.90,0.81013,-0.18718,0.00661,0.22543,0.26038,-0.00623,0.49274,0.03397,-0.10473,-0.06491,-0.29709,-0.02275,0.00632,0.11659,0.12143,-0.01102,0.50239,0.10488,-0.06048,-0.08998,0.99507,-0.30826,0.01128,-0.13942,-0.05683,0.01299,0.37006,0.02762,-0.10742,-0.11044,0.00660,-0.20674,-0.00016,-0.33921,-0.01008,0.01163,0.42304,0.10665,0.03265,-0.13741,0.81122,-0.16481,-0.00566,0.19169,0.17511,0.00259,0.56206,0.16478,-0.17040,-0.01022,-0.27654,0.00706,-0.00929,0.14558,0.14565,-0.00224,0.54628,0.17399,-0.04155,0.00680,1.01095,-0.26439,-0.00124,-0.13588,-0.04140,0.00188,0.49206,0.22152,-0.08979,0.00635,0.00096,-0.20599,-0.00019,-0.30386,0.04233,-0.00077,0.49423,0.21871,-0.01808,-0.00684
1.8500,185,1,1.8474,50.01,0.79036,-0.18394,-0.00006,0.25155,0.23244,0.00194,0.49651,0.03968,-0.10791,-0.02633,-0.29709,-0.02275,0.00656,0.11659,0.12143,-0.00605,0.50239,0.10488,-0.06487,-0.06502,0.96465,-0.31063,-0.00168,-0.14551,-0.07285,0.01772,0.36838,-0.01346,-0.12086,-0.18525,-0.01522,-0.21377,0.00991,-0.34319,-0.03044,-0.00315,0.43359,0.10906,0.01758,-0.16285,0.80292,-0.16730,-0.00450,0.20041,0.17363,0.00342,0.57038,0.16775,-0.17080,-0.00590,-0.27630,0.00255,-0.00909,0.15289,0.14657,-0.00152,0.55505,0.17643,-0.04125,0.00518,0.99772,-0.26479,-0.00038,-0.13797,-0.04218,0.00131,0.50317,0.22301,-0.08950,0.00539,-0.00934,-0.20596,0.00031,-0.30173,0.04269,-0.00069,0.50521,0.22043,-0.01842,-0.00697
1.9000,190,1,1.8974,50.02,0.79036,-0.18394,-0.00006,0.25155,0.23244,0.00194,0.49651,0.03968,-0.10791,-0.02633,-0.29853,-0.01960,0.00044,0.12672,0.11329,-0.00118,0.51098,0.08963,-0.06742,-0.03631,0.96465,-0.31063,-0.00168,-0.14551,-0.07285,0.01772,0.36838,-0.01346,-0.12086,-0.18525,-0.01522,-0.21377,0.00991,-0.34319,-0.03044,-0.00315,0.43359,0.10906,0.01758,-0.16285,0.79450,-0.16924,-0.00342,0.20905,0.17177,0.00416,0.57883,0.17015,-0.17100,-0.00217,-0.27628,-0.00185,-0.00884,0.16023,0.14714,-0.00083,0.56392,0.17842,-0.04103,0.00377,0.98448,-0.26476,0.00046,-0.14010,-0.04270,0.00082,0.51435,0.22386,-0.08925,0.00457,-0.01963,-0.20569,0.00080,-0.29959,0.04300,-0.00059,0.51626,0.22149,-0.01877,-0.00708
1.9500,195,1,1.9471,49.75,0.77294,-0.18062,0.00092,0.27430,0.24048,-0.00347,0.50032,0.03487,-0.11477,-0.08212,-0.29853,-0.01960,0.00044,0.12672,0.11329,-0.00118,0.51098,0.08963,-0.06742,-0.03631,0.93531,-0.31048,0.01350,-0.15709,-0.09853,0.00421,0.36690,-0.04907,-0.13773,-0.15598,-0.03777,-0.22106,0.00355,-0.34324,-0.03048,0.00129,0.44309,0.09910,0.00860,-0.03861,0.78600,-0.17066,-0.00240,0.21758,0.16957,0.00481,0.58738,0.17203,-0.17102,0.00106,-0.27648,-0.00611,-0.00856,0.16760,0.14739,-0.00017,0.57288,0.17999,-0.04087,0.00256,0.97125,-0.26434,0.00126,-0.14224,-0.04300,0.00039,0.52555,0.22413,-0.08904,0.00386,-0.02990,-0.20518,0.00128,-0.29743,0.04326,-0.00047,0.52735,0.22194,-0.01913,-0.00717
2.0000,200,2,1.9983,51.11,0.77294,-0.18062,0.00092,0.27430,0.24048,-0.00347,0.50032,0.03487,-0.11477,-0.08212,-0.29435,0.00662,-0.00112,0.13645,0.09802,0.00042,0.51821,0.06230,-0.06938,-0.01083,0.93531,-0.31048,0.01350,-0.15709,-0.09853,0.00421,0.36690,-0.04907,-0.13773,-0.15598,-0.03777,-0.22106,0.00355,-0.34324,-0.03048,0.00129,0.44309,0.09910,0.00860,-0.03861,0.77294,-0.18062,0.00092,0.27430,0.24048,-0.00347,0.50032,0.03487,-0.11477,-0.08212,-0.29435,0.00662,-0.00112,0.13645,0.09802,0.00042,0.51821,0.06230,-0.06938,-0.01083,0.93531,-0.31048,0.01350,-0.15709,-0.09853,0.00421,0.36690,-0.04907,-0.13773,-0.15598,-0.03777,-0.22106,0.00355,-0.34324,-0.03048,0.00129,0.44309,0.09910,0.00860,-0.03861
2.0500,205,2,2.0479,49.68,0.75800,-0.17207,0.00026,0.29456,0.22810,-0.00209,0.50352,0.02915,-0.11886,-0.01217,-0.29435,0.00662,-0.00112,0.13645,0.09802,0.00042,0.51821,0.06230,-0.06938,-0.01083,0.90513,-0.31313,0.00216,-0.16716,-0.10234,0.00432,0.36059,-0.08795,-0.14711,0.04672,-0.06101,-0.23514,0.01108,-0.34277,-0.00631,0.00026,0.45195,0.08997,0.00779,-0.02819,0.76392,-0.18016,0.00099,0.28629,0.23766,0.01358,0.50251,0.05256,-0.11857,-0.07019,-0.29405,0.00523,-0.00431,0.14137,0.09894,-0.00376,0.52148,0.06873,-0.06989,-0.00989,0.91995,-0.30400,0.01293,-0.16204,-0.09894,-0.00207,0.36591,0.00781,-0.14500,-0.13528,-0.04878,-0.21926,0.00383,-0.34475,-0.02925,-0.00573,0.44834,0.11054,0.00676,-0.03503
2.1000,210,2,2.0982,50.23,0.75800,-0.17207,0.00026,0.29456,0.22810,-0.00209,0.50352,0.02915,-0.11886,-0.01217,-0.29330,0.00962,0.00034,0.14695,0.09980,-0.00492,0.52384,0.04440,-0.06870,0.01328,0.90513,-0.31313,0.00216,-0.16716,-0.10234,0.00432,0.36059,-0.08795,-0.14711,0.04672,-0.06101,-0.23514,0.01108,-0.34277,-0.00631,0.00026,0.45195,0.08997,0.00779,-0.02819,0.75493,-0.17961,0.00130,0.29796,0.22828,0.02371,0.50557,0.06963,-0.12182,-0.05977,-0.29385,0.00258,-0.00632,0.14637,0.10139,-0.00597,0.52510,0.07629,-0.07037,-0.00905,0.90491,-0.29776,0.01258,-0.16694,-0.09689,-0.00595,0.36753,0.05558,-0.15130,-0.11717,-0.05970,-0.21730,0.00415,-0.34612,-0.02533,-0.00986,0.45414,0.12167,0.00509,-0.03188
2.1500,215,2,2.1476,49.40,0.74192,-0.16653,-0.00149,0.31442,0.22437,0.02203,0.50642,0.02645,-0.11378,0.07921,-0.29330,0.00962,0.00034,0.14695,0.09980,-0.00492,0.52384,0.04440,-0.06870,0.01328,0.87449,-0.30698,-0.01373,-0.17518,-0.07958,-0.03911,0.35325,-0.05550,-0.12263,0.46779,-0.08526,-0.24560,0.01310,-0.34329,-0.00917,-0.01126,0.45977,0.08072,-0.00065,-0.12462,0.74596,-0.17887,0.00175,0.30905,0.21514,0.02924,0.50946,0.08572,-0.12457,-0.05067,-0.29380,-0.00084,-0.00751,0.15152,0.10458,-0.00687,0.52912,0.08458,-0.07080,-0.00831,0.89017,-0.29164,0.01237,-0.17171,-0.09336,-0.00822,0.37134,0.09567,-0.15675,-0.10133,-0.07051,-0.21518,0.00448,-0.34726,-0.01989,-0.01207,0.46050,0.13238,0.00357,-0.02911
2.2000,220,2,2.1974,49.87,0.74192,-0.16653,-0.00149,0.31442,0.22437,0.02203,0.50642,0.02645,-0.11378,0.07921,-0.29252,0.00786,0.00034,0.15875,0.11407,-0.00492,0.52937,0.03724,-0.06870,0.01328,0.87449,-0.30698,-0.01373,-0.17518,-0.07958,-0.03911,0.35325,-0.05550,-0.12263,0.46779,-0.08526,-0.24560,0.01310,-0.34329,-0.00917,-0.01126,0.45977,0.08072,-0.00065,-0.12462,0.73704,-0.17788,0.00229,0.31944,0.20009,0.03173,0.51412,0.10064,-0.12690,-0.04273,-0.29394,-0.00469,-0.00812,0.15683,0.10799,-0.00691,0.53357,0.09326,-0.07120,-0.00765,0.87574,-0.28560,0.01227,-0.17627,-0.08901,-0.00940,0.37699,0.12928,-0.16147,-0.08748,-0.08121,-0.21290,0.00482,-0.34810,-0.01370,-0.01299,0.46737,0.14255,0.00218,-0.02668
2.2500,225,2,2.2476,50.17,0.72564,-0.16321,-0.00253,0.33487,0.20321,0.02630,0.50981,0.04107,-0.10832,0.06136,-0.29252,0.00786,0.00122,0.15875,0.11407,-0.00936,0.52937,0.03724,-0.06613,0.02956,0.84489,-0.28102,-0.02822,-0.17863,-0.04117,-0.01185,0.34923,0.00449,-0.07121,0.43165,-0.11031,-0.25440,0.00179,-0.34371,0.00436,-0.00996,0.46790,0.08084,-0.01227,-0.10343,0.72818,-0.17661,0.00288,0.32905,0.18433,0.03226,0.51950,0.11429,-0.12886,-0.03581,-0.29428,-0.00874,-0.00835,0.16231,0.11127,-0.00643,0.53845,0.10206,-0.07157,-0.00706,0.86161,-0.27960,0.01223,-0.18060,-0.08426,-0.00987,0.38418,0.15737,-0.16553,-0.07536,-0.09180,-0.21046,0.00516,-0.34863,-0.00729,-0.01307,0.47474,0.15209,0.00090,-0.02453
2.3000,230,2,2.2976,49.99,0.72564,-0.16321,-0.00253,0.33487,0.20321,0.02630,0.50981,0.04107,-0.10832,0.06136,-0.29131,0.00667,0.00122,0.16967,0.12206,-0.00936,0.53274,0.02015,-0.06613,0.02956,0.84489,-0.28102,-0.02822,-0.17863,-0.04117,-0.01185,0.34923,0.00449,-0.07121,0.43165,-0.11031,-0.25440,0.00179,-0.34371,0.00436,-0.00996,0.46790,0.08084,-0.01227,-0.10343,0.71939,-0.17505,0.00348,0.33787,0.16864,0.03157,0.52553,0.12663,-0.13050,-0.02977,-0.29482,-0.01284,-0.00831,0.16795,0.11424,-0.00561,0.54377,0.11075,-0.07191,-0.00654,0.84778,-0.27360,0.01223,-0.18469,-0.07940,-0.00988,0.39265,0.18075,-0.16903,-0.06477,-0.10225,-0.20784,0.00549,-0.34883,-0.00097,-0.01261,0.48257,0.16094,-0.00028,-0.02265
2.3500,235,2,2.3476,50.04,0.70955,-0.16199,0.00021,0.35119,0.16578,0.03392,0.51521,0.05993,-0.10590,0.03143,-0.29131,0.00667,0.00547,0.16967,0.12206,-0.00747,0.53274,0.02015,-0.06652,0.01332,0.81790,-0.24434,-0.03598,-0.18174,-0.01979,-0.03227,0.35157,0.04953,-0.04003,0.11504,-0.13559,-0.25149,-0.00741,-0.34395,0.01060,-0.00955,0.47596,0.08737,-0.02135,-0.07753,0.71068,-0.17320,0.00407,0.34592,0.15348,0.03014,0.53214,0.13768,-0.13185,-0.02451,-0.29556,-0.01687,-0.00809,0.17373,0.11675,-0.00462,0.54952,0.11916,-0.07222,-0.00608,0.83425,-0.26759,0.01226,-0.18854,-0.07462,-0.00958,0.40219,0.20012,-0.17203,-0.05551,-0.11258,-0.20507,0.00581,-0.34873,0.00503,-0.01183,0.49082,0.16904,-0.00137,-0.02098
2.4000,240,2,2.3975,49.88,0.70955,-0.16199,0.00021,0.35119,0.16578,0.03392,0.51521,0.05993,-0.10590,0.03143,-0.29155,-0.00245,0.00545,0.18361,0.14006,-0.00837,0.54096,0.07715,-0.06443,0.03167,0.81790,-0.24434,-0.03598,-0.18174,-0.01979,-0.03227,0.35157,0.04953,-0.04003,0.11504,-0.13559,-0.25149,-0.00741,-0.34395,0.01060,-0.00955,0.47596,0.08737,-0.02135,-0.07753,0.70207,-0.17106,0.00466,0.35324,0.13914,0.02832,0.53927,0.14749,-0.13296,-0.01992,-0.29650,-0.02075,-0.00774,0.17962,0.11876,-0.00355,0.55568,0.12716,-0.07252,-0.00566,0.82102,-0.26157,0.01230,-0.19216,-0.07003,-0.00910,0.41260,0.21603,-0.17460,-0.04741,-0.12276,-0.20214,0.00613,-0.34834,0.01060,-0.01085,0.49946,0.17635,-0.00238,-0.01952
2.4500,245,2,2.4474,49.93,0.69273,-0.16503,-0.00840,0.36706,0.13802,0.02909,0.52261,0.07924,-0.09867,0.01936,-0.29155,-0.00245,0.00545,0.18361,0.14006,-0.00837,0.54096,0.07715,-0.06443,0.03167,0.79604,-0.20385,-0.02545,-0.18242,-0.00794,-0.02172,0.35859,0.09121,-0.04280,-0.15856,-0.16072,-0.24334,-0.01143,-0.33930,0.02915,-0.00529,0.48514,0.10274,-0.02743,-0.04534,0.69358,-0.16863,0.00522,0.35985,0.12574,0.02631,0.54687,0.15609,-0.13386,-0.01592,-0.29763,-0.02444,-0.00731,0.18560,0.12023,-0.00245,0.56223,0.13465,-0.07279,-0.00530,0.80809,-0.25553,0.01235,-0.19555,-0.06570,-0.00852,0.42374,0.22897,-0.17679,-0.04033,-0.13279,-0.19906,0.00643,-0.34768,0.01566,-0.00978,0.50844,0.18288,-0.00333,-0.01823
2.5000,250,2,2.4975,50.03,0.69273,-0.16503,-0.00840,0.36706,0.13802,0.02909,0.52261,0.07924,-0.09867,0.01936,-0.29177,-0.00619,0.00545,0.19425,0.13964,-0.00837,0.54715,0.07635,-0.06443,0.03167,0.79604,-0.20385,-0.02545,-0.18242,-0.00794,-0.02172,0.35859,0.09121,-0.04280,-0.15856,-0.16072,-0.24334,-0.01143,-0.33930,0.02915,-0.00529,0.48514,0.10274,-0.02743,-0.04534,0.68521,-0.16594,0.00577,0.36583,0.11333,0.02427,0.55486,0.16356,-0.13456,-0.01244,-0.29894,-0.02791,-0.00682,0.19163,0.12116,-0.00137,0.56914,0.14154,-0.07305,-0.00497,0.79547,-0.24946,0.01239,-0.19873,-0.06168,-0.00788,0.43546,0.23934,-0.17864,-0.03413,-0.14266,-0.19584,0.00671,-0.34678,0.02018,-0.00867,0.51773,0.18860,-0.00421,-0.01708
2.5500,255,2,2.5475,50.05,0.67652,-0.16031,-0.00170,0.38158,0.11646,0.01819,0.53155,0.09387,-0.09455,0.05897,-0.29177,-0.00619,0.00589,0.19425,0.13964,-0.00213,0.54715,0.07635,-0.06407,0.01893,0.77765,-0.18233,-0.01144,-0.18243,0.00126,0.00006,0.36962,0.11648,-0.06731,-0.24722,-0.18377,-0.22813,-0.01456,-0.33747,0.02711,-0.00383,0.49538,0.11259,-0.02964,0.02737,0.67699,-0.16298,0.00628,0.37120,0.10192,0.02228,0.56321,0.16997,-0.13511,-0.00942,-0.30042,-0.03113,-0.00631,0.19770,0.12157,-0.00033,0.57637,0.14779,-0.07329,-0.00467,0.78315,-0.24337,0.01243,-0.20172,-0.05797,-0.00723,0.44764,0.24747,-0.18021,-0.02872,-0.15237,-0.19248,0.00698,-0.34567,0.02417,-0.00756,0.52729,0.19352,-0.00504,-0.01607
2.6000,260,2,2.5973,49.78,0.67652,-0.16031,-0.00170,0.38158,0.11646,0.01819,0.53155,0.09387,-0.09455,0.05897,-0.29362,-0.01814,0.00860,0.21081,0.15613,-0.00061,0.55568,0.08072,-0.06131,-0.00611,0.77765,-0.18233,-0.01144,-0.18243,0.00126,0.00006,0.36962,0.11648,-0.06731,-0.24722,-0.18377,-0.22813,-0.01456,-0.33747,0.02711,-0.00383,0.49538,0.11259,-0.02964,0.02737,0.66892,-0.15977,0.00678,0.37603,0.09146,0.02040,0.57185,0.17538,-0.13551,-0.00678,-0.30205,-0.03410,-0.00578,0.20378,0.12149,0.00065,0.58390,0.15338,-0.07351,-0.00441,0.77113,-0.23726,0.01247,-0.20453,-0.05459,-0.00658,0.46017,0.25367,-0.18153,-0.02399,-0.16191,-0.18899,0.00724,-0.34437,0.02761,-0.00649,0.53707,0.19765,-0.00582,-0.01518
2.6500,265,2,2.6475,50.17,0.66063,-0.16061,-0.00688,0.39219,0.09950,0.01944,0.54113,0.10173,-0.08601,0.08692,-0.29362,-0.01814,0.00860,0.21081,0.15613,-0.00061,0.55568,0.08072,-0.06131,-0.00611,0.75965,-0.18044,0.00439,-0.18222,0.00806,-0.00499,0.38215,0.12783,-0.08862,-0.16451,-0.20464,-0.21235,-0.00482,-0.33763,0.01822,-0.00066,0.50669,0.11613,-0.02559,0.00810,0.66102,-0.15633,0.00724,0.38036,0.08188,0.01866,0.58073,0.17987,-0.13579,-0.00450,-0.30382,-0.03680,-0.00524,0.20985,0.12094,0.00157,0.59170,0.15827,-0.07373,-0.00418,0.75942,-0.23114,0.01250,-0.20719,-0.05152,-0.00594,0.47298,0.25818,-0.18262,-0.01986,-0.17127,-0.18538,0.00747,-0.34292,0.03054,-0.00546,0.54704,0.20103,-0.00656,-0.01439
2.7000,270,2,2.6975,50.04,0.66063,-0.16061,-0.00688,0.39219,0.09950,0.01944,0.54113,0.10173,-0.08601,0.08692,-0.29519,-0.02383,0.00821,0.22318,0.15023,0.00139,0.56068,0.07150,-0.06439,-0.01322,0.75965,-0.18044,0.00439,-0.18222,0.00806,-0.00499,0.38215,0.12783,-0.08862,-0.16451,-0.20464,-0.21235,-0.00482,-0.33763,0.01822,-0.00066,0.50669,0.11613,-0.02559,0.00810,0.65329,-0.15268,0.00766,0.38424,0.07312,0.01708,0.58982,0.18349,-0.13597,-0.00251,-0.30573,-0.03924,-0.00470,0.21587,0.11996,0.00242,0.59972,0.16246,-0.07393,-0.00396,0.74802,-0.22501,0.01251,-0.20969,-0.04876,-0.00533,0.48597,0.26121,-0.18352,-0.01624,-0.18044,-0.18166,0.00769,-0.34133,0.03297,-0.00448,0.55716,0.20366,-0.00726,-0.01369
2.7500,275,2,2.7475,49.98,0.64684,-0.14286,-0.01006,0.40110,0.07593,0.01780,0.55190,0.10761,-0.07760,0.04013,-0.29519,-0.02383,0.00821,0.22318,0.15023,0.00139,0.56068,0.07150,-0.06439,-0.01322,0.74053,-0.18687,-0.00531,-0.17890,0.02825,-0.00335,0.39213,0.11720,-0.09905,-0.04997,-0.22581,-0.20643,-0.00729,-0.33350,0.02747,-0.00446,0.51702,0.10745,-0.02483,-0.02646,0.64575,-0.14883,0.00803,0.38769,0.06511,0.01565,0.59906,0.18627,-0.13605,-0.00079,-0.30774,-0.04141,-0.00417,0.22184,0.11858,0.00319,0.60793,0.16596,-0.07413,-0.00377,0.73692,-0.21887,0.01252,-0.21207,-0.04629,-0.00474,0.49907,0.26293,-0.18425,-0.01309,-0.18943,-0.17784,0.00789,-0.33963,0.03494,-0.00356,0.56740,0.20557,-0.00793,-0.01307
2.8000,280,2,2.7973,49.83,0.64684,-0.14286,-0.01006,0.40110,0.07593,0.01780,0.55190,0.10761,-0.07760,0.04013,-0.29712,-0.02875,0.00748,0.23700,0.14565,0.00272,0.56874,0.09302,-0.06716,-0.01200,0.74053,-0.18687,-0.00531,-0.17890,0.02825,-0.00335,0.39213,0.11720,-0.09905,-0.04997,-0.22581,-0.20643,-0.00729,-0.33350,0.02747,-0.00446,0.51702,0.10745,-0.02483,-0.02646,0.63841,-0.14481,0.00834,0.39076,0.05775,0.01437,0.60843,0.18824,-0.13605,0.00071,-0.30986,-0.04333,-0.00365,0.22772,0.11684,0.00390,0.61630,0.16878,-0.07431,-0.00360,0.72613,-0.21273,0.01251,-0.21432,-0.04410,-0.00419,0.51224,0.26351,-0.18484,-0.01033,-0.19823,-0.17392,0.00808,-0.33784,0.03648,-0.00271,0.57771,0.20679,-0.00857,-0.01251
2.8500,285,2,2.8478,50.51,0.63323,-0.13533,-0.00517,0.40980,0.06561,0.00762,0.56287,0.10427,-0.07521,-0.02369,-0.29712,-0.02875,0.00748,0.23700,0.14565,0.00272,0.56874,0.09302,-0.06716,-0.01200,0.72249,-0.18241,-0.00282,-0.17854,0.02313,0.00225,0.40237,0.09710,-0.10177,-0.01818,-0.24540,-0.19877,-0.00675,-0.33077,0.02748,-0.00559,0.52718,0.09976,-0.02746,-0.07719,0.63127,-0.14065,0.00860,0.39347,0.05099,0.01323,0.61788,0.18945,-0.13598,0.00200,-0.31207,-0.04499,-0.00314,0.23351,0.11477,0.00455,0.62480,0.17092,-0.07449,-0.00345,0.71565,-0.20660,0.01249,-0.21648,-0.04217,-0.00367,0.52541,0.26307,-0.18529,-0.00792,-0.20682,-0.16992,0.00825,-0.33598,0.03761,-0.00191,0.58806,0.20735,-0.00918,-0.01202
2.9000,290,2,2.8975,49.69,0.63323,-0.13533,-0.00517,0.40980,0.06561,0.00762,0.56287,0.10427,-0.07521,-0.02369,-0.29972,-0.03324,0.00576,0.25084,0.14134,0.00317,0.57776,0.12078,-0.06718,-0.00535,0.72249,-0.18241,-0.00282,-0.17854,0.02313,0.00225,0.40237,0.09710,-0.10177,-0.01818,-0.24540,-0.19877,-0.00675,-0.33077,0.02748,-0.00559,0.52718,0.09976,-0.02746,-0.07719,0.62435,-0.13638,0.00881,0.39587,0.04475,0.01223,0.62736,0.18993,-0.13585,0.00312,-0.31436,-0.04641,-0.00265,0.23919,0.11239,0.00513,0.63339,0.17242,-0.07465,-0.00331,0.70547,-0.20048,0.01246,-0.21855,-0.04050,-0.00318,0.53853,0.26174,-0.18563,-0.00582,-0.21522,-0.16583,0.00840,-0.33408,0.03836,-0.00116,0.59843,0.20729,-0.00977,-0.01158
2.9500,295,2,2.9472,49.68,0.62032,-0.12915,-0.00422,0.41611,0.06240,0.00427,0.57248,0.08560,-0.07938,-0.02455,-0.29972,-0.03324,0.00576,0.25084,0.14134,0.00317,0.57776,0.12078,-0.06718,-0.00535,0.70278,-0.18692,-0.00530,-0.17303,0.04489,-0.00169,0.40678,0.04864,-0.10357,-0.01801,-0.26355,-0.18691,-0.00411,-0.33092,0.01392,-0.00214,0.53656,0.09433,-0.03342,-0.04889,0.61764,-0.13201,0.00898,0.39796,0.03898,0.01134,0.63686,0.18972,-0.13567,0.00408,-0.31671,-0.04760,-0.00218,0.24475,0.10975,0.00565,0.64203,0.17330,-0.07482,-0.00318,0.69560,-0.19437,0.01242,-0.22053,-0.03905,-0.00271,0.55157,0.25962,-0.18588,-0.00398,-0.22341,-0.16168,0.00853,-0.33215,0.03876,-0.00048,0.60878,0.20663,-0.01034,-0.01118
3.0000,300,3,2.9979,50.73,0.62032,-0.12915,-0.00422,0.41611,0.06240,0.00427,0.57248,0.08560,-0.07938,-0.02455,-0.30308,-0.03754,0.00508,0.26311,0.13624,0.00404,0.58449,0.12822,-0.06943,-0.01036,0.70278,-0.18692,-0.00530,-0.17303,0.04489,-0.00169,0.40678,0.04864,-0.10357,-0.01801,-0.26355,-0.18691,-0.00411,-0.33092,0.01392,-0.00214,0.53656,0.09433,-0.03342,-0.04889,0.62032,-0.12915,-0.00422,0.41611,0.06240,0.00427,0.57248,0.08560,-0.07938,-0.02455,-0.30308,-0.03754,0.00508,0.26311,0.13624,0.00404,0.58449,0.12822,-0.06943,-0.01036,0.70278,-0.18692,-0.00530,-0.17303,0.04489,-0.00169,0.40678,0.04864,-0.10357,-0.01801,-0.26355,-0.18691,-0.00411,-0.33092,0.01392,-0.00214,0.53656,0.09433,-0.03342,-0.04889
3.0500,305,3,3.0477,49.82,0.60748,-0.12485,-0.00849,0.42676,0.07155,0.00149,0.58061,0.06997,-0.07720,0.03174,-0.30308,-0.03754,0.00508,0.26311,0.13624,0.00404,0.58449,0.12822,-0.06943,-0.01036,0.68476,-0.17674,-0.01113,-0.17468,0.01517,0.00302,0.41007,0.01512,-0.10398,-0.00873,-0.28197,-0.18378,-0.00115,-0.32887,0.02143,-0.00367,0.54524,0.08984,-0.03958,-0.03194,0.61383,-0.13006,0.00025,0.41916,0.05953,0.00723,0.57699,0.09476,-0.08051,-0.02088,-0.30491,-0.03601,0.00142,0.26986,0.13376,0.00596,0.59082,0.12511,-0.06992,-0.00906,0.69339,-0.18804,0.00038,-0.17078,0.04437,0.00347,0.41037,0.09363,-0.10440,-0.01528,-0.27291,-0.18702,0.00318,-0.33019,0.01537,-0.00359,0.54160,0.10690,-0.03571,-0.04302
3.1000,310,3,3.0980,50.27,0.60748,-0.12485,-0.00849,0.42676,0.07155,0.00149,0.58061,0.06997,-0.07720,0.03174,-0.30623,-0.03727,0.00549,0.27539,0.13061,0.00331,0.59212,0.10942,-0.06826,0.00573,0.68476,-0.17674,-0.01113,-0.17468,0.01517,0.00302,0.41007,0.01512,-0.10398,-0.00873,-0.28197,-0.18378,-0.00115,-0.32887,0.02143,-0.00367,0.54524,0.08984,-0.03958,-0.03194,0.60734,-0.12913,0.00335,0.42204,0.05550,0.00906,0.58196,0.10414,-0.08147,-0.01768,-0.30670,-0.03592,-0.00086,0.27647,0.13048,0.00735,0.59703,0.12376,-0.07034,-0.00792,0.68401,-0.18684,0.00428,-0.16862,0.04178,0.00684,0.41601,0.13040,-0.10510,-0.01290,-0.28220,-0.18418,0.00802,-0.32938,0.01731,-0.00422,0.54723,0.11804,-0.03773,-0.03788
3.1500,315,3,3.1479,49.89,0.59537,-0.11795,-0.01336,0.43602,0.07990,0.00299,0.58655,0.05179,-0.07048,0.04273,-0.30623,-0.03727,0.00549,0.27539,0.13061,0.00331,0.59212,0.10942,-0.06826,0.00573,0.66821,-0.16505,-0.00680,-0.17559,-0.00307,0.01972,0.41268,0.03191,-0.10600,-0.02851,-0.30001,-0.17677,-0.00115,-0.32429,0.02847,-0.00367,0.55340,0.08288,-0.03958,-0.03194,0.60094,-0.12693,0.00549,0.42470,0.05077,0.01011,0.58740,0.11317,-0.08229,-0.01489,-0.30852,-0.03670,-0.00220,0.28290,0.12661,0.00838,0.60321,0.12374,-0.07071,-0.00692,0.67473,-0.18404,0.00695,-0.16663,0.03786,0.00899,0.42330,0.16030,-0.10569,-0.01082,-0.29130,-0.17942,0.01117,-0.32846,0.01942,-0.00433,0.55338,0.12789,-0.03951,-0.03339
3.2000,320,3,3.1977,49.76,0.59537,-0.11795,-0.01336,0.43602,0.07990,0.00299,0.58655,0.05179,-0.07048,0.04273,-0.31051,-0.04194,0.00649,0.28101,0.08659,0.00808,0.59312,0.04193,-0.07313,0.03574,0.66821,-0.16505,-0.00680,-0.17559,-0.00307,0.01972,0.41268,0.03191,-0.10600,-0.02851,-0.30001,-0.17677,-0.01373,-0.32429,0.02847,-0.01031,0.55340,0.08288,-0.04223,-0.00897,0.59466,-0.12385,0.00695,0.42711,0.04566,0.01066,0.59327,0.12151,-0.08297,-0.01245,-0.31038,-0.03797,-0.00289,0.28913,0.12230,0.00914,0.60942,0.12468,-0.07104,-0.00604,0.66562,-0.18016,0.00876,-0.16485,0.03310,0.01029,0.43194,0.18446,-0.10619,-0.00900,-0.30012,-0.17341,0.01317,-0.32744,0.02150,-0.00409,0.56000,0.13656,-0.04108,-0.02945
3.2500,325,3,3.2474,49.78,0.58454,-0.09963,-0.02320,0.44545,0.08357,0.01661,0.59113,0.04399,-0.06544,0.02843,-0.31051,-0.04194,0.00649,0.28101,0.08659,0.00808,0.59312,0.04193,-0.07313,0.03574,0.65022,-0.16467,-0.00905,-0.17317,-0.00822,0.01515,0.41512,0.05112,-0.10641,0.01713,-0.31655,-0.16049,-0.01792,-0.32001,0.04094,-0.00752,0.56206,0.09116,-0.04408,-0.01070,0.58856,-0.12019,0.00793,0.42926,0.04037,0.01087,0.59953,0.12897,-0.08354,-0.01032,-0.31232,-0.03947,-0.00315,0.29513,0.11768,0.00970,0.61569,0.12626,-0.07132,-0.00527,0.65673,-0.17555,0.00997,-0.16333,0.02785,0.01103,0.44166,0.20378,-0.10660,-0.00741,-0.30862,-0.16663,0.01436,-0.32631,0.02340,-0.00364,0.56702,0.14412,-0.04247,-0.02600
3.3000,330,3,3.2976,50.13,0.58454,-0.09963,-0.02320,0.44545,0.08357,0.01661,0.59113,0.04399,-0.06544,0.02843,-0.31485,-0.04682,0.00698,0.28898,0.07722,0.00771,0.59701,0.03631,-0.07497,0.07430,0.65022,-0.16467,-0.00905,-0.17317,-0.00822,0.01515,0.41512,0.05112,-0.10641,0.01713,-0.31655,-0.16049,-0.01792,-0.32001,0.04094,-0.00752,0.56206,0.09116,-0.04408,-0.01070,0.58265,-0.11613,0.00857,0.43115,0.03503,0.01086,0.60615,0.13548,-0.08401,-0.00847,-0.31433,-0.04101,-0.00312,0.30089,0.11281,0.01012,0.62205,0.12824,-0.07156,-0.00459,0.64808,-0.17044,0.01078,-0.16207,0.02234,0.01137,0.45225,0.21904,-0.10693,-0.00601,-0.31678,-0.15941,0.01501,-0.32510,0.02505,-0.00306,0.57439,0.15064,-0.04369,-0.02299
3.3500,335,3,3.3476,49.98,0.57668,-0.08116,-0.00635,0.45311,0.07587,0.00302,0.59590,0.03972,-0.06533,-0.02697,-0.31485,-0.04682,0.00698,0.28898,0.07722,0.00771,0.59701,0.03631,-0.07497,0.07430,0.63541,-0.15077,-0.00869,-0.17869,-0.04388,0.01854,0.42232,0.08819,-0.10351,0.06669,-0.33150,-0.14244,-0.01413,-0.31507,0.04963,-0.01171,0.57130,0.09953,-0.04524,-0.00728,0.57695,-0.11182,0.00897,0.43277,0.02974,0.01072,0.61306,0.14101,-0.08439,-0.00685,-0.31642,-0.04250,-0.00291,0.30641,0.10777,0.01043,0.62852,0.13039,-0.07178,-0.00400,0.63969,-0.16502,0.01129,-0.16109,0.01674,0.01146,0.46351,0.23086,-0.10720,-0.00480,-0.32456,-0.15196,0.01530,-0.32381,0.02639,-0.00241,0.58207,0.15618,-0.04477,-0.02035
3.4000,340,3,3.3977,50.09,0.57668,-0.08116,-0.00635,0.45311,0.07587,0.00302,0.59590,0.03972,-0.06533,-0.02697,-0.31474,-0.03911,0.00377,0.30664,0.11297,0.00189,0.59623,0.02720,-0.06485,0.01178,0.63541,-0.15077,-0.00869,-0.17869,-0.04388,0.01854,0.42232,0.08819,-0.10351,0.06669,-0.33150,-0.14244,-0.01413,-0.31507,0.04963,-0.01171,0.57130,0.09953,-0.04524,-0.00728,0.57147,-0.10735,0.00920,0.43412,0.02453,0.01048,0.62023,0.14560,-0.08469,-0.00544,-0.31858,-0.04384,-0.00257,0.31166,0.10260,0.01065,0.63509,0.13257,-0.07197,-0.00348,0.63158,-0.15940,0.01161,-0.16040,0.01113,0.01136,0.47529,0.23977,-0.10741,-0.00373,-0.33197,-0.14444,0.01533,-0.32247,0.02741,-0.00174,0.58999,0.16080,-0.04573,-0.01803
3.4500,345,3,3.4475,49.89,0.56914,-0.07138,-0.00953,0.46326,0.07249,0.00924,0.59978,0.03289,-0.06871,0.01856,-0.31474,-0.03911,0.00377,0.30664,0.11297,0.00189,0.59623,0.02720,-0.06485,0.01178,0.62025,-0.14292,-0.02113,-0.18436,-0.06054,0.02249,0.43247,0.10126,-0.09432,0.07309,-0.34448,-0.12456,-0.01941,-0.31170,0.05140,-0.00156,0.58154,0.10277,-0.04551,0.01738,0.56622,-0.10281,0.00930,0.43522,0.01946,0.01020,0.62761,0.14932,-0.08493,-0.00421,-0.32080,-0.04501,-0.00217,0.31666,0.09733,0.01080,0.64177,0.13466,-0.07213,-0.00302,0.62375,-0.15366,0.01178,-0.15998,0.00561,0.01116,0.48745,0.24622,-0.10758,-0.00280,-0.33901,-0.13695,0.01520,-0.32108,0.02810,-0.00107,0.59813,0.16456,-0.04658,-0.01601
3.5000,350,3,3.4976,50.03,0.56914,-0.07138,-0.00953,0.46326,0.07249,0.00924,0.59978,0.03289,-0.06871,0.01856,-0.31834,-0.03983,0.00122,0.31587,0.10318,0.00714,0.59693,0.00943,-0.05943,-0.01101,0.62025,-0.14292,-0.02113,-0.18436,-0.06054,0.02249,0.43247,0.10126,-0.09432,0.07309,-0.34448,-0.12456,-0.01941,-0.31170,0.05140,-0.00156,0.58154,0.10277,-0.04551,0.01738,0.56119,-0.09824,0.00932,0.43607,0.01453,0.00989,0.63515,0.15227,-0.08512,-0.00314,-0.32307,-0.04597,-0.00173,0.32140,0.09201,0.01090,0.64856,0.13656,-0.07227,-0.00262,0.61621,-0.14786,0.01185,-0.15983,0.00020,0.01087,0.49988,0.25059,-0.10770,-0.00199,-0.34567,-0.12955,0.01495,-0.31966,0.02847,-0.00042,0.60644,0.16752,-0.04733,-0.01423
3.5500,355,3,3.5475,49.90,0.56221,-0.06759,-0.00400,0.46982,0.06496,0.01276,0.60303,0.02635,-0.06062,0.10305,-0.31834,-0.03983,0.00122,0.31587,0.10318,0.00714,0.59693,0.00943,-0.05943,-0.01101,0.60730,-0.13265,-0.01301,-0.18901,-0.06817,0.01975,0.44040,0.08829,-0.09122,-0.03491,-0.35660,-0.11173,-0.01464,-0.30478,0.06969,-0.00512,0.59150,0.10392,-0.04337,0.00360,0.55639,-0.09368,0.00927,0.43668,0.00975,0.00958,0.64282,0.15455,-0.08525,-0.00221,-0.32539,-0.04670,-0.00127,0.32586,0.08665,0.01095,0.65543,0.13821,-0.07239,-0.00227,0.60897,-0.14204,0.01185,-0.15996,-0.00505,0.01054,0.51248,0.25319,-0.10778,-0.00128,-0.35196,-0.12229,0.01464,-0.31824,0.02852,0.00021,0.61487,0.16973,-0.04801,-0.01268
3.6000,360,3,3.5978,50.37,0.56221,-0.06759,-0.00400,0.46982,0.06496,0.01276,0.60303,0.02635,-0.06062,0.10305,-0.31037,0.00568,-0.00310,0.32490,0.09361,0.00659,0.59914,0.01850,-0.06265,-0.00908,0.60730,-0.13265,-0.01301,-0.18901,-0.06817,0.01975,0.44040,0.08829,-0.09122,-0.03491,-0.35660,-0.11173,-0.01464,-0.30478,0.06969,-0.00512,0.59150,0.10392,-0.04337,0.00360,0.55182,-0.08915,0.00917,0.43705,0.00513,0.00929,0.65060,0.15619,-0.08534,-0.00140,-0.32774,-0.04721,-0.00080,0.33006,0.08127,0.01097,0.66237,0.13955,-0.07250,-0.00196,0.60201,-0.13624,0.01180,-0.16034,-0.01013,0.01018,0.52517,0.25428,-0.10783,-0.00066,-0.35790,-0.11520,0.01428,-0.31682,0.02827,0.00080,0.62340,0.17124,-0.04860,-0.01131
3.6500,365,3,3.6477,49.82,0.55574,-0.05791,-0.01409,0.47557,0.04686,0.01669,0.60531,0.01789,-0.05716,0.01145,-0.31037,0.00568,-0.00310,0.32490,0.09361,0.00659,0.59914,0.01850,-0.06265,-0.00908,0.59360,-0.12798,-0.00905,-0.19527,-0.08904,0.03299,0.44638,0.06263,-0.09995,-0.05938,-0.36664,-0.09548,-0.01551,-0.29896,0.06679,0.00106,0.60126,0.10124,-0.04148,0.02114,0.54748,-0.08468,0.00905,0.43719,0.00063,0.00903,0.65843,0.15720,-0.08539,-0.00069,-0.33011,-0.04749,-0.00035,0.33399,0.07590,0.01095,0.66938,0.14056,-0.07259,-0.00169,0.59534,-0.13047,0.01172,-0.16097,-0.01503,0.00980,0.53788,0.25410,-0.10785,-0.00012,-0.36349,-0.10829,0.01389,-0.31541,0.02774,0.00135,0.63198,0.17211,-0.04914,-0.01012
3.7000,370,3,3.6974,49.78,0.55574,-0.05791,-0.01409,0.47557,0.04686,0.01669,0.60531,0.01789,-0.05716,0.01145,-0.30689,0.01737,-0.00196,0.33102,0.07763,0.00795,0.60015,0.03093,-0.06623,0.01225,0.59360,-0.12798,-0.00905,-0.19527,-0.08904,0.03299,0.44638,0.06263,-0.09995,-0.05938,-0.36664,-0.09548,-0.01551,-0.29896,0.06679,0.00106,0.60126,0.10124,-0.04148,0.02114,0.54335,-0.08028,0.00889,0.43711,-0.00374,0.00879,0.66631,0.15759,-0.08541,-0.00008,-0.33249,-0.04756,0.00009,0.33765,0.07053,0.01090,0.67642,0.14121,-0.07266,-0.00145,0.58896,-0.12475,0.01160,-0.16184,-0.01975,0.00942,0.55056,0.25283,-0.10784,0.00035,-0.36873,-0.10158,0.01349,-0.31405,0.02695,0.00186,0.64060,0.17237,-0.04962,-0.00907
3.7500,375,3,3.7477,50.26,0.54988,-0.04980,-0.01259,0.47933,0.03071,0.01847,0.60571,0.00489,-0.05567,0.01591,-0.30689,0.01737,-0.00196,0.33102,0.07763,0.00795,0.60015,0.03093,-0.06623,0.01225,0.58118,-0.12045,-0.01007,-0.20863,-0.14439,0.04891,0.45107,0.03254,-0.11373,-0.27634,-0.37526,-0.08013,-0.01498,-0.29480,0.05960,0.00287,0.61051,0.09391,-0.03971,0.02080,0.53945,-0.07596,0.00872,0.43682,-0.00799,0.00855,0.67418,0.15742,-0.08540,0.00045,-0.33486,-0.04741,0.00051,0.34104,0.06520,0.01083,0.68349,0.14149,-0.07273,-0.00124,0.58287,-0.11909,0.01147,-0.16294,-0.02428,0.00904,0.56315,0.25063,-0.10781,0.00076,-0.37365,-0.09506,0.01309,-0.31272,0.02592,0.00233,0.64921,0.17208,-0.05005,-0.00816
3.8000,380,3,3.7977,50.04,0.54988,-0.04980,-0.01259,0.47933,0.03071,0.01847,0.60571,0.00489,-0.05567,0.01591,-0.30210,0.03313,-0.00266,0.33898,0.07178,0.00917,0.60103,0.03199,-0.06490,0.01516,0.58118,-0.12045,-0.01007,-0.20863,-0.14439,0.04891,0.45107,0.03254,-0.11373,-0.27634,-0.37526,-0.08013,-0.01498,-0.29480,0.05960,0.00287,0.61051,0.09391,-0.03971,0.02080,0.53575,-0.07173,0.00854,0.43632,-0.01212,0.00831,0.68204,0.15673,-0.08537,0.00091,-0.33722,-0.04706,0.00091,0.34417,0.05991,0.01074,0.69057,0.14140,-0.07279,-0.00105,0.57705,-0.11350,0.01132,-0.16426,-0.02862,0.00866,0.57561,0.24765,-0.10777,0.00112,-0.37824,-0.08873,0.01269,-0.31146,0.02467,0.00275,0.65780,0.17127,-0.05044,-0.00735
3.8500,385,3,3.8475,49.77,0.54519,-0.04245,-0.00391,0.49130,0.05185,0.01447,0.60718,-0.00836,-0.05465,0.07118,-0.30210,0.03313,-0.00266,0.33898,0.07178,0.00917,0.60103,0.03199,-0.06490,0.01516,0.57050,-0.11717,0.01494,-0.23026,-0.20425,0.01880,0.45512,0.00751,-0.15215,-0.43774,-0.38287,-0.06769,-0.01074,-0.29074,0.05260,0.00285,0.61876,0.08176,-0.03723,0.01884,0.53227,-0.06759,0.00834,0.43561,-0.01614,0.00808,0.68985,0.15555,-0.08531,0.00130,-0.33956,-0.04652,0.00129,0.34704,0.05467,0.01062,0.69763,0.14095,-0.07284,-0.00089,0.57151,-0.10798,0.01116,-0.16580,-0.03277,0.00828,0.58790,0.24399,-0.10770,0.00143,-0.38253,-0.08261,0.01229,-0.31026,0.02322,0.00314,0.66633,0.17000,-0.05079,-0.00664
3.9000,390,3,3.8977,50.16,0.54519,-0.04245,-0.00391,0.49130,0.05185,0.01447,0.60718,-0.00836,-0.05465,0.07118,-0.29671,0.04329,-0.00341,0.34584,0.06486,0.00843,0.60334,0.04693,-0.06223,0.01408,0.57050,-0.11717,0.01494,-0.23026,-0.20425,0.01880,0.45512,0.00751,-0.15215,-0.43774,-0.38287,-0.06769,-0.01074,-0.29074,0.05260,0.00285,0.61876,0.08176,-0.03723,0.01884,0.52899,-0.06355,0.00814,0.43470,-0.02005,0.00785,0.69759,0.15393,-0.08524,0.00165,-0.34187,-0.04579,0.00165,0.34964,0.04949,0.01049,0.70465,0.14014,-0.07288,-0.00075,0.56625,-0.10255,0.01100,-0.16754,-0.03674,0.00791,0.60000,0.23977,-0.10762,0.00170,-0.38651,-0.07667,0.01190,-0.30914,0.02160,0.00348,0.67479,0.16829,-0.05110,-0.00602
3.9500,395,3,3.9472,49.54,0.54065,-0.05224,0.01597,0.49604,0.04546,0.00031,0.60453,-0.04514,-0.04343,0.21795,-0.29671,0.04329,-0.00341,0.34584,0.06486,0.00843,0.60334,0.04693,-0.06223,0.01408,0.55753,-0.12812,-0.00111,-0.24870,-0.20935,-0.00760,0.45340,-0.03382,-0.18699,-0.23700,-0.38928,-0.05712,-0.01351,-0.28646,0.04404,0.00548,0.62574,0.06378,-0.03527,0.01866,0.52592,-0.05960,0.00794,0.43361,-0.02385,0.00762,0.70523,0.15193,-0.08515,0.00194,-0.34414,-0.04490,0.00198,0.35199,0.04438,0.01034,0.71163,0.13900,-0.07291,-0.00062,0.56126,-0.09720,0.01082,-0.16947,-0.04053,0.00755,0.61187,0.23509,-0.10753,0.00193,-0.39020,-0.07093,0.01152,-0.30810,0.01981,0.00379,0.68315,0.16620,-0.05139,-0.00548
4.0000,400,4,3.9979,50.64,0.54065,-0.05224,0.01597,0.49604,0.04546,0.00031,0.60453,-0.04514,-0.04343,0.21795,-0.28980,0.05902,-0.00260,0.35050,0.05212,0.00999,0.60282,0.02532,-0.05916,-0.00850,0.55753,-0.12812,-0.00111,-0.24870,-0.20935,-0.00760,0.45340,-0.03382,-0.18699,-0.23700,-0.38928,-0.05712,-0.01351,-0.28646,0.04404,0.00548,0.62574,0.06378,-0.03527,0.01866,0.54065,-0.05224,0.01597,0.49604,0.04546,0.00031,0.60453,-0.04514,-0.04343,0.21795,-0.28980,0.05902,-0.00260,0.35050,0.05212,0.00999,0.60282,0.02532,-0.05916,-0.00850,0.55753,-0.12812,-0.00111,-0.24870,-0.20935,-0.00760,0.45340,-0.03382,-0.18699,-0.23700,-0.38928,-0.05712,-0.01351,-0.28646,0.04404,0.00548,0.62574,0.06378,-0.03527,0.01866
4.0500,405,4,4.0477,49.86,0.53818,-0.04289,-0.00253,0.49546,0.02457,0.01967,0.59640,-0.10864,-0.01374,0.38182,-0.28980,0.05902,-0.00260,0.35050,0.05212,0.00999,0.60282,0.02532,-0.05916,-0.00850,0.54452,-0.12280,-0.01560,-0.26400,-0.17401,-0.02024,0.44476,-0.09742,-0.18986,0.20200,-0.39546,-0.05438,-0.00805,-0.27945,0.06221,0.00188,0.63190,0.05345,-0.03355,0.01951,0.53822,-0.04533,0.01240,0.49824,0.04140,0.01500,0.60322,-0.00877,-0.03332,0.18722,-0.28690,0.05646,-0.00746,0.35298,0.04745,0.00916,0.60427,0.03280,-0.05954,-0.00692,0.55114,-0.12680,0.00600,-0.25904,-0.20346,-0.01575,0.45290,0.01242,-0.19800,-0.20411,-0.39226,-0.06135,-0.00436,-0.28433,0.04123,0.00600,0.62879,0.05893,-0.03440,0.01641
4.1000,410,4,4.0977,49.94,0.53818,-0.04289,-0.00253,0.49546,0.02457,0.01967,0.59640,-0.10864,-0.01374,0.38182,-0.28058,0.07740,0.00211,0.35323,0.03302,0.01271,0.59719,-0.03116,-0.05855,0.01988,0.54452,-0.12280,-0.01560,-0.26400,-0.17401,-0.02024,0.44476,-0.09742,-0.18986,0.20200,-0.39546,-0.05438,-0.00805,-0.27945,0.06221,0.00188,0.63190,0.05345,-0.03355,0.01951,0.53609,-0.03989,0.00992,0.50009,0.03175,0.02350,0.60352,0.01969,-0.02464,0.16044,-0.28418,0.05203,-0.01033,0.35525,0.04307,0.00876,0.60613,0.04166,-0.05985,-0.00556,0.54490,-0.12265,0.01060,-0.26900,-0.19446,-0.02045,0.45453,0.05193,-0.20747,-0.17540,-0.39536,-0.06190,0.00173,-0.28234,0.03815,0.00653,0.63170,0.05785,-0.03363,0.01443
4.1500,415,4,4.1476,49.96,0.53346,-0.05287,0.01504,0.49940,0.01148,0.02142,0.58452,-0.12519,0.02057,0.25190,-0.28058,0.07740,0.00211,0.35323,0.03302,0.01271,0.59719,-0.03116,-0.05855,0.01988,0.53401,-0.09626,-0.02235,-0.27795,-0.15244,-0.03084,0.43412,-0.11172,-0.15143,0.51350,-0.40047,-0.04395,-0.01426,-0.27327,0.05774,0.00752,0.63649,0.03551,-0.03244,0.01066,0.53421,-0.03548,0.00819,0.50136,0.01902,0.02787,0.60509,0.04236,-0.01722,0.13710,-0.28172,0.04654,-0.01186,0.35729,0.03881,0.00863,0.60844,0.05113,-0.06010,-0.00439,0.53891,-0.11668,0.01349,-0.27846,-0.18377,-0.02283,0.45799,0.08543,-0.21560,-0.15032,-0.39841,-0.06000,0.00571,-0.28052,0.03482,0.00704,0.63462,0.05937,-0.03295,0.01267
4.2000,420,4,4.1980,50.38,0.53346,-0.05287,0.01504,0.49940,0.01148,0.02142,0.58452,-0.12519,0.02057,0.25190,-0.27257,0.07214,0.01198,0.35244,0.00620,0.01542,0.59304,-0.03427,-0.05695,0.06563,0.53401,-0.09626,-0.02235,-0.27795,-0.15244,-0.03084,0.43412,-0.11172,-0.15143,0.51350,-0.40047,-0.04395,-0.01426,-0.27327,0.05774,0.00752,0.63649,0.03551,-0.03244,0.01066,0.53253,-0.03177,0.00699,0.50196,0.00486,0.02953,0.60769,0.06068,-0.01088,0.11678,-0.27954,0.04054,-0.01248,0.35913,0.03457,0.00865,0.61124,0.06069,-0.06030,-0.00339,0.53325,-0.10960,0.01520,-0.28736,-0.17231,-0.02369,0.46299,0.11360,-0.22255,-0.12843,-0.40133,-0.05653,0.00824,-0.27886,0.03125,0.00750,0.63766,0.06261,-0.03236,0.01112
4.2500,425,4,4.2477,49.66,0.52735,-0.06244,0.01178,0.49618,-0.02568,0.02527,0.57273,-0.10686,0.03439,-0.03529,-0.27257,0.07214,0.01198,0.35244,0.00620,0.01542,0.59304,-0.03427,-0.05695,0.06563,0.52624,-0.06380,-0.03289,-0.28623,-0.09930,-0.03166,0.42193,-0.09386,-0.09238,0.59225,-0.40299,-0.02109,-0.01493,-0.27348,0.02480,0.00911,0.63742,0.01324,-0.03122,0.00781,0.53103,-0.02856,0.00617,0.50184,-0.00967,0.02947,0.61111,0.07567,-0.00550,0.09907,-0.27766,0.03440,-0.01249,0.36075,0.03031,0.00873,0.61451,0.07001,-0.06044,-0.00253,0.52796,-0.10190,0.01611,-0.29569,-0.16069,-0.02356,0.46927,0.13710,-0.22849,-0.10931,-0.40405,-0.05208,0.00979,-0.27739,0.02747,0.00790,0.64090,0.06693,-0.03184,0.00975
4.3000,430,4,4.2979,50.24,0.52735,-0.06244,0.01178,0.49618,-0.02568,0.02527,0.57273,-0.10686,0.03439,-0.03529,-0.26492,0.06203,0.01458,0.35448,0.00687,0.01058,0.58877,-0.03968,-0.05202,0.06384,0.52624,-0.06380,-0.03289,-0.28623,-0.09930,-0.03166,0.42193,-0.09386,-0.09238,0.59225,-0.40299,-0.02109,-0.01493,-0.27348,0.02480,0.00911,0.63742,0.01324,-0.03122,0.00781,0.52967,-0.02568,0.00560,0.50100,-0.02387,0.02832,0.61521,0.08803,-0.00094,0.08366,-0.27609,0.02835,-0.01212,0.36216,0.02600,0.00884,0.61823,0.07886,-0.06055,-0.00180,0.52306,-0.09389,0.01648,-0.30344,-0.14930,-0.02281,0.47663,0.15652,-0.23353,-0.09263,-0.40653,-0.04704,0.01066,-0.27612,0.02352,0.00822,0.64437,0.07188,-0.03138,0.00853
4.3500,435,4,4.3477,49.81,0.51971,-0.07832,0.01119,0.49381,-0.04150,0.01796,0.56344,-0.07999,0.02375,-0.12461,-0.26492,0.06203,0.01458,0.35448,0.00687,0.01058,0.58877,-0.03968,-0.05202,0.06384,0.52101,-0.03647,-0.02763,-0.29138,-0.05307,-0.03483,0.41525,-0.04973,-0.04257,0.41519,-0.40473,-0.00831,-0.01346,-0.27282,0.01442,0.00943,0.63792,0.00469,-0.03093,0.01534,0.52846,-0.02303,0.00522,0.49947,-0.03734,0.02653,0.61987,0.09828,0.00290,0.07024,-0.27482,0.02255,-0.01149,0.36335,0.02164,0.00895,0.62239,0.08710,-0.06063,-0.00117,0.51857,-0.08579,0.01649,-0.31063,-0.13838,-0.02167,0.48487,0.17239,-0.23779,-0.07807,-0.40875,-0.04169,0.01108,-0.27504,0.01942,0.00847,0.64809,0.07711,-0.03098,0.00746
4.4000,440,4,4.3978,50.13,0.51971,-0.07832,0.01119,0.49381,-0.04150,0.01796,0.56344,-0.07999,0.02375,-0.12461,-0.25830,0.05448,0.00728,0.35550,0.00858,0.00732,0.58989,-0.01163,-0.04524,0.04928,0.52101,-0.03647,-0.02763,-0.29138,-0.05307,-0.03483,0.41525,-0.04973,-0.04257,0.41519,-0.40473,-0.00831,-0.01346,-0.27282,0.01442,0.00943,0.63792,0.00469,-0.03093,0.01534,0.52737,-0.02054,0.00497,0.49728,-0.04984,0.02440,0.62501,0.10678,0.00611,0.05856,-0.27383,0.01710,-0.01071,0.36432,0.01723,0.00902,0.62693,0.09464,-0.06067,-0.00064,0.51448,-0.07775,0.01625,-0.31728,-0.12807,-0.02033,0.49382,0.18520,-0.24136,-0.06536,-0.41070,-0.03622,0.01119,-0.27418,0.01522,0.00864,0.65208,0.08236,-0.03063,0.00651
4.4500,445,4,4.4476,49.76,0.51004,-0.08866,0.00015,0.49179,-0.04303,0.00370,0.55744,-0.04827,0.00467,-0.19163,-0.25830,0.05448,0.00728,0.35550,0.00858,0.00732,0.58989,-0.01163,-0.04524,0.04928,0.51732,-0.01544,-0.02561,-0.28722,0.02506,-0.05497,0.40809,-0.02071,-0.00870,0.34050,-0.40611,-0.00479,-0.00910,-0.27075,0.01534,0.00915,0.63829,0.00624,-0.03083,0.01412,0.52640,-0.01814,0.00481,0.49450,-0.06126,0.02212,0.63053,0.11383,0.00878,0.04840,-0.27311,0.01206,-0.00984,0.36507,0.01280,0.00905,0.63184,0.10143,-0.06069,-0.00018,0.51079,-0.06987,0.01586,-0.32344,-0.11845,-0.01889,0.50334,0.19535,-0.24435,-0.05428,-0.41237,-0.03075,0.01109,-0.27352,0.01096,0.00875,0.65633,0.08747,-0.03033,0.00567
4.5000,450,4,4.4974,49.84,0.51004,-0.08866,0.00015,0.49179,-0.04303,0.00370,0.55744,-0.04827,0.00467,-0.19163,-0.25415,0.04213,0.00678,0.35704,0.00009,0.01452,0.59153,0.00527,-0.04141,-0.00416,0.51732,-0.01544,-0.02561,-0.28722,0.02506,-0.05497,0.40809,-0.02071,-0.00870,0.34050,-0.40611,-0.00479,-0.00910,-0.27075,0.01534,0.00915,0.63829,0.00624,-0.03083,0.01412,0.52555,-0.01580,0.00473,0.49118,-0.07155,0.01983,0.63637,0.11965,0.01098,0.03957,-0.27262,0.00745,-0.00894,0.36560,0.00836,0.00904,0.63706,0.10748,-0.06069,0.00021,0.50749,-0.06221,0.01538,-0.32914,-0.10955,-0.01742,0.51331,0.20323,-0.24682,-0.04461,-0.41377,-0.02537,0.01087,-0.27308,0.00665,0.00879,0.66082,0.09231,-0.03007,0.00492
4.5500,455,4,4.5477,50.23,0.49963,-0.09931,-0.00780,0.48954,-0.02090,0.00476,0.55312,-0.02584,-0.01661,-0.15664,-0.25415,0.04213,0.00678,0.35704,0.00009,0.01452,0.59153,0.00527,-0.04141,-0.00416,0.51749,0.01228,-0.02465,-0.28627,0.03850,-0.02251,0.40800,-0.00051,0.01989,0.24013,-0.40629,0.00332,-0.01045,-0.27106,0.00027,0.00982,0.63821,0.00446,-0.02951,0.01936,0.52482,-0.01350,0.00469,0.48737,-0.08072,0.01759,0.64248,0.12443,0.01276,0.03190,-0.27235,0.00329,-0.00802,0.36591,0.00394,0.00899,0.64257,0.11277,-0.06067,0.00053,0.50457,-0.05479,0.01484,-0.33441,-0.10136,-0.01598,0.52363,0.20913,-0.24883,-0.03618,-0.41491,-0.02011,0.01056,-0.27286,0.00234,0.00878,0.66555,0.09679,-0.02984,0.00426
4.6000,460,4,4.5974,49.69,0.49963,-0.09931,-0.00780,0.48954,-0.02090,0.00476,0.55312,-0.02584,-0.01661,-0.15664,-0.24686,0.05012,0.00647,0.35391,-0.01740,0.01184,0.58907,-0.00615,-0.04212,0.04904,0.51749,0.01228,-0.02465,-0.28627,0.03850,-0.02251,0.40800,-0.00051,0.01989,0.24013,-0.40629,0.00332,-0.01045,-0.27106,0.00027,0.00982,0.63821,0.00446,-0.02951,0.01936,0.52420,-0.01120,0.00468,0.48312,-0.08882,0.01546,0.64880,0.12830,0.01418,0.02523,-0.27228,-0.00042,-0.00712,0.36599,-0.00045,0.00889,0.64833,0.11734,-0.06064,0.00081,0.50201,-0.04766,0.01426,-0.33929,-0.09386,-0.01459,0.53420,0.21334,-0.25045,-0.02883,-0.41579,-0.01502,0.01020,-0.27285,-0.00195,0.00870,0.67049,0.10086,-0.02964,0.00368
4.6500,465,4,4.6473,49.89,0.48828,-0.10664,-0.00357,0.49206,0.01154,-0.00816,0.55370,0.00447,-0.03037,-0.13473,-0.24686,0.05012,0.00647,0.35391,-0.01740,0.01184,0.58907,-0.00615,-0.04212,0.04904,0.52011,0.03262,-0.00401,-0.27998,0.08135,-0.04339,0.40878,0.00367,0.04387,0.15684,-0.40709,0.00371,-0.00890,-0.26877,0.00668,0.00672,0.63975,0.01270,-0.02817,0.00202,0.52370,-0.00890,0.00468,0.47850,-0.09591,0.01348,0.65529,0.13136,0.01530,0.01944,-0.27239,-0.00369,-0.00624,0.36586,-0.00478,0.00875,0.65430,0.12121,-0.06059,0.00104,0.49980,-0.04080,0.01368,-0.34381,-0.08703,-0.01327,0.54494,0.21610,-0.25173,-0.02243,-0.41641,-0.01011,0.00982,-0.27305,-0.00619,0.00858,0.67563,0.10447,-0.02947,0.00316
4.7000,470,4,4.6975,50.23,0.48828,-0.10664,-0.00357,0.49206,0.01154,-0.00816,0.55370,0.00447,-0.03037,-0.13473,-0.24140,0.04788,0.00535,0.35006,-0.03075,0.00616,0.58578,-0.05428,-0.03550,0.16571,0.52011,0.03262,-0.00401,-0.27998,0.08135,-0.04339,0.40878,0.00367,0.04387,0.15684,-0.40709,0.00371,-0.00890,-0.26877,0.00668,0.00672,0.63975,0.01270,-0.02817,0.00202,0.52331,-0.00661,0.00468,0.47355,-0.10207,0.01165,0.66192,0.13368,0.01614,0.01442,-0.27265,-0.00654,-0.00539,0.36552,-0.00903,0.00857,0.66044,0.12441,-0.06053,0.00124,0.49792,-0.03424,0.01309,-0.34800,-0.08083,-0.01203,0.55579,0.21760,-0.25271,-0.01686,-0.41680,-0.00539,0.00942,-0.27347,-0.01036,0.00842,0.68093,0.10762,-0.02932,0.00270
4.7500,475,4,4.7473,49.85,0.47607,-0.10879,-0.00597,0.49165,0.00753,0.01695,0.55209,-0.00662,-0.03328,0.05317,-0.24140,0.04788,0.00535,0.35006,-0.03075,0.00616,0.58578,-0.05428,-0.03550,0.16571,0.51654,0.00888,-0.03306,-0.26138,0.16404,-0.02256,0.40591,-0.02308,0.04865,-0.05915,-0.40628,0.01142,-0.01017,-0.27023,-0.00471,0.00864,0.64022,0.00660,-0.02750,0.00387,0.52304,-0.00432,0.00468,0.46831,-0.10736,0.00997,0.66865,0.13534,0.01675,0.01007,-0.27304,-0.00898,-0.00458,0.36496,-0.01318,0.00836,0.66673,0.12698,-0.06047,0.00140,0.49637,-0.02796,0.01252,-0.35190,-0.07522,-0.01088,0.56668,0.21802,-0.25343,-0.01200,-0.41696,-0.00087,0.00902,-0.27409,-0.01444,0.00822,0.68638,0.11029,-0.02920,0.00229
4.8000,480,4,4.7975,50.19,0.47607,-0.10879,-0.00597,0.49165,0.00753,0.01695,0.55209,-0.00662,-0.03328,0.05317,-0.23640,0.03928,0.01670,0.34944,-0.02109,0.00690,0.58539,-0.00747,-0.01674,0.16263,0.51654,0.00888,-0.03306,-0.26138,0.16404,-0.02256,0.40591,-0.02308,0.04865,-0.05915,-0.40628,0.01142,-0.01017,-0.27023,-0.00471,0.00864,0.64022,0.00660,-0.02750,0.00387,0.52288,-0.00202,0.00468,0.46282,-0.11187,0.00844,0.67545,0.13640,0.01716,0.00630,-0.27354,-0.01104,-0.00381,0.36420,-0.01722,0.00811,0.67313,0.12894,-0.06039,0.00153,0.49512,-0.02195,0.01196,-0.35553,-0.07014,-0.00981,0.57757,0.21751,-0.25392,-0.00778,-0.41689,0.00346,0.00863,-0.27491,-0.01842,0.00798,0.69195,0.11248,-0.02909,0.00193
4.8500,485,4,4.8473,49.82,0.46484,-0.10542,-0.01193,0.49091,-0.00132,0.01666,0.54980,-0.03140,-0.01825,0.13710,-0.23640,0.03928,0.01670,0.34944,-0.02109,0.00690,0.58539,-0.00747,-0.01674,0.16263,0.51919,0.03137,-0.00055,-0.24503,0.17858,-0.01361,0.40225,-0.05206,0.04463,0.00496,-0.40478,0.02103,-0.00928,-0.27460,-0.02543,0.00881,0.63896,-0.00681,-0.02862,-0.00577,0.52284,0.00027,0.00467,0.45713,-0.11567,0.00706,0.68228,0.13692,0.01739,0.00304,-0.27413,-0.01273,-0.00309,0.36324,-0.02113,0.00784,0.67961,0.13036,-0.06031,0.00164,0.49417,-0.01622,0.01141,-0.35892,-0.06557,-0.00883,0.58842,0.21621,-0.25421,-0.00411,-0.41661,0.00760,0.00825,-0.27593,-0.02227,0.00772,0.69762,0.11421,-0.02900,0.00161
4.9000,490,4,4.8974,50.03,0.46484,-0.10542,-0.01193,0.49091,-0.00132,0.01666,0.54980,-0.03140,-0.01825,0.13710,-0.23476,0.01739,0.01441,0.35021,-0.01586,0.00191,0.58929,0.02056,-0.00271,0.10338,0.51919,0.03137,-0.00055,-0.24503,0.17858,-0.01361,0.40225,-0.05206,0.04463,0.00496,-0.40478,0.02103,-0.00928,-0.27460,-0.02543,0.00881,0.63896,-0.00681,-0.02862,-0.00577,0.52291,0.00256,0.00466,0.45127,-0.11882,0.00581,0.68913,0.13694,0.01747,0.00022,-0.27480,-0.01407,-0.00240,0.36209,-0.02491,0.00754,0.68615,0.13125,-0.06023,0.00173,0.49349,-0.01075,0.01089,-0.36210,-0.06147,-0.00793,0.59918,0.21422,-0.25434,-0.00092,-0.41613,0.01155,0.00787,-0.27713,-0.02598,0.00743,0.70337,0.11550,-0.02893,0.00132
4.9500,495,4,4.9471,49.71,0.45463,-0.09432,-0.00191,0.48427,-0.03769,0.03069,0.54157,-0.07735,-0.00808,0.09384,-0.23476,0.01739,0.01441,0.35021,-0.01586,0.00191,0.58929,0.02056,-0.00271,0.10338,0.51795,0.03045,-0.00451,-0.23969,0.14035,-0.02539,0.39198,-0.09810,0.04643,0.01648,-0.40357,0.02028,-0.00593,-0.27499,-0.02321,0.00814,0.63831,-0.00770,-0.02749,0.02599,0.52309,0.00484,0.00464,0.44526,-0.12139,0.00469,0.69597,0.13653,0.01742,-0.00221,-0.27553,-0.01509,-0.00176,0.36075,-0.02853,0.00723,0.69273,0.13166,-0.06014,0.00180,0.49309,-0.00554,0.01038,-0.36508,-0.05778,-0.00711,0.60983,0.21165,-0.25431,0.00185,-0.41546,0.01533,0.00752,-0.27852,-0.02955,0.00712,0.70917,0.11635,-0.02887,0.00107
5.0000,500,5,4.9975,50.44,0.45463,-0.09432,-0.00191,0.48427,-0.03769,0.03069,0.54157,-0.07735,-0.00808,0.09384,-0.23366,0.00362,0.01455,0.34890,-0.02088,0.00424,0.59094,0.01049,0.00380,-0.05580,0.51795,0.03045,-0.00451,-0.23969,0.14035,-0.02539,0.39198,-0.09810,0.04643,0.01648,-0.40357,0.02028,-0.00593,-0.27499,-0.02321,0.00814,0.63831,-0.00770,-0.02749,0.02599,0.45463,-0.09432,-0.00191,0.48427,-0.03769,0.03069,0.54157,-0.07735,-0.00808,0.09384,-0.23366,0.00362,0.01455,0.34890,-0.02088,0.00424,0.59094,0.01049,0.00380,-0.05580,0.51795,0.03045,-0.00451,-0.23969,0.14035,-0.02539,0.39198,-0.09810,0.04643,0.01648,-0.40357,0.02028,-0.00593,-0.27499,-0.02321,0.00814,0.63831,-0.00770,-0.02749,0.02599
5.0500,505,5,5.0474,49.88,0.44343,-0.10562,-0.00310,0.48112,-0.05122,-0.00066,0.53456,-0.09919,-0.00899,-0.02666,-0.23366,0.00362,0.01455,0.34890,-0.02088,0.00424,0.59094,0.01049,0.00380,-0.05580,0.51932,0.02301,-0.00885,-0.22368,0.16107,-0.01003,0.37947,-0.13299,0.04454,-0.07083,-0.40217,0.02135,-0.00381,-0.27783,-0.02794,0.00661,0.63712,-0.01511,-0.02461,0.02001,0.44996,-0.09094,0.01435,0.48204,-0.05074,0.02293,0.53899,-0.02795,-0.00370,0.08145,-0.23335,0.00811,0.00453,0.34781,-0.02243,0.00224,0.59151,0.01282,0.00120,-0.04836,0.51941,0.02829,-0.00422,-0.23246,0.14745,-0.00497,0.38863,-0.03767,0.04719,0.01401,-0.40262,0.01790,-0.00384,-0.27624,-0.02638,0.00501,0.63785,-0.00962,-0.02626,0.02318
5.1000,510,5,5.0973,49.85,0.44343,-0.10562,-0.00310,0.48112,-0.05122,-0.00066,0.53456,-0.09919,-0.00899,-0.02666,-0.23118,0.00481,0.01095,0.34747,-0.01211,-0.01729,0.58484,-0.02681,-0.01177,-0.26469,0.51932,0.02301,-0.00885,-0.22368,0.16107,-0.01003,0.37947,-0.13299,0.04454,-0.07083,-0.40217,0.02135,-0.00381,-0.27783,-0.02794,0.00661,0.63712,-0.01511,-0.02461,0.02001,0.44564,-0.08133,0.02390,0.47925,-0.06055,0.01737,0.53859,0.01015,0.00009,0.07063,-0.23292,0.00869,-0.00165,0.34667,-0.02320,0.00101,0.59228,0.01869,-0.00105,-0.04185,0.52078,0.02635,-0.00366,-0.22509,0.14637,0.00841,0.38808,0.01433,0.04784,0.01184,-0.40176,0.01645,-0.00214,-0.27761,-0.02830,0.00299,0.63742,-0.00690,-0.02517,0.02071
5.1500,515,5,5.1472,49.94,0.43249,-0.09705,-0.02706,0.47634,-0.05477,0.01782,0.52553,-0.08594,-0.00695,-0.01169,-0.23118,0.00481,0.01095,0.34747,-0.01211,-0.01729,0.58484,-0.02681,-0.01177,-0.26469,0.51982,0.02083,0.01189,-0.20537,0.14582,0.03576,0.36378,-0.12756,0.02796,-0.26013,-0.40003,0.02196,0.00070,-0.28222,-0.03540,0.00522,0.63417,-0.02814,-0.02315,0.02913,0.44189,-0.06822,0.02897,0.47602,-0.06803,0.01335,0.53987,0.04012,0.00338,0.06119,-0.23252,0.00691,-0.00524,0.34550,-0.02350,0.00030,0.59341,0.02674,-0.00300,-0.03618,0.52205,0.02472,-0.00296,-0.21791,0.13999,0.01696,0.38993,0.05871,0.04838,0.00994,-0.40096,0.01576,-0.00073,-0.27905,-0.02943,0.00172,0.63721,-0.00110,-0.02419,0.01854
5.2000,520,5,5.1973,50.10,0.43249,-0.09705,-0.02706,0.47634,-0.05477,0.01782,0.52553,-0.08594,-0.00695,-0.01169,-0.23211,-0.01431,0.02101,0.34933,0.01137,-0.01970,0.58307,-0.02356,-0.03763,-0.28362,0.51982,0.02083,0.01189,-0.20537,0.14582,0.03576,0.36378,-0.12756,0.02796,-0.26013,-0.40003,0.02196,0.00070,-0.28222,-0.03540,0.00522,0.63417,-0.02814,-0.02315,0.02913,0.43884,-0.05340,0.03108,0.47247,-0.07382,0.01042,0.54250,0.06411,0.00623,0.05296,-0.23225,0.00382,-0.00710,0.34432,-0.02355,-0.00006,0.59498,0.03603,-0.00468,-0.03122,0.52326,0.02346,-0.00219,-0.21114,0.13027,0.02221,0.39383,0.09630,0.04884,0.00828,-0.40017,0.01569,0.00043,-0.28054,-0.03007,0.00095,0.63735,0.00666,-0.02331,0.01663
5.2500,525,5,5.2474,50.10,0.42459,-0.05965,-0.03359,0.46996,-0.07379,0.02367,0.51875,-0.05008,-0.01254,-0.16399,-0.23211,-0.01431,0.02101,0.34933,0.01137,-0.01970,0.58307,-0.02356,-0.03763,-0.28362,0.51713,-0.01076,0.01250,-0.18740,0.11798,0.04528,0.35188,-0.08132,0.00665,-0.12866,-0.39755,0.02331,-0.00194,-0.28735,-0.04751,0.00401,0.63043,-0.03806,-0.02174,-0.00480,0.43656,-0.03804,0.03128,0.46866,-0.07837,0.00825,0.54621,0.08358,0.00870,0.04578,-0.23215,0.00013,-0.00782,0.34315,-0.02347,-0.00021,0.59703,0.04590,-0.00613,-0.02690,0.52441,0.02258,-0.00141,-0.20492,0.11856,0.02521,0.39946,0.12791,0.04921,0.00682,-0.39938,0.01614,0.00139,-0.28206,-0.03041,0.00050,0.63790,0.01558,-0.02252,0.01496
5.3000,530,5,5.2974,50.01,0.42459,-0.05965,-0.03359,0.46996,-0.07379,0.02367,0.51875,-0.05008,-0.01254,-0.16399,-0.23473,-0.03150,0.01484,0.35243,0.03621,-0.02481,0.58095,-0.02602,-0.06854,-0.31395,0.51713,-0.01076,0.01250,-0.18740,0.11798,0.04528,0.35188,-0.08132,0.00665,-0.12866,-0.39755,0.02331,-0.00194,-0.28735,-0.04751,0.00401,0.63043,-0.03806,-0.02174,-0.00480,0.43504,-0.02290,0.03029,0.46465,-0.08200,0.00662,0.55080,0.09958,0.01083,0.03951,-0.23224,-0.00372,-0.00779,0.34198,-0.02336,-0.00023,0.59957,0.05588,-0.00738,-0.02312,0.52552,0.02207,-0.00066,-0.19930,0.10578,0.02668,0.40654,0.15427,0.04952,0.00555,-0.39855,0.01703,0.00219,-0.28358,-0.03060,0.00027,0.63891,0.02507,-0.02181,0.01349
5.3500,535,5,5.3473,49.88,0.42159,-0.01812,-0.04274,0.45351,-0.12738,0.02463,0.51687,0.00743,-0.02994,-0.24057,-0.23473,-0.03150,0.01484,0.35243,0.03621,-0.02481,0.58095,-0.02602,-0.06854,-0.31395,0.51394,-0.02994,0.01330,-0.18107,0.06192,0.03852,0.34723,-0.01797,-0.00877,-0.15999,-0.39628,0.01661,-0.00254,-0.29023,-0.03152,-0.00197,0.62697,-0.03344,-0.02464,-0.03542,0.43426,-0.00844,0.02859,0.46047,-0.08493,0.00536,0.55612,0.11281,0.01266,0.03405,-0.23252,-0.00744,-0.00731,0.34081,-0.02327,-0.00016,0.60261,0.06563,-0.00845,-0.01983,0.52662,0.02192,0.00004,-0.19434,0.09255,0.02713,0.41481,0.17606,0.04977,0.00443,-0.39767,0.01827,0.00285,-0.28511,-0.03071,0.00018,0.64041,0.03471,-0.02117,0.01220
5.4000,540,5,5.3974,50.16,0.42159,-0.01812,-0.04274,0.45351,-0.12738,0.02463,0.51687,0.00743,-0.02994,-0.24057,-0.23895,-0.04472,0.00431,0.35970,0.07571,-0.02655,0.57676,-0.03463,-0.10021,-0.21225,0.51394,-0.02994,0.01330,-0.18107,0.06192,0.03852,0.34723,-0.01797,-0.00877,-0.15999,-0.39628,0.01661,-0.00254,-0.29023,-0.03152,-0.00197,0.62697,-0.03344,-0.02464,-0.03542,0.43418,0.00508,0.02651,0.45617,-0.08731,0.00438,0.56204,0.12378,0.01424,0.02928,-0.23298,-0.01085,-0.00655,0.33965,-0.02321,-0.00005,0.60613,0.07494,-0.00937,-0.01695,0.52772,0.02210,0.00068,-0.19005,0.07929,0.02688,0.42408,0.19388,0.04997,0.00345,-0.39672,0.01980,0.00339,-0.28665,-0.03079,0.00017,0.64238,0.04420,-0.02059,0.01106
5.4500,545,5,5.4474,49.92,0.41889,0.01674,-0.03811,0.43772,-0.16028,0.02015,0.51713,0.05501,-0.05193,-0.21446,-0.23895,-0.04472,0.00431,0.35970,0.07571,-0.02655,0.57676,-0.03463,-0.10021,-0.21225,0.50809,-0.05263,0.00448,-0.17308,0.03448,0.03001,0.34855,0.02676,-0.01948,0.00732,-0.39414,0.02418,-0.00728,-0.29330,-0.03294,-0.00196,0.62389,-0.02938,-0.02989,-0.05973,0.43475,0.01753,0.02425,0.45175,-0.08926,0.00359,0.56847,0.13288,0.01560,0.02512,-0.23360,-0.01385,-0.00565,0.33849,-0.02322,0.00008,0.61009,0.08365,-0.01016,-0.01444,0.52883,0.02257,0.00126,-0.18641,0.06626,0.02617,0.43414,0.20825,0.05012,0.00260,-0.39569,0.02158,0.00383,-0.28819,-0.03088,0.00020,0.64482,0.05331,-0.02006,0.01007
5.5000,550,5,5.4976,50.26,0.41889,0.01674,-0.03811,0.43772,-0.16028,0.02015,0.51713,0.05501,-0.05193,-0.21446,-0.24355,-0.04370,0.00017,0.37072,0.11419,-0.01662,0.57798,-0.00052,-0.11706,-0.05722,0.50809,-0.05263,0.00448,-0.17308,0.03448,0.03001,0.34855,0.02676,-0.01948,0.00732,-0.39414,0.02418,-0.00728,-0.29330,-0.03294,-0.00196,0.62389,-0.02938,-0.02989,-0.05973,0.43591,0.02886,0.02196,0.44725,-0.09086,0.00295,0.57531,0.14039,0.01676,0.02150,-0.23435,-0.01638,-0.00468,0.33733,-0.02329,0.00021,0.61448,0.09166,-0.01082,-0.01225,0.52998,0.02332,0.00177,-0.18342,0.05366,0.02518,0.44485,0.21963,0.05023,0.00185,-0.39456,0.02355,0.00418,-0.28974,-0.03099,0.00025,0.64770,0.06191,-0.01958,0.00919
5.5500,555,5,5.5474,49.79,0.42110,0.04741,-0.03553,0.41882,-0.18521,0.01580,0.52571,0.10171,-0.07183,-0.16283,-0.24355,-0.04370,0.00017,0.37072,0.11419,-0.01662,0.57798,-0.00052,-0.11706,-0.05722,0.50037,-0.06676,0.00681,-0.16549,0.02676,0.02426,0.35076,0.02316,-0.01749,0.04579,-0.39041,0.03631,-0.00892,-0.29716,-0.02939,-0.00424,0.62059,-0.02586,-0.03615,-0.03760,0.43761,0.03908,0.01972,0.44267,-0.09216,0.00240,0.58248,0.14650,0.01776,0.01834,-0.23523,-0.01844,-0.00370,0.33616,-0.02343,0.00033,0.61925,0.09891,-0.01139,-0.01034,0.53117,0.02430,0.00221,-0.18104,0.04159,0.02400,0.45606,0.22844,0.05031,0.00119,-0.39333,0.02567,0.00446,-0.29129,-0.03113,0.00032,0.65100,0.06988,-0.01914,0.00842
5.6000,560,5,5.5975,50.14,0.42110,0.04741,-0.03553,0.41882,-0.18521,0.01580,0.52571,0.10171,-0.07183,-0.16283,-0.24743,-0.04068,0.00009,0.38185,0.12707,-0.01050,0.57942,-0.01197,-0.11770,0.04721,0.50037,-0.06676,0.00681,-0.16549,0.02676,0.02426,0.35076,0.02316,-0.01749,0.04579,-0.39041,0.03631,-0.00892,-0.29716,-0.02939,-0.00424,0.62059,-0.02586,-0.03615,-0.03760,0.43980,0.04823,0.01760,0.43803,-0.09322,0.00193,0.58994,0.15141,0.01860,0.01558,-0.23619,-0.02002,-0.00275,0.33498,-0.02362,0.00044,0.62436,0.10539,-0.01186,-0.00868,0.53241,0.02548,0.00259,-0.17925,0.03013,0.02272,0.46766,0.23500,0.05035,0.00062,-0.39199,0.02791,0.00467,-0.29285,-0.03129,0.00037,0.65468,0.07717,-0.01873,0.00774
5.6500,565,5,5.6473,49.77,0.42792,0.08323,-0.02568,0.40046,-0.19678,-0.00065,0.53587,0.11501,-0.09047,-0.06975,-0.24743,-0.04068,0.00009,0.38185,0.12707,-0.01050,0.57942,-0.01197,-0.11770,0.04721,0.49255,-0.08148,0.00433,-0.16120,0.00834,0.01739,0.35298,0.01717,-0.01309,0.00747,-0.38549,0.04635,-0.00494,-0.29978,-0.02821,-0.00426,0.61794,-0.01963,-0.03842,-0.01252,0.44242,0.05637,0.01562,0.43335,-0.09406,0.00151,0.59761,0.15524,0.01932,0.01319,-0.23722,-0.02114,-0.00184,0.33380,-0.02386,0.00053,0.62977,0.11106,-0.01226,-0.00723,0.53372,0.02683,0.00291,-0.17801,0.01931,0.02138,0.47953,0.23963,0.05037,0.00012,-0.39054,0.03024,0.00482,-0.29442,-0.03149,0.00042,0.65871,0.08373,-0.01836,0.00714
5.7000,570,5,5.6975,50.22,0.42792,0.08323,-0.02568,0.40046,-0.19678,-0.00065,0.53587,0.11501,-0.09047,-0.06975,-0.25165,-0.04442,-0.00320,0.39450,0.13683,0.00165,0.58074,0.01502,-0.11177,0.07046,0.49255,-0.08148,0.00433,-0.16120,0.00834,0.01739,0.35298,0.01717,-0.01309,0.00747,-0.38549,0.04635,-0.00494,-0.29978,-0.02821,-0.00426,0.61794,-0.01963,-0.03842,-0.01252,0.44542,0.06357,0.01379,0.42863,-0.09471,0.00113,0.60544,0.15810,0.01993,0.01109,-0.23830,-0.02184,-0.00100,0.33260,-0.02413,0.00060,0.63545,0.11596,-0.01259,-0.00596,0.53510,0.02832,0.00318,-0.17731,0.00915,0.02003,0.49159,0.24258,0.05036,-0.00032,-0.38897,0.03263,0.00492,-0.29600,-0.03170,0.00045,0.66304,0.08956,-0.01802,0.00661
5.7500,575,5,5.7474,49.81,0.43499,0.08930,-0.01702,0.38682,-0.17556,0.00836,0.55104,0.13791,-0.08380,0.06843,-0.25165,-0.04442,-0.00320,0.39450,0.13683,0.00165,0.58074,0.01502,-0.11177,0.07046,0.48549,-0.06534,-0.01444,-0.16272,-0.01756,0.01180,0.35432,0.00632,-0.01249,-0.05571,-0.37990,0.05484,-0.00630,-0.30231,-0.02452,-0.00276,0.61634,-0.00739,-0.03900,-0.00963,0.44876,0.06992,0.01211,0.42388,-0.09517,0.00078,0.61340,0.16010,0.02044,0.00927,-0.23940,-0.02213,-0.00022,0.33138,-0.02444,0.00065,0.64135,0.12008,-0.01286,-0.00486,0.53655,0.02994,0.00339,-0.17709,-0.00034,0.01868,0.50377,0.24408,0.05034,-0.00070,-0.38727,0.03506,0.00497,-0.29759,-0.03193,0.00047,0.66765,0.09465,-0.01770,0.00614
5.8000,580,5,5.7977,50.35,0.43499,0.08930,-0.01702,0.38682,-0.17556,0.00836,0.55104,0.13791,-0.08380,0.06843,-0.25469,-0.03848,0.00260,0.40517,0.12075,0.00783,0.58571,0.04681,-0.10027,0.17138,0.48549,-0.06534,-0.01444,-0.16272,-0.01756,0.01180,0.35432,0.00632,-0.01249,-0.05571,-0.37990,0.05484,-0.00630,-0.30231,-0.02452,-0.00276,0.61634,-0.00739,-0.03900,-0.00963,0.45240,0.07548,0.01060,0.41912,-0.09548,0.00045,0.62144,0.16132,0.02086,0.00769,-0.24050,-0.02206,0.00049,0.33015,-0.02477,0.00067,0.64745,0.12346,-0.01307,-0.00390,0.53809,0.03164,0.00356,-0.17733,-0.00917,0.01735,0.51598,0.24432,0.05029,-0.00104,-0.38546,0.03750,0.00498,-0.29919,-0.03217,0.00047,0.67249,0.09901,-0.01740,0.00573
5.8500,585,5,5.8476,49.89,0.44473,0.11299,-0.01958,0.36700,-0.19327,0.00503,0.56365,0.13200,-0.08150,0.03145,-0.25469,-0.03848,0.00260,0.40517,0.12075,0.00783,0.58571,0.04681,-0.10027,0.17138,0.47790,-0.06633,0.00032,-0.15870,-0.00400,0.01570,0.35164,-0.02071,-0.01985,-0.11590,-0.37325,0.06178,0.00051,-0.30464,-0.02145,-0.00384,0.61473,-0.00929,-0.04048,-0.02413,0.45630,0.08034,0.00924,0.41434,-0.09562,0.00015,0.62952,0.16183,0.02121,0.00631,-0.24160,-0.02167,0.00113,0.32890,-0.02510,0.00068,0.65369,0.12613,-0.01325,-0.00306,0.53972,0.03342,0.00369,-0.17799,-0.01736,0.01605,0.52818,0.24347,0.05023,-0.00133,-0.38352,0.03994,0.00496,-0.30081,-0.03239,0.00046,0.67754,0.10266,-0.01713,0.00537
5.9000,590,5,5.8974,49.78,0.44473,0.11299,-0.01958,0.36700,-0.19327,0.00503,0.56365,0.13200,-0.08150,0.03145,-0.25852,-0.03409,-0.01243,0.41422,0.10414,0.01827,0.58865,0.00767,-0.08346,0.15787,0.47790,-0.06633,0.00032,-0.15870,-0.00400,0.01570,0.35164,-0.02071,-0.01985,-0.11590,-0.37325,0.06178,0.00051,-0.30464,-0.02145,-0.00384,0.61473,-0.00929,-0.04048,-0.02413,0.46042,0.08457,0.00801,0.40956,-0.09562,-0.00015,0.63761,0.16170,0.02149,0.00511,-0.24267,-0.02097,0.00170,0.32764,-0.02543,0.00066,0.66005,0.12813,-0.01338,-0.00233,0.54144,0.03526,0.00378,-0.17905,-0.02492,0.01478,0.54031,0.24168,0.05016,-0.00158,-0.38147,0.04236,0.00491,-0.30243,-0.03261,0.00042,0.68275,0.10563,-0.01687,0.00505
5.9500,595,5,5.9472,49.82,0.45609,0.12311,-0.01282,0.34887,-0.18953,0.00143,0.57779,0.12814,-0.07114,0.12239,-0.25852,-0.03409,-0.01243,0.41422,0.10414,0.01827,0.58865,0.00767,-0.08346,0.15787,0.47126,-0.06254,-0.00854,-0.15717,-0.02222,0.01151,0.34786,-0.04422,-0.03151,-0.14045,-0.36720,0.06259,-0.00067,-0.30442,-0.01000,-0.00115,0.61356,-0.00566,-0.04075,0.02523,0.46475,0.08822,0.00692,0.40478,-0.09548,-0.00044,0.64568,0.16098,0.02172,0.00407,-0.24369,-0.02001,0.00221,0.32636,-0.02575,0.00063,0.66649,0.12948,-0.01348,-0.00170,0.54325,0.03713,0.00383,-0.18048,-0.03187,0.01356,0.55233,0.23907,0.05008,-0.00180,-0.37929,0.04475,0.00484,-0.30407,-0.03280,0.00037,0.68809,0.10794,-0.01662,0.00477
6.0000,600,6,5.9979,50.68,0.45609,0.12311,-0.01282,0.34887,-0.18953,0.00143,0.57779,0.12814,-0.07114,0.12239,-0.26181,-0.02728,-0.00629,0.42077,0.07679,0.02125,0.59165,0.01960,-0.06402,0.21728,0.47126,-0.06254,-0.00854,-0.15717,-0.02222,0.01151,0.34786,-0.04422,-0.03151,-0.14045,-0.36720,0.06259,-0.00067,-0.30442,-0.01000,-0.00115,0.61356,-0.00566,-0.04075,0.02523,0.45609,0.12311,-0.01282,0.34887,-0.18953,0.00143,0.57779,0.12814,-0.07114,0.12239,-0.26181,-0.02728,-0.00629,0.42077,0.07679,0.02125,0.59165,0.01960,-0.06402,0.21728,0.47126,-0.06254,-0.00854,-0.15717,-0.02222,0.01151,0.34786,-0.04422,-0.03151,-0.14045,-0.36720,0.06259,-0.00067,-0.30442,-0.01000,-0.00115,0.61356,-0.00566,-0.04075,0.02523
6.0500,605,6,6.0476,49.75,0.46804,0.13002,-0.00017,0.32487,-0.20553,-0.00760,0.58596,0.08341,-0.05637,0.15849,-0.26181,-0.02728,-0.00629,0.42077,0.07679,0.02125,0.59165,0.01960,-0.06402,0.21728,0.46487,-0.05289,-0.01959,-0.15607,-0.02208,-0.00399,0.33899,-0.10116,-0.04914,-0.25612,-0.36034,0.06280,0.00106,-0.30659,-0.01088,0.00023,0.61267,-0.00292,-0.03825,0.01349,0.46209,0.11729,-0.01096,0.33945,-0.18618,-0.01380,0.58346,0.10140,-0.06541,0.10691,-0.26323,-0.02934,-0.00234,0.42433,0.06573,0.02351,0.59301,0.03405,-0.05386,0.18957,0.46809,-0.06356,0.00351,-0.15843,-0.02846,0.01364,0.34748,0.02636,-0.03806,-0.12206,-0.36408,0.06223,-0.00080,-0.30492,-0.01026,0.00192,0.61370,0.01049,-0.03956,0.02220
6.1000,610,6,6.0977,50.09,0.46804,0.13002,-0.00017,0.32487,-0.20553,-0.00760,0.58596,0.08341,-0.05637,0.15849,-0.26340,-0.01589,-0.00790,0.42567,0.04687,0.01818,0.59238,0.01018,-0.04617,0.14124,0.46487,-0.05289,-0.01959,-0.15607,-0.02208,-0.00399,0.33899,-0.10116,-0.04914,-0.25612,-0.36034,0.06280,0.00106,-0.30659,-0.01088,0.00023,0.61267,-0.00292,-0.03825,0.01349,0.46783,0.11231,-0.00939,0.33035,-0.17703,-0.02262,0.58815,0.08801,-0.06041,0.09339,-0.26471,-0.02978,0.00038,0.42733,0.05398,0.02421,0.59501,0.04568,-0.04500,0.16533,0.46499,-0.05979,0.01125,-0.16003,-0.03538,0.01439,0.35025,0.08221,-0.04375,-0.10599,-0.36098,0.06182,-0.00085,-0.30547,-0.01167,0.00362,0.61456,0.02367,-0.03852,0.01954
6.1500,615,6,6.1475,49.74,0.48055,0.12950,0.00876,0.30650,-0.19480,-0.02917,0.59275,0.03757,-0.04557,0.08408,-0.26340,-0.01589,-0.00790,0.42567,0.04687,0.01818,0.59238,0.01018,-0.04617,0.14124,0.45986,-0.04359,0.00325,-0.15455,-0.00386,0.01314,0.32621,-0.10495,-0.09267,-0.58962,-0.35435,0.06130,-0.00207,-0.30718,-0.00690,0.00607,0.61213,0.00067,-0.03994,-0.00743,0.47333,0.10805,-0.00804,0.32180,-0.16467,-0.02721,0.59240,0.08297,-0.05604,0.08157,-0.26619,-0.02911,0.00225,0.42973,0.04215,0.02389,0.59755,0.05545,-0.03728,0.14413,0.46216,-0.05300,0.01604,-0.16197,-0.04243,0.01425,0.35551,0.12644,-0.04869,-0.09195,-0.35790,0.06140,-0.00085,-0.30610,-0.01367,0.00442,0.61603,0.03484,-0.03760,0.01721
6.2000,620,6,6.1974,49.94,0.48055,0.12950,0.00876,0.30650,-0.19480,-0.02917,0.59275,0.03757,-0.04557,0.08408,-0.26402,-0.00259,-0.01372,0.42839,0.01675,0.02575,0.59324,0.02209,-0.03123,0.20016,0.45986,-0.04359,0.00325,-0.15455,-0.00386,0.01314,0.32621,-0.10495,-0.09267,-0.58962,-0.35435,0.06130,-0.00207,-0.30718,-0.00690,0.00607,0.61213,0.00067,-0.03994,-0.00743,0.47864,0.10439,-0.00688,0.31391,-0.15079,-0.02902,0.59653,0.08297,-0.05223,0.07126,-0.26761,-0.02767,0.00353,0.43155,0.03065,0.02293,0.60054,0.06393,-0.03055,0.12558,0.45972,-0.04438,0.01881,-0.16427,-0.04927,0.01354,0.36274,0.16140,-0.05298,-0.07968,-0.35484,0.06099,-0.00080,-0.30684,-0.01591,0.00463,0.61802,0.04460,-0.03680,0.01516
6.2500,625,6,6.2475,50.14,0.49256,0.11335,0.01240,0.29045,-0.14163,-0.04763,0.59342,-0.01318,-0.04246,0.06445,-0.26402,-0.00259,-0.01372,0.42839,0.01675,0.02575,0.59324,0.02209,-0.03123,0.20016,0.45612,-0.03332,-0.04012,-0.15726,-0.02580,0.02624,0.31741,-0.07980,-0.14719,-0.41761,-0.34893,0.05550,0.00165,-0.30746,-0.00583,0.00565,0.61277,0.01627,-0.04448,-0.05523,0.48378,0.10128,-0.00586,0.30673,-0.13649,-0.02908,0.60074,0.08585,-0.04890,0.06224,-0.26895,-0.02571,0.00439,0.43280,0.01971,0.02159,0.60392,0.07142,-0.02468,0.10936,0.45774,-0.03476,0.02022,-0.16689,-0.05566,0.01249,0.37152,0.18889,-0.05669,-0.06896,-0.35180,0.06062,-0.00073,-0.30769,-0.01815,0.00447,0.62047,0.05327,-0.03608,0.01336
6.3000,630,6,6.2972,49.64,0.49256,0.11335,0.01240,0.29045,-0.14163,-0.04763,0.59342,-0.01318,-0.04246,0.06445,-0.26378,0.00757,-0.01119,0.42883,-0.00840,0.03443,0.59469,0.01432,-0.00786,0.22393,0.45612,-0.03332,-0.04012,-0.15726,-0.02580,0.02624,0.31741,-0.07980,-0.14719,-0.41761,-0.34893,0.05550,0.00165,-0.30746,-0.00583,0.00565,0.61277,0.01627,-0.04448,-0.05523,0.48878,0.09863,-0.00496,0.30026,-0.12244,-0.02806,0.60514,0.09020,-0.04599,0.05437,-0.27018,-0.02341,0.00498,0.43353,0.00950,0.02003,0.60767,0.07812,-0.01958,0.09518,0.45625,-0.02470,0.02071,-0.16982,-0.06149,0.01126,0.38153,0.21029,-0.05990,-0.05960,-0.34878,0.06028,-0.00064,-0.30865,-0.02026,0.00408,0.62333,0.06105,-0.03546,0.01179
6.3500,635,6,6.3475,50.35,0.50306,0.10445,0.01131,0.28000,-0.09069,-0.04371,0.59116,-0.04013,-0.03912,0.07169,-0.26378,0.00757,-0.01119,0.42883,-0.00840,0.03443,0.59469,0.01432,-0.00786,0.22393,0.45635,0.01105,-0.03463,-0.16029,-0.06254,0.05045,0.30656,-0.07863,-0.18006,-0.23347,-0.34357,0.05577,-0.00070,-0.30932,-0.02287,0.00718,0.61422,0.02299,-0.04809,-0.06243,0.49365,0.09640,-0.00416,0.29447,-0.10906,-0.02641,0.60977,0.09512,-0.04344,0.04749,-0.27128,-0.02087,0.00535,0.43377,0.00009,0.01836,0.61172,0.08410,-0.01513,0.08277,0.45527,-0.01455,0.02059,-0.17303,-0.06669,0.00994,0.39247,0.22670,-0.06267,-0.05142,-0.34577,0.05999,-0.00055,-0.30971,-0.02214,0.00357,0.62656,0.06803,-0.03490,0.01040
6.4000,640,6,6.3976,50.05,0.50306,0.10445,0.01131,0.28000,-0.09069,-0.04371,0.59116,-0.04013,-0.03912,0.07169,-0.26787,-0.00347,-0.00904,0.42762,-0.02833,0.03096,0.60843,0.05366,0.01527,0.15624,0.45635,0.01105,-0.03463,-0.16029,-0.06254,0.05045,0.30656,-0.07863,-0.18006,-0.23347,-0.34357,0.05577,-0.00070,-0.30932,-0.02287,0.00718,0.61422,0.02299,-0.04809,-0.06243,0.49842,0.09454,-0.00344,0.28934,-0.09658,-0.02446,0.61465,0.10002,-0.04122,0.04149,-0.27226,-0.01818,0.00559,0.43355,-0.00850,0.01667,0.61606,0.08940,-0.01127,0.07192,0.45479,-0.00457,0.02007,-0.17648,-0.07123,0.00860,0.40413,0.23896,-0.06505,-0.04427,-0.34278,0.05974,-0.00045,-0.31086,-0.02375,0.00299,0.63012,0.07426,-0.03441,0.00919
6.4500,645,6,6.4480,50.47,0.51193,0.08507,0.00812,0.27580,-0.02247,-0.03944,0.58680,-0.05346,-0.03080,0.11193,-0.26787,-0.00347,-0.00904,0.42762,-0.02833,0.03096,0.60843,0.05366,0.01527,0.15624,0.46021,0.03021,-0.01670,-0.16897,-0.08071,0.00119,0.29793,-0.06621,-0.17327,0.38466,-0.33801,0.05458,0.00080,-0.31344,-0.03808,0.00785,0.61666,0.03203,-0.05638,-0.04781,0.50311,0.09301,-0.00280,0.28480,-0.08509,-0.02238,0.61977,0.10456,-0.03928,0.03624,-0.27310,-0.01540,0.00572,0.43293,-0.01627,0.01500,0.62065,0.09404,-0.00792,0.06244,0.45480,0.00509,0.01929,-0.18014,-0.07513,0.00728,0.41631,0.24778,-0.06711,-0.03803,-0.33980,0.05955,-0.00036,-0.31208,-0.02506,0.00238,0.63398,0.07976,-0.03398,0.00813
6.5000,650,6,6.4975,49.46,0.51193,0.08507,0.00812,0.27580,-0.02247,-0.03944,0.58680,-0.05346,-0.03080,0.11193,-0.26765,0.00391,-0.00439,0.42278,-0.06120,0.03335,0.61211,0.01406,0.02691,0.05267,0.46021,0.03021,-0.01670,-0.16897,-0.08071,0.00119,0.29793,-0.06621,-0.17327,0.38466,-0.33801,0.05458,0.00080,-0.31344,-0.03808,0.00785,0.61666,0.03203,-0.05638,-0.04781,0.50773,0.09178,-0.00223,0.28081,-0.07462,-0.02032,0.62510,0.10850,-0.03759,0.03166,-0.27380,-0.01257,0.00579,0.43194,-0.02323,0.01339,0.62546,0.09802,-0.00501,0.05414,0.45529,0.01433,0.01836,-0.18399,-0.07839,0.00602,0.42886,0.25372,-0.06887,-0.03258,-0.33682,0.05939,-0.00027,-0.31336,-0.02608,0.00178,0.63809,0.08454,-0.03360,0.00719
6.5500,655,6,6.5477,50.16,0.52024,0.08607,-0.00076,0.27032,-0.00549,-0.02543,0.57915,-0.08358,-0.02629,-0.00310,-0.26765,0.00391,-0.00439,0.42278,-0.06120,0.03335,0.61211,0.01406,0.02691,0.05267,0.46646,0.05493,-0.00935,-0.18124,-0.11681,0.03022,0.29020,-0.09061,-0.13217,0.35436,-0.33381,0.04522,0.00154,-0.31499,-0.02832,0.00034,0.62010,0.03660,-0.05788,-0.00592,0.51229,0.09081,-0.00172,0.27732,-0.06514,-0.01835,0.63061,0.11174,-0.03611,0.02765,-0.27436,-0.00973,0.00579,0.43062,-0.02941,0.01184,0.63044,0.10134,-0.00249,0.04688,0.45623,0.02309,0.01735,-0.18797,-0.08104,0.00481,0.44164,0.25723,-0.07038,-0.02782,-0.33386,0.05928,-0.00018,-0.31468,-0.02681,0.00120,0.64242,0.08860,-0.03326,0.00637
6.6000,660,6,6.5977,50.07,0.52024,0.08607,-0.00076,0.27032,-0.00549,-0.02543,0.57915,-0.08358,-0.02629,-0.00310,-0.26686,0.01174,-0.00830,0.41214,-0.09776,0.02097,0.61196,-0.00734,0.02985,0.03848,0.46646,0.05493,-0.00935,-0.18124,-0.11681,0.03022,0.29020,-0.09061,-0.13217,0.35436,-0.33381,0.04522,0.00154,-0.31499,-0.02832,0.00034,0.62010,0.03660,-0.05788,-0.00592,0.51682,0.09008,-0.00127,0.27428,-0.05659,-0.01652,0.63626,0.11419,-0.03481,0.02416,-0.27477,-0.00690,0.00576,0.42901,-0.03486,0.01038,0.63558,0.10401,-0.00031,0.04054,0.45759,0.03134,0.01629,-0.19208,-0.08312,0.00369,0.45455,0.25869,-0.07166,-0.02366,-0.33089,0.05921,-0.00011,-0.31604,-0.02727,0.00066,0.64694,0.09196,-0.03296,0.00565
6.6500,665,6,6.6476,49.82,0.52765,0.07843,0.01334,0.26951,0.01230,-0.03121,0.57021,-0.10602,-0.02588,-0.02360,-0.26686,0.01174,-0.00830,0.41214,-0.09776,0.02097,0.61196,-0.00734,0.02985,0.03848,0.47310,0.06602,-0.01264,-0.19816,-0.16448,0.03560,0.28092,-0.09902,-0.10271,0.21052,-0.32934,0.04378,-0.00118,-0.31825,-0.02762,0.00038,0.62335,0.03142,-0.05993,-0.01101,0.52131,0.08955,-0.00089,0.27165,-0.04891,-0.01484,0.64201,0.11585,-0.03368,0.02110,-0.27505,-0.00409,0.00569,0.42715,-0.03961,0.00900,0.64083,0.10602,0.00158,0.03499,0.45936,0.03907,0.01521,-0.19628,-0.08467,0.00264,0.46748,0.25841,-0.07275,-0.02003,-0.32793,0.05918,-0.00004,-0.31741,-0.02747,0.00015,0.65160,0.09463,-0.03269,0.00502
6.7000,670,6,6.6974,49.83,0.52765,0.07843,0.01334,0.26951,0.01230,-0.03121,0.57021,-0.10602,-0.02588,-0.02360,-0.26622,0.01327,-0.00613,0.40457,-0.10247,0.01157,0.61546,0.00421,0.03473,0.04004,0.47310,0.06602,-0.01264,-0.19816,-0.16448,0.03560,0.28092,-0.09902,-0.10271,0.21052,-0.32934,0.04378,-0.00118,-0.31825,-0.02762,0.00038,0.62335,0.03142,-0.05993,-0.01101,0.52577,0.08920,-0.00057,0.26938,-0.04201,-0.01333,0.64783,0.11676,-0.03270,0.01844,-0.27518,-0.00132,0.00560,0.42506,-0.04370,0.00771,0.64617,0.10740,0.00321,0.03015,0.46149,0.04627,0.01415,-0.20054,-0.08572,0.00166,0.48036,0.25667,-0.07367,-0.01686,-0.32497,0.05917,0.00002,-0.31878,-0.02742,-0.00032,0.65639,0.09663,-0.03246,0.00446
6.7500,675,6,6.7478,50.37,0.53568,0.06916,0.01747,0.26798,0.02208,-0.01987,0.55758,-0.13525,-0.02685,0.14090,-0.26622,0.01327,-0.00613,0.40457,-0.10247,0.01157,0.61546,0.00421,0.03473,0.04004,0.48131,0.07499,0.00397,-0.21448,-0.18339,0.02706,0.26201,-0.17712,-0.07572,0.39002,-0.32421,0.04979,-0.00484,-0.32430,-0.03490,-0.00165,0.62565,0.01943,-0.06245,-0.03461,0.53023,0.08899,-0.00031,0.26743,-0.03581,-0.01198,0.65368,0.11695,-0.03183,0.01611,-0.27518,0.00141,0.00549,0.42279,-0.04719,0.00651,0.65157,0.10818,0.00460,0.02591,0.46397,0.05295,0.01311,-0.20484,-0.08631,0.00076,0.49313,0.25370,-0.07445,-0.01410,-0.32202,0.05919,0.00006,-0.32015,-0.02715,-0.00076,0.66126,0.09797,-0.03225,0.00398
6.8000,680,6,6.7978,50.01,0.53568,0.06916,0.01747,0.26798,0.02208,-0.01987,0.55758,-0.13525,-0.02685,0.14090,-0.26512,0.01444,-0.00313,0.39448,-0.10725,0.00304,0.61671,0.00078,0.03469,-0.04707,0.48131,0.07499,0.00397,-0.21448,-0.18339,0.02706,0.26201,-0.17712,-0.07572,0.39002,-0.32421,0.04979,-0.00484,-0.32430,-0.03490,-0.00165,0.62565,0.01943,-0.06245,-0.03461,0.53467,0.08889,-0.00010,0.26579,-0.03023,-0.01078,0.65951,0.11649,-0.03108,0.01407,-0.27504,0.00407,0.00536,0.42035,-0.05010,0.00539,0.65698,0.10836,0.00581,0.02220,0.46678,0.05914,0.01210,-0.20916,-0.08648,-0.00006,0.50572,0.24967,-0.07509,-0.01169,-0.31906,0.05923,0.00010,-0.32149,-0.02668,-0.00115,0.66618,0.09870,-0.03206,0.00355
6.8500,685,6,6.8476,49.85,0.54182,0.05860,0.00418,0.27112,0.03843,-0.01433,0.54253,-0.15998,-0.01534,0.16793,-0.26512,0.01444,-0.00313,0.39448,-0.10725,0.00304,0.61671,0.00078,0.03469,-0.04707,0.48886,0.07496,-0.00372,-0.24157,-0.24230,0.00844,0.24062,-0.23645,-0.02766,0.53373,-0.31903,0.05014,0.00943,-0.32838,-0.04216,0.01148,0.62744,0.01828,-0.06669,0.01010,0.53912,0.08887,0.00004,0.26440,-0.02521,-0.00973,0.66531,0.11542,-0.03042,0.01230,-0.27477,0.00667,0.00522,0.41779,-0.05249,0.00435,0.66239,0.10798,0.00683,0.01896,0.46988,0.06483,0.01112,-0.21348,-0.08626,-0.00082,0.51808,0.24476,-0.07562,-0.00958,-0.31609,0.05929,0.00012,-0.32281,-0.02603,-0.00152,0.67112,0.09883,-0.03189,0.00318
6.9000,690,6,6.8976,49.98,0.54182,0.05860,0.00418,0.27112,0.03843,-0.01433,0.54253,-0.15998,-0.01534,0.16793,-0.25719,0.04708,-0.00749,0.38322,-0.11138,0.00572,0.61729,-0.01459,0.02401,-0.12411,0.48886,0.07496,-0.00372,-0.24157,-0.24230,0.00844,0.24062,-0.23645,-0.02766,0.53373,-0.31903,0.05014,0.00943,-0.32838,-0.04216,0.01148,0.62744,0.01828,-0.06669,0.01010,0.54356,0.08892,0.00015,0.26326,-0.02066,-0.00882,0.67105,0.11380,-0.02985,0.01074,-0.27438,0.00919,0.00507,0.41511,-0.05438,0.00339,0.66777,0.10708,0.00771,0.01613,0.47325,0.07005,0.01018,-0.21778,-0.08569,-0.00151,0.53018,0.23910,-0.07605,-0.00774,-0.31313,0.05935,0.00013,-0.32409,-0.02520,-0.00184,0.67605,0.09841,-0.03174,0.00285
6.9500,695,6,6.9473,49.70,0.54248,0.02808,0.01257,0.28098,0.08365,-0.01570,0.52921,-0.16732,0.00618,0.12254,-0.25719,0.04708,-0.00749,0.38322,-0.11138,0.00572,0.61729,-0.01459,0.02401,-0.12411,0.49485,0.06682,-0.00939,-0.26230,-0.22233,-0.00699,0.21006,-0.30655,0.03468,0.60602,-0.31542,0.03275,0.00487,-0.33075,-0.03874,0.01565,0.62977,0.02790,-0.06371,0.06249,0.54801,0.08901,0.00020,0.26233,-0.01654,-0.00802,0.67669,0.11168,-0.02934,0.00939,-0.27385,0.01164,0.00490,0.41235,-0.05582,0.00249,0.67309,0.10569,0.00845,0.01366,0.47688,0.07482,0.00927,-0.22205,-0.08479,-0.00214,0.54198,0.23282,-0.07640,-0.00614,-0.31016,0.05941,0.00013,-0.32533,-0.02422,-0.00214,0.68095,0.09747,-0.03160,0.00256
7.0000,700,7,6.9977,50.45,0.54248,0.02808,0.01257,0.28098,0.08365,-0.01570,0.52921,-0.16732,0.00618,0.12254,-0.25119,0.05613,-0.01160,0.37440,-0.09792,0.00303,0.61462,-0.06604,0.00312,-0.19153,0.49485,0.06682,-0.00939,-0.26230,-0.22233,-0.00699,0.21006,-0.30655,0.03468,0.60602,-0.31542,0.03275,0.00487,-0.33075,-0.03874,0.01565,0.62977,0.02790,-0.06371,0.06249,0.54248,0.02808,0.01257,0.28098,0.08365,-0.01570,0.52921,-0.16732,0.00618,0.12254,-0.25119,0.05613,-0.01160,0.37440,-0.09792,0.00303,0.61462,-0.06604,0.00312,-0.19153,0.49485,0.06682,-0.00939,-0.26230,-0.22233,-0.00699,0.21006,-0.30655,0.03468,0.60602,-0.31542,0.03275,0.00487,-0.33075,-0.03874,0.01565,0.62977,0.02790,-0.06371,0.06249
7.0500,705,7,7.0474,49.69,0.54520,0.02433,0.00054,0.28801,0.08480,0.00153,0.51132,-0.19469,0.02179,0.10472,-0.25119,0.05613,-0.01160,0.37440,-0.09792,0.00303,0.61462,-0.06604,0.00312,-0.19153,0.50291,0.09011,-0.03078,-0.28565,-0.20034,-0.04154,0.17722,-0.34448,0.08864,0.38715,-0.31206,0.03196,0.00241,-0.33547,-0.06158,0.02545,0.63186,0.01496,-0.05594,0.02396,0.54404,0.03438,0.01297,0.28528,0.08672,0.00177,0.52210,-0.11888,0.01191,0.10701,-0.24852,0.05094,-0.00965,0.36949,-0.09797,-0.00242,0.61115,-0.07152,-0.00581,-0.16610,0.49810,0.06360,-0.00410,-0.27330,-0.21658,-0.01579,0.19774,-0.18961,0.06297,0.52752,-0.31373,0.03489,0.00392,-0.33284,-0.04409,0.00680,0.63040,-0.00064,-0.06076,0.05572
7.1000,710,7,7.0974,49.97,0.54520,0.02433,0.00054,0.28801,0.08480,0.00153,0.51132,-0.19469,0.02179,0.10472,-0.24371,0.07168,-0.00666,0.36376,-0.10111,-0.00708,0.60798,-0.07706,-0.00814,-0.05502,0.50291,0.09011,-0.03078,-0.28565,-0.20034,-0.04154,0.17722,-0.34448,0.08864,0.38715,-0.31206,0.03196,0.00241,-0.33547,-0.06158,0.02545,0.63186,0.01496,-0.05594,0.02396,0.54592,0.04070,0.01273,0.28954,0.08306,0.01221,0.51717,-0.07992,0.01691,0.09341,-0.24608,0.04660,-0.00809,0.36464,-0.09587,-0.00587,0.60756,-0.07148,-0.01355,-0.14387,0.50124,0.06250,-0.00061,-0.28391,-0.20740,-0.02117,0.19077,-0.09225,0.08759,0.45889,-0.31194,0.03664,0.00328,-0.33510,-0.04590,0.00102,0.62987,-0.01936,-0.05812,0.04977
7.1500,715,7,7.1474,49.97,0.55029,0.04395,-0.01067,0.28750,0.04224,0.01491,0.48745,-0.20684,0.03027,0.11073,-0.24371,0.07168,-0.00666,0.36376,-0.10111,-0.00708,0.60798,-0.07706,-0.00814,-0.05502,0.50873,0.08823,-0.01090,-0.29490,-0.12009,-0.03080,0.14161,-0.31806,0.11563,0.13745,-0.30757,0.03622,0.00072,-0.34429,-0.07721,-0.02280,0.63176,-0.01648,-0.05178,-0.00537,0.54811,0.04680,0.01209,0.29352,0.07551,0.01792,0.51399,-0.04804,0.02128,0.08152,-0.24384,0.04295,-0.00683,0.35993,-0.09243,-0.00798,0.60407,-0.06758,-0.02024,-0.12446,0.50437,0.06279,0.00163,-0.29400,-0.19619,-0.02423,0.18824,-0.01162,0.10900,0.39887,-0.31007,0.03814,0.00285,-0.33740,-0.04543,-0.00268,0.62859,-0.03066,-0.05577,0.04456
7.2000,720,7,7.1973,49.97,0.55029,0.04395,-0.01067,0.28750,0.04224,0.01491,0.48745,-0.20684,0.03027,0.11073,-0.23773,0.05668,0.02671,0.35787,-0.06505,-0.02547,0.60549,-0.05008,-0.01885,-0.20165,0.50873,0.08823,-0.01090,-0.29490,-0.12009,-0.03080,0.14161,-0.31806,0.11563,0.13745,-0.30757,0.03622,0.00072,-0.34429,-0.07721,-0.02280,0.63176,-0.01648,-0.05178,-0.00537,0.55059,0.05252,0.01121,0.29706,0.06598,0.02053,0.51227,-0.02160,0.02509,0.07111,-0.24178,0.03986,-0.00580,0.35541,-0.08819,-0.00920,0.60084,-0.06106,-0.02603,-0.10749,0.50753,0.06396,0.00302,-0.30351,-0.18388,-0.02575,0.18937,0.05477,0.12761,0.34640,-0.30813,0.03945,0.00254,-0.33962,-0.04350,-0.00497,0.62689,-0.03642,-0.05365,0.04000
7.2500,725,7,7.2479,50.53,0.55535,0.05840,-0.01516,0.29037,0.01073,0.03783,0.46871,-0.16249,0.03971,0.08998,-0.23773,0.05668,0.02671,0.35787,-0.06505,-0.02547,0.60549,-0.05008,-0.01885,-0.20165,0.51796,0.09343,0.00047,-0.30892,-0.12243,-0.01302,0.11839,-0.18310,0.11609,-0.03062,-0.29909,0.05621,-0.00317,-0.35541,-0.07944,-0.01336,0.62931,-0.05130,-0.04560,0.12533,0.55335,0.05778,0.01020,0.30010,0.05570,0.02112,0.51176,0.00055,0.02841,0.06201,-0.23985,0.03723,-0.00494,0.35112,-0.08350,-0.00982,0.59799,-0.05287,-0.03103,-0.09267,0.51077,0.06566,0.00382,-0.31238,-0.17109,-0.02625,0.19351,0.10905,0.14375,0.30052,-0.30613,0.04064,0.00232,-0.34173,-0.04070,-0.00632,0.62502,-0.03811,-0.05176,0.03599
7.3000,730,7,7.2973,49.39,0.55535,0.05840,-0.01516,0.29037,0.01073,0.03783,0.46871,-0.16249,0.03971,0.08998,-0.23142,0.04425,0.02147,0.35057,-0.04696,-0.00788,0.59873,-0.06182,-0.03866,-0.11875,0.51796,0.09343,0.00047,-0.30892,-0.12243,-0.01302,0.11839,-0.18310,0.11609,-0.03062,-0.29909,0.05621,-0.00317,-0.35541,-0.07944,-0.01336,0.62931,-0.05130,-0.04560,0.12533,0.55636,0.06252,0.00913,0.30263,0.04546,0.02045,0.51227,0.01923,0.03130,0.05404,-0.23805,0.03499,-0.00422,0.34706,-0.07861,-0.01006,0.59557,-0.04370,-0.03533,-0.07972,0.51411,0.06764,0.00421,-0.32061,-0.15824,-0.02607,0.20011,0.15307,0.15775,0.26041,-0.30407,0.04174,0.00215,-0.34369,-0.03740,-0.00705,0.62313,-0.03684,-0.05005,0.03247
7.3500,735,7,7.3477,50.42,0.56211,0.07458,-0.01027,0.28957,-0.02664,0.03769,0.45496,-0.11051,0.04813,0.04423,-0.23142,0.04425,0.02147,0.35057,-0.04696,-0.00788,0.59873,-0.06182,-0.03866,-0.11875,0.52540,0.08472,-0.00148,-0.31813,-0.09476,-0.02552,0.10534,-0.07533,0.10855,-0.08153,-0.29428,0.05510,-0.00799,-0.35976,-0.04365,-0.01358,0.62348,-0.07659,-0.03725,0.08544,0.55960,0.06673,0.00805,0.30466,0.03576,0.01900,0.51364,0.03503,0.03383,0.04707,-0.23635,0.03308,-0.00361,0.34326,-0.07367,-0.01006,0.59363,-0.03409,-0.03903,-0.06841,0.51754,0.06974,0.00432,-0.32821,-0.14558,-0.02548,0.20867,0.18838,0.16988,0.22534,-0.30195,0.04276,0.00200,-0.34547,-0.03385,-0.00738,0.62137,-0.03349,-0.04850,0.02939
7.4000,740,7,7.3977,50.07,0.56211,0.07458,-0.01027,0.28957,-0.02664,0.03769,0.45496,-0.11051,0.04813,0.04423,-0.22825,0.02814,-0.00604,0.34705,-0.04457,0.01238,0.59148,-0.07772,-0.03253,0.36134,0.52540,0.08472,-0.00148,-0.31813,-0.09476,-0.02552,0.10534,-0.07533,0.10855,-0.08153,-0.29428,0.05510,-0.00799,-0.35976,-0.04365,-0.01358,0.62348,-0.07659,-0.03725,0.08544,0.56303,0.07042,0.00698,0.30622,0.02689,0.01713,0.51573,0.04838,0.03603,0.04097,-0.23473,0.03144,-0.00309,0.33970,-0.06877,-0.00991,0.59217,-0.02443,-0.04220,-0.05853,0.52108,0.07185,0.00424,-0.33518,-0.13328,-0.02463,0.21882,0.21634,0.18036,0.19469,-0.29979,0.04370,0.00187,-0.34707,-0.03020,-0.00745,0.61981,-0.02877,-0.04710,0.02668
7.4500,745,7,7.4478,50.07,0.56550,0.07310,0.00129,0.28268,-0.06517,0.02325,0.45197,-0.05970,0.04907,-0.05415,-0.22825,0.02814,-0.00604,0.34705,-0.04457,0.01238,0.59148,-0.07772,-0.03253,0.36134,0.53112,0.06934,-0.00578,-0.31784,-0.04140,-0.02549,0.10266,0.01928,0.09913,-0.08815,-0.28922,0.05674,-0.00088,-0.36247,-0.02323,-0.01969,0.61566,-0.08079,-0.02747,0.07286,0.56663,0.07359,0.00595,0.30736,0.01899,0.01506,0.51844,0.05961,0.03794,0.03563,-0.23320,0.03003,-0.00265,0.33638,-0.06397,-0.00967,0.59118,-0.01501,-0.04490,-0.04990,0.52472,0.07388,0.00403,-0.34154,-0.12144,-0.02363,0.23020,0.23806,0.18941,0.16789,-0.29758,0.04459,0.00173,-0.34849,-0.02657,-0.00736,0.61850,-0.02319,-0.04583,0.02430
7.5000,750,7,7.4974,49.53,0.56550,0.07310,0.00129,0.28268,-0.06517,0.02325,0.45197,-0.05970,0.04907,-0.05415,-0.22539,0.02000,0.02415,0.34076,-0.06071,0.01135,0.58535,-0.04324,0.02515,0.77041,0.53112,0.06934,-0.00578,-0.31784,-0.04140,-0.02549,0.10266,0.01928,0.09913,-0.08815,-0.28922,0.05674,-0.00088,-0.36247,-0.02323,-0.01969,0.61566,-0.08079,-0.02747,0.07286,0.57038,0.07626,0.00496,0.30814,0.01212,0.01293,0.52166,0.06897,0.03960,0.03096,-0.23173,0.02883,-0.00228,0.33330,-0.05929,-0.00938,0.59066,-0.00604,-0.04720,-0.04237,0.52847,0.07579,0.00374,-0.34733,-0.11011,-0.02256,0.24254,0.25451,0.19721,0.14447,-0.29533,0.04540,0.00160,-0.34973,-0.02300,-0.00717,0.61749,-0.01717,-0.04467,0.02222
7.5500,755,7,7.5474,50.00,0.56550,0.07310,0.00129,0.28268,-0.06517,0.02325,0.45197,-0.05970,0.04907,-0.05415,-0.22539,0.02000,0.02415,0.34076,-0.06071,0.01135,0.58535,-0.04324,0.02515,0.77041,0.53822,0.07200,-0.00473,-0.32065,-0.01444,-0.02670,0.10718,0.07614,0.08930,-0.07933,-0.28197,0.05762,-0.00979,-0.35322,0.04805,-0.02807,0.60171,-0.10425,-0.02087,-0.01970,0.57425,0.07846,0.00402,0.30859,0.00630,0.01082,0.52531,0.07663,0.04104,0.02688,-0.23031,0.02779,-0.00196,0.33045,-0.05476,-0.00908,0.59057,0.00233,-0.04915,-0.03579,0.53230,0.07754,0.00339,-0.35256,-0.09931,-0.02147,0.25558,0.26651,0.20391,0.12400,-0.29304,0.04615,0.00145,-0.35079,-0.01954,-0.00694,0.61679,-0.01103,-0.04360,0.02038
7.6000,760,7,7.5975,50.16,0.56791,0.06089,0.00129,0.27243,-0.09607,0.02325,0.44257,-0.04742,0.04907,-0.05415,-0.22286,0.01809,-0.00689,0.33057,-0.08062,0.00346,0.57891,-0.04538,0.10378,0.77430,0.53822,0.07200,-0.00473,-0.32065,-0.01444,-0.02670,0.10718,0.07614,0.08930,-0.07933,-0.28197,0.05762,-0.00979,-0.35322,0.04805,-0.02807,0.60171,-0.10425,-0.02087,-0.01970,0.57822,0.08022,0.00314,0.30878,0.00150,0.00878,0.52930,0.08273,0.04230,0.02330,-0.22895,0.02689,-0.00170,0.32782,-0.05038,-0.00878,0.59088,0.00999,-0.05080,-0.03005,0.53622,0.07911,0.00300,-0.35727,-0.08905,-0.02039,0.26913,0.27473,0.20965,0.10611,-0.29072,0.04683,0.00130,-0.35168,-0.01620,-0.00669,0.61639,-0.00500,-0.04263,0.01877
7.6500,765,7,7.6765,79.00,0.56791,0.06089,0.00129,0.27243,-0.09607,0.02325,0.44257,-0.04742,0.04907,-0.05415,-0.22286,0.01809,-0.00689,0.33057,-0.08062,0.00346,0.57891,-0.04538,0.10378,0.77430,0.54578,0.08203,-0.01733,-0.32099,0.00373,-0.00800,0.11708,0.11335,0.07793,-0.11130,-0.27186,0.08805,-0.00994,-0.35149,0.05285,-0.02102,0.59077,-0.10872,-0.01927,0.06482,0.58226,0.08155,0.00231,0.30876,-0.00234,0.00687,0.53356,0.08738,0.04338,0.02018,-0.22762,0.02611,-0.00148,0.32541,-0.04615,-0.00848,0.59155,0.01689,-0.05217,-0.02504,0.54021,0.08048,0.00260,-0.36148,-0.07931,-0.01933,0.28300,0.27977,0.21456,0.09048,-0.28836,0.04743,0.00115,-0.35241,-0.01298,-0.00643,0.61628,0.00074,-0.04172,0.01735
7.7000,770,7,7.6975,21.00,0.57350,0.05811,0.00081,0.26462,-0.09480,-0.00288,0.43864,-0.03121,0.02667,-0.16363,-0.22096,0.01282,0.00807,0.32282,-0.07428,-0.01363,0.57686,-0.00001,0.16448,0.28799,0.54578,0.08203,-0.01733,-0.32099,0.00373,-0.00800,0.11708,0.11335,0.07793,-0.11130,-0.27186,0.08805,-0.00994,-0.35149,0.05285,-0.02102,0.59077,-0.10872,-0.01927,0.06482,0.58636,0.08249,0.00153,0.30857,-0.00527,0.00511,0.53802,0.09074,0.04432,0.01744,-0.22633,0.02543,-0.00130,0.32320,-0.04206,-0.00820,0.59255,0.02299,-0.05331,-0.02067,0.54426,0.08165,0.00218,-0.36521,-0.07007,-0.01832,0.29706,0.28214,0.21873,0.07682,-0.28598,0.04795,0.00098,-0.35298,-0.00989,-0.00618,0.61646,0.00607,-0.04089,0.01610
7.7500,775,7,7.7477,50.23,0.57929,0.05610,-0.00344,0.25702,-0.07979,-0.00838,0.43620,-0.01962,0.00996,-0.19116,-0.22096,0.01282,0.00807,0.32282,-0.07428,-0.01363,0.57686,-0.00001,0.16448,0.28799,0.55467,0.09338,-0.00593,-0.32008,0.01703,-0.02152,0.12831,0.11686,0.06729,-0.08737,-0.26088,0.10497,-0.00584,-0.34457,0.07539,-0.02502,0.57874,-0.11466,-0.01358,0.05650,0.59051,0.08306,0.00080,0.30825,-0.00738,0.00352,0.54261,0.09299,0.04513,0.01505,-0.22508,0.02483,-0.00115,0.32120,-0.03810,-0.00794,0.59384,0.02830,-0.05425,-0.01685,0.54837,0.08262,0.00177,-0.36849,-0.06133,-0.01734,0.31118,0.28226,0.22227,0.06489,-0.28357,0.04839,0.00081,-0.35340,-0.00692,-0.00594,0.61688,0.01091,-0.04011,0.01500
7.8000,780,7,7.7979,50.18,0.57929,0.05610,-0.00344,0.25702,-0.07979,-0.00838,0.43620,-0.01962,0.00996,-0.19116,-0.21990,0.00616,0.00690,0.31651,-0.06329,0.01563,0.58054,0.05039,0.17505,0.04851,0.55467,0.09338,-0.00593,-0.32008,0.01703,-0.02152,0.12831,0.11686,0.06729,-0.08737,-0.26088,0.10497,-0.00584,-0.34457,0.07539,-0.02502,0.57874,-0.11466,-0.01358,0.05650,0.59467,0.08329,0.00013,0.30784,-0.00875,0.00209,0.54730,0.09427,0.04583,0.01296,-0.22385,0.02430,-0.00103,0.31939,-0.03427,-0.00769,0.59537,0.03282,-0.05501,-0.01353,0.55252,0.08339,0.00136,-0.37135,-0.05305,-0.01642,0.32525,0.28049,0.22525,0.05447,-0.28114,0.04875,0.00063,-0.35368,-0.00406,-0.00571,0.61754,0.01522,-0.03939,0.01404
7.8500,785,7,7.8476,49.70,0.58624,0.06885,-0.01470,0.24632,-0.08475,0.00016,0.43461,-0.01385,-0.01154,-0.17272,-0.21990,0.00616,0.00690,0.31651,-0.06329,0.01563,0.58054,0.05039,0.17505,0.04851,0.56433,0.10045,-0.00431,-0.31733,0.03799,-0.02580,0.13893,0.08660,0.05812,-0.12578,-0.25012,0.11679,-0.01151,-0.33495,0.08778,-0.01128,0.56676,-0.11948,-0.00914,0.02205,0.59883,0.08319,-0.00049,0.30738,-0.00946,0.00082,0.55203,0.09472,0.04643,0.01113,-0.22265,0.02382,-0.00094,0.31777,-0.03056,-0.00746,0.59711,0.03658,-0.05561,-0.01063,0.55671,0.08395,0.00095,-0.37381,-0.04522,-0.01554,0.33920,0.27717,0.22774,0.04537,-0.27870,0.04901,0.00045,-0.35381,-0.00131,-0.00551,0.61840,0.01897,-0.03871,0.01318
7.9000,790,7,7.8978,50.16,0.58624,0.06885,-0.01470,0.24632,-0.08475,0.00016,0.43461,-0.01385,-0.01154,-0.17272,-0.21945,0.01274,-0.00901,0.30917,-0.07420,-0.00222,0.58611,0.07604,0.18144,0.07121,0.56433,0.10045,-0.00431,-0.31733,0.03799,-0.02580,0.13893,0.08660,0.05812,-0.12578,-0.25012,0.11679,-0.01151,-0.33495,0.08778,-0.01128,0.56676,-0.11948,-0.00914,0.02205,0.60298,0.08281,-0.00106,0.30690,-0.00958,-0.00029,0.55676,0.09444,0.04695,0.00953,-0.22147,0.02337,-0.00088,0.31633,-0.02695,-0.00724,0.59902,0.03963,-0.05607,-0.00810,0.56091,0.08432,0.00056,-0.37588,-0.03780,-0.01471,0.35295,0.27256,0.22980,0.03743,-0.27624,0.04919,0.00027,-0.35381,0.00134,-0.00531,0.61943,0.02216,-0.03807,0.01243
7.9500,795,7,7.9473,49.53,0.59391,0.08162,-0.00852,0.24760,-0.03587,-0.00053,0.43307,-0.01895,-0.02362,-0.07389,-0.21945,0.01274,-0.00901,0.30917,-0.07420,-0.00222,0.58611,0.07604,0.18144,0.07121,0.55575,0.05143,-0.00189,-0.28260,0.14151,-0.01508,0.14484,0.03955,0.03546,-0.28701,-0.23852,0.12165,-0.00252,-0.32405,0.10167,-0.00707,0.55426,-0.12228,-0.01078,-0.04614,0.60711,0.08216,-0.00158,0.30643,-0.00919,-0.00126,0.56146,0.09354,0.04739,0.00814,-0.22031,0.02296,-0.00083,0.31507,-0.02345,-0.00704,0.60106,0.04200,-0.05642,-0.00590,0.56513,0.08450,0.00018,-0.37759,-0.03078,-0.01393,0.36644,0.26688,0.23150,0.03049,-0.27378,0.04928,0.00008,-0.35368,0.00391,-0.00514,0.62060,0.02480,-0.03746,0.01176
8.0000,800,8,7.9977,50.34,0.59391,0.08162,-0.00852,0.24760,-0.03587,-0.00053,0.43307,-0.01895,-0.02362,-0.07389,-0.21961,0.00599,0.00167,0.30167,-0.06821,-0.01089,0.59465,0.09096,0.17833,-0.23684,0.55575,0.05143,-0.00189,-0.28260,0.14151,-0.01508,0.14484,0.03955,0.03546,-0.28701,-0.23852,0.12165,-0.00252,-0.32405,0.10167,-0.00707,0.55426,-0.12228,-0.01078,-0.04614,0.59391,0.08162,-0.00852,0.24760,-0.03587,-0.00053,0.43307,-0.01895,-0.02362,-0.07389,-0.21961,0.00599,0.00167,0.30167,-0.06821,-0.01089,0.59465,0.09096,0.17833,-0.23684,0.55575,0.05143,-0.00189,-0.28260,0.14151,-0.01508,0.14484,0.03955,0.03546,-0.28701,-0.23852,0.12165,-0.00252,-0.32405,0.10167,-0.00707,0.55426,-0.12228,-0.01078,-0.04614
8.0500,805,8,8.0474,49.75,0.60298,0.08733,-0.00852,0.24146,-0.04432,-0.00053,0.43017,-0.03986,-0.02362,-0.07389,-0.21961,0.00599,0.00167,0.30167,-0.06821,-0.01089,0.59465,0.09096,0.17833,-0.23684,0.55414,0.04958,-0.00759,-0.27761,0.12231,-0.03031,0.13760,-0.02584,0.00814,-0.25951,-0.22718,0.11791,-0.00257,-0.31134,0.12052,-0.00325,0.54166,-0.12567,-0.01811,-0.07316,0.59791,0.07841,-0.00487,0.24587,-0.03249,-0.01224,0.43290,0.01071,-0.02706,-0.06376,-0.21930,0.00678,0.00155,0.29840,-0.06241,-0.01263,0.59828,0.05574,0.16721,-0.20849,0.55831,0.05116,0.00059,-0.27540,0.14524,-0.00116,0.14821,0.09345,0.02204,-0.25053,-0.23249,0.11919,-0.00719,-0.31891,0.10323,0.00014,0.54861,-0.10410,-0.01294,-0.04040
8.1000,810,8,8.1001,52.73,0.60298,0.08733,-0.00199,0.24146,-0.04432,-0.00322,0.43017,-0.03986,-0.03120,-0.04310,-0.21937,0.00734,-0.01806,0.29422,-0.06367,-0.00510,0.60114,0.06458,0.13852,-0.52156,0.55414,0.04958,-0.00759,-0.27761,0.12231,-0.03031,0.13760,-0.02584,0.00814,-0.25951,-0.22718,0.11791,-0.00257,-0.31134,0.12052,-0.00325,0.54166,-0.12567,-0.01811,-0.07316,0.60178,0.07660,-0.00269,0.24443,-0.02467,-0.01899,0.43402,0.03297,-0.03002,-0.05488,-0.21894,0.00752,0.00145,0.29544,-0.05593,-0.01371,0.60039,0.02994,0.15742,-0.18368,0.56089,0.05185,0.00208,-0.26817,0.14348,0.00763,0.15402,0.13742,0.01033,-0.21863,-0.22663,0.11489,-0.01009,-0.31377,0.10198,0.00460,0.54384,-0.08653,-0.01483,-0.03536
8.1500,815,8,8.1472,47.07,0.61193,0.09164,-0.00065,0.23689,-0.04874,-0.00335,0.42490,-0.06287,-0.03611,-0.07281,-0.21937,0.00734,-0.01806,0.29422,-0.06367,-0.00510,0.60114,0.06458,0.13852,-0.52156,0.55973,0.06121,-0.01772,-0.26266,0.14621,-0.00507,0.13334,-0.04549,-0.01866,-0.30494,-0.21506,0.11833,0.00688,-0.29936,0.12094,0.00838,0.52993,-0.11094,-0.02570,-0.06152,0.60558,0.07561,-0.00150,0.24344,-0.01440,-0.02244,0.43611,0.04989,-0.03256,-0.04710,-0.21854,0.00820,0.00136,0.29281,-0.04904,-0.01432,0.60139,0.01138,0.14879,-0.16196,0.56351,0.05310,0.00291,-0.26111,0.13832,0.01295,0.16181,0.17281,0.00011,-0.19074,-0.22102,0.10948,-0.01180,-0.30874,0.09902,0.00721,0.53994,-0.06995,-0.01649,-0.03096
8.2000,820,8,8.1983,51.10,0.61193,0.09164,-0.00065,0.23689,-0.04874,-0.00335,0.42490,-0.06287,-0.03611,-0.07281,-0.22105,0.00585,0.00108,0.28470,-0.06946,-0.00863,0.60835,0.03387,0.10327,-0.08764,0.55973,0.06121,-0.01772,-0.26266,0.14621,-0.00507,0.13334,-0.04549,-0.01866,-0.30494,-0.21506,0.11833,0.00688,-0.29936,0.12094,0.00838,0.52993,-0.11094,-0.02570,-0.06152,0.60935,0.07503,-0.00095,0.24301,-0.00301,-0.02372,0.43895,0.06289,-0.03474,-0.04030,-0.21812,0.00885,0.00126,0.29054,-0.04193,-0.01460,0.60162,-0.00160,0.14118,-0.14296,0.56620,0.05463,0.00329,-0.25437,0.13116,0.01592,0.17118,0.20087,-0.00880,-0.16634,-0.21569,0.10344,-0.01271,-0.30389,0.09511,0.00858,0.53683,-0.05458,-0.01794,-0.02710
8.2500,825,8,8.2474,49.12,0.62016,0.09108,-0.01090,0.23709,-0.00302,-0.03137,0.41935,-0.04366,-0.04328,-0.01375,-0.22105,0.00585,0.00108,0.28470,-0.06946,-0.00863,0.60835,0.03387,0.10327,-0.08764,0.56759,0.08322,-0.00492,-0.24518,0.15512,0.00073,0.12709,-0.02984,-0.05476,-0.41141,-0.20372,0.10827,0.00667,-0.28331,0.13148,0.00264,0.51891,-0.09395,-0.03283,-0.07163,0.61309,0.07461,-0.00081,0.24315,0.00864,-0.02361,0.44235,0.07293,-0.03661,-0.03434,-0.21766,0.00944,0.00117,0.28862,-0.03476,-0.01463,0.60130,-0.01032,0.13446,-0.12634,0.56897,0.05628,0.00336,-0.24801,0.12295,0.01735,0.18179,0.22268,-0.01657,-0.14500,-0.21068,0.09710,-0.01307,-0.29924,0.09073,0.00914,0.53446,-0.04055,-0.01920,-0.02372
8.3000,830,8,8.2973,49.84,0.62016,0.09108,-0.01090,0.23709,-0.00302,-0.03137,0.41935,-0.04366,-0.04328,-0.01375,-0.22114,-0.00286,0.01289,0.27576,-0.07371,0.00563,0.60813,-0.02473,0.11016,0.24805,0.56759,0.08322,-0.00492,-0.24518,0.15512,0.00073,0.12709,-0.02984,-0.05476,-0.41141,-0.20372,0.10827,0.00667,-0.28331,0.13148,0.00264,0.51891,-0.09395,-0.03283,-0.07163,0.61681,0.07419,-0.00092,0.24386,0.02001,-0.02264,0.44620,0.08071,-0.03819,-0.02912,-0.21717,0.00999,0.00106,0.28706,-0.02761,-0.01449,0.60064,-0.01579,0.12851,-0.11178,0.57183,0.05790,0.00323,-0.24208,0.11432,0.01774,0.19336,0.23919,-0.02334,-0.12634,-0.20598,0.09067,-0.01308,-0.29482,0.08622,0.00918,0.53275,-0.02787,-0.02031,-0.02075
8.3500,835,8,8.3473,50.04,0.62981,0.10530,-0.01240,0.23985,0.02070,-0.02115,0.41585,-0.02242,-0.04501,-0.06615,-0.22114,-0.00286,0.01289,0.27576,-0.07371,0.00563,0.60813,-0.02473,0.11016,0.24805,0.57734,0.09865,-0.01765,-0.22916,0.14603,0.02071,0.12415,-0.01130,-0.09447,-0.29062,-0.19075,0.10889,0.01199,-0.27573,0.11258,0.01272,0.51095,-0.06122,-0.03845,0.00694,0.62051,0.07369,-0.00116,0.24514,0.03077,-0.02116,0.45039,0.08668,-0.03953,-0.02456,-0.21666,0.01048,0.00095,0.28586,-0.02056,-0.01422,0.59976,-0.01884,0.12325,-0.09904,0.57476,0.05942,0.00296,-0.23658,0.10565,0.01748,0.20563,0.25123,-0.02924,-0.11002,-0.20161,0.08430,-0.01286,-0.29062,0.08178,0.00889,0.53165,-0.01653,-0.02129,-0.01816
8.4000,840,8,8.3974,50.13,0.62981,0.10530,-0.01240,0.23985,0.02070,-0.02115,0.41585,-0.02242,-0.04501,-0.06615,-0.22078,-0.00146,-0.00003,0.26738,-0.07989,-0.00448,0.60227,-0.07935,0.14161,0.37340,0.57734,0.09865,-0.01765,-0.22916,0.14603,0.02071,0.12415,-0.01130,-0.09447,-0.29062,-0.19075,0.10889,0.01199,-0.27573,0.11258,0.01272,0.51095,-0.06122,-0.03845,0.00694,0.62417,0.07304,-0.00148,0.24693,0.04073,-0.01941,0.45484,0.09118,-0.04066,-0.02057,-0.21613,0.01092,0.00082,0.28500,-0.01368,-0.01385,0.59878,-0.02010,0.11858,-0.08789,0.57777,0.06079,0.00261,-0.23151,0.09723,0.01681,0.21842,0.25950,-0.03438,-0.09574,-0.19755,0.07808,-0.01250,-0.28663,0.07753,0.00841,0.53108,-0.00648,-0.02214,-0.01589
8.4500,845,8,8.4474,49.92,0.64163,0.11884,-0.00780,0.23961,0.03939,-0.01974,0.41443,-0.00215,-0.05325,-0.07329,-0.22078,-0.00146,-0.00003,0.26738,-0.07989,-0.00448,0.60227,-0.07935,0.14161,0.37340,0.59170,0.11474,-0.00105,-0.22208,0.07580,0.05836,0.12801,0.00269,-0.10636,-0.05275,-0.18055,0.09626,0.01012,-0.26200,0.11124,0.00825,0.50576,-0.03762,-0.03454,0.04840,0.62781,0.07223,-0.00182,0.24920,0.04979,-0.01755,0.45949,0.09446,-0.04160,-0.01709,-0.21557,0.01129,0.00069,0.28449,-0.00699,-0.01341,0.59778,-0.02006,0.11444,-0.07813,0.58084,0.06197,0.00220,-0.22685,0.08920,0.01590,0.23153,0.26461,-0.03885,-0.08326,-0.19380,0.07206,-0.01205,-0.28286,0.07354,0.00783,0.53098,0.00233,-0.02288,-0.01390
8.5000,850,8,8.4991,51.77,0.64163,0.11884,-0.00780,0.23961,0.03939,-0.01974,0.41443,-0.00215,-0.05325,-0.07329,-0.22004,0.00700,-0.00583,0.25982,-0.07524,-0.00738,0.59393,-0.11740,0.16921,0.16981,0.59170,0.11474,-0.00105,-0.22208,0.07580,0.05836,0.12801,0.00269,-0.10636,-0.05275,-0.18055,0.09626,0.01012,-0.26200,0.11124,0.00825,0.50576,-0.03762,-0.03454,0.04840,0.63139,0.07126,-0.00215,0.25189,0.05794,-0.01568,0.46427,0.09666,-0.04237,-0.01404,-0.21500,0.01159,0.00056,0.28430,-0.00053,-0.01292,0.59679,-0.01912,0.11075,-0.06958,0.58396,0.06294,0.00177,-0.22258,0.08166,0.01485,0.24483,0.26707,-0.04273,-0.07235,-0.19034,0.06627,-0.01156,-0.27928,0.06986,0.00719,0.53129,0.00997,-0.02353,-0.01215
8.5500,855,8,8.5477,48.60,0.65250,0.11599,-0.00018,0.24655,0.06525,-0.01576,0.41486,0.01085,-0.06123,-0.08031,-0.22004,0.00700,-0.00583,0.25982,-0.07524,-0.00738,0.59393,-0.11740,0.16921,0.16981,0.60416,0.13468,-0.00805,-0.21686,0.02687,0.02409,0.12720,-0.04540,-0.11081,-0.15555,-0.16855,0.09963,0.00947,-0.25649,0.07833,0.01264,0.50204,-0.02261,-0.02627,0.07324,0.63493,0.07013,-0.00248,0.25497,0.06518,-0.01386,0.46914,0.09794,-0.04301,-0.01138,-0.21441,0.01183,0.00041,0.28443,0.00568,-0.01239,0.59587,-0.01758,0.10746,-0.06209,0.58713,0.06370,0.00132,-0.21868,0.07464,0.01375,0.25820,0.26732,-0.04610,-0.06280,-0.18717,0.06073,-0.01104,-0.27587,0.06649,0.00655,0.53196,0.01652,-0.02410,-0.01063
8.6000,860,8,8.5975,49.72,0.65250,0.11599,-0.00018,0.24655,0.06525,-0.01576,0.41486,0.01085,-0.06123,-0.08031,-0.21864,0.01584,-0.00928,0.25337,-0.06812,-0.00874,0.58050,-0.17048,0.17915,0.00839,0.60416,0.13468,-0.00805,-0.21686,0.02687,0.02409,0.12720,-0.04540,-0.11081,-0.15555,-0.16855,0.09963,0.00947,-0.25649,0.07833,0.01264,0.50204,-0.02261,-0.02627,0.07324,0.63840,0.06883,-0.00279,0.25840,0.07156,-0.01214,0.47405,0.09842,-0.04352,-0.00905,-0.21382,0.01200,0.00026,0.28486,0.01162,-0.01183,0.59504,-0.01570,0.10452,-0.05554,0.59033,0.06424,0.00088,-0.21511,0.06817,0.01264,0.27153,0.26572,-0.04903,-0.05446,-0.18426,0.05543,-0.01053,-0.27262,0.06343,0.00593,0.53293,0.02206,-0.02459,-0.00929
8.6500,865,8,8.6475,50.09,0.66344,0.10962,0.00891,0.25184,0.07741,-0.00804,0.41609,0.01365,-0.06473,0.02337,-0.21864,0.01584,-0.00928,0.25337,-0.06812,-0.00874,0.58050,-0.17048,0.17915,0.00839,0.61604,0.10143,0.02368,-0.20853,0.05639,0.00732,0.11817,-0.08972,-0.12832,-0.18502,-0.15904,0.08364,0.01158,-0.24683,0.08096,0.00074,0.49966,-0.01669,-0.01602,0.10261,0.64181,0.06739,-0.00309,0.26212,0.07711,-0.01054,0.47897,0.09821,-0.04392,-0.00702,-0.21321,0.01209,0.00011,0.28559,0.01728,-0.01126,0.59431,-0.01364,0.10189,-0.04979,0.59355,0.06456,0.00044,-0.21185,0.06223,0.01156,0.28475,0.26259,-0.05157,-0.04716,-0.18162,0.05039,-0.01003,-0.26952,0.06067,0.00533,0.53415,0.02666,-0.02503,-0.00811
8.7000,870,8,8.6989,51.32,0.66344,0.10962,0.00891,0.25184,0.07741,-0.00804,0.41609,0.01365,-0.06473,0.02337,-0.21590,0.01933,0.00540,0.24863,-0.04913,-0.00590,0.56346,-0.18283,0.17865,-0.10343,0.61604,0.10143,0.02368,-0.20853,0.05639,0.00732,0.11817,-0.08972,-0.12832,-0.18502,-0.15904,0.08364,0.01158,-0.24683,0.08096,0.00074,0.49966,-0.01669,-0.01602,0.10261,0.64514,0.06581,-0.00336,0.26610,0.08191,-0.00906,0.48386,0.09738,-0.04422,-0.00526,-0.21261,0.01210,-0.00005,0.28659,0.02266,-0.01067,0.59368,-0.01156,0.09953,-0.04476,0.59678,0.06467,0.00000,-0.20888,0.05682,0.01053,0.29777,0.25821,-0.05376,-0.04077,-0.17922,0.04559,-0.00954,-0.26655,0.05819,0.00478,0.53558,0.03040,-0.02541,-0.00709
8.7500,875,8,8.7475,48.68,0.67345,0.09472,0.01428,0.25815,0.09098,-0.00509,0.41708,0.00402,-0.05747,0.07534,-0.21590,0.01933,0.00540,0.24863,-0.04913,-0.00590,0.56346,-0.18283,0.17865,-0.10343,0.62448,0.08816,0.00755,-0.20608,0.03715,0.00789,0.10366,-0.16488,-0.14320,0.04246,-0.15063,0.08345,0.00330,-0.24240,0.06791,0.00857,0.49841,-0.01352,-0.00742,0.07440,0.64839,0.06410,-0.00361,0.27030,0.08602,-0.00770,0.48870,0.09602,-0.04445,-0.00372,-0.21201,0.01204,-0.00021,0.28785,0.02775,-0.01008,0.59315,-0.00955,0.09741,-0.04035,0.60001,0.06457,-0.00041,-0.20616,0.05190,0.00955,0.31055,0.25280,-0.05566,-0.03519,-0.17705,0.04103,-0.00908,-0.26370,0.05598,0.00427,0.53717,0.03335,-0.02574,-0.00618
8.8000,880,8,8.8113,63.78,0.67345,0.09472,0.01428,0.25815,0.09098,-0.00509,0.41708,0.00402,-0.05747,0.07534,-0.21324,0.01581,-0.00867,0.24581,-0.03499,-0.01049,0.54614,-0.17766,0.16936,-0.09350,0.62448,0.08816,0.00755,-0.20608,0.03715,0.00789,0.10366,-0.16488,-0.14320,0.04246,-0.15063,0.08345,0.00330,-0.24240,0.06791,0.00857,0.49841,-0.01352,-0.00742,0.07440,0.65155,0.06228,-0.00383,0.27469,0.08949,-0.00647,0.49346,0.09420,-0.04460,-0.00237,-0.21141,0.01190,-0.00037,0.28936,0.03255,-0.00948,0.59272,-0.00768,0.09549,-0.03648,0.60323,0.06427,-0.00081,-0.20368,0.04744,0.00864,0.32304,0.24654,-0.05729,-0.03032,-0.17511,0.03668,-0.00865,-0.26095,0.05400,0.00381,0.53890,0.03558,-0.02603,-0.00539
8.8500,885,8,8.8479,36.59,0.68223,0.08303,0.00698,0.26300,0.08045,-0.00451,0.41547,-0.02634,-0.04778,0.03899,-0.21324,0.01581,-0.00867,0.24581,-0.03499,-0.01049,0.54614,-0.17766,0.16936,-0.09350,0.63471,0.09130,-0.00662,-0.20992,-0.00385,0.01857,0.08678,-0.19997,-0.10510,0.65776,-0.14215,0.07642,0.00236,-0.23102,0.07413,0.00127,0.49605,-0.02190,-0.00216,0.01405,0.65462,0.06035,-0.00403,0.27924,0.09238,-0.00535,0.49811,0.09196,-0.04469,-0.00121,-0.21082,0.01167,-0.00054,0.29110,0.03705,-0.00888,0.59238,-0.00602,0.09375,-0.03309,0.60644,0.06377,-0.00120,-0.20141,0.04342,0.00779,0.33520,0.23961,-0.05870,-0.02605,-0.17338,0.03254,-0.00824,-0.25829,0.05223,0.00339,0.54072,0.03715,-0.02628,-0.00470
8.9000,890,8,8.8999,52.02,0.68223,0.08303,0.00698,0.26300,0.08045,-0.00451,0.41547,-0.02634,-0.04778,0.03899,-0.21088,0.02901,-0.00345,0.24373,-0.01003,-0.01983,0.52888,-0.17632,0.15650,-0.12531,0.63471,0.09130,-0.00662,-0.20992,-0.00385,0.01857,0.08678,-0.19997,-0.10510,0.65776,-0.14215,0.07642,0.00236,-0.23102,0.07413,0.00127,0.49605,-0.02190,-0.00216,0.01405,0.65758,0.05832,-0.00421,0.28392,0.09475,-0.00434,0.50265,0.08936,-0.04472,-0.00019,-0.21024,0.01137,-0.00070,0.29306,0.04127,-0.00829,0.59211,-0.00460,0.09217,-0.03011,0.60961,0.06309,-0.00156,-0.19933,0.03979,0.00700,0.34699,0.23215,-0.05991,-0.02232,-0.17186,0.02859,-0.00785,-0.25572,0.05066,0.00302,0.54261,0.03813,-0.02650,-0.00409
8.9500,895,8,8.9472,47.33,0.69003,0.07843,0.00157,0.26782,0.06677,-0.00787,0.41066,-0.06195,-0.04970,-0.04059,-0.21088,0.02901,-0.00345,0.24373,-0.01003,-0.01983,0.52888,-0.17632,0.15650,-0.12531,0.64175,0.08852,-0.02561,-0.20824,0.00571,-0.00825,0.06521,-0.24590,-0.04092,0.60187,-0.13340,0.07899,0.00502,-0.22601,0.06345,0.00326,0.49354,-0.02635,-0.00129,0.00888,0.66045,0.05622,-0.00437,0.28870,0.09666,-0.00344,0.50705,0.08646,-0.04471,0.00068,-0.20968,0.01099,-0.00086,0.29522,0.04519,-0.00771,0.59191,-0.00345,0.09073,-0.02750,0.61274,0.06224,-0.00191,-0.19742,0.03653,0.00629,0.35840,0.22426,-0.06094,-0.01906,-0.17052,0.02483,-0.00750,-0.25322,0.04926,0.00269,0.54452,0.03856,-0.02669,-0.00356
9.0000,900,9,8.9979,50.70,0.69003,0.07843,0.00157,0.26782,0.06677,-0.00787,0.41066,-0.06195,-0.04970,-0.04059,-0.21046,0.01492,0.01330,0.24133,0.00302,-0.03991,0.51247,-0.16920,0.14111,-0.34736,0.64175,0.08852,-0.02561,-0.20824,0.00571,-0.00825,0.06521,-0.24590,-0.04092,0.60187,-0.13340,0.07899,0.00502,-0.22601,0.06345,0.00326,0.49354,-0.02635,-0.00129,0.00888,0.69003,0.07843,0.00157,0.26782,0.06677,-0.00787,0.41066,-0.06195,-0.04970,-0.04059,-0.21046,0.01492,0.01330,0.24133,0.00302,-0.03991,0.51247,-0.16920,0.14111,-0.34736,0.64175,0.08852,-0.02561,-0.20824,0.00571,-0.00825,0.06521,-0.24590,-0.04092,0.60187,-0.13340,0.07899,0.00502,-0.22601,0.06345,0.00326,0.49354,-0.02635,-0.00129,0.00888
9.0500,905,9,9.0478,49.88,0.69744,0.07516,0.00431,0.27054,0.06260,-0.00537,0.40303,-0.08852,-0.05439,0.01785,-0.21046,0.01492,0.01330,0.24133,0.00302,-0.03991,0.51247,-0.16920,0.14111,-0.34736,0.65170,0.11634,-0.03262,-0.20801,0.00306,0.00696,0.04043,-0.27324,0.01831,0.55682,-0.12507,0.08603,-0.00655,-0.22021,0.04580,0.02313,0.49048,-0.02932,-0.00642,-0.12875,0.69395,0.07820,-0.00225,0.27126,0.07078,-0.00833,0.40749,-0.06324,-0.05153,-0.03273,-0.20957,0.02032,0.00895,0.24193,0.02011,-0.03036,0.50434,-0.15613,0.12485,-0.30402,0.64589,0.07795,-0.01796,-0.20787,0.00881,-0.00468,0.05569,-0.13865,-0.01281,0.52418,-0.12943,0.07953,-0.00232,-0.22289,0.06132,0.00525,0.49183,-0.04109,-0.00088,0.00760
9.1000,910,9,9.0977,49.85,0.69744,0.07516,0.00431,0.27054,0.06260,-0.00537,0.40303,-0.08852,-0.05439,0.01785,-0.22366,-0.02647,-0.00330,0.23253,0.02901,-0.02343,0.51019,-0.13173,0.09310,-0.51273,0.65170,0.11634,-0.03262,-0.20801,0.00306,0.00696,0.04043,-0.27324,0.01831,0.55682,-0.12507,0.08603,-0.00655,-0.22021,0.04580,0.02313,0.49048,-0.02932,-0.00642,-0.12875,0.69782,0.07643,-0.00479,0.27490,0.07485,-0.00820,0.40444,-0.05812,-0.05299,-0.02592,-0.20846,0.02390,0.00581,0.24328,0.03324,-0.02355,0.49686,-0.14328,0.11062,-0.26612,0.64959,0.07049,-0.01283,-0.20738,0.01051,-0.00239,0.05101,-0.05187,0.01166,0.45626,-0.12550,0.07713,-0.00712,-0.21989,0.05845,0.00634,0.48951,-0.05110,-0.00052,0.00649
9.1500,915,9,9.1488,51.13,0.70278,0.05582,0.00641,0.28204,0.09973,-0.01215,0.39304,-0.11940,-0.05055,-0.02633,-0.22366,-0.02647,-0.00330,0.23253,0.02901,-0.02343,0.51019,-0.13173,0.09310,-0.51273,0.66588,0.15531,-0.02793,-0.21398,-0.00811,-0.02374,0.01728,-0.16382,0.06431,0.33385,-0.11641,0.08600,0.00736,-0.21514,0.03639,0.01659,0.48665,-0.04228,-0.01639,-0.01621,0.70158,0.07364,-0.00645,0.27874,0.07876,-0.00770,0.40174,-0.04936,-0.05413,-0.02001,-0.20721,0.02615,0.00351,0.24520,0.04353,-0.01864,0.49001,-0.13052,0.09816,-0.23297,0.65298,0.06508,-0.00944,-0.20683,0.01130,-0.00097,0.05023,0.01825,0.03296,0.39689,-0.12174,0.07283,-0.01018,-0.21705,0.05519,0.00684,0.48679,-0.05712,-0.00023,0.00552
9.2000,920,9,9.1987,49.93,0.70278,0.05582,0.00641,0.28204,0.09973,-0.01215,0.39304,-0.11940,-0.05055,-0.02633,-0.22631,-0.02560,-0.00612,0.23218,0.03219,0.00002,0.49437,-0.14574,0.04526,-0.36684,0.66588,0.15531,-0.02793,-0.21398,-0.00811,-0.02374,0.01728,-0.16382,0.06431,0.33385,-0.11641,0.08600,0.00736,-0.21514,0.03639,0.01659,0.48665,-0.04228,-0.01639,-0.01621,0.70518,0.07020,-0.00751,0.28277,0.08237,-0.00699,0.39953,-0.03878,-0.05500,-0.01490,-0.20586,0.02744,0.00181,0.24759,0.05175,-0.01505,0.48380,-0.11786,0.08725,-0.20397,0.65613,0.06103,-0.00724,-0.20626,0.01155,-0.00013,0.05260,0.07473,0.05148,0.34500,-0.11824,0.06734,-0.01205,-0.21438,0.05180,0.00695,0.48385,-0.05988,0.00003,0.00469
9.2500,925,9,9.2476,48.83,0.70845,0.04971,0.01882,0.28448,0.08188,0.00578,0.37799,-0.15772,-0.05509,0.00236,-0.22631,-0.02560,-0.00612,0.23218,0.03219,0.00002,0.49437,-0.14574,0.04526,-0.36684,0.67854,0.16269,-0.02062,-0.20750,0.02100,-0.00726,0.01156,0.05582,0.08765,0.11867,-0.10765,0.08120,0.01544,-0.21426,0.00303,0.02026,0.48081,-0.06989,-0.02004,-0.09432,0.70859,0.06635,-0.00815,0.28697,0.08560,-0.00616,0.39787,-0.02753,-0.05563,-0.01048,-0.20447,0.02800,0.00053,0.25035,0.05844,-0.01236,0.47822,-0.10539,0.07770,-0.17860,0.65909,0.05785,-0.00585,-0.20568,0.01149,0.00034,0.05752,0.12001,0.06757,0.29963,-0.11502,0.06114,-0.01311,-0.21187,0.04842,0.00681,0.48084,-0.06003,0.00025,0.00397
9.3000,930,9,9.2978,50.26,0.70845,0.04971,0.01882,0.28448,0.08188,0.00578,0.37799,-0.15772,-0.05509,0.00236,-0.22982,-0.02864,0.00746,0.23130,0.01515,0.01286,0.48170,-0.11696,0.03264,0.07171,0.67854,0.16269,-0.02062,-0.20750,0.02100,-0.00726,0.01156,0.05582,0.08765,0.11867,-0.10765,0.08120,0.01544,-0.21426,0.00303,0.02026,0.48081,-0.06989,-0.02004,-0.09432,0.71181,0.06225,-0.00851,0.29132,0.08841,-0.00529,0.39678,-0.01635,-0.05606,-0.00666,-0.20307,0.02800,-0.00046,0.25342,0.06397,-0.01030,0.47326,-0.09322,0.06934,-0.15641,0.66192,0.05520,-0.00502,-0.20511,0.01126,0.00057,0.06445,0.15603,0.08153,0.25998,-0.11213,0.05456,-0.01363,-0.20953,0.04514,0.00653,0.47788,-0.05818,0.00043,0.00334
9.3500,935,9,9.3474,49.60,0.71164,0.02982,0.00994,0.29482,0.09790,-0.00524,0.36124,-0.17337,-0.05464,0.02304,-0.22982,-0.02864,0.00746,0.23130,0.01515,0.01286,0.48170,-0.11696,0.03264,0.07171,0.69443,0.16692,-0.00407,-0.20395,0.04984,-0.00501,0.02940,0.27259,0.08235,-0.23578,-0.10106,0.05218,0.02992,-0.21181,0.00264,0.00251,0.47275,-0.08163,-0.02843,-0.07028,0.71481,0.05803,-0.00869,0.29580,0.09079,-0.00442,0.39623,-0.00568,-0.05631,-0.00336,-0.20168,0.02758,-0.00124,0.25674,0.06861,-0.00868,0.46889,-0.08145,0.06201,-0.13700,0.66462,0.05286,-0.00455,-0.20456,0.01096,0.00064,0.07299,0.18440,0.09365,0.22533,-0.10957,0.04783,-0.01378,-0.20735,0.04202,0.00617,0.47505,-0.05484,0.00058,0.00280
9.4000,940,9,9.3977,50.21,0.71164,0.02982,0.00994,0.29482,0.09790,-0.00524,0.36124,-0.17337,-0.05464,0.02304,-0.23165,-0.02185,-0.01561,0.22900,-0.01337,0.00030,0.46916,-0.10096,0.04837,0.10460,0.69443,0.16692,-0.00407,-0.20395,0.04984,-0.00501,0.02940,0.27259,0.08235,-0.23578,-0.10106,0.05218,0.02992,-0.21181,0.00264,0.00251,0.47275,-0.08163,-0.02843,-0.07028,0.71761,0.05375,-0.00874,0.30039,0.09275,-0.00357,0.39620,0.00423,-0.05640,-0.00051,-0.20032,0.02682,-0.00186,0.26027,0.07253,-0.00736,0.46510,-0.07019,0.05560,-0.12001,0.66721,0.05069,-0.00434,-0.20402,0.01065,0.00062,0.08278,0.20641,0.10414,0.19504,-0.10735,0.04109,-0.01368,-0.20533,0.03910,0.00577,0.47242,-0.05044,0.00071,0.00233
9.4500,945,9,9.4476,49.99,0.71529,0.02513,-0.00003,0.29878,0.09962,-0.00720,0.34368,-0.17183,-0.04601,0.18751,-0.23165,-0.02185,-0.01561,0.22900,-0.01337,0.00030,0.46916,-0.10096,0.04837,0.10460,0.71589,0.19177,0.00998,-0.20119,0.01713,0.03113,0.06844,0.39001,0.05798,-0.15837,-0.09686,0.03201,0.01893,-0.21275,-0.00884,0.00682,0.46397,-0.08653,-0.03214,0.00290,0.72019,0.04946,-0.00871,0.30507,0.09430,-0.00277,0.39664,0.01322,-0.05637,0.00194,-0.19900,0.02577,-0.00238,0.26398,0.07587,-0.00627,0.46186,-0.05952,0.04998,-0.10516,0.66969,0.04858,-0.00429,-0.20349,0.01036,0.00055,0.09354,0.22314,0.11321,0.16857,-0.10546,0.03443,-0.01343,-0.20344,0.03637,0.00535,0.47002,-0.04533,0.00082,0.00193
9.5000,950,9,9.4975,49.82,0.71529,0.02513,-0.00003,0.29878,0.09962,-0.00720,0.34368,-0.17183,-0.04601,0.18751,-0.23077,0.01110,-0.01692,0.22481,-0.03502,0.01430,0.45755,-0.12291,0.05101,-0.05547,0.71589,0.19177,0.00998,-0.20119,0.01713,0.03113,0.06844,0.39001,0.05798,-0.15837,-0.09686,0.03201,0.01893,-0.21275,-0.00884,0.00682,0.46397,-0.08653,-0.03214,0.00290,0.72256,0.04521,-0.00863,0.30982,0.09547,-0.00201,0.39750,0.02125,-0.05622,0.00405,-0.19775,0.02450,-0.00281,0.26785,0.07871,-0.00533,0.45914,-0.04950,0.04505,-0.09216,0.67207,0.04647,-0.00434,-0.20298,0.01011,0.00046,0.10503,0.23548,0.12105,0.14545,-0.10390,0.02793,-0.01307,-0.20169,0.03385,0.00495,0.46789,-0.03981,0.00090,0.00158
9.5500,955,9,9.5484,50.98,0.71855,0.03430,-0.00723,0.30471,0.08848,0.00466,0.32679,-0.16854,-0.02126,0.23648,-0.23077,0.01110,-0.01692,0.22481,-0.03502,0.01430,0.45755,-0.12291,0.05101,-0.05547,0.73489,0.17770,0.00083,-0.19721,0.01673,0.00260,0.11070,0.45315,0.04003,-0.27694,-0.09407,0.01520,0.02137,-0.21367,-0.00588,-0.00649,0.45432,-0.09624,-0.02987,0.07113,0.72471,0.04100,-0.00852,0.31461,0.09628,-0.00131,0.39875,0.02830,-0.05597,0.00585,-0.19656,0.02303,-0.00317,0.27184,0.08112,-0.00450,0.45690,-0.04018,0.04073,-0.08079,0.67434,0.04431,-0.00446,-0.20248,0.00991,0.00036,0.11703,0.24415,0.12781,0.12524,-0.10266,0.02162,-0.01266,-0.20005,0.03151,0.00456,0.46604,-0.03411,0.00097,0.00128
9.6000,960,9,9.5978,49.33,0.71855,0.03430,-0.00723,0.30471,0.08848,0.00466,0.32679,-0.16854,-0.02126,0.23648,-0.23529,-0.00520,0.00621,0.21843,-0.04580,0.00526,0.45574,-0.06357,0.05574,0.12491,0.73489,0.17770,0.00083,-0.19721,0.01673,0.00260,0.11070,0.45315,0.04003,-0.27694,-0.09407,0.01520,0.02137,-0.21367,-0.00588,-0.00649,0.45432,-0.09624,-0.02987,0.07113,0.72666,0.03685,-0.00840,0.31944,0.09677,-0.00066,0.40032,0.03440,-0.05563,0.00740,-0.19545,0.02139,-0.00349,0.27595,0.08314,-0.00376,0.45511,-0.03158,0.03695,-0.07084,0.67650,0.04208,-0.00462,-0.20199,0.00976,0.00027,0.12939,0.24977,0.13362,0.10758,-0.10173,0.01552,-0.01221,-0.19853,0.02936,0.00421,0.46448,-0.02842,0.00103,0.00103
9.6500,965,9,9.6482,50.43,0.72424,0.05010,0.00003,0.30883,0.06177,0.01338,0.30949,-0.17622,0.00694,0.28385,-0.23529,-0.00520,0.00621,0.21843,-0.04580,0.00526,0.45574,-0.06357,0.05574,0.12491,0.75509,0.18711,0.00616,-0.19844,0.00510,-0.00181,0.15564,0.45729,0.01638,-0.12833,-0.09370,0.00306,0.00008,-0.21204,0.01647,-0.01536,0.44451,-0.10971,-0.02280,0.06312,0.72840,0.03276,-0.00826,0.32428,0.09694,-0.00007,0.40217,0.03958,-0.05523,0.00872,-0.19442,0.01961,-0.00377,0.28015,0.08482,-0.00308,0.45373,-0.02372,0.03363,-0.06214,0.67854,0.03977,-0.00480,-0.20150,0.00964,0.00019,0.14197,0.25285,0.13860,0.09216,-0.10111,0.00964,-0.01175,-0.19711,0.02738,0.00388,0.46320,-0.02287,0.00108,0.00081
9.7000,970,9,9.6977,49.48,0.72424,0.05010,0.00003,0.30883,0.06177,0.01338,0.30949,-0.17622,0.00694,0.28385,-0.23534,-0.00378,-0.00021,0.21117,-0.06437,0.01539,0.44811,-0.09410,0.06785,-0.02879,0.75509,0.18711,0.00616,-0.19844,0.00510,-0.00181,0.15564,0.45729,0.01638,-0.12833,-0.09370,0.00306,0.00008,-0.21204,0.01647,-0.01536,0.44451,-0.10971,-0.02280,0.06312,0.72993,0.02875,-0.00812,0.32913,0.09684,0.00047,0.40426,0.04390,-0.05476,0.00985,-0.19349,0.01770,-0.00402,0.28443,0.08617,-0.00246,0.45273,-0.01660,0.03071,-0.05452,0.68047,0.03737,-0.00499,-0.20102,0.00957,0.00013,0.15464,0.25381,0.14287,0.07869,-0.10077,0.00399,-0.01129,-0.19579,0.02555,0.00359,0.46219,-0.01757,0.00111,0.00062
9.7500,975,9,9.7488,51.10,0.72904,0.05012,0.00579,0.31183,0.04398,0.00857,0.29222,-0.18090,0.02227,-0.11047,-0.23534,-0.00378,-0.00021,0.21117,-0.06437,0.01539,0.44811,-0.09410,0.06785,-0.02879,0.77596,0.19068,0.00592,-0.20154,-0.00575,0.00513,0.19887,0.43515,0.00490,-0.17887,-0.09302,0.00252,-0.00047,-0.20692,0.04268,-0.01230,0.43209,-0.12191,-0.02252,-0.02999,0.73127,0.02479,-0.00799,0.33396,0.09648,0.00097,0.40655,0.04742,-0.05425,0.01080,-0.19265,0.01567,-0.00424,0.28876,0.08723,-0.00187,0.45206,-0.01020,0.02816,-0.04786,0.68228,0.03488,-0.00517,-0.20055,0.00951,0.00009,0.16732,0.25302,0.14650,0.06693,-0.10070,-0.00144,-0.01084,-0.19456,0.02386,0.00332,0.46143,-0.01260,0.00114,0.00046
9.8000,980,9,9.7974,48.57,0.72904,0.05012,0.00579,0.31183,0.04398,0.00857,0.29222,-0.18090,0.02227,-0.11047,-0.22568,0.03665,-0.00252,0.20029,-0.09043,0.00856,0.43878,-0.12101,0.06301,-0.08447,0.77596,0.19068,0.00592,-0.20154,-0.00575,0.00513,0.19887,0.43515,0.00490,-0.17887,-0.09302,0.00252,-0.00047,-0.20692,0.04268,-0.01230,0.43209,-0.12191,-0.02252,-0.02999,0.73241,0.02091,-0.00786,0.33877,0.09589,0.00143,0.40899,0.05021,-0.05369,0.01161,-0.19192,0.01354,-0.00443,0.29315,0.08801,-0.00132,0.45169,-0.00451,0.02592,-0.04202,0.68396,0.03230,-0.00535,-0.20007,0.00947,0.00007,0.17992,0.25077,0.14959,0.05666,-0.10091,-0.00665,-0.01039,-0.19340,0.02229,0.00309,0.46092,-0.00802,0.00116,0.00032
9.8500,985,9,9.8486,51.27,0.73519,0.04743,0.01448,0.31113,0.00893,0.00843,0.27312,-0.20495,0.00073,-0.30422,-0.22568,0.03665,-0.00252,0.20029,-0.09043,0.00856,0.43878,-0.12101,0.06301,-0.08447,0.79693,0.19079,0.00961,-0.20143,-0.00873,-0.00137,0.23505,0.36198,-0.00805,0.00780,-0.09188,0.00869,0.00480,-0.20188,0.05725,-0.00999,0.41918,-0.13182,-0.02554,-0.05201,0.73336,0.01708,-0.00774,0.34355,0.09509,0.00184,0.41156,0.05232,-0.05309,0.01229,-0.19130,0.01133,-0.00461,0.29756,0.08853,-0.00079,0.45160,0.00050,0.02394,-0.03692,0.68551,0.02963,-0.00552,-0.19960,0.00944,0.00007,0.19237,0.24733,0.15219,0.04769,-0.10136,-0.01164,-0.00996,-0.19233,0.02082,0.00289,0.46063,-0.00384,0.00117,0.00021
9.9000,990,9,9.8976,49.02,0.73519,0.04743,0.01448,0.31113,0.00893,0.00843,0.27312,-0.20495,0.00073,-0.30422,-0.22129,0.04225,-0.00177,0.19361,-0.08320,-0.00061,0.42734,-0.13989,0.05380,-0.10485,0.79693,0.19079,0.00961,-0.20143,-0.00873,-0.00137,0.23505,0.36198,-0.00805,0.00780,-0.09188,0.00869,0.00480,-0.20188,0.05725,-0.00999,0.41918,-0.13182,-0.02554,-0.05201,0.73412,0.01331,-0.00763,0.34828,0.09409,0.00222,0.41421,0.05381,-0.05246,0.01285,-0.19079,0.00903,-0.00477,0.30200,0.08880,-0.00030,0.45173,0.00486,0.02221,-0.03245,0.68692,0.02689,-0.00567,-0.19913,0.00941,0.00008,0.20463,0.24290,0.15437,0.03987,-0.10207,-0.01642,-0.00955,-0.19132,0.01944,0.00272,0.46053,-0.00010,0.00118,0.00011
9.9500,995,9,9.9471,49.45,0.73982,0.03505,0.00764,0.30914,-0.00521,-0.01767,0.25087,-0.22880,-0.04239,-0.45819,-0.22129,0.04225,-0.00177,0.19361,-0.08320,-0.00061,0.42734,-0.13989,0.05380,-0.10485,0.81615,0.18214,0.01557,-0.20327,-0.01138,0.00187,0.26771,0.31663,-0.00535,0.01959,-0.09071,0.00788,0.00396,-0.19527,0.05827,-0.01007,0.40356,-0.14729,-0.03575,-0.17179,0.73470,0.00960,-0.00752,0.35296,0.09291,0.00257,0.41693,0.05475,-0.05181,0.01332,-0.19040,0.00665,-0.00491,0.30644,0.08883,0.00017,0.45207,0.00860,0.02069,-0.02853,0.68819,0.02407,-0.00581,-0.19866,0.00936,0.00012,0.21665,0.23767,0.15619,0.03304,-0.10300,-0.02101,-0.00916,-0.19038,0.01814,0.00258,0.46061,0.00320,0.00118,0.00003
10.0000,1000,10,9.9979,50.78,0.73982,0.03505,0.00764,0.30914,-0.00521,-0.01767,0.25087,-0.22880,-0.04239,-0.45819,-0.21514,0.04681,-0.00484,0.18446,-0.06741,-0.01069,0.41373,-0.15101,0.04245,-0.10306,0.81615,0.18214,0.01557,-0.20327,-0.01138,0.00187,0.26771,0.31663,-0.00535,0.01959,-0.09071,0.00788,0.00396,-0.19527,0.05827,-0.01007,0.40356,-0.14729,-0.03575,-0.17179,0.73982,0.03505,0.00764,0.30914,-0.00521,-0.01767,0.25087,-0.22880,-0.04239,-0.45819,-0.21514,0.04681,-0.00484,0.18446,-0.06741,-0.01069,0.41373,-0.15101,0.04245,-0.10306,0.81615,0.18214,0.01557,-0.20327,-0.01138,0.00187,0.26771,0.31663,-0.00535,0.01959,-0.09071,0.00788,0.00396,-0.19527,0.05827,-0.01007,0.40356,-0.14729,-0.03575,-0.17179
10.0500,1005,10,10.0477,49.80,0.74332,0.03629,0.00370,0.30978,0.01718,-0.01164,0.22767,-0.23084,-0.08055,-0.27751,-0.21514,0.04681,-0.00484,0.18446,-0.06741,-0.01069,0.41373,-0.15101,0.04245,-0.10306,0.83512,0.17967,0.01193,-0.20889,-0.04029,-0.00227,0.29941,0.29032,0.00066,0.05709,-0.09081,-0.00139,0.00845,-0.18804,0.07259,-0.00964,0.38791,-0.16676,-0.05708,-0.21223,0.74165,0.03805,0.00470,0.30909,0.00309,-0.01614,0.24256,-0.11107,-0.06372,-0.39619,-0.21286,0.04461,-0.00422,0.18125,-0.06067,-0.01630,0.40641,-0.14052,0.03759,-0.09177,0.82536,0.18476,-0.00353,-0.20386,-0.01252,0.00266,0.28180,0.25067,-0.00448,0.01550,-0.09028,0.00868,-0.00037,-0.19228,0.06066,-0.00037,0.39646,-0.13585,-0.04381,-0.15080
10.1000,1010,10,10.0974,49.76,0.74332,0.03629,0.00370,0.30978,0.01718,-0.01164,0.22767,-0.23084,-0.08055,-0.27751,-0.20943,0.05187,-0.00173,0.17863,-0.05697,-0.00806,0.40021,-0.16368,0.03371,-0.09090,0.83512,0.17967,0.01193,-0.20889,-0.04029,-0.00227,0.29941,0.29032,0.00066,0.05709,-0.09081,-0.00139,0.00845,-0.18804,0.07259,-0.00964,0.38791,-0.16676,-0.05708,-0.21223,0.74360,0.03974,0.00226,0.30944,0.01062,-0.01455,0.23913,-0.03160,-0.08214,-0.34209,-0.21068,0.04262,-0.00392,0.17843,-0.05181,-0.01953,0.39975,-0.12511,0.03325,-0.08186,0.83450,0.17976,-0.01595,-0.20452,-0.01392,0.00301,0.29307,0.20256,-0.00379,0.01197,-0.08987,0.00775,-0.00326,-0.18927,0.05921,0.00580,0.39006,-0.11973,-0.05088,-0.13240
10.1500,1015,10,10.1477,50.28,0.74664,0.02976,0.00791,0.31220,0.03494,-0.03361,0.20539,-0.20538,-0.11113,-0.24169,-0.20943,0.05187,-0.00173,0.17863,-0.05697,-0.00806,0.40021,-0.16368,0.03371,-0.09090,0.85081,0.16139,0.01826,-0.20680,-0.01364,-0.00791,0.32261,0.21058,0.00851,0.05098,-0.09161,-0.01914,0.01131,-0.17393,0.12569,-0.01011,0.37025,-0.18673,-0.07549,-0.20216,0.74560,0.04033,0.00020,0.31014,0.01736,-0.01296,0.23898,0.02210,-0.09804,-0.29488,-0.20859,0.04073,-0.00383,0.17609,-0.04178,-0.02112,0.39393,-0.10757,0.02938,-0.07314,0.84326,0.16986,-0.02379,-0.20526,-0.01543,0.00309,0.30227,0.16729,-0.00327,0.00893,-0.08953,0.00565,-0.00516,-0.18640,0.05536,0.00958,0.38452,-0.10168,-0.05708,-0.11627
10.2000,1020,10,10.1977,50.01,0.74664,0.02976,0.00791,0.31220,0.03494,-0.03361,0.20539,-0.20538,-0.11113,-0.24169,-0.20402,0.05961,0.00206,0.17316,-0.04617,-0.02344,0.38726,-0.17229,0.02230,-0.16136,0.85081,0.16139,0.01826,-0.20680,-0.01364,-0.00791,0.32261,0.21058,0.00851,0.05098,-0.09161,-0.01914,0.01131,-0.17393,0.12569,-0.01011,0.37025,-0.18673,-0.07549,-0.20216,0.74762,0.03999,-0.00155,0.31116,0.02334,-0.01142,0.24105,0.05836,-0.11173,-0.25370,-0.20661,0.03884,-0.00389,0.17426,-0.03127,-0.02162,0.38900,-0.08962,0.02592,-0.06548,0.85144,0.15693,-0.02851,-0.20607,-0.01693,0.00300,0.30995,0.14132,-0.00289,0.00631,-0.08932,0.00279,-0.00638,-0.18376,0.05007,0.01175,0.37989,-0.08338,-0.06254,-0.10214
10.2500,1025,10,10.2477,49.96,0.74944,0.02781,-0.00353,0.31779,0.07940,-0.04779,0.18696,-0.16313,-0.10460,0.45237,-0.20402,0.05961,0.00206,0.17316,-0.04617,-0.02344,0.38726,-0.17229,0.02230,-0.16136,0.86521,0.13521,0.02816,-0.20912,-0.01117,-0.01033,0.33551,0.08693,0.01231,-0.00877,-0.09270,-0.01605,0.00576,-0.16206,0.11288,0.00990,0.34789,-0.20138,-0.09187,-0.05983,0.74959,0.03885,-0.00306,0.31246,0.02858,-0.00994,0.24462,0.08278,-0.12350,-0.21777,-0.20471,0.03690,-0.00405,0.17296,-0.02070,-0.02138,0.38496,-0.07227,0.02282,-0.05874,0.85892,0.14224,-0.03110,-0.20695,-0.01835,0.00281,0.31652,0.12212,-0.00263,0.00406,-0.08926,-0.00054,-0.00715,-0.18140,0.04401,0.01284,0.37617,-0.06581,-0.06733,-0.08975
10.3000,1030,10,10.2977,50.02,0.74944,0.02781,-0.00353,0.31779,0.07940,-0.04779,0.18696,-0.16313,-0.10460,0.45237,-0.19689,0.05990,0.01738,0.16797,-0.02875,-0.03891,0.36950,-0.16837,0.00988,-0.07202,0.86521,0.13521,0.02816,-0.20912,-0.01117,-0.01033,0.33551,0.08693,0.01231,-0.00877,-0.09270,-0.01605,0.00576,-0.16206,0.11288,0.00990,0.34789,-0.20138,-0.09187,-0.05983,0.75149,0.03702,-0.00436,0.31401,0.03311,-0.00854,0.24919,0.09910,-0.13358,-0.18643,-0.20292,0.03486,-0.00427,0.17219,-0.01037,-0.02067,0.38176,-0.05607,0.02003,-0.05282,0.86565,0.12665,-0.03226,-0.20790,-0.01967,0.00257,0.32225,0.10789,-0.00248,0.00212,-0.08937,-0.00417,-0.00761,-0.17936,0.03760,0.01322,0.37329,-0.04949,-0.07154,-0.07889
10.3500,1035,10,10.3477,50.00,0.75283,0.03975,-0.00650,0.32763,0.11092,-0.01744,0.17375,-0.10306,-0.03836,0.73300,-0.19689,0.05990,0.01738,0.16797,-0.02875,-0.03891,0.36950,-0.16837,0.00988,-0.07202,0.87685,0.10328,0.02968,-0.20526,0.01724,0.00505,0.33616,-0.02978,0.01119,-0.00830,-0.09200,-0.01099,0.00470,-0.15663,0.07977,0.02818,0.32667,-0.19463,-0.08769,0.12049,0.75328,0.03460,-0.00548,0.31576,0.03697,-0.00723,0.25443,0.10983,-0.14221,-0.15911,-0.20123,0.03270,-0.00452,0.17192,-0.00047,-0.01965,0.37933,-0.04129,0.01753,-0.04760,0.87158,0.11074,-0.03246,-0.20891,-0.02087,0.00231,0.32736,0.09731,-0.00242,0.00046,-0.08968,-0.00797,-0.00786,-0.17765,0.03112,0.01314,0.37119,-0.03467,-0.07524,-0.06937
10.4000,1040,10,10.3977,50.02,0.75283,0.03975,-0.00650,0.32763,0.11092,-0.01744,0.17375,-0.10306,-0.03836,0.73300,-0.19143,0.04113,0.01826,0.16845,0.02500,-0.04775,0.35500,-0.13943,-0.00695,-0.26557,0.87685,0.10328,0.02968,-0.20526,0.01724,0.00505,0.33616,-0.02978,0.01119,-0.00830,-0.09200,-0.01099,0.00470,-0.15663,0.07977,0.02818,0.32667,-0.19463,-0.08769,0.12049,0.75494,0.03167,-0.00646,0.31769,0.04021,-0.00600,0.26011,0.11669,-0.14955,-0.13528,-0.19965,0.03042,-0.00480,0.17213,0.00888,-0.01845,0.37760,-0.02803,0.01526,-0.04302,0.87672,0.09491,-0.03203,-0.20998,-0.02194,0.00205,0.33202,0.08941,-0.00243,-0.00097,-0.09017,-0.01186,-0.00797,-0.17625,0.02476,0.01277,0.36980,-0.02144,-0.07849,-0.06102
10.4500,1045,10,10.4477,50.00,0.75419,0.02173,0.01885,0.37315,0.21292,0.00031,0.16346,-0.04249,0.01977,0.27106,-0.19143,0.04113,0.01826,0.16845,0.02500,-0.04775,0.35500,-0.13943,-0.00695,-0.26557,0.88639,0.07501,0.03508,-0.20722,0.00388,0.00234,0.32614,-0.11999,0.01335,0.08338,-0.09385,-0.01406,0.00086,-0.15235,0.04477,0.03192,0.30791,-0.18546,-0.07697,0.08937,0.75644,0.02828,-0.00731,0.31977,0.04287,-0.00486,0.26606,0.12082,-0.15579,-0.11452,-0.19819,0.02800,-0.00507,0.17280,0.01761,-0.01713,0.37650,-0.01628,0.01321,-0.03898,0.88108,0.07938,-0.03120,-0.21110,-0.02288,0.00181,0.33634,0.08351,-0.00251,-0.00219,-0.09086,-0.01578,-0.00799,-0.17517,0.01862,0.01222,0.36902,-0.00978,-0.08136,-0.05370
10.5000,1050,10,10.4974,49.71,0.75419,0.02173,0.01885,0.37315,0.21292,0.00031,0.16346,-0.04249,0.01977,0.27106,-0.18717,0.02404,0.02012,0.17200,0.07558,-0.06454,0.33984,-0.14242,-0.04526,-0.38603,0.88639,0.07501,0.03508,-0.20722,0.00388,0.00234,0.32614,-0.11999,0.01335,0.08338,-0.09385,-0.01406,0.00086,-0.15235,0.04477,0.03192,0.30791,-0.18546,-0.07697,0.08937,0.75776,0.02451,-0.00805,0.32197,0.04499,-0.00379,0.27216,0.12300,-0.16105,-0.09642,-0.19685,0.02544,-0.00535,0.17388,0.02569,-0.01577,0.37595,-0.00598,0.01136,-0.03542,0.88467,0.06434,-0.03011,-0.21227,-0.02372,0.00159,0.34040,0.07906,-0.00265,-0.00323,-0.09175,-0.01969,-0.00795,-0.17438,0.01278,0.01158,0.36879,0.00041,-0.08388,-0.04728
10.5500,1055,10,10.5476,50.21,0.75658,0.00601,0.01784,0.39232,0.21737,-0.01196,0.15972,-0.02711,0.03769,0.21675,-0.18717,0.02404,0.02012,0.17200,0.07558,-0.06454,0.33984,-0.14242,-0.04526,-0.38603,0.89253,0.04498,0.03163,-0.20658,-0.00134,0.00482,0.31058,-0.17757,0.01906,0.04361,-0.09622,-0.02493,0.01474,-0.15370,-0.00288,0.04189,0.28849,-0.19074,-0.06448,0.18341,0.75889,0.02040,-0.00869,0.32426,0.04661,-0.00280,0.27833,0.12378,-0.16547,-0.08065,-0.19565,0.02275,-0.00561,0.17535,0.03308,-0.01440,0.37588,0.00299,0.00967,-0.03229,0.88752,0.04987,-0.02888,-0.21347,-0.02445,0.00140,0.34426,0.07568,-0.00283,-0.00412,-0.09283,-0.02357,-0.00787,-0.17388,0.00727,0.01090,0.36904,0.00923,-0.08610,-0.04165
10.6000,1060,10,10.5975,49.84,0.75658,0.00601,0.01784,0.39232,0.21737,-0.01196,0.15972,-0.02711,0.03769,0.21675,-0.18725,-0.00251,0.03399,0.18591,0.15207,-0.04167,0.33140,-0.08434,-0.06574,-0.18234,0.89253,0.04498,0.03163,-0.20658,-0.00134,0.00482,0.31058,-0.17757,0.01906,0.04361,-0.09622,-0.02493,0.01474,-0.15370,-0.00288,0.04189,0.28849,-0.19074,-0.06448,0.18341,0.75980,0.01600,-0.00924,0.32662,0.04775,-0.00188,0.28452,0.12352,-0.16915,-0.06692,-0.19458,0.01994,-0.00586,0.17718,0.03981,-0.01303,0.37623,0.01074,0.00812,-0.02953,0.88967,0.03602,-0.02756,-0.21471,-0.02510,0.00123,0.34798,0.07310,-0.00306,-0.00487,-0.09411,-0.02741,-0.00777,-0.17365,0.00210,0.01020,0.36970,0.01681,-0.08805,-0.03671
10.6500,1065,10,10.6481,50.57,0.75679,-0.01682,0.03137,0.41085,0.21432,0.01563,0.15806,-0.00109,0.05489,0.21226,-0.18725,-0.00251,0.03399,0.18591,0.15207,-0.04167,0.33140,-0.08434,-0.06574,-0.18234,0.89623,0.01994,0.03390,-0.20691,-0.00624,0.00446,0.29210,-0.21284,0.02205,-0.00191,-0.10264,-0.06126,0.01894,-0.15295,-0.01685,0.01348,0.27025,-0.18737,-0.04229,0.16337,0.76048,0.01135,-0.00969,0.32903,0.04846,-0.00102,0.29067,0.12250,-0.17219,-0.05497,-0.19366,0.01701,-0.00609,0.17932,0.04587,-0.01170,0.37694,0.01740,0.00671,-0.02709,0.89113,0.02283,-0.02622,-0.21598,-0.02567,0.00110,0.35158,0.07108,-0.00332,-0.00551,-0.09557,-0.03119,-0.00765,-0.17367,-0.00274,0.00951,0.37070,0.02328,-0.08978,-0.03238
10.7000,1070,10,10.6975,49.39,0.75679,-0.01682,0.03137,0.41085,0.21432,0.01563,0.15806,-0.00109,0.05489,0.21226,-0.18927,-0.02958,0.01487,0.20257,0.19682,-0.04250,0.32464,-0.06160,-0.08396,-0.15297,0.89623,0.01994,0.03390,-0.20691,-0.00624,0.00446,0.29210,-0.21284,0.02205,-0.00191,-0.10264,-0.06126,0.01894,-0.15295,-0.01685,0.01348,0.27025,-0.18737,-0.04229,0.16337,0.76093,0.00651,-0.01005,0.33146,0.04876,-0.00022,0.29676,0.12094,-0.17467,-0.04457,-0.19288,0.01397,-0.00630,0.18176,0.05129,-0.01040,0.37795,0.02309,0.00541,-0.02494,0.89196,0.01030,-0.02487,-0.21728,-0.02617,0.00098,0.35509,0.06948,-0.00361,-0.00605,-0.09723,-0.03491,-0.00752,-0.17392,-0.00724,0.00885,0.37201,0.02877,-0.09130,-0.02858
10.7500,1075,10,10.7475,50.05,0.75457,-0.04551,0.02936,0.42594,0.18190,0.01798,0.15781,0.00687,0.08739,0.41549,-0.18927,-0.02958,0.01487,0.20257,0.19682,-0.04250,0.32464,-0.06160,-0.08396,-0.15297,0.89615,-0.02564,0.03726,-0.20047,0.04338,-0.01138,0.26265,-0.28718,0.02156,0.04438,-0.11029,-0.08308,0.01746,-0.15425,-0.03257,0.02143,0.25141,-0.19780,-0.02849,0.13784,0.76113,0.00151,-0.01031,0.33390,0.04869,0.00051,0.30276,0.11902,-0.17667,-0.03553,-0.19226,0.01083,-0.00649,0.18444,0.05609,-0.00916,0.37923,0.02792,0.00421,-0.02305,0.89218,-0.00157,-0.02355,-0.21860,-0.02663,0.00090,0.35854,0.06818,-0.00392,-0.00650,-0.09906,-0.03857,-0.00738,-0.17439,-0.01143,0.00822,0.37357,0.03339,-0.09265,-0.02524
10.8000,1080,10,10.7978,50.30,0.75457,-0.04551,0.02936,0.42594,0.18190,0.01798,0.15781,0.00687,0.08739,0.41549,-0.19252,-0.04004,0.00607,0.22125,0.20522,-0.00800,0.31810,-0.06720,-0.09263,-0.06733,0.89615,-0.02564,0.03726,-0.20047,0.04338,-0.01138,0.26265,-0.28718,0.02156,0.04438,-0.11029,-0.08308,0.01746,-0.15425,-0.03257,0.02143,0.25141,-0.19780,-0.02849,0.13784,0.76108,-0.00360,-0.01049,0.33633,0.04827,0.00119,0.30866,0.11684,-0.17824,-0.02766,-0.19180,0.00760,-0.00666,0.18735,0.06029,-0.00797,0.38073,0.03201,0.00310,-0.02137,0.89181,-0.01280,-0.02225,-0.21994,-0.02706,0.00083,0.36192,0.06709,-0.00426,-0.00688,-0.10108,-0.04216,-0.00724,-0.17506,-0.01531,0.00763,0.37533,0.03727,-0.09383,-0.02231
10.8500,1085,10,10.8474,49.58,0.74916,-0.06797,0.02298,0.44122,0.16112,0.01616,0.15864,-0.00201,0.12022,0.17048,-0.19252,-0.04004,0.00607,0.22125,0.20522,-0.00800,0.31810,-0.06720,-0.09263,-0.06733,0.89350,-0.04961,0.02809,-0.19338,0.05576,0.00129,0.22965,-0.32773,0.02699,0.09306,-0.11691,-0.08601,0.00424,-0.16232,-0.08296,0.03155,0.23045,-0.20700,-0.01332,0.15752,0.76077,-0.00877,-0.01060,0.33872,0.04752,0.00182,0.31444,0.11450,-0.17945,-0.02083,-0.19150,0.00429,-0.00681,0.19046,0.06391,-0.00683,0.38242,0.03544,0.00207,-0.01988,0.89091,-0.02341,-0.02100,-0.22130,-0.02745,0.00079,0.36525,0.06616,-0.00461,-0.00720,-0.10328,-0.04568,-0.00710,-0.17591,-0.01892,0.00708,0.37728,0.04050,-0.09488,-0.01974
10.9000,1090,10,10.8974,50.02,0.74916,-0.06797,0.02298,0.44122,0.16112,0.01616,0.15864,-0.00201,0.12022,0.17048,-0.19546,-0.03289,-0.00155,0.24003,0.19749,-0.00222,0.31018,-0.08174,-0.09115,-0.03936,0.89350,-0.04961,0.02809,-0.19338,0.05576,0.00129,0.22965,-0.32773,0.02699,0.09306,-0.11691,-0.08601,0.00424,-0.16232,-0.08296,0.03155,0.23045,-0.20700,-0.01332,0.15752,0.76020,-0.01398,-0.01063,0.34107,0.04649,0.00239,0.32011,0.11207,-0.18034,-0.01490,-0.19137,0.00092,-0.00693,0.19374,0.06700,-0.00576,0.38427,0.03832,0.00111,-0.01857,0.88948,-0.03341,-0.01980,-0.22269,-0.02783,0.00076,0.36853,0.06532,-0.00497,-0.00746,-0.10565,-0.04912,-0.00695,-0.17694,-0.02227,0.00657,0.37938,0.04316,-0.09581,-0.01748
10.9500,1095,10,10.9472,49.75,0.74255,-0.07819,0.01636,0.45184,0.12732,0.00735,0.15648,-0.03246,0.13295,0.14341,-0.19546,-0.03289,-0.00155,0.24003,0.19749,-0.00222,0.31018,-0.08174,-0.09115,-0.03936,0.88897,-0.04768,0.00775,-0.19977,-0.01187,0.01046,0.19519,-0.33475,0.03552,0.08214,-0.12425,-0.09629,0.01857,-0.17170,-0.09156,0.00632,0.20862,-0.22932,0.00498,0.11356,0.75937,-0.01919,-0.01060,0.34337,0.04519,0.00291,0.32565,0.10960,-0.18096,-0.00976,-0.19141,-0.00250,-0.00703,0.19715,0.06957,-0.00473,0.38625,0.04070,0.00021,-0.01741,0.88757,-0.04284,-0.01864,-0.22409,-0.02820,0.00075,0.37178,0.06456,-0.00535,-0.00767,-0.10819,-0.05249,-0.00680,-0.17814,-0.02538,0.00610,0.38159,0.04534,-0.09664,-0.01550
11.0000,1100,11,10.9977,50.56,0.74255,-0.07819,0.01636,0.45184,0.12732,0.00735,0.15648,-0.03246,0.13295,0.14341,-0.19344,-0.00688,-0.00635,0.25711,0.17857,-0.00139,0.30151,-0.10675,-0.10047,-0.15231,0.88897,-0.04768,0.00775,-0.19977,-0.01187,0.01046,0.19519,-0.33475,0.03552,0.08214,-0.12425,-0.09629,0.01857,-0.17170,-0.09156,0.00632,0.20862,-0.22932,0.00498,0.11356,0.74255,-0.07819,0.01636,0.45184,0.12732,0.00735,0.15648,-0.03246,0.13295,0.14341,-0.19344,-0.00688,-0.00635,0.25711,0.17857,-0.00139,0.30151,-0.10675,-0.10047,-0.15231,0.88897,-0.04768,0.00775,-0.19977,-0.01187,0.01046,0.19519,-0.33475,0.03552,0.08214,-0.12425,-0.09629,0.01857,-0.17170,-0.09156,0.00632,0.20862,-0.22932,0.00498,0.11356
11.0500,1105,11,11.0473,49.59,0.73483,-0.09094,0.01830,0.46680,0.13859,0.00024,0.15135,-0.06429,0.14519,0.01938,-0.19344,-0.00688,-0.00635,0.25711,0.17857,-0.00139,0.30151,-0.10675,-0.10047,-0.15231,0.88160,-0.07986,0.03213,-0.19725,-0.00038,-0.00436,0.15850,-0.37481,0.03538,-0.08531,-0.13541,-0.12349,0.03797,-0.17804,-0.06458,0.00454,0.18308,-0.27106,0.01583,0.22490,0.73882,-0.07154,0.01104,0.45807,0.12116,0.01694,0.15507,-0.02316,0.13955,0.12104,-0.19387,-0.01018,-0.00706,0.26604,0.17797,0.00356,0.29627,-0.10208,-0.10753,-0.13053,0.88664,-0.04634,-0.00163,-0.20047,-0.01568,0.00545,0.18032,-0.26205,0.03937,0.07230,-0.12886,-0.08904,0.01143,-0.17633,-0.09275,-0.00089,0.19837,-0.18189,0.01031,0.09996
11.1000,1110,11,11.0973,49.99,0.73483,-0.09094,0.01830,0.46680,0.13859,0.00024,0.15135,-0.06429,0.14519,0.01938,-0.19299,0.00150,-0.00232,0.27250,0.17690,-0.00025,0.28888,-0.12385,-0.11406,-0.08783,0.88160,-0.07986,0.03213,-0.19725,-0.00038,-0.00436,0.15850,-0.37481,0.03538,-0.08531,-0.13541,-0.12349,0.03797,-0.17804,-0.06458,0.00454,0.18308,-0.27106,0.01583,0.22490,0.73536,-0.06713,0.00711,0.46389,0.11136,0.02246,0.15422,-0.01025,0.14510,0.10154,-0.19447,-0.01376,-0.00747,0.27488,0.17531,0.00709,0.29134,-0.09502,-0.11357,-0.11151,0.88428,-0.04872,-0.00762,-0.20130,-0.01753,0.00235,0.16881,-0.20010,0.04277,0.06367,-0.13320,-0.08471,0.00655,-0.18093,-0.09113,-0.00533,0.19033,-0.14050,0.01501,0.08805
11.1500,1115,11,11.1474,50.05,0.72704,-0.09424,0.00399,0.47236,0.11616,0.01970,0.14354,-0.09373,0.14289,0.12064,-0.19299,0.00150,-0.00232,0.27250,0.17690,-0.00025,0.28888,-0.12385,-0.11406,-0.08783,0.87314,-0.09850,0.03237,-0.19559,0.01043,-0.00870,0.11793,-0.37917,0.02746,-0.04394,-0.14795,-0.14547,0.01003,-0.18698,-0.08322,0.00169,0.15221,-0.31100,0.04957,0.45677,0.73208,-0.06440,0.00418,0.46917,0.09957,0.02527,0.15407,0.00444,0.14974,0.08457,-0.19525,-0.01748,-0.00767,0.28354,0.17117,0.00962,0.28680,-0.08607,-0.11872,-0.09492,0.88173,-0.05344,-0.01130,-0.20220,-0.01820,0.00053,0.16016,-0.14705,0.04576,0.05611,-0.13737,-0.08236,0.00324,-0.18541,-0.08783,-0.00788,0.18423,-0.10415,0.01914,0.07761
11.2000,1120,11,11.1977,50.32,0.72704,-0.09424,0.00399,0.47236,0.11616,0.01970,0.14354,-0.09373,0.14289,0.12064,-0.19372,-0.00127,-0.00498,0.29134,0.18527,0.00283,0.27876,-0.12469,-0.11803,0.06042,0.87314,-0.09850,0.03237,-0.19559,0.01043,-0.00870,0.11793,-0.37917,0.02746,-0.04394,-0.14795,-0.14547,0.01003,-0.18698,-0.08322,0.00169,0.15221,-0.31100,0.04957,0.45677,0.72890,-0.06291,0.00199,0.47384,0.08686,0.02631,0.15467,0.01972,0.15359,0.06980,-0.19621,-0.02126,-0.00773,0.29197,0.16598,0.01144,0.28275,-0.07569,-0.12310,-0.08044,0.87891,-0.05955,-0.01340,-0.20311,-0.01819,-0.00043,0.15398,-0.10146,0.04840,0.04948,-0.14146,-0.08135,0.00101,-0.18970,-0.08361,-0.00918,0.17984,-0.07206,0.02279,0.06846
11.2500,1125,11,11.2474,49.73,0.71932,-0.08042,-0.01479,0.48493,0.09789,0.03034,0.13241,-0.11856,0.15332,0.07175,-0.19372,-0.00127,-0.00498,0.29134,0.18527,0.00283,0.27876,-0.12469,-0.11803,0.06042,0.86212,-0.13421,0.01381,-0.19417,0.00820,0.00420,0.08347,-0.31271,0.02056,-0.08509,-0.16274,-0.14501,-0.00597,-0.19632,-0.09618,0.02542,0.12251,-0.28023,0.08612,0.14872,0.72577,-0.06236,0.00034,0.47786,0.07395,0.02620,0.15604,0.03484,0.15676,0.05695,-0.19737,-0.02504,-0.00769,0.30013,0.16004,0.01273,0.27925,-0.06431,-0.12680,-0.06781,0.87576,-0.06641,-0.01443,-0.20402,-0.01786,-0.00084,0.14991,-0.06217,0.05072,0.04366,-0.14552,-0.08125,-0.00049,-0.19376,-0.07896,-0.00966,0.17696,-0.04365,0.02601,0.06044
11.3000,1130,11,11.2974,50.03,0.71932,-0.08042,-0.01479,0.48493,0.09789,0.03034,0.13241,-0.11856,0.15332,0.07175,-0.19310,0.00301,0.00038,0.30734,0.17969,0.01225,0.26553,-0.13776,-0.10935,0.07593,0.86212,-0.13421,0.01381,-0.19417,0.00820,0.00420,0.08347,-0.31271,0.02056,-0.08509,-0.16274,-0.14501,-0.00597,-0.19632,-0.09618,0.02542,0.12251,-0.28023,0.08612,0.14872,0.72265,-0.06251,-0.00091,0.48123,0.06127,0.02539,0.15815,0.04933,0.15932,0.04577,-0.19872,-0.02879,-0.00760,0.30797,0.15355,0.01365,0.27633,-0.05233,-0.12990,-0.05679,0.87226,-0.07359,-0.01476,-0.20490,-0.01743,-0.00089,0.14767,-0.02824,0.05277,0.03857,-0.14959,-0.08175,-0.00148,-0.19759,-0.07422,-0.00959,0.17542,-0.01844,0.02885,0.05342
11.3500,1135,11,11.3474,49.99,0.71201,-0.07316,-0.00164,0.49278,0.07731,0.03436,0.12056,-0.11440,0.15678,-0.05147,-0.19310,0.00301,0.00038,0.30734,0.17969,0.01225,0.26553,-0.13776,-0.10935,0.07593,0.84867,-0.14366,0.02876,-0.18977,0.01261,0.02032,0.05724,-0.20645,0.00931,-0.10679,-0.17596,-0.13316,0.00536,-0.21247,-0.14078,0.04058,0.09520,-0.25274,0.08708,-0.07583,0.71951,-0.06320,-0.00185,0.48399,0.04911,0.02416,0.16096,0.06290,0.16136,0.03605,-0.20025,-0.03249,-0.00746,0.31548,0.14669,0.01429,0.27402,-0.04006,-0.13250,-0.04719,0.86840,-0.08082,-0.01462,-0.20576,-0.01702,-0.00072,0.14701,0.00108,0.05459,0.03409,-0.15370,-0.08264,-0.00212,-0.20119,-0.06960,-0.00919,0.17507,0.00394,0.03136,0.04726
11.4000,1140,11,11.3975,50.10,0.71201,-0.07316,-0.00164,0.49278,0.07731,0.03436,0.12056,-0.11440,0.15678,-0.05147,-0.19188,0.00479,0.00231,0.32009,0.15342,0.01497,0.25166,-0.14661,-0.10584,0.03188,0.84867,-0.14366,0.02876,-0.18977,0.01261,0.02032,0.05724,-0.20645,0.00931,-0.10679,-0.17596,-0.13316,0.00536,-0.21247,-0.14078,0.04058,0.09520,-0.25274,0.08708,-0.07583,0.71633,-0.06429,-0.00256,0.48616,0.03761,0.02270,0.16442,0.07537,0.16294,0.02761,-0.20197,-0.03611,-0.00730,0.32263,0.13958,0.01471,0.27233,-0.02778,-0.13464,-0.03882,0.86418,-0.08789,-0.01418,-0.20660,-0.01674,-0.00042,0.14771,0.02641,0.05619,0.03017,-0.15786,-0.08379,-0.00252,-0.20456,-0.06523,-0.00859,0.17578,0.02379,0.03359,0.04186
11.4500,1145,11,11.4472,49.64,0.70358,-0.07644,0.00502,0.50077,0.06034,0.01366,0.11162,-0.08163,0.14079,-0.30059,-0.19188,0.00479,0.00231,0.32009,0.15342,0.01497,0.25166,-0.14661,-0.10584,0.03188,0.83434,-0.15589,0.00818,-0.19131,-0.03034,0.00566,0.04452,-0.05890,0.00567,0.00668,-0.19140,-0.15605,0.02751,-0.22385,-0.14075,-0.00882,0.07228,-0.20848,0.07998,0.10222,0.71308,-0.06568,-0.00309,0.48777,0.02685,0.02115,0.16847,0.08662,0.16414,0.02029,-0.20386,-0.03965,-0.00712,0.32943,0.13229,0.01497,0.27124,-0.01570,-0.13640,-0.03153,0.85962,-0.09470,-0.01355,-0.20744,-0.01662,-0.00005,0.14960,0.04829,0.05761,0.02673,-0.16208,-0.08509,-0.00276,-0.20772,-0.06119,-0.00787,0.17741,0.04138,0.03556,0.03712
11.5000,1150,11,11.4976,50.40,0.70358,-0.07644,0.00502,0.50077,0.06034,0.01366,0.11162,-0.08163,0.14079,-0.30059,-0.19207,-0.00209,0.00994,0.33357,0.14298,0.01445,0.23932,-0.14253,-0.10311,0.01701,0.83434,-0.15589,0.00818,-0.19131,-0.03034,0.00566,0.04452,-0.05890,0.00567,0.00668,-0.19140,-0.15605,0.02751,-0.22385,-0.14075,-0.00882,0.07228,-0.20848,0.07998,0.10222,0.70976,-0.06729,-0.00347,0.48885,0.01686,0.01959,0.17306,0.09662,0.16499,0.01394,-0.20593,-0.04310,-0.00693,0.33586,0.12491,0.01511,0.27075,-0.00400,-0.13781,-0.02518,0.85472,-0.10116,-0.01281,-0.20827,-0.01669,0.00034,0.15249,0.06715,0.05887,0.02371,-0.16637,-0.08648,-0.00289,-0.21068,-0.05752,-0.00711,0.17988,0.05692,0.03731,0.03297
11.5500,1155,11,11.5476,50.04,0.69818,-0.05836,-0.01950,0.50063,0.02265,0.02635,0.10335,-0.06424,0.09974,-0.57718,-0.19207,-0.00209,0.00994,0.33357,0.14298,0.01445,0.23932,-0.14253,-0.10311,0.01701,0.81665,-0.17062,0.01041,-0.19096,-0.03545,0.01210,0.04393,0.06106,0.01005,0.10355,-0.20583,-0.16363,0.00703,-0.24681,-0.18272,0.00885,0.05160,-0.18601,0.07721,-0.13355,0.70635,-0.06907,-0.00374,0.48946,0.00762,0.01810,0.17812,0.10542,0.16554,0.00843,-0.20817,-0.04645,-0.00674,0.34192,0.11748,0.01515,0.27083,0.00721,-0.13893,-0.01965,0.84951,-0.10725,-0.01200,-0.20911,-0.01696,0.00074,0.15627,0.08336,0.05999,0.02105,-0.17073,-0.08791,-0.00294,-0.21347,-0.05422,-0.00633,0.18308,0.07061,0.03886,0.02933
11.6000,1160,11,11.5973,49.71,0.69818,-0.05836,-0.01950,0.50063,0.02265,0.02635,0.10335,-0.06424,0.09974,-0.57718,-0.19515,-0.02327,0.00661,0.34926,0.14162,0.01309,0.23271,-0.07213,-0.10278,0.01101,0.81665,-0.17062,0.01041,-0.19096,-0.03545,0.01210,0.04393,0.06106,0.01005,0.10355,-0.20583,-0.16363,0.00703,-0.24681,-0.18272,0.00885,0.05160,-0.18601,0.07721,-0.13355,0.70285,-0.07095,-0.00392,0.48963,-0.00091,0.01670,0.18358,0.11311,0.16584,0.00367,-0.21057,-0.04970,-0.00654,0.34761,0.11006,0.01510,0.27146,0.01782,-0.13979,-0.01484,0.84400,-0.11293,-0.01118,-0.20997,-0.01741,0.00112,0.16079,0.09726,0.06098,0.01872,-0.17516,-0.08935,-0.00294,-0.21611,-0.05131,-0.00556,0.18691,0.08264,0.04025,0.02613
11.6500,1165,11,11.6474,50.10,0.69205,-0.04857,-0.00050,0.50536,0.01632,0.00630,0.09814,-0.05095,0.05362,-0.26820,-0.19515,-0.02327,0.00661,0.34926,0.14162,0.01309,0.23271,-0.07213,-0.10278,0.01101,0.79849,-0.17821,0.00125,-0.19083,-0.03990,0.00147,0.05308,0.15723,0.02254,0.06949,-0.22434,-0.18510,0.00673,-0.26065,-0.16447,-0.00166,0.03489,-0.14121,0.06119,-0.25910,0.69925,-0.07290,-0.00402,0.48938,-0.00877,0.01539,0.18941,0.11978,0.16592,-0.00045,-0.21314,-0.05286,-0.00634,0.35293,0.10268,0.01499,0.27261,0.02778,-0.14042,-0.01065,0.83822,-0.11821,-0.01035,-0.21085,-0.01805,0.00148,0.16596,0.10911,0.06187,0.01668,-0.17967,-0.09079,-0.00290,-0.21861,-0.04876,-0.00483,0.19131,0.09315,0.04148,0.02332
11.7000,1170,11,11.6973,49.90,0.69205,-0.04857,-0.00050,0.50536,0.01632,0.00630,0.09814,-0.05095,0.05362,-0.26820,-0.19637,-0.02311,0.00724,0.36071,0.12156,0.01311,0.22042,-0.11792,-0.10218,0.02824,0.79849,-0.17821,0.00125,-0.19083,-0.03990,0.00147,0.05308,0.15723,0.02254,0.06949,-0.22434,-0.18510,0.00673,-0.26065,-0.16447,-0.00166,0.03489,-0.14121,0.06119,-0.25910,0.69556,-0.07489,-0.00406,0.48876,-0.01601,0.01417,0.19555,0.12551,0.16581,-0.00401,-0.21586,-0.05592,-0.00613,0.35788,0.09536,0.01483,0.27423,0.03706,-0.14086,-0.00702,0.83219,-0.12309,-0.00953,-0.21177,-0.01886,0.00181,0.17167,0.11917,0.06265,0.01488,-0.18424,-0.09220,-0.00284,-0.22099,-0.04657,-0.00413,0.19621,0.10228,0.04259,0.02086
11.7500,1175,11,11.7475,50.17,0.68720,-0.05015,-0.00547,0.50650,0.00106,0.01671,0.09400,-0.03465,0.03296,-0.10364,-0.19637,-0.02311,0.00724,0.36071,0.12156,0.01311,0.22042,-0.11792,-0.10218,0.02824,0.78023,-0.17739,-0.00030,-0.19176,-0.03673,0.00118,0.06973,0.19835,0.02210,-0.04320,-0.24179,-0.18422,0.02381,-0.28104,-0.18189,-0.00173,0.02377,-0.06409,0.03425,-0.17435,0.69176,-0.07688,-0.00405,0.48779,-0.02268,0.01304,0.20195,0.13038,0.16553,-0.00707,-0.21873,-0.05888,-0.00593,0.36247,0.08814,0.01463,0.27630,0.04562,-0.14113,-0.00386,0.82592,-0.12757,-0.00874,-0.21274,-0.01982,0.00210,0.17785,0.12764,0.06336,0.01330,-0.18888,-0.09357,-0.00277,-0.22327,-0.04470,-0.00348,0.20152,0.11018,0.04358,0.01869
11.8000,1180,11,11.7972,49.77,0.68720,-0.05015,-0.00547,0.50650,0.00106,0.01671,0.09400,-0.03465,0.03296,-0.10364,-0.19883,-0.03185,0.00853,0.37110,0.11159,0.01547,0.20791,-0.12251,-0.09799,0.10304,0.78023,-0.17739,-0.00030,-0.19176,-0.03673,0.00118,0.06973,0.19835,0.02210,-0.04320,-0.24179,-0.18422,0.02381,-0.28104,-0.18189,-0.00173,0.02377,-0.06409,0.03425,-0.17435,0.68787,-0.07886,-0.00400,0.48650,-0.02882,0.01199,0.20857,0.13446,0.16511,-0.00971,-0.22174,-0.06174,-0.00573,0.36670,0.08102,0.01438,0.27878,0.05347,-0.14126,-0.00113,0.81944,-0.13167,-0.00798,-0.21376,-0.02091,0.00235,0.18441,0.13470,0.06399,0.01191,-0.19360,-0.09491,-0.00268,-0.22547,-0.04315,-0.00288,0.20720,0.11694,0.04446,0.01679
11.8500,1185,11,11.8478,50.57,0.68290,-0.04337,0.00053,0.50644,0.00069,-0.00748,0.08987,-0.04461,0.03053,0.05240,-0.19883,-0.03185,0.00853,0.37110,0.11159,0.01547,0.20791,-0.12251,-0.09799,0.10304,0.76059,-0.19656,0.02742,-0.18726,0.00842,-0.00390,0.08547,0.17604,0.01100,-0.10620,-0.26130,-0.21488,0.01728,-0.30031,-0.17300,-0.02161,0.02185,0.02630,0.02301,-0.07478,0.68388,-0.08080,-0.00391,0.48492,-0.03446,0.01103,0.21538,0.13780,0.16456,-0.01197,-0.22490,-0.06450,-0.00553,0.37057,0.07403,0.01410,0.28163,0.06061,-0.14125,0.00124,0.81276,-0.13540,-0.00726,-0.21483,-0.02212,0.00257,0.19130,0.14052,0.06455,0.01068,-0.19837,-0.09620,-0.00259,-0.22759,-0.04187,-0.00233,0.21320,0.12267,0.04526,0.01512
11.9000,1190,11,11.8974,49.56,0.68290,-0.04337,0.00053,0.50644,0.00069,-0.00748,0.08987,-0.04461,0.03053,0.05240,-0.20350,-0.04392,0.00781,0.38002,0.09568,0.01195,0.19891,-0.10509,-0.08471,0.13633,0.76059,-0.19656,0.02742,-0.18726,0.00842,-0.00390,0.08547,0.17604,0.01100,-0.10620,-0.26130,-0.21488,0.01728,-0.30031,-0.17300,-0.02161,0.02185,0.02630,0.02301,-0.07478,0.67979,-0.08269,-0.00380,0.48306,-0.03965,0.01015,0.22234,0.14048,0.16392,-0.01390,-0.22819,-0.06717,-0.00533,0.37410,0.06719,0.01380,0.28483,0.06706,-0.14114,0.00329,0.80590,-0.13879,-0.00656,-0.21597,-0.02343,0.00276,0.19845,0.14523,0.06506,0.00961,-0.20322,-0.09744,-0.00249,-0.22966,-0.04085,-0.00182,0.21946,0.12748,0.04598,0.01365
11.9500,1195,11,11.9471,49.74,0.67905,-0.04094,-0.00812,0.50670,0.00289,0.00561,0.08593,-0.04787,0.04566,0.24152,-0.20350,-0.04392,0.00781,0.38002,0.09568,0.01195,0.19891,-0.10509,-0.08471,0.13633,0.74243,-0.20338,0.00517,-0.18740,0.00728,-0.00683,0.10373,0.17285,0.01293,0.11455,-0.28294,-0.22044,0.00175,-0.31777,-0.17178,0.00659,0.02757,0.07977,0.01912,0.02284,0.67561,-0.08452,-0.00366,0.48096,-0.04443,0.00933,0.22942,0.14255,0.16318,-0.01555,-0.23161,-0.06973,-0.00513,0.37729,0.06050,0.01347,0.28833,0.07284,-0.14093,0.00507,0.79889,-0.14185,-0.00591,-0.21718,-0.02483,0.00291,0.20581,0.14897,0.06551,0.00866,-0.20812,-0.09864,-0.00239,-0.23168,-0.04007,-0.00137,0.22593,0.13143,0.04663,0.01236
12.0000,1200,12,11.9975,50.39,0.67905,-0.04094,-0.00812,0.50670,0.00289,0.00561,0.08593,-0.04787,0.04566,0.24152,-0.20898,-0.05424,0.00332,0.39252,0.09677,0.01754,0.19016,-0.10142,-0.07262,0.05524,0.74243,-0.20338,0.00517,-0.18740,0.00728,-0.00683,0.10373,0.17285,0.01293,0.11455,-0.28294,-0.22044,0.00175,-0.31777,-0.17178,0.00659,0.02757,0.07977,0.01912,0.02284,0.67905,-0.04094,-0.00812,0.50670,0.00289,0.00561,0.08593,-0.04787,0.04566,0.24152,-0.20898,-0.05424,0.00332,0.39252,0.09677,0.01754,0.19016,-0.10142,-0.07262,0.05524,0.74243,-0.20338,0.00517,-0.18740,0.00728,-0.00683,0.10373,0.17285,0.01293,0.11455,-0.28294,-0.22044,0.00175,-0.31777,-0.17178,0.00659,0.02757,0.07977,0.01912,0.02284
12.0500,1205,12,12.0475,49.98,0.67544,-0.03186,-0.00866,0.51149,0.01347,0.02285,0.07916,-0.06778,0.07363,0.17611,-0.20898,-0.05424,0.00332,0.39252,0.09677,0.01754,0.19016,-0.10142,-0.07262,0.05524,0.72130,-0.21127,0.01403,-0.18343,0.01175,-0.00888,0.11820,0.13679,0.02705,0.20003,-0.30509,-0.22476,0.00676,-0.33673,-0.18173,-0.00299,0.03697,0.11783,0.01971,0.00593,0.67687,-0.04639,-0.01356,0.50674,-0.00195,0.01340,0.08521,0.01562,0.05689,0.20835,-0.21167,-0.05392,-0.00170,0.39714,0.08815,0.01757,0.18578,-0.07384,-0.07000,0.04973,0.73233,-0.20049,0.00652,-0.18698,0.00906,-0.00083,0.11190,0.15573,0.01830,0.10060,-0.29390,-0.21758,0.00930,-0.32638,-0.17139,-0.00715,0.03196,0.09610,0.02021,0.02066
12.1000,1210,12,12.0974,49.96,0.67544,-0.03186,-0.00866,0.51149,0.01347,0.02285,0.07916,-0.06778,0.07363,0.17611,-0.21369,-0.05173,0.00095,0.40091,0.07941,0.01049,0.17691,-0.11873,-0.06817,0.00392,0.72130,-0.21127,0.01403,-0.18343,0.01175,-0.00888,0.11820,0.13679,0.02705,0.20003,-0.30509,-0.22476,0.00676,-0.33673,-0.18173,-0.00299,0.03697,0.11783,0.01971,0.00593,0.67437,-0.05381,-0.01635,0.50646,-0.00969,0.01769,0.08720,0.06150,0.06657,0.17941,-0.21441,-0.05563,-0.00502,0.40133,0.07956,0.01746,0.18277,-0.04676,-0.06764,0.04487,0.72239,-0.19709,0.00723,-0.18653,0.00841,0.00323,0.11942,0.14567,0.02302,0.08837,-0.30465,-0.21180,0.01388,-0.33482,-0.16562,-0.01564,0.03719,0.11286,0.02119,0.01873
12.1500,1215,12,12.1473,49.90,0.67313,-0.02387,-0.00646,0.51143,-0.01999,0.03934,0.07387,-0.05745,0.09394,0.09687,-0.21369,-0.05173,0.00095,0.40091,0.07941,0.01049,0.17691,-0.11873,-0.06817,0.00392,0.70100,-0.20894,-0.01091,-0.18277,0.01980,-0.00465,0.12953,0.10318,0.05042,0.26013,-0.32767,-0.22747,-0.01084,-0.35444,-0.17537,-0.01168,0.05071,0.15423,0.02231,-0.02251,0.67148,-0.06215,-0.01742,0.50574,-0.01893,0.01968,0.09116,0.09516,0.07489,0.15417,-0.21726,-0.05865,-0.00714,0.40510,0.07104,0.01725,0.18108,-0.02108,-0.06550,0.04060,0.71263,-0.19346,0.00754,-0.18617,0.00612,0.00593,0.12655,0.14045,0.02716,0.07766,-0.31506,-0.20429,0.01647,-0.34289,-0.15662,-0.02059,0.04324,0.12903,0.02209,0.01701
12.2000,1220,12,12.1975,50.20,0.67313,-0.02387,-0.00646,0.51143,-0.01999,0.03934,0.07387,-0.05745,0.09394,0.09687,-0.21828,-0.05356,0.00879,0.40873,0.07137,0.01111,0.16454,-0.10424,-0.06737,-0.00655,0.70100,-0.20894,-0.01091,-0.18277,0.01980,-0.00465,0.12953,0.10318,0.05042,0.26013,-0.32767,-0.22747,-0.01084,-0.35444,-0.17537,-0.01168,0.05071,0.15423,0.02231,-0.02251,0.66816,-0.07072,-0.01737,0.50455,-0.02875,0.02017,0.09658,0.12023,0.08204,0.13214,-0.22028,-0.06250,-0.00844,0.40844,0.06265,0.01694,0.18063,0.00269,-0.06357,0.03683,0.70305,-0.18974,0.00757,-0.18594,0.00275,0.00768,0.13352,0.13852,0.03080,0.06828,-0.32506,-0.19586,0.01772,-0.35045,-0.14582,-0.02315,0.05007,0.14402,0.02290,0.01549
12.2500,1225,12,12.2478,50.29,0.67104,-0.02210,0.01239,0.50749,-0.05823,0.02149,0.07028,-0.00382,0.09676,-0.02077,-0.21828,-0.05356,0.00879,0.40873,0.07137,0.01111,0.16454,-0.10424,-0.06737,-0.00655,0.68138,-0.19360,-0.01097,-0.18079,0.02360,-0.01982,0.13716,0.05847,0.07525,0.26967,-0.34675,-0.19094,-0.02720,-0.37669,-0.18050,-0.02857,0.06737,0.18401,0.01622,-0.09759,0.66441,-0.07908,-0.01664,0.50287,-0.03856,0.01970,0.10308,0.13917,0.08815,0.11294,-0.22352,-0.06684,-0.00916,0.41136,0.05443,0.01657,0.18131,0.02432,-0.06181,0.03351,0.69365,-0.18606,0.00744,-0.18590,-0.00131,0.00877,0.14044,0.13877,0.03401,0.06006,-0.33463,-0.18705,0.01807,-0.35745,-0.13417,-0.02414,0.05762,0.15753,0.02364,0.01415
12.3000,1230,12,12.2975,49.72,0.67104,-0.02210,0.01239,0.50749,-0.05823,0.02149,0.07028,-0.00382,0.09676,-0.02077,-0.22346,-0.05966,0.00973,0.41588,0.06223,0.01458,0.15480,-0.08504,-0.06775,0.02137,0.68138,-0.19360,-0.01097,-0.18079,0.02360,-0.01982,0.13716,0.05847,0.07525,0.26967,-0.34675,-0.19094,-0.02720,-0.37669,-0.18050,-0.02857,0.06737,0.18401,0.01622,-0.09759,0.66025,-0.08698,-0.01550,0.50070,-0.04798,0.01865,0.11042,0.15364,0.09337,0.09619,-0.22697,-0.07142,-0.00948,0.41388,0.04641,0.01614,0.18303,0.04377,-0.06021,0.03059,0.68444,-0.18246,0.00721,-0.18608,-0.00578,0.00940,0.14741,0.14040,0.03683,0.05285,-0.34377,-0.17823,0.01785,-0.36386,-0.12230,-0.02410,0.06580,0.16943,0.02432,0.01295
12.3500,1235,12,12.3483,50.76,0.66842,-0.02895,0.00647,0.50073,-0.07661,0.03890,0.07328,0.07126,0.09171,-0.00727,-0.22346,-0.05966,0.00973,0.41588,0.06223,0.01458,0.15480,-0.08504,-0.06775,0.02137,0.66211,-0.18972,-0.00632,-0.16987,0.07031,-0.01256,0.13701,0.01182,0.10402,0.25366,-0.36520,-0.17041,-0.03016,-0.39016,-0.12893,-0.04048,0.08642,0.20092,0.00087,-0.19389,0.65572,-0.09426,-0.01416,0.49808,-0.05679,0.01726,0.11839,0.16478,0.09781,0.08159,-0.23066,-0.07609,-0.00953,0.41601,0.03861,0.01566,0.18566,0.06108,-0.05875,0.02801,0.67540,-0.17900,0.00692,-0.18648,-0.01048,0.00970,0.15449,0.14285,0.03931,0.04653,-0.35246,-0.16960,0.01726,-0.36969,-0.11064,-0.02339,0.07453,0.17971,0.02494,0.01189
12.4000,1240,12,12.3976,49.31,0.66842,-0.02895,0.00647,0.50073,-0.07661,0.03890,0.07328,0.07126,0.09171,-0.00727,-0.22984,-0.07136,0.01063,0.42237,0.05370,0.01557,0.14785,-0.07187,-0.06642,0.00999,0.66211,-0.18972,-0.00632,-0.16987,0.07031,-0.01256,0.13701,0.01182,0.10402,0.25366,-0.36520,-0.17041,-0.03016,-0.39016,-0.12893,-0.04048,0.08642,0.20092,0.00087,-0.19389,0.65084,-0.10085,-0.01273,0.49504,-0.06488,0.01571,0.12686,0.17337,0.10156,0.06886,-0.23458,-0.08074,-0.00939,0.41775,0.03106,0.01514,0.18910,0.07634,-0.05741,0.02574,0.66654,-0.17568,0.00661,-0.18713,-0.01526,0.00976,0.16171,0.14572,0.04149,0.04100,-0.36073,-0.16133,0.01645,-0.37494,-0.09942,-0.02229,0.08374,0.18841,0.02551,0.01094
12.4500,1245,12,12.4476,49.95,0.66530,-0.03592,0.02790,0.49085,-0.11750,0.00759,0.08426,0.14190,0.08717,-0.01377,-0.22984,-0.07136,0.01063,0.42237,0.05370,0.01557,0.14785,-0.07187,-0.06642,0.00999,0.64399,-0.18429,-0.00887,-0.15961,0.08703,0.00721,0.13542,-0.01831,0.12605,0.18234,-0.38101,-0.14338,-0.02139,-0.40056,-0.08874,-0.04159,0.10687,0.21062,-0.01375,-0.12978,0.64565,-0.10675,-0.01130,0.49161,-0.07220,0.01411,0.13570,0.17993,0.10472,0.05777,-0.23873,-0.08528,-0.00911,0.41912,0.02376,0.01459,0.19326,0.08968,-0.05617,0.02373,0.65783,-0.17252,0.00629,-0.18801,-0.02003,0.00966,0.16907,0.14872,0.04342,0.03614,-0.36860,-0.15348,0.01552,-0.37964,-0.08881,-0.02096,0.09335,0.19563,0.02603,0.01010
12.5000,1250,12,12.4975,49.90,0.66530,-0.03592,0.02790,0.49085,-0.11750,0.00759,0.08426,0.14190,0.08717,-0.01377,-0.23648,-0.08096,0.00731,0.42726,0.04305,0.01638,0.14351,-0.04193,-0.06595,0.00928,0.64399,-0.18429,-0.00887,-0.15961,0.08703,0.00721,0.13542,-0.01831,0.12605,0.18234,-0.38101,-0.14338,-0.02139,-0.40056,-0.08874,-0.04159,0.10687,0.21062,-0.01375,-0.12978,0.64018,-0.11195,-0.00993,0.48783,-0.07873,0.01251,0.14482,0.18486,0.10736,0.04812,-0.24311,-0.08966,-0.00874,0.42013,0.01674,0.01402,0.19804,0.10126,-0.05503,0.02196,0.64928,-0.16951,0.00598,-0.18913,-0.02472,0.00944,0.17658,0.15164,0.04512,0.03189,-0.37609,-0.14611,0.01454,-0.38383,-0.07888,-0.01951,0.10328,0.20146,0.02652,0.00936
12.5500,1255,12,12.5478,50.36,0.65034,-0.08790,0.01098,0.47293,-0.14702,0.03512,0.09999,0.18218,0.09514,0.07966,-0.23648,-0.08096,0.00731,0.42726,0.04305,0.01638,0.14351,-0.04193,-0.06595,0.00928,0.62813,-0.16020,-0.01236,-0.15347,0.07223,-0.01036,0.13310,-0.03304,0.14582,0.15967,-0.39512,-0.12651,-0.02556,-0.40351,-0.03338,-0.03394,0.12713,0.20901,-0.02119,-0.03570,0.63446,-0.11650,-0.00862,0.48375,-0.08448,0.01098,0.15416,0.18844,0.10955,0.03971,-0.24770,-0.09385,-0.00832,0.42080,0.01001,0.01343,0.20336,0.11120,-0.05397,0.02039,0.64088,-0.16665,0.00569,-0.19048,-0.02928,0.00914,0.18423,0.15434,0.04662,0.02816,-0.38322,-0.13922,0.01353,-0.38754,-0.06968,-0.01802,0.11347,0.20602,0.02697,0.00869
12.6000,1260,12,12.5974,49.63,0.65034,-0.08790,0.01098,0.47293,-0.14702,0.03512,0.09999,0.18218,0.09514,0.07966,-0.24388,-0.08783,0.00694,0.43137,0.03088,0.01721,0.13985,-0.05121,-0.06368,0.01853,0.62813,-0.16020,-0.01236,-0.15347,0.07223,-0.01036,0.13310,-0.03304,0.14582,0.15967,-0.39512,-0.12651,-0.02556,-0.40351,-0.03338,-0.03394,0.12713,0.20901,-0.02119,-0.03570,0.62854,-0.12042,-0.00740,0.47939,-0.08952,0.00954,0.16365,0.19089,0.11135,0.03239,-0.25249,-0.09782,-0.00786,0.42114,0.00357,0.01283,0.20913,0.11967,-0.05299,0.01900,0.63261,-0.16392,0.00542,-0.19205,-0.03367,0.00878,0.19201,0.15674,0.04794,0.02489,-0.39002,-0.13283,0.01255,-0.39081,-0.06120,-0.01654,0.12386,0.20943,0.02739,0.00810
12.6500,1265,12,12.6474,49.93,0.63975,-0.10289,0.02385,0.45660,-0.18036,0.03299,0.11825,0.18061,0.08727,-0.14854,-0.24388,-0.08783,0.00694,0.43137,0.03088,0.01721,0.13985,-0.05121,-0.06368,0.01853,0.61247,-0.14860,-0.02035,-0.14517,0.08117,0.00091,0.12910,-0.04205,0.15389,-0.03905,-0.40637,-0.10352,-0.01784,-0.40565,-0.00881,-0.02650,0.14631,0.19561,-0.02219,-0.02127,0.62243,-0.12377,-0.00627,0.47481,-0.09386,0.00820,0.17323,0.19240,0.11281,0.02602,-0.25747,-0.10155,-0.00737,0.42116,-0.00257,0.01222,0.21530,0.12680,-0.05207,0.01777,0.62448,-0.16133,0.00517,-0.19384,-0.03788,0.00838,0.19990,0.15876,0.04911,0.02202,-0.39651,-0.12691,0.01160,-0.39367,-0.05344,-0.01511,0.13440,0.21180,0.02778,0.00757
12.7000,1270,12,12.6973,49.88,0.63975,-0.10289,0.02385,0.45660,-0.18036,0.03299,0.11825,0.18061,0.08727,-0.14854,-0.25216,-0.09620,0.00776,0.43427,0.01673,0.01715,0.13574,-0.05662,-0.06538,-0.01845,0.61247,-0.14860,-0.02035,-0.14517,0.08117,0.00091,0.12910,-0.04205,0.15389,-0.03905,-0.40637,-0.10352,-0.01784,-0.40565,-0.00881,-0.02650,0.14631,0.19561,-0.02219,-0.02127,0.61617,-0.12659,-0.00523,0.47002,-0.09758,0.00697,0.18287,0.19310,0.11397,0.02049,-0.26264,-0.10504,-0.00687,0.42088,-0.00841,0.01160,0.22179,0.13271,-0.05121,0.01668,0.61648,-0.15885,0.00494,-0.19584,-0.04188,0.00794,0.20788,0.16039,0.05015,0.01950,-0.40272,-0.12144,0.01069,-0.39616,-0.04637,-0.01374,0.14503,0.21324,0.02815,0.00710
12.7500,1275,12,12.7473,50.08,0.62759,-0.12842,0.01900,0.44063,-0.18793,-0.00106,0.13578,0.17655,0.06531,-0.29563,-0.25216,-0.09620,0.00776,0.43427,0.01673,0.01715,0.13574,-0.05662,-0.06538,-0.01845,0.59870,-0.13024,-0.01141,-0.13693,0.08247,0.02220,0.12489,-0.05598,0.14724,-0.06317,-0.41475,-0.08378,-0.01127,-0.40788,0.00664,-0.02409,0.16521,0.18501,-0.02559,-0.05347,0.60978,-0.12892,-0.00428,0.46506,-0.10072,0.00584,0.19253,0.19312,0.11487,0.01568,-0.26797,-0.10829,-0.00637,0.42032,-0.01395,0.01098,0.22855,0.13754,-0.05040,0.01571,0.60860,-0.15648,0.00473,-0.19803,-0.04567,0.00749,0.21593,0.16161,0.05107,0.01729,-0.40866,-0.11641,0.00983,-0.39832,-0.03994,-0.01245,0.15571,0.21385,0.02849,0.00668
12.8000,1280,12,12.7974,50.08,0.62759,-0.12842,0.01900,0.44063,-0.18793,-0.00106,0.13578,0.17655,0.06531,-0.29563,-0.26534,-0.10799,0.00809,0.43471,-0.00072,0.01177,0.12646,-0.07173,-0.06886,-0.07516,0.59870,-0.13024,-0.01141,-0.13693,0.08247,0.02220,0.12489,-0.05598,0.14724,-0.06317,-0.41475,-0.08378,-0.01127,-0.40788,0.00664,-0.02409,0.16521,0.18501,-0.02559,-0.05347,0.60329,-0.13080,-0.00343,0.45996,-0.10333,0.00481,0.20218,0.19254,0.11555,0.01151,-0.27346,-0.11129,-0.00587,0.41949,-0.01918,0.01035,0.23553,0.14139,-0.04964,0.01485,0.60083,-0.15421,0.00454,-0.20040,-0.04923,0.00702,0.22403,0.16241,0.05188,0.01535,-0.41437,-0.11179,0.00903,-0.40017,-0.03414,-0.01124,0.16640,0.21371,0.02882,0.00630
12.8500,1285,12,12.8471,49.70,0.61585,-0.13305,0.00545,0.41617,-0.22012,0.00264,0.15126,0.14855,0.03290,-0.32432,-0.26534,-0.10799,0.00809,0.43471,-0.00072,0.01177,0.12646,-0.07173,-0.06886,-0.07516,0.58713,-0.11151,-0.00020,-0.13046,0.05558,0.00573,0.11843,-0.07673,0.14948,0.04357,-0.42300,-0.07715,-0.00937,-0.40358,0.03575,-0.01920,0.18248,0.16897,-0.03005,-0.04495,0.59671,-0.13229,-0.00265,0.45473,-0.10545,0.00388,0.21178,0.19143,0.11603,0.00789,-0.27910,-0.11405,-0.00537,0.41841,-0.02411,0.00974,0.24268,0.14436,-0.04891,0.01409,0.59317,-0.15202,0.00438,-0.20295,-0.05256,0.00655,0.23216,0.16280,0.05261,0.01365,-0.41985,-0.10755,0.00828,-0.40174,-0.02890,-0.01011,0.17707,0.21293,0.02912,0.00596
12.9000,1290,12,12.8973,50.21,0.61585,-0.13305,0.00545,0.41617,-0.22012,0.00264,0.15126,0.14855,0.03290,-0.32432,-0.27285,-0.09911,0.00265,0.43167,-0.00765,0.00366,0.11753,-0.11333,-0.07845,-0.05121,0.58713,-0.11151,-0.00020,-0.13046,0.05558,0.00573,0.11843,-0.07673,0.14948,0.04357,-0.42300,-0.07715,-0.00937,-0.40358,0.03575,-0.01920,0.18248,0.16897,-0.03005,-0.04495,0.59006,-0.13342,-0.00196,0.44942,-0.10714,0.00303,0.22131,0.18988,0.11634,0.00475,-0.28486,-0.11657,-0.00489,0.41709,-0.02873,0.00912,0.24995,0.14655,-0.04823,0.01340,0.58563,-0.14991,0.00423,-0.20565,-0.05565,0.00607,0.24030,0.16280,0.05325,0.01216,-0.42513,-0.10366,0.00758,-0.40307,-0.02420,-0.00907,0.18768,0.21157,0.02941,0.00566
12.9500,1295,12,12.9472,49.89,0.60138,-0.14223,0.01064,0.40119,-0.18696,0.00005,0.16559,0.12479,0.00405,-0.19801,-0.27285,-0.09911,0.00265,0.43167,-0.00765,0.00366,0.11753,-0.11333,-0.07845,-0.05121,0.57593,-0.12410,0.00601,-0.12486,0.04943,0.02794,0.11024,-0.08760,0.13984,-0.08932,-0.42986,-0.06432,-0.00971,-0.40132,0.03840,-0.01350,0.19818,0.15228,-0.03224,-0.01452,0.58337,-0.13422,-0.00133,0.44403,-0.10844,0.00227,0.23076,0.18793,0.11651,0.00203,-0.29075,-0.11885,-0.00441,0.41554,-0.03306,0.00851,0.25732,0.14805,-0.04757,0.01279,0.57818,-0.14787,0.00410,-0.20851,-0.05851,0.00560,0.24844,0.16244,0.05383,0.01085,-0.43022,-0.10011,0.00693,-0.40417,-0.01999,-0.00811,0.19822,0.20971,0.02969,0.00539
13.0000,1300,13,12.9975,50.25,0.60138,-0.14223,0.01064,0.40119,-0.18696,0.00005,0.16559,0.12479,0.00405,-0.19801,-0.28143,-0.09669,0.00869,0.43461,0.00081,0.00685,0.11075,-0.06947,-0.08120,0.04430,0.57593,-0.12410,0.00601,-0.12486,0.04943,0.02794,0.11024,-0.08760,0.13984,-0.08932,-0.42986,-0.06432,-0.00971,-0.40132,0.03840,-0.01350,0.19818,0.15228,-0.03224,-0.01452,0.60138,-0.14223,0.01064,0.40119,-0.18696,0.00005,0.16559,0.12479,0.00405,-0.19801,-0.28143,-0.09669,0.00869,0.43461,0.00081,0.00685,0.11075,-0.06947,-0.08120,0.04430,0.57593,-0.12410,0.00601,-0.12486,0.04943,0.02794,0.11024,-0.08760,0.13984,-0.08932,-0.42986,-0.06432,-0.00971,-0.40132,0.03840,-0.01350,0.19818,0.15228,-0.03224,-0.01452
13.0500,1305,13,13.0474,49.97,0.58637,-0.15135,0.00924,0.38370,-0.18917,0.00686,0.17725,0.10527,-0.01276,-0.16535,-0.28143,-0.09669,0.00869,0.43461,0.00081,0.00685,0.11075,-0.06947,-0.08120,0.04430,0.56539,-0.10086,-0.00278,-0.12161,0.02190,0.00783,0.10144,-0.10737,0.14257,0.00362,-0.43564,-0.06023,-0.00406,-0.39701,0.04833,-0.00898,0.21086,0.13155,-0.03316,-0.01080,0.59439,-0.13787,0.00735,0.39190,-0.18357,-0.01279,0.17139,0.10914,-0.00518,-0.17150,-0.28618,-0.09384,0.00330,0.43456,-0.00339,0.00996,0.10857,-0.01970,-0.07913,0.03879,0.56979,-0.12153,0.00456,-0.12273,0.03558,0.02835,0.10725,-0.03379,0.13563,-0.07950,-0.43318,-0.06795,-0.00537,-0.39927,0.04320,-0.00655,0.20544,0.13866,-0.03293,-0.01288
13.1000,1310,13,13.0974,49.95,0.58637,-0.15135,0.00924,0.38370,-0.18917,0.00686,0.17725,0.10527,-0.01276,-0.16535,-0.29092,-0.10113,0.01077,0.43428,-0.00546,0.00921,0.10268,-0.10857,-0.07263,0.12657,0.56539,-0.10086,-0.00278,-0.12161,0.02190,0.00783,0.10144,-0.10737,0.14257,0.00362,-0.43564,-0.06023,-0.00406,-0.39701,0.04833,-0.00898,0.21086,0.13155,-0.03316,-0.01080,0.58758,-0.13484,0.00516,0.38291,-0.17530,-0.02017,0.17666,0.10282,-0.01316,-0.14837,-0.29085,-0.09315,-0.00021,0.43426,-0.00871,0.01153,0.10863,0.02090,-0.07731,0.03399,0.56377,-0.11955,0.00356,-0.12130,0.02178,0.02777,0.10669,0.01010,0.13187,-0.07088,-0.43663,-0.06983,-0.00250,-0.39705,0.04522,-0.00201,0.21210,0.12802,-0.03353,-0.01142
13.1500,1315,13,13.1478,50.42,0.57043,-0.15840,0.00825,0.36822,-0.18162,-0.01664,0.18539,0.05704,-0.01911,0.00701,-0.29092,-0.10113,0.01077,0.43428,-0.00546,0.00921,0.10268,-0.10857,-0.07263,0.12657,0.56877,-0.08728,0.00537,-0.10972,0.01894,0.03672,0.10639,-0.10668,0.15130,0.04874,-0.44283,-0.05784,-0.00506,-0.38942,0.05694,0.00003,0.22392,0.10291,-0.03327,0.01932,0.58089,-0.13268,0.00374,0.37441,-0.16436,-0.02394,0.18177,0.10223,-0.02006,-0.12819,-0.29552,-0.09384,-0.00242,0.43368,-0.01454,0.01210,0.11054,0.05424,-0.07572,0.02980,0.55783,-0.11799,0.00287,-0.12054,0.00844,0.02656,0.10813,0.04613,0.12852,-0.06332,-0.44014,-0.07057,-0.00065,-0.39477,0.04544,0.00089,0.21829,0.12013,-0.03407,-0.01013
13.2000,1320,13,13.1981,50.31,0.57043,-0.15840,0.00825,0.36822,-0.18162,-0.01664,0.18539,0.05704,-0.01911,0.00701,-0.30163,-0.11318,0.00964,0.43327,-0.01601,0.01516,0.09339,-0.06325,-0.06122,0.10177,0.56877,-0.08728,0.00537,-0.10972,0.01894,0.03672,0.10639,-0.10668,0.15130,0.04874,-0.44283,-0.05784,-0.00506,-0.38942,0.05694,0.00003,0.22392,0.10291,-0.03327,0.01932,0.57430,-0.13109,0.00282,0.36650,-0.15220,-0.02535,0.18694,0.10503,-0.02602,-0.11059,-0.30025,-0.09538,-0.00374,0.43280,-0.02047,0.01201,0.11396,0.08177,-0.07432,0.02615,0.55196,-0.11671,0.00239,-0.12044,-0.00421,0.02498,0.11120,0.07584,0.12552,-0.05669,-0.44368,-0.07058,0.00050,-0.39252,0.04452,0.00269,0.22415,0.11466,-0.03455,-0.00899
13.2500,1325,13,13.2474,49.31,0.55522,-0.16162,-0.00145,0.34698,-0.16912,-0.02556,0.18776,0.00154,-0.00764,0.17693,-0.30163,-0.11318,0.00964,0.43327,-0.01601,0.01516,0.09339,-0.06325,-0.06122,0.10177,0.55949,-0.07888,-0.00174,-0.10841,0.00106,0.01284,0.09841,-0.06405,0.13718,-0.35040,-0.44839,-0.05937,-0.00136,-0.38429,0.06418,0.00177,0.23186,0.07302,-0.03017,0.02555,0.56778,-0.12986,0.00226,0.35920,-0.13974,-0.02526,0.19230,0.10969,-0.03116,-0.09523,-0.30506,-0.09741,-0.00446,0.43163,-0.02626,0.01151,0.11864,0.10458,-0.07309,0.02297,0.54616,-0.11562,0.00207,-0.12095,-0.01603,0.02319,0.11563,0.10042,0.12284,-0.05087,-0.44719,-0.07015,0.00120,-0.39033,0.04292,0.00375,0.22979,0.11122,-0.03497,-0.00798
13.3000,1330,13,13.2976,50.20,0.55522,-0.16162,-0.00145,0.34698,-0.16912,-0.02556,0.18776,0.00154,-0.00764,0.17693,-0.31356,-0.12622,0.01423,0.43097,-0.02938,0.01481,0.09040,0.00099,-0.05207,0.05586,0.55949,-0.07888,-0.00174,-0.10841,0.00106,0.01284,0.09841,-0.06405,0.13718,-0.35040,-0.44839,-0.05937,-0.00136,-0.38429,0.06418,0.00177,0.23186,0.07302,-0.03017,0.02555,0.56131,-0.12884,0.00193,0.35252,-0.12757,-0.02424,0.19792,0.11522,-0.03558,-0.08184,-0.30999,-0.09969,-0.00477,0.43018,-0.03173,0.01076,0.12435,0.12350,-0.07202,0.02020,0.54040,-0.11466,0.00185,-0.12203,-0.02695,0.02132,0.12117,0.12076,0.12043,-0.04576,-0.45069,-0.06946,0.00157,-0.38824,0.04093,0.00431,0.23530,0.10943,-0.03535,-0.00709
13.3500,1335,13,13.3475,49.91,0.53917,-0.15223,-0.00266,0.33130,-0.15220,-0.03945,0.18525,-0.04749,0.01065,0.27936,-0.31356,-0.12622,0.01423,0.43097,-0.02938,0.01481,0.09040,0.00099,-0.05207,0.05586,0.54916,-0.11391,0.03546,-0.10795,0.00048,-0.00649,0.09401,-0.03750,0.09732,-0.46846,-0.45399,-0.05031,-0.00621,-0.38074,0.04597,0.00605,0.23766,0.03672,-0.02839,0.00583,0.55489,-0.12794,0.00176,0.34643,-0.11604,-0.02270,0.20383,0.12099,-0.03937,-0.07015,-0.31503,-0.10204,-0.00481,0.42847,-0.03679,0.00988,0.13093,0.13918,-0.07107,0.01778,0.53469,-0.11378,0.00171,-0.12363,-0.03695,0.01943,0.12764,0.13760,0.11825,-0.04127,-0.45414,-0.06864,0.00175,-0.38624,0.03874,0.00455,0.24075,0.10896,-0.03568,-0.00630
13.4000,1340,13,13.3974,49.85,0.53917,-0.15223,-0.00266,0.33130,-0.15220,-0.03945,0.18525,-0.04749,0.01065,0.27936,-0.33638,-0.17561,0.01789,0.43892,0.00381,0.00771,0.10971,0.10237,-0.04824,0.01563,0.54916,-0.11391,0.03546,-0.10795,0.00048,-0.00649,0.09401,-0.03750,0.09732,-0.46846,-0.45399,-0.05031,-0.00621,-0.38074,0.04597,0.00605,0.23766,0.03672,-0.02839,0.00583,0.54851,-0.12710,0.00168,0.34090,-0.10535,-0.02088,0.21002,0.12662,-0.04262,-0.05997,-0.32020,-0.10437,-0.00467,0.42651,-0.04140,0.00892,0.13823,0.15216,-0.07023,0.01567,0.52902,-0.11297,0.00162,-0.12571,-0.04602,0.01757,0.13488,0.15148,0.11629,-0.03732,-0.45755,-0.06777,0.00179,-0.38436,0.03650,0.00458,0.24621,0.10948,-0.03598,-0.00560
13.4500,1345,13,13.4475,50.10,0.52230,-0.16121,-0.00028,0.32228,-0.11260,-0.02248,0.17735,-0.11332,0.03749,0.27064,-0.33638,-0.17561,0.01789,0.43892,0.00381,0.00771,0.10971,0.10237,-0.04824,0.01563,0.53644,-0.12125,-0.00267,-0.11139,-0.02884,0.04570,0.09244,0.01395,0.05197,-0.40044,-0.45855,-0.04491,-0.00753,-0.37646,0.04597,0.00407,0.23930,0.00628,-0.02688,0.00417,0.54218,-0.12628,0.00167,0.33588,-0.09557,-0.01897,0.21648,0.13188,-0.04539,-0.05109,-0.32547,-0.10660,-0.00441,0.42433,-0.04554,0.00795,0.14611,0.16283,-0.06950,0.01383,0.52339,-0.11218,0.00158,-0.12822,-0.05419,0.01578,0.14275,0.16289,0.11451,-0.03386,-0.46092,-0.06690,0.00174,-0.38259,0.03427,0.00447,0.25171,0.11073,-0.03624,-0.00498
13.5000,1350,13,13.4974,49.96,0.52230,-0.16121,-0.00028,0.32228,-0.11260,-0.02248,0.17735,-0.11332,0.03749,0.27064,-0.35331,-0.18433,0.00888,0.43712,-0.01863,0.01052,0.12058,0.11737,-0.05070,-0.03568,0.53644,-0.12125,-0.00267,-0.11139,-0.02884,0.04570,0.09244,0.01395,0.05197,-0.40044,-0.45855,-0.04491,-0.00753,-0.37646,0.04597,0.00407,0.23930,0.00628,-0.02688,0.00417,0.53589,-0.12545,0.00171,0.33133,-0.08674,-0.01707,0.22320,0.13664,-0.04775,-0.04336,-0.33085,-0.10869,-0.00407,0.42196,-0.04921,0.00700,0.15448,0.17156,-0.06885,0.01223,0.51780,-0.11142,0.00155,-0.13111,-0.06151,0.01407,0.15114,0.17218,0.11290,-0.03081,-0.46424,-0.06607,0.00165,-0.38094,0.03212,0.00429,0.25729,0.11250,-0.03648,-0.00443
13.5500,1355,13,13.5476,50.18,0.50365,-0.16622,-0.01126,0.31693,-0.07984,-0.02293,0.16474,-0.15340,0.07303,0.42330,-0.35331,-0.18433,0.00888,0.43712,-0.01863,0.01052,0.12058,0.11737,-0.05070,-0.03568,0.52388,-0.13314,0.01070,-0.11593,-0.06370,0.00745,0.09400,0.02039,0.02511,-0.12041,-0.46271,-0.03871,-0.00414,-0.37091,0.04152,0.00530,0.23859,-0.01643,-0.02692,0.00079,0.52964,-0.12460,0.00176,0.32719,-0.07882,-0.01524,0.23014,0.14085,-0.04974,-0.03662,-0.33634,-0.11059,-0.00369,0.41942,-0.05242,0.00608,0.16324,0.17862,-0.06827,0.01083,0.51225,-0.11066,0.00155,-0.13436,-0.06801,0.01245,0.15994,0.17969,0.11143,-0.02813,-0.46752,-0.06529,0.00153,-0.37938,0.03007,0.00405,0.26297,0.11460,-0.03669,-0.00394
13.6000,1360,13,13.5977,50.10,0.50365,-0.16622,-0.01126,0.31693,-0.07984,-0.02293,0.16474,-0.15340,0.07303,0.42330,-0.37019,-0.18280,0.00821,0.43366,-0.03469,0.00676,0.12979,0.10154,-0.05132,0.02314,0.52388,-0.13314,0.01070,-0.11593,-0.06370,0.00745,0.09400,0.02039,0.02511,-0.12041,-0.46271,-0.03871,-0.00414,-0.37091,0.04152,0.00530,0.23859,-0.01643,-0.02692,0.00079,0.52343,-0.12372,0.00183,0.32343,-0.07176,-0.01354,0.23727,0.14447,-0.05142,-0.03074,-0.34191,-0.11230,-0.00329,0.41673,-0.05518,0.00519,0.17232,0.18426,-0.06776,0.00962,0.50674,-0.10989,0.00156,-0.13790,-0.07374,0.01092,0.16908,0.18566,0.11008,-0.02577,-0.47077,-0.06457,0.00140,-0.37793,0.02815,0.00380,0.26876,0.11688,-0.03687,-0.00352
13.6500,1365,13,13.6473,49.57,0.48860,-0.15274,-0.02104,0.30532,-0.07877,-0.04042,0.14675,-0.17801,0.11477,0.36795,-0.37019,-0.18280,0.00821,0.43366,-0.03469,0.00676,0.12979,0.10154,-0.05132,0.02314,0.50674,-0.15261,-0.00435,-0.11599,-0.05453,0.03104,0.09521,0.04238,0.02126,-0.03191,-0.46639,-0.03470,-0.00902,-0.36657,0.03589,0.00470,0.23617,-0.03043,-0.03182,-0.06916,0.51726,-0.12281,0.00190,0.32000,-0.06552,-0.01197,0.24458,0.14754,-0.05283,-0.02563,-0.34756,-0.11382,-0.00288,0.41391,-0.05752,0.00436,0.18164,0.18867,-0.06731,0.00855,0.50126,-0.10912,0.00159,-0.14172,-0.07874,0.00949,0.17848,0.19033,0.10884,-0.02370,-0.47398,-0.06392,0.00126,-0.37656,0.02635,0.00353,0.27466,0.11924,-0.03704,-0.00313
13.7000,1370,13,13.6976,50.30,0.48860,-0.15274,-0.02104,0.30532,-0.07877,-0.04042,0.14675,-0.17801,0.11477,0.36795,-0.38201,-0.17128,0.00822,0.42950,-0.04202,-0.00003,0.14214,0.11442,-0.04785,0.06746,0.50674,-0.15261,-0.00435,-0.11599,-0.05453,0.03104,0.09521,0.04238,0.02126,-0.03191,-0.46639,-0.03470,-0.00902,-0.36657,0.03589,0.00470,0.23617,-0.03043,-0.03182,-0.06916,0.51115,-0.12186,0.00197,0.31687,-0.06000,-0.01055,0.25202,0.15006,-0.05400,-0.02118,-0.35329,-0.11513,-0.00247,0.41098,-0.05947,0.00358,0.19117,0.19203,-0.06690,0.00763,0.49582,-0.10833,0.00162,-0.14577,-0.08306,0.00815,0.18809,0.19388,0.10771,-0.02187,-0.47716,-0.06333,0.00113,-0.37529,0.02469,0.00326,0.28068,0.12160,-0.03719,-0.00280
13.7500,1375,13,13.7473,49.72,0.47383,-0.13605,-0.01008,0.29922,-0.05146,-0.03028,0.12738,-0.20241,0.13493,0.01486,-0.38201,-0.17128,0.00822,0.42950,-0.04202,-0.00003,0.14214,0.11442,-0.04785,0.06746,0.49003,-0.16293,0.00921,-0.11826,-0.05987,-0.00040,0.09616,0.01614,0.01548,-0.04977,-0.46940,-0.02561,-0.00195,-0.36477,0.02287,-0.00462,0.23183,-0.04334,-0.03771,-0.02485,0.50508,-0.12087,0.00204,0.31399,-0.05514,-0.00929,0.25957,0.15209,-0.05496,-0.01731,-0.35907,-0.11624,-0.00206,0.40797,-0.06104,0.00286,0.20083,0.19449,-0.06654,0.00682,0.49043,-0.10753,0.00166,-0.15001,-0.08675,0.00691,0.19786,0.19647,0.10665,-0.02025,-0.48032,-0.06281,0.00102,-0.37409,0.02316,0.00299,0.28682,0.12387,-0.03732,-0.00250
13.8000,1380,13,13.7980,50.67,0.47383,-0.13605,-0.01008,0.29922,-0.05146,-0.03028,0.12738,-0.20241,0.13493,0.01486,-0.39973,-0.17873,0.00148,0.42840,-0.03328,-0.00398,0.15363,0.10564,-0.03625,0.16834,0.49003,-0.16293,0.00921,-0.11826,-0.05987,-0.00040,0.09616,0.01614,0.01548,-0.04977,-0.46940,-0.02561,-0.00195,-0.36477,0.02287,-0.00462,0.23183,-0.04334,-0.03771,-0.02485,0.49906,-0.11985,0.00211,0.31134,-0.05086,-0.00818,0.26722,0.15367,-0.05574,-0.01394,-0.36491,-0.11715,-0.00166,0.40489,-0.06228,0.00218,0.21060,0.19618,-0.06622,0.00612,0.48507,-0.10670,0.00171,-0.15443,-0.08985,0.00575,0.20773,0.19825,0.10568,-0.01883,-0.48344,-0.06233,0.00091,-0.37297,0.02175,0.00274,0.29307,0.12603,-0.03744,-0.00223
13.8500,1385,13,13.8474,49.45,0.45867,-0.15095,-0.00648,0.30389,0.00870,-0.00386,0.10674,-0.21785,0.12686,-0.08461,-0.39973,-0.17873,0.00148,0.42840,-0.03328,-0.00398,0.15363,0.10564,-0.03625,0.16834,0.47268,-0.16993,0.00073,-0.11941,-0.02843,-0.00409,0.09674,0.01075,0.00654,-0.02296,-0.47250,-0.02607,-0.00359,-0.36109,0.03628,-0.00640,0.22738,-0.04714,-0.04287,-0.05813,0.49309,-0.11880,0.00217,0.30890,-0.04709,-0.00720,0.27493,0.15483,-0.05636,-0.01102,-0.37078,-0.11787,-0.00128,0.40175,-0.06319,0.00155,0.22044,0.19722,-0.06593,0.00550,0.47976,-0.10585,0.00176,-0.15899,-0.09241,0.00467,0.21767,0.19933,0.10477,-0.01757,-0.48655,-0.06191,0.00082,-0.37192,0.02047,0.00249,0.29942,0.12804,-0.03754,-0.00200
13.9000,1390,13,13.8973,49.90,0.45867,-0.15095,-0.00648,0.30389,0.00870,-0.00386,0.10674,-0.21785,0.12686,-0.08461,-0.41763,-0.18524,0.01200,0.42691,-0.02751,0.00195,0.16212,0.04911,-0.02622,0.02063,0.47268,-0.16993,0.00073,-0.11941,-0.02843,-0.00409,0.09674,0.01075,0.00654,-0.02296,-0.47250,-0.02607,-0.00359,-0.36109,0.03628,-0.00640,0.22738,-0.04714,-0.04287,-0.05813,0.48718,-0.11773,0.00222,0.30663,-0.04377,-0.00636,0.28270,0.15564,-0.05684,-0.00848,-0.37669,-0.11841,-0.00091,0.39857,-0.06380,0.00096,0.23031,0.19770,-0.06567,0.00497,0.47449,-0.10497,0.00182,-0.16366,-0.09445,0.00366,0.22765,0.19983,0.10392,-0.01646,-0.48964,-0.06153,0.00074,-0.37092,0.01931,0.00225,0.30587,0.12989,-0.03764,-0.00179
13.9500,1395,13,13.9472,49.82,0.44385,-0.14823,-0.00961,0.30723,0.04315,-0.02903,0.08400,-0.22528,0.10211,-0.26323,-0.41763,-0.18524,0.01200,0.42691,-0.02751,0.00195,0.16212,0.04911,-0.02622,0.02063,0.45532,-0.16509,-0.01593,-0.11845,-0.02503,0.00784,0.09584,-0.01544,0.01287,0.07564,-0.47640,-0.03715,0.00632,-0.35321,0.07079,-0.00440,0.22316,-0.03673,-0.04751,-0.01751,0.48132,-0.11663,0.00227,0.30451,-0.04084,-0.00564,0.29049,0.15613,-0.05721,-0.00627,-0.38262,-0.11877,-0.00056,0.39537,-0.06414,0.00042,0.24020,0.19772,-0.06543,0.00450,0.46926,-0.10407,0.00187,-0.16843,-0.09601,0.00273,0.23764,0.19985,0.10312,-0.01547,-0.49270,-0.06118,0.00068,-0.36998,0.01826,0.00202,0.31240,0.13157,-0.03772,-0.00160
14.0000,1400,14,13.9973,50.13,0.44385,-0.14823,-0.00961,0.30723,0.04315,-0.02903,0.08400,-0.22528,0.10211,-0.26323,-0.43698,-0.19181,0.00061,0.42558,-0.01875,0.00914,0.16872,0.08309,-0.02560,-0.02159,0.45532,-0.16509,-0.01593,-0.11845,-0.02503,0.00784,0.09584,-0.01544,0.01287,0.07564,-0.47640,-0.03715,0.00632,-0.35321,0.07079,-0.00440,0.22316,-0.03673,-0.04751,-0.01751,0.44385,-0.14823,-0.00961,0.30723,0.04315,-0.02903,0.08400,-0.22528,0.10211,-0.26323,-0.43698,-0.19181,0.00061,0.42558,-0.01875,0.00914,0.16872,0.08309,-0.02560,-0.02159,0.45532,-0.16509,-0.01593,-0.11845,-0.02503,0.00784,0.09584,-0.01544,0.01287,0.07564,-0.47640,-0.03715,0.00632,-0.35321,0.07079,-0.00440,0.22316,-0.03673,-0.04751,-0.01751
14.0500,1405,14,14.0473,50.01,0.42986,-0.12700,-0.01414,0.31243,0.05251,0.00310,0.06091,-0.23605,0.08808,-0.03980,-0.43698,-0.19181,0.00061,0.42558,-0.01875,0.00914,0.16872,0.08309,-0.02560,-0.02159,0.43994,-0.15625,-0.00216,-0.11977,-0.02617,0.01934,0.09221,-0.03732,0.01477,-0.02754,-0.48059,-0.04118,-0.00159,-0.34477,0.07667,0.00176,0.21959,-0.03326,-0.04875,-0.05930,0.43635,-0.15115,-0.00276,0.30968,0.05384,-0.01547,0.07610,-0.09815,0.08979,-0.23016,-0.44654,-0.19049,0.00451,0.42454,-0.02240,0.00593,0.17243,0.06758,-0.02661,-0.01877,0.44691,-0.17059,-0.00706,-0.11980,-0.02888,0.00778,0.09551,0.00311,0.01640,0.06569,-0.47821,-0.03564,0.00028,-0.34963,0.07220,-0.00153,0.22131,-0.03560,-0.04833,-0.01504
14.1000,1410,14,14.0973,50.00,0.42986,-0.12700,-0.01414,0.31243,0.05251,0.00310,0.06091,-0.23605,0.08808,-0.03980,-0.45050,-0.17121,-0.00231,0.42157,-0.03378,0.00700,0.17520,0.03992,-0.03083,-0.09420,0.43994,-0.15625,-0.00216,-0.11977,-0.02617,0.01934,0.09221,-0.03732,0.01477,-0.02754,-0.48059,-0.04118,-0.00159,-0.34477,0.07667,0.00176,0.21959,-0.03326,-0.04875,-0.05930,0.42878,-0.15132,0.00172,0.31252,0.05906,-0.00645,0.07356,-0.00853,0.07902,-0.20129,-0.45600,-0.18760,0.00711,0.42336,-0.02473,0.00371,0.17566,0.06289,-0.02748,-0.01629,0.43832,-0.17248,-0.00101,-0.12134,-0.03263,0.00748,0.09622,0.02577,0.01946,0.05701,-0.48001,-0.03651,-0.00354,-0.34601,0.07244,0.00044,0.21974,-0.02632,-0.04902,-0.01288
14.1500,1415,14,14.1474,50.11,0.41739,-0.12723,0.01339,0.31822,0.06763,-0.01150,0.03768,-0.20252,0.08671,-0.05108,-0.45050,-0.17121,-0.00231,0.42157,-0.03378,0.00700,0.17520,0.03992,-0.03083,-0.09420,0.42566,-0.14057,-0.00975,-0.12590,-0.06005,0.01740,0.08848,-0.03352,0.01464,-0.01724,-0.48294,-0.02653,-0.00009,-0.34484,0.04071,0.00376,0.21415,-0.04678,-0.05306,-0.03992,0.42124,-0.14973,0.00457,0.31552,0.06068,-0.00056,0.07482,0.05557,0.06960,-0.17608,-0.46529,-0.18366,0.00881,0.42208,-0.02615,0.00216,0.17883,0.06517,-0.02824,-0.01410,0.42970,-0.17191,0.00307,-0.12306,-0.03619,0.00702,0.09811,0.04989,0.02212,0.04944,-0.48189,-0.03886,-0.00583,-0.34240,0.07187,0.00178,0.21876,-0.01227,-0.04962,-0.01097
14.2000,1420,14,14.1974,49.97,0.41739,-0.12723,0.01339,0.31822,0.06763,-0.01150,0.03768,-0.20252,0.08671,-0.05108,-0.46580,-0.16231,-0.00805,0.41775,-0.04216,0.00561,0.17292,-0.03970,-0.04216,-0.11309,0.42566,-0.14057,-0.00975,-0.12590,-0.06005,0.01740,0.08848,-0.03352,0.01464,-0.01724,-0.48294,-0.02653,-0.00009,-0.34484,0.04071,0.00376,0.21415,-0.04678,-0.05306,-0.03992,0.41382,-0.14702,0.00633,0.31855,0.05996,0.00318,0.07883,0.10219,0.06136,-0.15406,-0.47436,-0.17905,0.00989,0.42075,-0.02693,0.00108,0.18225,0.07185,-0.02890,-0.01218,0.42115,-0.16968,0.00581,-0.12495,-0.03950,0.00647,0.10120,0.07388,0.02442,0.04284,-0.48391,-0.04206,-0.00709,-0.33883,0.07076,0.00269,0.21855,0.00434,-0.05012,-0.00929
14.2500,1425,14,14.2481,50.73,0.40422,-0.12943,-0.01359,0.32441,0.04837,0.02159,0.02442,-0.05710,0.08213,-0.06578,-0.46580,-0.16231,-0.00805,0.41775,-0.04216,0.00561,0.17292,-0.03970,-0.04216,-0.11309,0.41253,-0.14165,-0.00392,-0.12541,-0.03318,0.00803,0.08102,-0.03872,0.00667,-0.18407,-0.48637,-0.03212,0.00827,-0.34165,0.03362,0.00974,0.20931,-0.04052,-0.05384,0.03445,0.40655,-0.14364,0.00735,0.32150,0.05780,0.00544,0.08484,0.13673,0.05415,-0.13484,-0.48318,-0.17403,0.01055,0.41940,-0.02727,0.00033,0.18606,0.08117,-0.02946,-0.01049,0.41275,-0.16636,0.00762,-0.12700,-0.04253,0.00588,0.10548,0.09681,0.02641,0.03708,-0.48610,-0.04570,-0.00765,-0.33533,0.06929,0.00329,0.21921,0.02207,-0.05055,-0.00782
14.3000,1430,14,14.2975,49.36,0.40422,-0.12943,-0.01359,0.32441,0.04837,0.02159,0.02442,-0.05710,0.08213,-0.06578,-0.48163,-0.15389,-0.01291,0.41547,-0.03668,0.00601,0.17005,-0.03557,-0.05197,-0.06364,0.41253,-0.14165,-0.00392,-0.12541,-0.03318,0.00803,0.08102,-0.03872,0.00667,-0.18407,-0.48637,-0.03212,0.00827,-0.34165,0.03362,0.00974,0.20931,-0.04052,-0.05384,0.03445,0.39946,-0.13989,0.00786,0.32431,0.05479,0.00669,0.09236,0.16284,0.04783,-0.11805,-0.49175,-0.16875,0.01092,0.41803,-0.02729,-0.00021,0.19039,0.09198,-0.02995,-0.00901,0.40453,-0.16231,0.00878,-0.12920,-0.04526,0.00526,0.11086,0.11818,0.02814,0.03205,-0.48848,-0.04949,-0.00774,-0.33191,0.06757,0.00367,0.22076,0.03999,-0.05091,-0.00652
14.3500,1435,14,14.3472,49.76,0.39221,-0.10846,-0.02423,0.32803,0.01737,0.05314,0.02849,0.13292,0.08557,0.19559,-0.48163,-0.15389,-0.01291,0.41547,-0.03668,0.00601,0.17005,-0.03557,-0.05197,-0.06364,0.39870,-0.12895,-0.01688,-0.12590,-0.03477,0.01864,0.07727,-0.01914,-0.01561,-0.29826,-0.49054,-0.04024,0.00481,-0.33954,0.01790,0.01687,0.20471,-0.03970,-0.05108,0.04492,0.39257,-0.13597,0.00806,0.32697,0.05135,0.00725,0.10103,0.18299,0.04231,-0.10339,-0.50006,-0.16335,0.01108,0.41667,-0.02708,-0.00060,0.19527,0.10349,-0.03037,-0.00770,0.39653,-0.15782,0.00950,-0.13152,-0.04769,0.00463,0.11726,0.13777,0.02963,0.02767,-0.49105,-0.05324,-0.00752,-0.32857,0.06571,0.00391,0.22320,0.05755,-0.05121,-0.00538
14.4000,1440,14,14.3976,50.37,0.39221,-0.10846,-0.02423,0.32803,0.01737,0.05314,0.02849,0.13292,0.08557,0.19559,-0.49674,-0.14419,-0.01207,0.41068,-0.04286,0.00719,0.16464,-0.05830,-0.05888,-0.10512,0.39870,-0.12895,-0.01688,-0.12590,-0.03477,0.01864,0.07727,-0.01914,-0.01561,-0.29826,-0.49054,-0.04024,0.00481,-0.33954,0.01790,0.01687,0.20471,-0.03970,-0.05108,0.04492,0.38587,-0.13202,0.00803,0.32945,0.04776,0.00734,0.11059,0.19888,0.03746,-0.09059,-0.50809,-0.15790,0.01111,0.41533,-0.02671,-0.00089,0.20074,0.11518,-0.03072,-0.00655,0.38875,-0.15305,0.00991,-0.13396,-0.04981,0.00402,0.12460,0.15551,0.03092,0.02385,-0.49380,-0.05683,-0.00711,-0.32534,0.06376,0.00403,0.22651,0.07439,-0.05145,-0.00438
14.4500,1445,14,14.4474,49.76,0.38248,-0.09470,0.01221,0.32733,-0.02472,0.02748,0.04874,0.26306,0.10209,0.19968,-0.49674,-0.14419,-0.01207,0.41068,-0.04286,0.00719,0.16464,-0.05830,-0.05888,-0.10512,0.38825,-0.10798,-0.00639,-0.13762,-0.08234,0.00922,0.07838,0.01010,-0.04192,-0.26563,-0.49548,-0.05750,0.01932,-0.33792,0.02516,0.00071,0.20032,-0.04044,-0.04874,-0.04127,0.37936,-0.12811,0.00788,0.33175,0.04420,0.00711,0.12086,0.21169,0.03322,-0.07941,-0.51585,-0.15247,0.01105,0.41400,-0.02622,-0.00110,0.20679,0.12670,-0.03102,-0.00555,0.38122,-0.14813,0.01012,-0.13650,-0.05164,0.00342,0.13279,0.17145,0.03202,0.02052,-0.49673,-0.06019,-0.00657,-0.32220,0.06177,0.00408,0.23063,0.09033,-0.05165,-0.00350
14.5000,1450,14,14.4974,50.08,0.38248,-0.09470,0.01221,0.32733,-0.02472,0.02748,0.04874,0.26306,0.10209,0.19968,-0.51016,-0.12712,-0.01298,0.40501,-0.05823,0.00983,0.15932,-0.05520,-0.06883,-0.06811,0.38825,-0.10798,-0.00639,-0.13762,-0.08234,0.00922,0.07838,0.01010,-0.04192,-0.26563,-0.49548,-0.05750,0.01932,-0.33792,0.02516,0.00071,0.20032,-0.04044,-0.04874,-0.04127,0.37305,-0.12430,0.00765,0.33387,0.04082,0.00668,0.13172,0.22224,0.02950,-0.06964,-0.52334,-0.14708,0.01093,0.41271,-0.02564,-0.00127,0.21340,0.13785,-0.03128,-0.00466,0.37394,-0.14314,0.01019,-0.13912,-0.05317,0.00285,0.14172,0.18568,0.03297,0.01761,-0.49981,-0.06326,-0.00596,-0.31916,0.05977,0.00407,0.23552,0.10526,-0.05180,-0.00273
14.5500,1455,14,14.5475,50.07,0.37304,-0.08884,-0.00419,0.32291,-0.06409,0.02786,0.07848,0.31747,0.11914,0.09813,-0.51016,-0.12712,-0.01298,0.40501,-0.05823,0.00983,0.15932,-0.05520,-0.06883,-0.06811,0.37666,-0.11026,0.00152,-0.14547,-0.10079,0.01906,0.08180,0.03630,-0.06982,-0.25718,-0.50119,-0.06795,0.00553,-0.34088,-0.00924,0.01748,0.19535,-0.03477,-0.05571,-0.09156,0.36693,-0.12061,0.00738,0.33583,0.03768,0.00610,0.14306,0.23117,0.02624,-0.06112,-0.53056,-0.14176,0.01076,0.41144,-0.02499,-0.00140,0.22056,0.14847,-0.03149,-0.00388,0.36691,-0.13815,0.01016,-0.14181,-0.05443,0.00229,0.15133,0.19832,0.03379,0.01508,-0.50305,-0.06603,-0.00531,-0.31622,0.05779,0.00401,0.24114,0.11914,-0.05192,-0.00206
14.6000,1460,14,14.5974,49.94,0.37304,-0.08884,-0.00419,0.32291,-0.06409,0.02786,0.07848,0.31747,0.11914,0.09813,-0.52316,-0.11817,-0.00860,0.39656,-0.07711,0.00781,0.15471,-0.04767,-0.07190,0.03342,0.37666,-0.11026,0.00152,-0.14547,-0.10079,0.01906,0.08180,0.03630,-0.06982,-0.25718,-0.50119,-0.06795,0.00553,-0.34088,-0.00924,0.01748,0.19535,-0.03477,-0.05571,-0.09156,0.36099,-0.11706,0.00712,0.33764,0.03484,0.00545,0.15482,0.23890,0.02337,-0.05367,-0.53751,-0.13652,0.01058,0.41021,-0.02427,-0.00151,0.22824,0.15848,-0.03167,-0.00320,0.36013,-0.13318,0.01007,-0.14456,-0.05543,0.00177,0.16153,0.20948,0.03449,0.01287,-0.50641,-0.06847,-0.00465,-0.31338,0.05584,0.00393,0.24742,0.13197,-0.05201,-0.00146
14.6500,1465,14,14.6474,49.99,0.43141,0.03376,-0.01480,0.28438,-0.15168,-0.00081,0.16081,0.39295,0.11651,-0.11788,-0.52316,-0.11817,-0.00860,0.39656,-0.07711,0.00781,0.15471,-0.04767,-0.07190,0.03342,0.36395,-0.12473,0.01073,-0.14980,-0.08547,-0.00920,0.08680,0.06851,-0.09417,-0.09466,-0.50951,-0.08045,0.01841,-0.34009,-0.01154,-0.01911,0.19233,-0.02189,-0.06742,-0.10301,0.35522,-0.11363,0.00689,0.33932,0.03233,0.00477,0.16693,0.24564,0.02085,-0.04716,-0.54421,-0.13138,0.01038,0.40901,-0.02351,-0.00160,0.23640,0.16783,-0.03181,-0.00260,0.35359,-0.12827,0.00995,-0.14735,-0.05617,0.00127,0.17225,0.21929,0.03508,0.01095,-0.50989,-0.07059,-0.00399,-0.31064,0.05393,0.00383,0.25432,0.14376,-0.05207,-0.00095
14.7000,1470,14,14.6973,49.90,0.43141,0.03376,-0.01480,0.28438,-0.15168,-0.00081,0.16081,0.39295,0.11651,-0.11788,-0.53784,-0.12742,-0.00361,0.39100,-0.07015,0.00104,0.15658,-0.00314,-0.06447,0.12052,0.36395,-0.12473,0.01073,-0.14980,-0.08547,-0.00920,0.08680,0.06851,-0.09417,-0.09466,-0.50951,-0.08045,0.01841,-0.34009,-0.01154,-0.01911,0.19233,-0.02189,-0.06742,-0.10301,0.34963,-0.11030,0.00671,0.34088,0.03016,0.00410,0.17937,0.25145,0.01864,-0.04147,-0.55065,-0.12634,0.01017,0.40786,-0.02270,-0.00168,0.24501,0.17647,-0.03193,-0.00208,0.34730,-0.12343,0.00979,-0.15017,-0.05668,0.00081,0.18344,0.22785,0.03559,0.00927,-0.51346,-0.07238,-0.00334,-0.30799,0.05208,0.00371,0.26178,0.15453,-0.05210,-0.00050
14.7500,1475,14,14.7475,50.15,0.41662,0.03140,-0.00580,0.20421,-0.25991,-0.00273,0.13554,0.29219,0.09150,-0.51440,-0.53784,-0.12742,-0.00361,0.39100,-0.07015,0.00104,0.15658,-0.00314,-0.06447,0.12052,0.35281,-0.10631,-0.02076,-0.15711,-0.09120,0.00056,0.09352,0.07077,-0.08029,0.25745,-0.51797,-0.08720,-0.00565,-0.34075,0.00261,-0.00213,0.19015,-0.01715,-0.06628,0.20334,0.34419,-0.10704,0.00657,0.34234,0.02831,0.00344,0.19207,0.25640,0.01669,-0.03650,-0.55685,-0.12140,0.00996,0.40674,-0.02186,-0.00175,0.25404,0.18438,-0.03202,-0.00162,0.34125,-0.11867,0.00962,-0.15302,-0.05697,0.00037,0.19502,0.23525,0.03601,0.00781,-0.51712,-0.07386,-0.00271,-0.30543,0.05029,0.00358,0.26975,0.16431,-0.05212,-0.00010
14.8000,1480,14,14.7975,50.04,0.41662,0.03140,-0.00580,0.20421,-0.25991,-0.00273,0.13554,0.29219,0.09150,-0.51440,-0.54846,-0.11517,-0.00382,0.37765,-0.08886,0.00020,0.15092,-0.02190,-0.05143,0.11959,0.35281,-0.10631,-0.02076,-0.15711,-0.09120,0.00056,0.09352,0.07077,-0.08029,0.25745,-0.51797,-0.08720,-0.00565,-0.34075,0.00261,-0.00213,0.19015,-0.01715,-0.06628,0.20334,0.33892,-0.10385,0.00647,0.34372,0.02677,0.00283,0.20499,0.26053,0.01498,-0.03216,-0.56279,-0.11657,0.00976,0.40567,-0.02099,-0.00181,0.26344,0.19156,-0.03209,-0.00122,0.33543,-0.11399,0.00945,-0.15587,-0.05705,-0.00004,0.20694,0.24159,0.03637,0.00654,-0.52085,-0.07504,-0.00210,-0.30296,0.04857,0.00345,0.27819,0.17313,-0.05211,0.00024
14.8500,1485,14,14.8480,50.44,0.41102,0.00303,-0.02994,0.19252,-0.19452,0.01581,0.17139,0.29635,0.06144,-0.17848,-0.54846,-0.11517,-0.00382,0.37765,-0.08886,0.00020,0.15092,-0.02190,-0.05143,0.11959,0.34218,-0.10679,0.01030,-0.16164,-0.05253,-0.01752,0.09870,0.06066,-0.04752,0.36091,-0.52564,-0.07916,-0.00044,-0.34205,-0.01064,0.00654,0.18867,-0.00335,-0.03892,0.26595,0.33381,-0.10069,0.00642,0.34502,0.02552,0.00227,0.21810,0.26386,0.01347,-0.02837,-0.56850,-0.11183,0.00955,0.40465,-0.02009,-0.00186,0.27318,0.19800,-0.03215,-0.00087,0.32985,-0.10940,0.00927,-0.15872,-0.05693,-0.00042,0.21916,0.24694,0.03667,0.00543,-0.52462,-0.07592,-0.00152,-0.30057,0.04691,0.00331,0.28705,0.18103,-0.05209,0.00054
14.9000,1490,14,14.8973,49.34,0.41102,0.00303,-0.02994,0.19252,-0.19452,0.01581,0.17139,0.29635,0.06144,-0.17848,-0.56061,-0.11546,-0.00689,0.36836,-0.08371,-0.00288,0.14673,-0.03027,-0.04213,0.10405,0.34218,-0.10679,0.01030,-0.16164,-0.05253,-0.01752,0.09870,0.06066,-0.04752,0.36091,-0.52564,-0.07916,-0.00044,-0.34205,-0.01064,0.00654,0.18867,-0.00335,-0.03892,0.26595,0.32885,-0.09755,0.00639,0.34627,0.02453,0.00177,0.23136,0.26642,0.01213,-0.02506,-0.57398,-0.10719,0.00936,0.40366,-0.01917,-0.00190,0.28323,0.20373,-0.03218,-0.00056,0.32449,-0.10490,0.00909,-0.16156,-0.05664,-0.00077,0.23162,0.25137,0.03692,0.00447,-0.52843,-0.07653,-0.00096,-0.29826,0.04532,0.00317,0.29628,0.18804,-0.05206,0.00080
14.9500,1495,14,14.9474,50.07,0.40620,-0.00546,0.01346,0.16386,-0.23576,0.00641,0.18994,0.23379,0.06314,0.20868,-0.56061,-0.11546,-0.00689,0.36836,-0.08371,-0.00288,0.14673,-0.03027,-0.04213,0.10405,0.33537,-0.08610,-0.00407,-0.17069,-0.07248,-0.00882,0.10500,0.03145,-0.02596,0.03906,-0.53410,-0.08022,-0.00605,-0.33914,-0.00052,0.00677,0.18826,0.00068,-0.01536,0.20692,0.32405,-0.09441,0.00639,0.34748,0.02377,0.00134,0.24473,0.26825,0.01096,-0.02216,-0.57923,-0.10265,0.00917,0.40273,-0.01823,-0.00194,0.29354,0.20875,-0.03220,-0.00029,0.31935,-0.10049,0.00891,-0.16438,-0.05619,-0.00109,0.24428,0.25496,0.03712,0.00363,-0.53227,-0.07687,-0.00043,-0.29604,0.04380,0.00303,0.30584,0.19421,-0.05202,0.00103
15.0000,1500,15,14.9975,50.17,0.40620,-0.00546,0.01346,0.16386,-0.23576,0.00641,0.18994,0.23379,0.06314,0.20868,-0.57290,-0.11463,-0.00447,0.36111,-0.07512,-0.00297,0.14488,-0.02292,-0.03309,0.07909,0.33537,-0.08610,-0.00407,-0.17069,-0.07248,-0.00882,0.10500,0.03145,-0.02596,0.03906,-0.53410,-0.08022,-0.00605,-0.33914,-0.00052,0.00677,0.18826,0.00068,-0.01536,0.20692,0.40620,-0.00546,0.01346,0.16386,-0.23576,0.00641,0.18994,0.23379,0.06314,0.20868,-0.57290,-0.11463,-0.00447,0.36111,-0.07512,-0.00297,0.14488,-0.02292,-0.03309,0.07909,0.33537,-0.08610,-0.00407,-0.17069,-0.07248,-0.00882,0.10500,0.03145,-0.02596,0.03906,-0.53410,-0.08022,-0.00605,-0.33914,-0.00052,0.00677,0.18826,0.00068,-0.01536,0.20692
15.0500,1505,15,15.0473,49.79,0.40483,-0.01479,-0.00956,0.14087,-0.23358,0.01886,0.21444,0.21975,0.08995,0.33859,-0.57290,-0.11463,-0.00447,0.36111,-0.07512,-0.00297,0.14488,-0.02292,-0.03309,0.07909,0.32711,-0.08563,-0.00393,-0.17278,-0.04476,-0.01253,0.10676,0.01409,-0.02827,-0.09028,-0.54035,-0.06738,-0.00044,-0.34108,-0.01442,0.00392,0.18821,-0.00149,0.00105,0.14449,0.40602,-0.00280,-0.00142,0.15214,-0.23063,-0.02471,0.20055,0.19471,0.07285,0.18011,-0.57865,-0.11472,0.00351,0.35738,-0.07450,0.00010,0.14515,0.03179,-0.02936,0.07003,0.33105,-0.08654,0.00183,-0.17425,-0.07051,0.00005,0.10787,0.08124,-0.02411,0.03508,-0.53816,-0.08178,-0.00069,-0.33926,-0.00436,0.00860,0.18938,0.04274,-0.00566,0.18138
15.1000,1510,15,15.0975,50.15,0.40483,-0.01479,-0.00956,0.14087,-0.23358,0.01886,0.21444,0.21975,0.08995,0.33859,-0.58531,-0.11391,-0.00677,0.35297,-0.07344,-0.00350,0.14689,0.02108,-0.02543,0.04733,0.32711,-0.08563,-0.00393,-0.17278,-0.04476,-0.01253,0.10676,0.01409,-0.02827,-0.09028,-0.54035,-0.06738,-0.00044,-0.34108,-0.01442,0.00392,0.18821,-0.00149,0.00105,0.14449,0.40583,-0.00586,-0.01024,0.14099,-0.21361,-0.04296,0.20974,0.17523,0.08122,0.15517,-0.58432,-0.11168,0.00851,0.35365,-0.07495,0.00151,0.14788,0.07608,-0.02607,0.06208,0.32676,-0.08466,0.00553,-0.17780,-0.07190,0.00511,0.11296,0.12123,-0.02245,0.03157,-0.54224,-0.08122,0.00273,-0.33959,-0.00874,0.00908,0.19241,0.07698,0.00283,0.15903
15.1500,1515,15,15.1475,50.05,0.40300,-0.02155,0.03962,0.12106,-0.21008,-0.04576,0.23510,0.16373,0.12101,0.18374,-0.58531,-0.11391,-0.00677,0.35297,-0.07344,-0.00350,0.14689,0.02108,-0.02543,0.04733,0.31933,-0.06793,-0.02084,-0.17470,-0.04059,0.00064,0.10610,0.00888,-0.03406,-0.00702,-0.54757,-0.07381,-0.00513,-0.33902,0.00382,0.00385,0.18762,0.00826,0.01356,0.10946,0.40538,-0.01219,-0.01502,0.13089,-0.18989,-0.05262,0.21828,0.16814,0.08842,0.13341,-0.58979,-0.10670,0.01149,0.34988,-0.07581,0.00184,0.15263,0.11252,-0.02314,0.05510,0.32260,-0.08136,0.00773,-0.18147,-0.07512,0.00766,0.11987,0.15390,-0.02095,0.02847,-0.54626,-0.07932,0.00483,-0.34014,-0.01313,0.00873,0.19699,0.10551,0.01029,0.13946
15.2000,1520,15,15.1974,49.87,0.40300,-0.02155,0.03962,0.12106,-0.21008,-0.04576,0.23510,0.16373,0.12101,0.18374,-0.59364,-0.08495,-0.01894,0.34314,-0.08418,0.00247,0.14577,0.03712,-0.02042,0.02336,0.31933,-0.06793,-0.02084,-0.17470,-0.04059,0.00064,0.10610,0.00888,-0.03406,-0.00702,-0.54757,-0.07381,-0.00513,-0.33902,0.00382,0.00385,0.18762,0.00826,0.01356,0.10946,0.40458,-0.02016,-0.01713,0.12206,-0.16291,-0.05664,0.22668,0.16868,0.09460,0.11442,-0.59497,-0.10062,0.01313,0.34607,-0.07665,0.00152,0.15904,0.14291,-0.02054,0.04898,0.31863,-0.07724,0.00893,-0.18532,-0.07915,0.00856,0.12826,0.18096,-0.01960,0.02574,-0.55016,-0.07663,0.00605,-0.34090,-0.01722,0.00787,0.20289,0.12975,0.01682,0.12233
15.2500,1525,15,15.2473,49.94,0.39905,-0.06090,0.01175,0.10284,-0.15910,-0.06839,0.24778,0.08232,0.13253,0.08805,-0.59895,-0.05379,-0.01894,0.33273,-0.09856,0.00247,0.14982,0.08410,-0.02042,0.02336,0.31348,-0.05134,-0.00771,-0.17141,-0.01242,0.01579,0.10698,0.05299,-0.02718,0.08521,-0.55232,-0.05415,-0.00521,-0.33863,-0.00573,0.01119,0.18936,0.03846,0.01822,-0.02584,0.40336,-0.02871,-0.01750,0.11461,-0.13492,-0.05704,0.23522,0.17379,0.09990,0.09785,-0.59984,-0.09397,0.01387,0.34222,-0.07723,0.00081,0.16684,0.16854,-0.01823,0.04361,0.31489,-0.07271,0.00948,-0.18939,-0.08335,0.00842,0.13789,0.20364,-0.01837,0.02333,-0.55392,-0.07349,0.00668,-0.34185,-0.02081,0.00674,0.20991,0.15064,0.02255,0.10734
15.3000,1530,15,15.2975,50.19,0.39905,-0.06090,0.01175,0.10284,-0.15910,-0.06839,0.24778,0.08232,0.13253,0.08805,-0.59895,-0.05379,-0.02266,0.33273,-0.09856,0.00153,0.14982,0.08410,-0.01795,0.02769,0.31348,-0.05134,-0.00771,-0.17141,-0.01242,0.01579,0.10698,0.05299,-0.02718,0.08521,-0.55232,-0.05415,-0.00521,-0.33863,-0.00573,0.01119,0.18936,0.03846,0.01822,-0.02584,0.40171,-0.03715,-0.01676,0.10856,-0.10732,-0.05519,0.24410,0.18143,0.10442,0.08341,-0.60437,-0.08711,0.01402,0.33835,-0.07741,-0.00011,0.17583,0.19032,-0.01617,0.03889,0.31137,-0.06801,0.00961,-0.19365,-0.08731,0.00764,0.14856,0.22280,-0.01726,0.02121,-0.55751,-0.07013,0.00695,-0.34297,-0.02381,0.00548,0.21790,0.16885,0.02759,0.09421
15.3500,1535,15,15.3473,49.73,0.39278,-0.07839,0.02624,0.08946,-0.10083,-0.06775,0.25197,0.02012,0.13936,-0.04015,-0.60187,-0.02739,-0.02266,0.32241,-0.10251,0.00153,0.15994,0.12276,-0.01795,0.02769,0.31062,-0.03009,-0.02569,-0.17188,-0.03825,0.04169,0.11093,0.04710,-0.01993,0.03084,-0.55517,-0.03894,-0.00775,-0.34076,-0.03070,0.01681,0.19348,0.06650,0.01846,0.09676,0.39965,-0.04505,-0.01536,0.10386,-0.08099,-0.05201,0.25339,0.19026,0.10827,0.07081,-0.60855,-0.08028,0.01381,0.33448,-0.07712,-0.00110,0.18582,0.20892,-0.01433,0.03475,0.30808,-0.06332,0.00947,-0.19811,-0.09079,0.00650,0.16012,0.23906,-0.01624,0.01933,-0.56093,-0.06671,0.00698,-0.34422,-0.02618,0.00420,0.22675,0.18483,0.03200,0.08272
15.4000,1540,15,15.3978,50.51,0.39278,-0.07839,0.02624,0.08946,-0.10083,-0.06775,0.25197,0.02012,0.13936,-0.04015,-0.60187,-0.02739,-0.01975,0.32241,-0.10251,-0.00016,0.15994,0.12276,-0.01455,0.04100,0.31062,-0.03009,-0.02569,-0.17188,-0.03825,0.04169,0.11093,0.04710,-0.01993,0.03084,-0.55517,-0.03894,-0.00775,-0.34076,-0.03070,0.01681,0.19348,0.06650,0.01846,0.09676,0.39722,-0.05216,-0.01359,0.10043,-0.05642,-0.04811,0.26313,0.19946,0.11153,0.05984,-0.61240,-0.07360,0.01337,0.33065,-0.07633,-0.00209,0.19667,0.22486,-0.01269,0.03111,0.30503,-0.05874,0.00918,-0.20272,-0.09366,0.00518,0.17243,0.25289,-0.01532,0.01768,-0.56418,-0.06331,0.00686,-0.34558,-0.02793,0.00295,0.23636,0.19892,0.03588,0.07266
15.4500,1545,15,15.5615,163.72,0.38353,-0.09968,0.00518,0.08381,-0.04061,-0.05145,0.25226,-0.01252,0.12988,-0.15684,-0.60187,-0.02739,-0.01975,0.32241,-0.10251,-0.00016,0.15994,0.12276,-0.01455,0.04100,0.30906,-0.02080,0.01401,-0.17723,-0.07083,0.01868,0.11492,0.04722,-0.02164,-0.03766,-0.55517,-0.03894,-0.00775,-0.34076,-0.03070,0.01681,0.19348,0.06650,0.01846,0.09676,0.39445,-0.05835,-0.01165,0.09818,-0.03385,-0.04389,0.27333,0.20851,0.11428,0.05027,-0.61592,-0.06718,0.01280,0.32686,-0.07508,-0.00303,0.20827,0.23852,-0.01121,0.02791,0.30221,-0.05433,0.00879,-0.20746,-0.09586,0.00379,0.18538,0.26465,-0.01447,0.01621,-0.56726,-0.05999,0.00666,-0.34700,-0.02909,0.00178,0.24662,0.21135,0.03929,0.06385
15.5000,1550,15,15.6270,65.55,0.37586,-0.10924,0.01814,0.07786,-0.01071,-0.05345,0.25163,-0.02374,0.10876,-0.21255,-0.60343,0.00777,-0.01488,0.30232,-0.09455,-0.00854,0.19064,0.16665,-0.00717,-0.00696,0.30716,-0.02722,0.00969,-0.18782,-0.10081,0.04508,0.12031,0.05456,-0.03622,-0.27327,-0.55753,-0.02824,-0.00775,-0.34585,-0.04758,0.01681,0.20101,0.09049,0.01846,0.09676,0.39140,-0.06358,-0.00965,0.09701,-0.01337,-0.03961,0.28397,0.21710,0.11658,0.04194,-0.61912,-0.06106,0.01217,0.32315,-0.07337,-0.00390,0.22049,0.25020,-0.00989,0.02510,0.29960,-0.05012,0.00837,-0.21230,-0.09738,0.00242,0.19887,0.27462,-0.01370,0.01492,-0.57018,-0.05678,0.00643,-0.34848,-0.02969,0.00071,0.25747,0.22229,0.04229,0.05614
15.5500,1555,15,15.6439,16.91,0.36417,-0.12194,0.00851,0.07879,0.02596,-0.03536,0.24830,-0.04426,0.08554,-0.22947,-0.60343,0.00777,-0.01488,0.30232,-0.09455,-0.00854,0.19064,0.16665,-0.00717,-0.00696,0.30478,-0.02528,-0.00369,-0.20526,-0.16368,0.00465,0.12365,0.02194,-0.05170,0.02562,-0.55885,-0.01366,-0.01217,-0.34945,-0.04678,0.01133,0.21015,0.10274,0.02575,-0.01695,0.38811,-0.06783,-0.00770,0.09681,0.00503,-0.03544,0.29503,0.22506,0.11849,0.03469,-0.62203,-0.05525,0.01151,0.31953,-0.07127,-0.00467,0.23326,0.26015,-0.00870,0.02263,0.29719,-0.04612,0.00794,-0.21719,-0.09824,0.00111,0.21281,0.28300,-0.01298,0.01377,-0.57294,-0.05369,0.00618,-0.34996,-0.02980,-0.00026,0.26883,0.23191,0.04492,0.04939
15.6000,1560,15,15.6500,6.10,0.36417,-0.12194,0.00851,0.07879,0.02596,-0.03536,0.24830,-0.04426,0.08554,-0.22947,-0.60343,0.00777,-0.01488,0.30232,-0.09455,-0.00854,0.19064,0.16665,-0.00717,-0.00696,0.30478,-0.02528,-0.00369,-0.20526,-0.16368,0.00465,0.12365,0.02194,-0.05170,0.02562,-0.55885,-0.01366,-0.00887,-0.34945,-0.04678,0.00299,0.21015,0.10274,0.02130,-0.04970,0.38463,-0.07114,-0.00585,0.09748,0.02143,-0.03147,0.30647,0.23227,0.12006,0.02838,-0.62465,-0.04976,0.01086,0.31602,-0.06881,-0.00535,0.24648,0.26855,-0.00762,0.02045,0.29498,-0.04233,0.00752,-0.22211,-0.09848,-0.00011,0.22714,0.28998,-0.01232,0.01275,-0.57555,-0.05072,0.00594,-0.35145,-0.02946,-0.00112,0.28064,0.24030,0.04724,0.04347
15.6500,1565,15,15.6629,12.87,0.36417,-0.12194,0.00851,0.07879,0.02596,-0.03536,0.24830,-0.04426,0.08554,-0.22947,-0.60343,0.00777,-0.01488,0.30232,-0.09455,-0.00854,0.19064,0.16665,-0.00717,-0.00696,0.30478,-0.02528,-0.00369,-0.20526,-0.16368,0.00465,0.12365,0.02194,-0.05170,0.02562,-0.55885,-0.01366,-0.00887,-0.34945,-0.04678,0.00299,0.21015,0.10274,0.02130,-0.04970,0.38101,-0.07358,-0.00413,0.09892,0.03594,-0.02774,0.31824,0.23866,0.12134,0.02289,-0.62701,-0.04459,0.01024,0.31265,-0.06604,-0.00592,0.26009,0.27559,-0.00665,0.01854,0.29295,-0.03874,0.00712,-0.22703,-0.09814,-0.00123,0.24179,0.29570,-0.01170,0.01185,-0.57801,-0.04786,0.00571,-0.35290,-0.02872,-0.00187,0.29284,0.24756,0.04928,0.03829
15.7000,1570,15,15.6974,34.49,0.36417,-0.12194,0.00851,0.07879,0.02596,-0.03536,0.24830,-0.04426,0.08554,-0.22947,-0.59895,0.02840,-0.01021,0.29475,-0.08083,-0.01353,0.20431,0.15443,-0.00877,-0.02927,0.30478,-0.02528,-0.00369,-0.20526,-0.16368,0.00465,0.12365,0.02194,-0.05170,0.02562,-0.56062,-0.01207,-0.00635,-0.35057,-0.02233,0.00486,0.22203,0.11804,0.01823,-0.02590,0.37729,-0.07522,-0.00256,0.10105,0.04869,-0.02430,0.33032,0.24421,0.12237,0.01813,-0.62911,-0.03971,0.00964,0.30942,-0.06302,-0.00640,0.27402,0.28138,-0.00577,0.01685,0.29110,-0.03534,0.00675,-0.23192,-0.09729,-0.00223,0.25669,0.30028,-0.01113,0.01105,-0.58034,-0.04511,0.00550,-0.35431,-0.02764,-0.00251,0.30537,0.25377,0.05108,0.03376
15.7500,1575,15,15.7472,49.82,0.35131,-0.13437,0.00378,0.08326,0.06370,-0.03469,0.24339,-0.05199,0.06266,-0.23111,-0.59895,0.02840,-0.01021,0.29475,-0.08083,-0.01353,0.20431,0.15443,-0.00877,-0.02927,0.29764,-0.04689,-0.00133,-0.21650,-0.15451,0.00842,0.12318,-0.00230,-0.05000,0.00574,-0.55726,0.01903,-0.01123,-0.35859,-0.05631,0.00452,0.23238,0.12051,0.01428,-0.11106,0.37350,-0.07612,-0.00114,0.10377,0.05982,-0.02114,0.34265,0.24891,0.12317,0.01399,-0.63098,-0.03512,0.00909,0.30635,-0.05978,-0.00678,0.28821,0.28605,-0.00496,0.01537,0.28942,-0.03212,0.00641,-0.23675,-0.09597,-0.00312,0.27180,0.30384,-0.01060,0.01034,-0.58253,-0.04246,0.00531,-0.35566,-0.02628,-0.00305,0.31820,0.25902,0.05266,0.02978
15.8000,1580,15,15.7975,50.27,0.35131,-0.13437,0.00378,0.08326,0.06370,-0.03469,0.24339,-0.05199,0.06266,-0.23111,-0.59388,0.03866,-0.01019,0.28875,-0.05994,-0.01717,0.21944,0.15002,-0.01461,-0.07578,0.29764,-0.04689,-0.00133,-0.21650,-0.15451,0.00842,0.12318,-0.00230,-0.05000,0.00574,-0.55726,0.01903,-0.01123,-0.35859,-0.05631,0.00452,0.23238,0.12051,0.01428,-0.11106,0.36969,-0.07636,0.00012,0.10700,0.06947,-0.01826,0.35520,0.25279,0.12377,0.01040,-0.63263,-0.03079,0.00857,0.30345,-0.05637,-0.00709,0.30261,0.28970,-0.00423,0.01406,0.28789,-0.02905,0.00610,-0.24151,-0.09425,-0.00390,0.28706,0.30647,-0.01010,0.00970,-0.58459,-0.03990,0.00514,-0.35694,-0.02466,-0.00351,0.33126,0.26336,0.05406,0.02630
15.8500,1585,15,15.8475,50.06,0.33743,-0.14507,0.01187,0.09116,0.09462,-0.03568,0.23767,-0.05941,0.04094,-0.20969,-0.59388,0.03866,-0.01019,0.28875,-0.05994,-0.01717,0.21944,0.15002,-0.01461,-0.07578,0.29176,-0.03789,-0.02240,-0.22850,-0.12215,-0.01737,0.12085,-0.02306,-0.05069,-0.13455,-0.55466,0.02800,-0.01191,-0.36223,-0.04843,0.00553,0.24383,0.12483,0.00198,-0.07073,0.36587,-0.07603,0.00123,0.11069,0.07778,-0.01565,0.36792,0.25590,0.12421,0.00728,-0.63407,-0.02671,0.00809,0.30072,-0.05284,-0.00731,0.31716,0.29244,-0.00355,0.01290,0.28651,-0.02613,0.00582,-0.24617,-0.09217,-0.00457,0.30243,0.30825,-0.00962,0.00914,-0.58652,-0.03741,0.00500,-0.35813,-0.02285,-0.00388,0.34452,0.26686,0.05530,0.02325
15.9000,1590,15,15.8975,49.95,0.33743,-0.14507,0.01187,0.09116,0.09462,-0.03568,0.23767,-0.05941,0.04094,-0.20969,-0.58808,0.05089,-0.00605,0.28468,-0.03906,-0.01474,0.23413,0.12688,-0.02047,-0.00372,0.29176,-0.03789,-0.02240,-0.22850,-0.12215,-0.01737,0.12085,-0.02306,-0.05069,-0.13455,-0.55466,0.02800,-0.01191,-0.36223,-0.04843,0.00553,0.24383,0.12483,0.00198,-0.07073,0.36209,-0.07518,0.00220,0.11476,0.08487,-0.01330,0.38077,0.25826,0.12451,0.00459,-0.63531,-0.02285,0.00765,0.29817,-0.04922,-0.00746,0.33184,0.29433,-0.00293,0.01188,0.28527,-0.02334,0.00557,-0.25072,-0.08978,-0.00515,0.31787,0.30926,-0.00918,0.00863,-0.58833,-0.03499,0.00487,-0.35922,-0.02087,-0.00418,0.35793,0.26957,0.05640,0.02057
15.9500,1595,15,15.9473,49.78,0.32235,-0.15577,0.00655,0.10233,0.12693,-0.02307,0.23160,-0.06625,0.02917,-0.03451,-0.58269,0.05719,-0.00605,0.28135,-0.02796,-0.01474,0.24291,0.04772,-0.02047,-0.00372,0.28707,-0.03858,-0.00092,-0.24390,-0.13030,-0.01959,0.11455,-0.07655,-0.06652,0.01942,-0.55033,0.03693,-0.00713,-0.37101,-0.05286,0.00455,0.25590,0.12325,0.00083,0.03000,0.35836,-0.07389,0.00303,0.11916,0.09086,-0.01119,0.39373,0.25994,0.12468,0.00226,-0.63636,-0.01919,0.00725,0.29580,-0.04553,-0.00755,0.34658,0.29546,-0.00236,0.01098,0.28417,-0.02067,0.00534,-0.25514,-0.08714,-0.00563,0.33335,0.30956,-0.00876,0.00818,-0.59002,-0.03263,0.00477,-0.36021,-0.01876,-0.00440,0.37147,0.27157,0.05736,0.01823
16.0000,1600,16,15.9975,50.28,0.32235,-0.15577,0.00655,0.10233,0.12693,-0.02307,0.23160,-0.06625,0.02917,-0.03451,-0.58269,0.05719,-0.00819,0.28135,-0.02796,-0.01266,0.24291,0.04772,-0.01856,0.01492,0.28707,-0.03858,-0.00092,-0.24390,-0.13030,-0.01959,0.11455,-0.07655,-0.06652,0.01942,-0.55033,0.03693,-0.00713,-0.37101,-0.05286,0.00455,0.25590,0.12325,0.00083,0.03000,0.32235,-0.15577,0.00655,0.10233,0.12693,-0.02307,0.23160,-0.06625,0.02917,-0.03451,-0.58269,0.05719,-0.00819,0.28135,-0.02796,-0.01266,0.24291,0.04772,-0.01856,0.01492,0.28707,-0.03858,-0.00092,-0.24390,-0.13030,-0.01959,0.11455,-0.07655,-0.06652,0.01942,-0.55033,0.03693,-0.00713,-0.37101,-0.05286,0.00455,0.25590,0.12325,0.00083,0.03000
16.0500,1605,16,16.0473,49.77,0.30657,-0.15895,0.00146,0.11595,0.14502,-0.01864,0.22378,-0.09024,0.02958,-0.01530,-0.57660,0.06452,-0.00819,0.27907,-0.01901,-0.01266,0.24369,-0.03711,-0.01856,0.01492,0.28314,-0.02261,-0.02062,-0.25674,-0.10882,-0.02105,0.10366,-0.12840,-0.05571,0.15482,-0.54614,0.04562,-0.00494,-0.37832,-0.06554,-0.00272,0.26782,0.11804,0.00515,0.09196,0.31469,-0.14972,0.01720,0.10891,0.13568,-0.01324,0.23017,0.00585,0.02754,-0.03063,-0.57994,0.05276,-0.00972,0.28010,-0.02232,-0.01043,0.24574,0.06568,-0.01786,0.01316,0.28514,-0.03845,0.00132,-0.25019,-0.12133,-0.01711,0.11244,-0.00930,-0.06560,0.01735,-0.54858,0.03295,-0.00889,-0.37368,-0.05346,-0.00167,0.26202,0.12253,0.00223,0.02620
16.1000,1610,16,16.0976,50.32,0.30657,-0.15895,0.00146,0.11595,0.14502,-0.01864,0.22378,-0.09024,0.02958,-0.01530,-0.57660,0.06452,-0.00523,0.27907,-0.01901,-0.00532,0.24369,-0.03711,-0.01899,-0.02773,0.28314,-0.02261,-0.02062,-0.25674,-0.10882,-0.02105,0.10366,-0.12840,-0.05571,0.15482,-0.54614,0.04562,-0.00494,-0.37832,-0.06554,-0.00272,0.26782,0.11804,0.00515,0.09196,0.30745,-0.13963,0.02334,0.11583,0.14042,-0.00652,0.23192,0.06179,0.02610,-0.02724,-0.57743,0.04782,-0.01029,0.27910,-0.01762,-0.00884,0.24952,0.08590,-0.01725,0.01162,0.28324,-0.03738,0.00297,-0.25605,-0.11340,-0.01532,0.11349,0.05034,-0.06478,0.01553,-0.54705,0.02838,-0.00960,-0.37632,-0.05158,-0.00570,0.26825,0.12756,0.00345,0.02289
16.1500,1615,16,16.1473,49.71,0.29176,-0.14819,-0.03630,0.14637,0.18019,0.01923,0.20920,-0.08634,0.03258,0.13562,-0.57024,0.05947,0.01072,0.27754,-0.01045,-0.00821,0.23805,-0.05801,-0.02372,-0.05242,0.27928,-0.02274,-0.01151,-0.25812,-0.06553,-0.00720,0.08823,-0.13851,-0.04107,0.26703,-0.54231,0.03972,0.00567,-0.38500,-0.05964,-0.01227,0.27850,0.09875,0.01281,0.02643,0.30077,-0.12731,0.02648,0.12291,0.14243,-0.00195,0.23615,0.10611,0.02481,-0.02428,-0.57516,0.04276,-0.01024,0.27832,-0.01358,-0.00767,0.25434,0.10696,-0.01670,0.01027,0.28141,-0.03561,0.00418,-0.26154,-0.10623,-0.01399,0.11735,0.10272,-0.06404,0.01394,-0.54575,0.02364,-0.00963,-0.37882,-0.04811,-0.00822,0.27483,0.13631,0.00452,0.01999
16.2000,1620,16,16.1976,50.24,0.29176,-0.14819,-0.03630,0.14637,0.18019,0.01923,0.20920,-0.08634,0.03258,0.13562,-0.57024,0.05947,0.01072,0.27754,-0.01045,-0.00821,0.23805,-0.05801,-0.02372,-0.05242,0.27928,-0.02274,-0.01151,-0.25812,-0.06553,-0.00720,0.08823,-0.13851,-0.04107,0.26703,-0.53913,0.03146,0.00567,-0.39055,-0.05219,-0.01227,0.28813,0.09441,0.01281,0.02643,0.29473,-0.11397,0.02765,0.13004,0.14258,0.00113,0.24238,0.14190,0.02366,-0.02168,-0.57315,0.03784,-0.00980,0.27773,-0.01005,-0.00680,0.26021,0.12793,-0.01622,0.00909,0.27969,-0.03333,0.00507,-0.26669,-0.09962,-0.01298,0.12365,0.14836,-0.06338,0.01255,-0.54468,0.01900,-0.00922,-0.38111,-0.04368,-0.00971,0.28192,0.14734,0.00546,0.01746
16.2500,1625,16,16.2476,49.96,0.27926,-0.10030,-0.03797,0.16338,0.16291,0.00194,0.20274,-0.03694,0.04196,-0.02431,-0.59923,-0.02094,0.01072,0.27865,0.01444,-0.00821,0.25239,0.04678,-0.02372,-0.05242,0.27829,-0.00348,-0.00874,-0.27113,-0.09135,-0.00122,0.07854,-0.05546,-0.01387,0.18361,-0.53913,0.03146,0.01285,-0.39055,-0.05219,-0.00562,0.28813,0.09441,0.01142,-0.05822,0.28938,-0.10039,0.02755,0.13714,0.14148,0.00319,0.25024,0.17128,0.02264,-0.01942,-0.57137,0.03319,-0.00912,0.27731,-0.00688,-0.00612,0.26712,0.14820,-0.01579,0.00806,0.27809,-0.03067,0.00573,-0.27151,-0.09345,-0.01219,0.13208,0.18786,-0.06279,0.01132,-0.54384,0.01463,-0.00855,-0.38317,-0.03870,-0.01050,0.28959,0.15962,0.00628,0.01525
16.3000,1630,16,16.2975,49.91,0.27926,-0.10030,-0.03797,0.16338,0.16291,0.00194,0.20274,-0.03694,0.04196,-0.02431,-0.59923,-0.02094,0.02281,0.27865,0.01444,-0.01301,0.25239,0.04678,-0.03228,-0.11334,0.27829,-0.00348,-0.00874,-0.27113,-0.09135,-0.00122,0.07854,-0.05546,-0.01387,0.18361,-0.53913,0.03146,0.01285,-0.39055,-0.05219,-0.00562,0.28813,0.09441,0.01142,-0.05822,0.28469,-0.08706,0.02667,0.14417,0.13956,0.00455,0.25943,0.19570,0.02172,-0.01743,-0.56982,0.02892,-0.00830,0.27704,-0.00402,-0.00559,0.27502,0.16739,-0.01541,0.00716,0.27663,-0.02774,0.00621,-0.27604,-0.08764,-0.01154,0.14235,0.22182,-0.06225,0.01025,-0.54321,0.01063,-0.00774,-0.38498,-0.03345,-0.01081,0.29789,0.17243,0.00699,0.01332
16.3500,1635,16,16.3473,49.85,0.27084,-0.06489,-0.04456,0.18015,0.17058,0.00444,0.20323,0.04564,0.03096,-0.08695,-0.58253,-0.01136,0.02281,0.28388,0.02432,-0.01301,0.26716,0.02205,-0.03228,-0.11334,0.27765,0.00617,-0.02301,-0.27801,-0.07911,0.00460,0.07850,0.03756,0.00054,0.02969,-0.54023,-0.00319,0.01027,-0.38967,-0.01269,-0.01076,0.30042,0.12268,0.00790,-0.00944,0.28066,-0.07430,0.02533,0.15109,0.13710,0.00543,0.26974,0.21620,0.02089,-0.01569,-0.56848,0.02506,-0.00743,0.27691,-0.00139,-0.00514,0.28384,0.18526,-0.01507,0.00637,0.27532,-0.02460,0.00655,-0.28028,-0.08212,-0.01098,0.15418,0.25085,-0.06176,0.00931,-0.54277,0.00705,-0.00685,-0.38652,-0.02815,-0.01079,0.30683,0.18524,0.00761,0.01163
16.4000,1640,16,16.3974,50.08,0.27084,-0.06489,-0.04456,0.18015,0.17058,0.00444,0.20323,0.04564,0.03096,-0.08695,-0.58253,-0.01136,0.01070,0.28388,0.02432,-0.00706,0.26716,0.02205,-0.04142,-0.05778,0.27765,0.00617,-0.02301,-0.27801,-0.07911,0.00460,0.07850,0.03756,0.00054,0.02969,-0.54023,-0.00319,0.01027,-0.38967,-0.01269,-0.01076,0.30042,0.12268,0.00790,-0.00944,0.27725,-0.06226,0.02374,0.15788,0.13429,0.00597,0.28100,0.23349,0.02014,-0.01417,-0.56731,0.02163,-0.00654,0.27690,0.00104,-0.00476,0.29352,0.20167,-0.01477,0.00568,0.27417,-0.02132,0.00679,-0.28425,-0.07685,-0.01049,0.16736,0.27547,-0.06132,0.00848,-0.54250,0.00392,-0.00594,-0.38779,-0.02290,-0.01056,0.31641,0.19767,0.00816,0.01015
16.4500,1645,16,16.4473,49.89,0.26676,-0.01725,-0.03539,0.19681,0.16641,-0.00966,0.21115,0.11280,0.01407,-0.23565,-0.58619,-0.02490,-0.00260,0.28799,0.03387,-0.00100,0.27358,0.02844,-0.04281,0.05149,0.27861,0.02522,-0.03137,-0.28601,-0.08440,0.01210,0.08463,0.09149,-0.00802,-0.19404,-0.53967,-0.00223,0.00598,-0.39236,-0.01432,-0.01420,0.31250,0.12929,0.01006,0.05674,0.27442,-0.05103,0.02205,0.16452,0.13127,0.00629,0.29305,0.24812,0.01947,-0.01283,-0.56630,0.01864,-0.00567,0.27701,0.00328,-0.00442,0.30398,0.21658,-0.01450,0.00507,0.27319,-0.01796,0.00694,-0.28797,-0.07182,-0.01004,0.18166,0.29619,-0.06091,0.00775,-0.54237,0.00123,-0.00504,-0.38881,-0.01781,-0.01019,0.32659,0.20948,0.00863,0.00886
16.5000,1650,16,16.4973,50.02,0.26676,-0.01725,-0.03539,0.19681,0.16641,-0.00966,0.21115,0.11280,0.01407,-0.23565,-0.58619,-0.02490,-0.00260,0.28799,0.03387,-0.00100,0.27358,0.02844,-0.04281,0.05149,0.27861,0.02522,-0.03137,-0.28601,-0.08440,0.01210,0.08463,0.09149,-0.00802,-0.19404,-0.53967,-0.00223,0.00598,-0.39236,-0.01432,-0.01420,0.31250,0.12929,0.01006,0.05674,0.27213,-0.04063,0.02036,0.17100,0.12814,0.00647,0.30577,0.26047,0.01886,-0.01166,-0.56544,0.01606,-0.00483,0.27722,0.00537,-0.00411,0.31515,0.22996,-0.01426,0.00454,0.27237,-0.01453,0.00702,-0.29144,-0.06700,-0.00963,0.19692,0.31346,-0.06054,0.00711,-0.54237,-0.00103,-0.00418,-0.38958,-0.01292,-0.00973,0.33734,0.22049,0.00904,0.00773
16.5500,1655,16,16.5476,50.28,0.26644,0.00911,-0.02856,0.21343,0.15984,0.01999,0.22525,0.16437,0.00407,-0.01456,-0.58995,-0.03392,-0.00260,0.29119,0.04643,-0.00100,0.27742,0.03441,-0.04281,0.05149,0.28131,0.03926,-0.00012,-0.29266,-0.07216,0.00106,0.09476,0.11992,-0.03114,-0.31967,-0.53815,0.00649,-0.00116,-0.39892,-0.02773,-0.00368,0.32484,0.13846,0.01432,0.02636,0.27035,-0.03104,0.01872,0.17733,0.12495,0.00654,0.31906,0.27084,0.01830,-0.01063,-0.56469,0.01389,-0.00404,0.27754,0.00732,-0.00382,0.32695,0.24184,-0.01405,0.00407,0.27173,-0.01108,0.00705,-0.29467,-0.06237,-0.00922,0.21296,0.32767,-0.06020,0.00654,-0.54247,-0.00288,-0.00336,-0.39011,-0.00827,-0.00922,0.34862,0.23058,0.00941,0.00674
16.6000,1660,16,16.5978,50.25,0.26644,0.00911,-0.02856,0.21343,0.15984,0.01999,0.22525,0.16437,0.00407,-0.01456,-0.58995,-0.03392,0.00635,0.29119,0.04643,-0.00609,0.27742,0.03441,-0.03681,0.10147,0.28131,0.03926,-0.00012,-0.29266,-0.07216,0.00106,0.09476,0.11992,-0.03114,-0.31967,-0.53815,0.00649,-0.00116,-0.39892,-0.02773,-0.00368,0.32484,0.13846,0.01432,0.02636,0.26902,-0.02224,0.01717,0.18350,0.12173,0.00655,0.33283,0.27947,0.01779,-0.00972,-0.56404,0.01209,-0.00330,0.27795,0.00912,-0.00355,0.33931,0.25225,-0.01385,0.00366,0.27127,-0.00762,0.00703,-0.29768,-0.05795,-0.00884,0.22964,0.33918,-0.05988,0.00604,-0.54265,-0.00434,-0.00260,-0.39041,-0.00388,-0.00868,0.36038,0.23968,0.00972,0.00588
16.6500,1665,16,16.8207,222.90,0.26888,0.03746,-0.01541,0.22856,0.14676,-0.00444,0.24351,0.20293,0.00491,0.02968,-0.59649,-0.05533,0.00635,0.29769,0.06665,-0.00609,0.28606,0.05627,-0.03681,0.10147,0.28575,0.04325,-0.00265,-0.30197,-0.08929,0.01193,0.10816,0.13410,-0.06179,-0.23731,-0.53815,0.00649,-0.00116,-0.39892,-0.02773,-0.00368,0.32484,0.13846,0.01432,0.02636,0.26811,-0.01418,0.01574,0.18950,0.11853,0.00652,0.34698,0.28656,0.01733,-0.00892,-0.56348,0.01064,-0.00262,0.27845,0.01080,-0.00329,0.35215,0.26125,-0.01368,0.00331,0.27097,-0.00418,0.00698,-0.30047,-0.05370,-0.00846,0.24684,0.34829,-0.05959,0.00560,-0.54290,-0.00544,-0.00190,-0.39050,0.00024,-0.00812,0.37257,0.24776,0.01000,0.00513
16.7000,1670,16,16.8334,12.69,0.27938,0.06862,-0.00468,0.25923,0.15296,0.00038,0.28926,0.23680,0.01225,-0.05647,-0.60394,-0.07125,0.00219,0.30597,0.08676,-0.01750,0.29591,0.08561,-0.01293,0.05337,0.29557,0.04502,0.00216,-0.32450,-0.10752,-0.00927,0.13244,0.09289,-0.11196,-0.38911,-0.53815,0.00649,-0.00116,-0.39892,-0.02773,-0.00368,0.32484,0.13846,0.01432,0.02636,0.26759,-0.00679,0.01441,0.19535,0.11534,0.00647,0.36146,0.29225,0.01690,-0.00822,-0.56298,0.00951,-0.00199,0.27903,0.01235,-0.00303,0.36541,0.26891,-0.01352,0.00299,0.27085,-0.00078,0.00689,-0.30305,-0.04965,-0.00808,0.26443,0.35527,-0.05932,0.00521,-0.54319,-0.00621,-0.00125,-0.39039,0.00409,-0.00756,0.38514,0.25481,0.01023,0.00447
16.7500,1675,16,16.8379,4.43,0.27938,0.06862,-0.00468,0.25923,0.15296,0.00038,0.28926,0.23680,0.01225,-0.05647,-0.60394,-0.07125,0.00219,0.30597,0.08676,-0.01750,0.29591,0.08561,-0.01293,0.05337,0.29557,0.04502,0.00216,-0.32450,-0.10752,-0.00927,0.13244,0.09289,-0.11196,-0.38911,-0.53718,0.00503,0.00339,-0.40040,-0.01197,-0.01127,0.33984,0.15965,0.01667,0.02317,0.26742,-0.00002,0.01321,0.20104,0.11218,0.00641,0.37619,0.29669,0.01650,-0.00760,-0.56252,0.00867,-0.00142,0.27969,0.01378,-0.00279,0.37902,0.27528,-0.01338,0.00271,0.27089,0.00257,0.00678,-0.30544,-0.04577,-0.00772,0.28233,0.36036,-0.05907,0.00487,-0.54351,-0.00668,-0.00067,-0.39010,0.00766,-0.00701,0.39804,0.26083,0.01044,0.00389
16.8000,1680,16,16.8426,4.75,0.27938,0.06862,-0.00468,0.25923,0.15296,0.00038,0.28926,0.23680,0.01225,-0.05647,-0.60394,-0.07125,0.00219,0.30597,0.08676,-0.01750,0.29591,0.08561,-0.01293,0.05337,0.29557,0.04502,0.00216,-0.32450,-0.10752,-0.00927,0.13244,0.09289,-0.11196,-0.38911,-0.53718,0.00503,0.00339,-0.40040,-0.01197,-0.01127,0.33984,0.15965,0.01667,0.02317,0.26758,0.00619,0.01213,0.20657,0.10905,0.00635,0.39111,0.30001,0.01614,-0.00705,-0.56210,0.00811,-0.00090,0.28041,0.01509,-0.00255,0.39292,0.28043,-0.01325,0.00247,0.27110,0.00586,0.00664,-0.30763,-0.04208,-0.00735,0.30044,0.36378,-0.05884,0.00456,-0.54385,-0.00687,-0.00013,-0.38963,0.01096,-0.00646,0.41121,0.26583,0.01063,0.00339
16.8500,1685,16,16.8476,4.97,0.27938,0.06862,-0.00468,0.25923,0.15296,0.00038,0.28926,0.23680,0.01225,-0.05647,-0.60926,-0.05672,0.00219,0.31226,0.09184,-0.01750,0.29721,0.06259,-0.01293,0.05337,0.29557,0.04502,0.00216,-0.32450,-0.10752,-0.00927,0.13244,0.09289,-0.11196,-0.38911,-0.53811,-0.01175,0.00083,-0.40205,0.01165,-0.00895,0.37319,0.16755,0.02012,0.04194,0.26803,0.01190,0.01116,0.21194,0.10594,0.00630,0.40617,0.30231,0.01580,-0.00657,-0.56171,0.00779,-0.00043,0.28119,0.01628,-0.00232,0.40705,0.28444,-0.01313,0.00226,0.27148,0.00909,0.00649,-0.30965,-0.03856,-0.00699,0.31869,0.36569,-0.05861,0.00429,-0.54420,-0.00682,0.00035,-0.38900,0.01400,-0.00593,0.42460,0.26983,0.01078,0.00295
16.9000,1690,16,16.8973,49.78,0.27938,0.06862,-0.00468,0.25923,0.15296,0.00038,0.28926,0.23680,0.01225,-0.05647,-0.60926,-0.05672,-0.01061,0.31226,0.09184,-0.01018,0.29721,0.06259,-0.01304,-0.04823,0.29557,0.04502,0.00216,-0.32450,-0.10752,-0.00927,0.13244,0.09289,-0.11196,-0.38911,-0.53811,-0.01175,0.00714,-0.40205,0.01165,-0.01469,0.37319,0.16755,0.02007,-0.02325,0.26876,0.01715,0.01027,0.21716,0.10287,0.00624,0.42132,0.30368,0.01548,-0.00614,-0.56132,0.00768,-0.00000,0.28203,0.01736,-0.00209,0.42134,0.28735,-0.01302,0.00207,0.27201,0.01223,0.00632,-0.31149,-0.03522,-0.00664,0.33699,0.36626,-0.05841,0.00404,-0.54453,-0.00654,0.00078,-0.38823,0.01678,-0.00542,0.43817,0.27288,0.01092,0.00257
16.9500,1695,16,16.9473,49.91,0.28599,0.08313,-0.00548,0.19668,0.01494,0.01615,0.31968,0.23722,0.00292,-0.02796,-0.61536,-0.05209,0.00091,0.32182,0.10438,-0.02028,0.29974,0.01812,-0.02219,-0.21373,0.30060,0.04407,0.00869,-0.33646,-0.10997,0.00863,0.14051,0.04992,-0.15402,-0.40806,-0.53973,-0.01982,0.01119,-0.40091,0.02041,-0.01134,0.38960,0.16194,0.01875,-0.00405,0.26974,0.02199,0.00946,0.22223,0.09982,0.00619,0.43652,0.30414,0.01518,-0.00576,-0.56094,0.00778,0.00037,0.28293,0.01833,-0.00187,0.43576,0.28923,-0.01292,0.00190,0.27270,0.01529,0.00614,-0.31317,-0.03205,-0.00629,0.35529,0.36561,-0.05821,0.00383,-0.54485,-0.00607,0.00116,-0.38733,0.01932,-0.00492,0.45187,0.27499,0.01104,0.00223
17.0000,1700,17,16.9977,50.46,0.28599,0.08313,-0.00548,0.19668,0.01494,0.01615,0.31968,0.23722,0.00292,-0.02796,-0.61536,-0.05209,0.00091,0.32182,0.10438,-0.02028,0.29974,0.01812,-0.02219,-0.21373,0.30060,0.04407,0.00869,-0.33646,-0.10997,0.00863,0.14051,0.04992,-0.15402,-0.40806,-0.54259,-0.03623,0.01119,-0.39675,0.04322,-0.01134,0.40531,0.16295,0.01875,-0.00405,0.28599,0.08313,-0.00548,0.19668,0.01494,0.01615,0.31968,0.23722,0.00292,-0.02796,-0.61536,-0.05209,0.00091,0.32182,0.10438,-0.02028,0.29974,0.01812,-0.02219,-0.21373,0.30060,0.04407,0.00869,-0.33646,-0.10997,0.00863,0.14051,0.04992,-0.15402,-0.40806,-0.54259,-0.03623,0.01119,-0.39675,0.04322,-0.01134,0.40531,0.16295,0.01875,-0.00405
17.0500,1705,17,17.0477,50.01,0.27829,0.01321,0.00058,0.18886,0.00373,0.01045,0.33618,0.19693,-0.00026,-0.04034,-0.62113,-0.06087,0.00091,0.33829,0.15176,-0.02028,0.29969,0.01087,-0.02219,-0.21373,0.30290,0.02332,0.02172,-0.34631,-0.10987,0.00837,0.14051,-0.01725,-0.19054,-0.28980,-0.54259,-0.03623,0.00431,-0.39675,0.04322,-0.00420,0.40531,0.16295,0.01638,-0.02164,0.29008,0.08001,-0.00704,0.19729,0.01056,0.00281,0.33108,0.22110,0.00156,-0.02613,-0.61792,-0.05006,0.00688,0.32722,0.11030,-0.00495,0.30196,0.06893,-0.03219,-0.18657,0.30289,0.04751,0.00556,-0.34203,-0.11184,-0.00039,0.14486,0.12147,-0.17309,-0.35562,-0.54427,-0.03104,0.01000,-0.39448,0.04727,-0.00558,0.41347,0.16389,0.01856,-0.00372
17.1000,1710,17,17.0976,49.87,0.27829,0.01321,0.00058,0.18886,0.00373,0.01045,0.33618,0.19693,-0.00026,-0.04034,-0.62113,-0.06087,-0.00994,0.33829,0.15176,-0.01762,0.29969,0.01087,-0.04570,-0.18499,0.30290,0.02332,0.02172,-0.34631,-0.10987,0.00837,0.14051,-0.01725,-0.19054,-0.28980,-0.54259,-0.03623,0.00431,-0.39675,0.04322,-0.00420,0.40531,0.16295,0.01638,-0.02164,0.29399,0.07638,-0.00764,0.19782,0.01133,-0.00526,0.34197,0.21603,0.00030,-0.02446,-0.62033,-0.04570,0.01059,0.33275,0.11013,0.00490,0.30648,0.11069,-0.04091,-0.16282,0.30533,0.04968,0.00339,-0.34759,-0.11009,-0.00635,0.15243,0.17910,-0.18970,-0.30979,-0.54570,-0.02637,0.00906,-0.39206,0.04903,-0.00184,0.42171,0.16560,0.01838,-0.00343
17.1500,1715,17,17.1480,50.39,0.27946,0.01397,0.01006,0.18853,0.00008,-0.00964,0.35381,0.17232,0.00074,0.01462,-0.62565,-0.03964,-0.00994,0.35623,0.16771,-0.01762,0.30257,0.03661,-0.04570,-0.18499,0.30412,0.00152,0.02197,-0.35823,-0.12072,0.00888,0.13641,-0.04745,-0.21040,-0.04702,-0.54685,-0.04158,-0.00036,-0.39036,0.05312,0.00383,0.42180,0.16721,0.01525,-0.02582,0.29771,0.07262,-0.00763,0.19847,0.01514,-0.00980,0.35279,0.21749,-0.00088,-0.02294,-0.62247,-0.03992,0.01276,0.33817,0.10610,0.01104,0.31291,0.14527,-0.04852,-0.14206,0.30785,0.05095,0.00189,-0.35300,-0.10595,-0.01021,0.16259,0.22556,-0.20416,-0.26973,-0.54691,-0.02212,0.00830,-0.38960,0.04930,0.00055,0.43005,0.16819,0.01822,-0.00317
17.2000,1720,17,17.1977,49.72,0.27946,0.01397,0.01006,0.18853,0.00008,-0.00964,0.35381,0.17232,0.00074,0.01462,-0.62565,-0.03964,-0.01663,0.35623,0.16771,0.00973,0.30257,0.03661,-0.06451,-0.20100,0.30412,0.00152,0.02197,-0.35823,-0.12072,0.00888,0.13641,-0.04745,-0.21040,-0.04702,-0.55017,-0.02679,-0.00036,-0.39271,0.00830,0.00383,0.43763,0.16231,0.01525,-0.02582,0.30125,0.06896,-0.00724,0.19936,0.02057,-0.01201,0.36378,0.22257,-0.00200,-0.02155,-0.62430,-0.03335,0.01389,0.34332,0.09971,0.01467,0.32091,0.17401,-0.05516,-0.12391,0.31041,0.05161,0.00086,-0.35816,-0.10031,-0.01261,0.17484,0.26296,-0.21675,-0.23471,-0.54792,-0.01821,0.00767,-0.38715,0.04864,0.00201,0.43854,0.17157,0.01806,-0.00294
17.2500,1725,17,17.2481,50.43,0.28148,0.00580,0.01628,0.18760,0.00123,-0.01308,0.36999,0.11888,0.00477,0.10493,-0.62788,-0.02020,-0.01663,0.37118,0.14583,0.00973,0.30855,0.06505,-0.06451,-0.20100,0.30340,-0.01163,0.00240,-0.36989,-0.10637,-0.02792,0.13265,-0.01431,-0.19963,0.21854,-0.55017,-0.02679,-0.00909,-0.39271,0.00830,0.01127,0.43763,0.16231,0.01041,-0.05372,0.30461,0.06555,-0.00664,0.20054,0.02668,-0.01270,0.37507,0.22934,-0.00304,-0.02029,-0.62580,-0.02641,0.01431,0.34811,0.09198,0.01661,0.33023,0.19790,-0.06095,-0.10804,0.31300,0.05185,0.00016,-0.36301,-0.09374,-0.01401,0.18876,0.29289,-0.22771,-0.20412,-0.54874,-0.01458,0.00714,-0.38474,0.04742,0.00287,0.44722,0.17553,0.01792,-0.00274
17.3000,1730,17,17.2978,49.68,0.28148,0.00580,0.01628,0.18760,0.00123,-0.01308,0.36999,0.11888,0.00477,0.10493,-0.62788,-0.02020,-0.02681,0.37118,0.14583,0.02363,0.30855,0.06505,-0.07724,-0.02378,0.30340,-0.01163,0.00240,-0.36989,-0.10637,-0.02792,0.13265,-0.01431,-0.19963,0.21854,-0.55349,-0.02691,-0.00909,-0.39226,0.00618,0.01127,0.45342,0.15829,0.01041,-0.05372,0.30781,0.06246,-0.00594,0.20203,0.03287,-0.01243,0.38672,0.23659,-0.00403,-0.01913,-0.62694,-0.01938,0.01428,0.35251,0.08360,0.01742,0.34063,0.21769,-0.06600,-0.09417,0.31559,0.05180,-0.00031,-0.36752,-0.08667,-0.01472,0.20402,0.31662,-0.23723,-0.17738,-0.54938,-0.01120,0.00667,-0.38241,0.04589,0.00333,0.45610,0.17982,0.01779,-0.00256
17.3500,1735,17,17.3478,49.93,0.28250,-0.00134,0.01038,0.19022,0.02047,-0.00762,0.37923,0.07276,0.01191,0.03016,-0.63091,-0.00577,-0.02681,0.38408,0.11679,0.02363,0.32331,0.12994,-0.07724,-0.02378,0.30255,-0.00392,-0.00560,-0.37404,-0.05757,-0.03178,0.12931,0.00445,-0.17536,0.28474,-0.55349,-0.02691,-0.00222,-0.39226,0.00618,0.00400,0.45342,0.15829,0.00319,-0.10455,0.31086,0.05973,-0.00520,0.20382,0.03877,-0.01157,0.39872,0.24353,-0.00496,-0.01808,-0.62774,-0.01245,0.01394,0.35647,0.07501,0.01751,0.35194,0.23394,-0.07039,-0.08205,0.31818,0.05157,-0.00063,-0.37168,-0.07938,-0.01494,0.22033,0.33511,-0.24550,-0.15402,-0.54986,-0.00802,0.00627,-0.38016,0.04420,0.00353,0.46520,0.18421,0.01766,-0.00240
17.4000,1740,17,17.3977,49.95,0.28250,-0.00134,0.01038,0.19022,0.02047,-0.00762,0.37923,0.07276,0.01191,0.03016,-0.63091,-0.00577,-0.02405,0.38408,0.11679,0.03431,0.32331,0.12994,-0.07589,0.01182,0.30255,-0.00392,-0.00560,-0.37404,-0.05757,-0.03178,0.12931,0.00445,-0.17536,0.28474,-0.55349,-0.02691,-0.00222,-0.39226,0.00618,0.00400,0.45342,0.15829,0.00319,-0.10455,0.31379,0.05736,-0.00447,0.20590,0.04417,-0.01039,0.41106,0.24969,-0.00584,-0.01712,-0.62819,-0.00574,0.01341,0.36001,0.06650,0.01712,0.36397,0.24710,-0.07423,-0.07146,0.32075,0.05121,-0.00083,-0.37546,-0.07207,-0.01484,0.23746,0.34916,-0.25268,-0.13361,-0.55018,-0.00504,0.00590,-0.37799,0.04246,0.00356,0.47452,0.18847,0.01755,-0.00226
17.4500,1745,17,17.4473,49.63,0.28185,-0.01174,0.01203,0.19268,0.02960,-0.00999,0.38519,0.04974,0.00894,-0.09916,-0.62499,0.03585,-0.02405,0.39178,0.07734,0.03431,0.33705,0.12197,-0.07589,0.01182,0.30411,0.01588,-0.01254,-0.38171,-0.04767,-0.03431,0.13283,0.02981,-0.14282,0.40903,-0.55655,-0.02224,-0.00420,-0.39244,-0.00409,0.00841,0.46859,0.15469,-0.00801,-0.10555,0.31661,0.05534,-0.00378,0.20823,0.04894,-0.00905,0.42368,0.25480,-0.00667,-0.01624,-0.62832,0.00068,0.01276,0.36313,0.05826,0.01645,0.37660,0.25753,-0.07756,-0.06220,0.32330,0.05077,-0.00095,-0.37888,-0.06487,-0.01451,0.25519,0.35941,-0.25890,-0.11578,-0.55037,-0.00223,0.00557,-0.37591,0.04072,0.00350,0.48404,0.19240,0.01744,-0.00213
17.5000,1750,17,17.4976,50.29,0.28185,-0.01174,0.01203,0.19268,0.02960,-0.00999,0.38519,0.04974,0.00894,-0.09916,-0.62499,0.03585,-0.01884,0.39178,0.07734,0.02890,0.33705,0.12197,-0.07042,0.12845,0.30411,0.01588,-0.01254,-0.38171,-0.04767,-0.03431,0.13283,0.02981,-0.14282,0.40903,-0.55973,-0.03005,-0.00420,-0.39078,0.00801,0.00841,0.48431,0.15591,-0.00801,-0.10555,0.31933,0.05364,-0.00315,0.21078,0.05304,-0.00765,0.43652,0.25872,-0.00746,-0.01543,-0.62813,0.00677,0.01205,0.36584,0.05039,0.01561,0.38969,0.26552,-0.08046,-0.05410,0.32582,0.05028,-0.00102,-0.38195,-0.05786,-0.01403,0.27334,0.36638,-0.26429,-0.10021,-0.55041,0.00043,0.00527,-0.37392,0.03903,0.00339,0.49375,0.19584,0.01733,-0.00202
17.5500,1755,17,17.5473,49.67,0.28059,-0.01750,0.00235,0.19588,0.03868,-0.01330,0.39008,0.04289,-0.00393,-0.12045,-0.62038,0.05012,-0.01884,0.39730,0.04277,0.02890,0.34977,0.13284,-0.07042,0.12845,0.30780,0.04706,-0.02006,-0.39530,-0.05124,-0.02936,0.13963,0.06201,-0.10451,0.33894,-0.55973,-0.03005,0.00351,-0.39078,0.00801,-0.00200,0.48431,0.15591,-0.01602,-0.08799,0.32198,0.05223,-0.00258,0.21352,0.05645,-0.00628,0.44953,0.26140,-0.00821,-0.01469,-0.62765,0.01250,0.01131,0.36817,0.04296,0.01467,0.40311,0.27131,-0.08299,-0.04703,0.32833,0.04978,-0.00105,-0.38467,-0.05112,-0.01345,0.29178,0.37051,-0.26896,-0.08661,-0.55032,0.00295,0.00499,-0.37201,0.03740,0.00325,0.50361,0.19865,0.01724,-0.00192
17.6000,1760,17,17.5976,50.33,0.28059,-0.01750,0.00235,0.19588,0.03868,-0.01330,0.39008,0.04289,-0.00393,-0.12045,-0.62038,0.05012,-0.00888,0.39730,0.04277,0.02993,0.34977,0.13284,-0.05509,0.21186,0.30780,0.04706,-0.02006,-0.39530,-0.05124,-0.02936,0.13963,0.06201,-0.10451,0.33894,-0.56312,-0.03246,0.00351,-0.39375,-0.01277,-0.00200,0.49757,0.14047,-0.01602,-0.08799,0.32456,0.05109,-0.00209,0.21641,0.05921,-0.00498,0.46264,0.26284,-0.00893,-0.01400,-0.62689,0.01786,0.01057,0.37014,0.03600,0.01371,0.41678,0.27512,-0.08518,-0.04085,0.33080,0.04926,-0.00105,-0.38707,-0.04468,-0.01280,0.31035,0.37215,-0.27298,-0.07474,-0.55012,0.00533,0.00473,-0.37018,0.03584,0.00310,0.51360,0.20074,0.01714,-0.00183
17.6500,1765,17,17.6478,50.21,0.27865,-0.02420,0.01131,0.20005,0.04706,-0.00847,0.39372,0.02945,-0.01632,-0.10012,-0.61595,0.05242,-0.00306,0.39995,0.02256,0.01816,0.36153,0.09829,-0.03502,0.19798,0.31039,0.05286,-0.02143,-0.39286,-0.01296,-0.03631,0.14469,0.05682,-0.07203,0.30956,-0.56312,-0.03246,0.00314,-0.39375,-0.01277,-0.00441,0.49757,0.14047,-0.02593,-0.08830,0.32709,0.05018,-0.00166,0.21943,0.06135,-0.00376,0.47579,0.26309,-0.00961,-0.01338,-0.62587,0.02286,0.00983,0.37178,0.02951,0.01275,0.43060,0.27713,-0.08709,-0.03546,0.33325,0.04874,-0.00104,-0.38915,-0.03856,-0.01212,0.32896,0.37161,-0.27646,-0.06438,-0.54979,0.00759,0.00448,-0.36842,0.03436,0.00295,0.52367,0.20202,0.01705,-0.00174
17.7000,1770,17,17.6977,49.86,0.27865,-0.02420,0.01131,0.20005,0.04706,-0.00847,0.39372,0.02945,-0.01632,-0.10012,-0.61595,0.05242,-0.00306,0.39995,0.02256,0.01816,0.36153,0.09829,-0.03502,0.19798,0.31039,0.05286,-0.02143,-0.39286,-0.01296,-0.03631,0.14469,0.05682,-0.07203,0.30956,-0.56312,-0.03246,0.00314,-0.39375,-0.01277,-0.00441,0.49757,0.14047,-0.02593,-0.08830,0.32958,0.04946,-0.00129,0.22254,0.06292,-0.00264,0.48893,0.26221,-0.01027,-0.01280,-0.62461,0.02750,0.00911,0.37310,0.02349,0.01180,0.44447,0.27748,-0.08874,-0.03074,0.33568,0.04824,-0.00102,-0.39093,-0.03279,-0.01141,0.34748,0.36915,-0.27944,-0.05534,-0.54936,0.00973,0.00425,-0.36674,0.03295,0.00281,0.53379,0.20246,0.01697,-0.00167
17.7500,1775,17,17.7610,63.25,0.27575,-0.03184,0.00500,0.20521,0.05460,-0.00450,0.39573,0.01051,-0.02241,0.02322,-0.61301,0.04165,-0.00306,0.40293,0.01446,0.01816,0.37617,0.09770,-0.03502,0.19798,0.31566,0.06294,-0.01248,-0.39098,0.02959,-0.02615,0.14778,0.02913,-0.04120,0.24692,-0.56312,-0.03246,0.00314,-0.39375,-0.01277,-0.00441,0.49757,0.14047,-0.02593,-0.08830,0.33204,0.04891,-0.00097,0.22571,0.06395,-0.00160,0.50199,0.26023,-0.01089,-0.01226,-0.62312,0.03180,0.00841,0.37414,0.01793,0.01090,0.45832,0.27631,-0.09017,-0.02663,0.33808,0.04775,-0.00099,-0.39243,-0.02737,-0.01070,0.36584,0.36499,-0.28201,-0.04745,-0.54882,0.01176,0.00403,-0.36513,0.03160,0.00269,0.54391,0.20200,0.01689,-0.00160
17.8000,1780,17,17.7977,36.74,0.27575,-0.03184,0.00500,0.20521,0.05460,-0.00450,0.39573,0.01051,-0.02241,0.02322,-0.61301,0.04165,-0.00741,0.40293,0.01446,0.02435,0.37617,0.09770,-0.01416,0.21446,0.31566,0.06294,-0.01248,-0.39098,0.02959,-0.02615,0.14778,0.02913,-0.04120,0.24692,-0.56934,-0.05211,0.00376,-0.39143,0.00476,-0.00879,0.51165,0.13210,-0.03371,-0.08651,0.33447,0.04850,-0.00071,0.22893,0.06450,-0.00065,0.51493,0.25718,-0.01149,-0.01176,-0.62143,0.03576,0.00774,0.37490,0.01279,0.01004,0.47208,0.27373,-0.09141,-0.02303,0.34045,0.04727,-0.00095,-0.39367,-0.02229,-0.00999,0.38396,0.35929,-0.28420,-0.04057,-0.54819,0.01368,0.00381,-0.36358,0.03031,0.00258,0.55397,0.20062,0.01681,-0.00154
17.8500,1785,17,17.8474,49.66,0.27163,-0.04181,0.01107,0.21082,0.06920,-0.00339,0.39731,-0.00631,-0.01955,-0.02795,-0.60776,0.04741,-0.00171,0.40280,-0.00844,0.01251,0.38706,0.07870,0.00166,0.10821,0.32303,0.07646,-0.00823,-0.38853,0.04413,-0.01469,0.14779,-0.01861,-0.01950,0.18294,-0.57491,-0.05180,-0.00038,-0.39163,0.01071,-0.00876,0.52318,0.11409,-0.04847,-0.22883,0.33689,0.04821,-0.00049,0.23216,0.06461,0.00021,0.52769,0.25306,-0.01207,-0.01130,-0.61955,0.03940,0.00710,0.37542,0.00807,0.00923,0.48567,0.26986,-0.09248,-0.01989,0.34280,0.04682,-0.00091,-0.39467,-0.01757,-0.00928,0.40175,0.35223,-0.28608,-0.03458,-0.54746,0.01550,0.00361,-0.36210,0.02907,0.00248,0.56395,0.19831,0.01673,-0.00148
17.9000,1790,17,17.8974,50.08,0.27163,-0.04181,0.01107,0.21082,0.06920,-0.00339,0.39731,-0.00631,-0.01955,-0.02795,-0.60776,0.04741,-0.00171,0.40280,-0.00844,0.01251,0.38706,0.07870,0.00166,0.10821,0.32303,0.07646,-0.00823,-0.38853,0.04413,-0.01469,0.14779,-0.01861,-0.01950,0.18294,-0.57491,-0.05180,-0.00038,-0.39163,0.01071,-0.00876,0.52318,0.11409,-0.04847,-0.22883,0.33929,0.04801,-0.00032,0.23538,0.06431,0.00099,0.54022,0.24789,-0.01262,-0.01087,-0.61750,0.04273,0.00649,0.37572,0.00373,0.00847,0.49904,0.26476,-0.09341,-0.01716,0.34513,0.04638,-0.00088,-0.39544,-0.01318,-0.00859,0.41916,0.34392,-0.28768,-0.02936,-0.54664,0.01722,0.00341,-0.36067,0.02787,0.00240,0.57379,0.19506,0.01666,-0.00143
17.9500,1795,17,17.9472,49.78,0.26749,-0.04579,-0.00335,0.21647,0.06308,0.00190,0.39611,-0.02574,-0.01975,-0.05477,-0.60325,0.04975,-0.00266,0.40123,-0.01256,0.01014,0.39135,0.02788,0.02237,0.21383,0.32950,0.07844,-0.01046,-0.38011,0.06247,-0.01401,0.14180,-0.06740,-0.00426,0.17735,-0.58074,-0.05354,-0.00071,-0.38795,0.03343,-0.02009,0.53380,0.09378,-0.07808,-0.43913,0.34169,0.04789,-0.00018,0.23858,0.06365,0.00170,0.55247,0.24168,-0.01316,-0.01046,-0.61528,0.04577,0.00591,0.37580,-0.00025,0.00776,0.51213,0.25854,-0.09420,-0.01477,0.34744,0.04596,-0.00084,-0.39599,-0.00914,-0.00792,0.43612,0.33449,-0.28903,-0.02481,-0.54573,0.01885,0.00322,-0.35931,0.02671,0.00233,0.58344,0.19089,0.01659,-0.00138
18.0000,1800,18,17.9974,50.15,0.26749,-0.04579,-0.00335,0.21647,0.06308,0.00190,0.39611,-0.02574,-0.01975,-0.05477,-0.60325,0.04975,-0.00266,0.40123,-0.01256,0.01014,0.39135,0.02788,0.02237,0.21383,0.32950,0.07844,-0.01046,-0.38011,0.06247,-0.01401,0.14180,-0.06740,-0.00426,0.17735,-0.58074,-0.05354,-0.00071,-0.38795,0.03343,-0.02009,0.53380,0.09378,-0.07808,-0.43913,0.26749,-0.04579,-0.00335,0.21647,0.06308,0.00190,0.39611,-0.02574,-0.01975,-0.05477,-0.60325,0.04975,-0.00266,0.40123,-0.01256,0.01014,0.39135,0.02788,0.02237,0.21383,0.32950,0.07844,-0.01046,-0.38011,0.06247,-0.01401,0.14180,-0.06740,-0.00426,0.17735,-0.58074,-0.05354,-0.00071,-0.38795,0.03343,-0.02009,0.53380,0.09378,-0.07808,-0.43913
18.0500,1805,18,18.0473,49.97,0.26379,-0.04106,0.00087,0.21940,0.05684,0.00520,0.39199,-0.05124,-0.02402,0.01824,-0.59925,0.04516,-0.00017,0.40076,-0.00671,0.00542,0.39555,0.03136,0.03510,0.03883,0.33828,0.09195,-0.01075,-0.37639,0.05124,-0.00934,0.13396,-0.10575,0.01131,0.14277,-0.58542,-0.04449,-0.01024,-0.38800,0.02397,0.00652,0.54021,0.05816,-0.12073,-0.38224,0.26521,-0.04443,0.00795,0.21962,0.06286,-0.00072,0.39597,0.01809,-0.02231,-0.04767,-0.60081,0.04805,-0.00410,0.40049,-0.01705,0.00823,0.39306,0.04085,0.03237,0.18653,0.33329,0.07300,-0.01158,-0.37685,0.06748,-0.00691,0.14044,0.01051,0.00403,0.15476,-0.58342,-0.05313,0.00220,-0.38606,0.04132,-0.01257,0.53778,0.06717,-0.09861,-0.38343
18.1000,1810,18,18.0974,50.11,0.26379,-0.04106,0.00087,0.21940,0.05684,0.00520,0.39199,-0.05124,-0.02402,0.01824,-0.59925,0.04516,-0.00017,0.40076,-0.00671,0.00542,0.39555,0.03136,0.03510,0.03883,0.33828,0.09195,-0.01075,-0.37639,0.05124,-0.00934,0.13396,-0.10575,0.01131,0.14277,-0.58542,-0.04449,-0.01024,-0.38800,0.02397,0.00652,0.54021,0.05816,-0.12073,-0.38224,0.26312,-0.03875,0.01456,0.22277,0.06357,-0.00197,0.39774,0.05100,-0.02454,-0.04147,-0.59846,0.04584,-0.00482,0.39954,-0.02069,0.00670,0.39543,0.05390,0.04108,0.16267,0.33679,0.06721,-0.01191,-0.37341,0.06964,-0.00220,0.14263,0.07493,0.01126,0.13501,-0.58604,-0.05153,0.00420,-0.38387,0.04616,-0.00746,0.54065,0.04883,-0.11653,-0.33472
18.1500,1815,18,18.1473,49.84,0.25922,-0.03823,-0.02245,0.22514,0.05391,-0.00011,0.38677,-0.05772,-0.02097,0.05527,-0.59566,0.03668,0.00134,0.40048,-0.00114,0.00361,0.39864,0.01599,0.03728,0.01070,0.34581,0.09016,0.00776,-0.36761,0.06030,-0.00359,0.12166,-0.11076,0.02196,0.03659,-0.59010,-0.04714,0.00784,-0.38598,0.02069,0.00284,0.54431,0.03111,-0.15354,-0.16413,0.26138,-0.03066,0.01801,0.22598,0.06465,-0.00235,0.40093,0.07562,-0.02647,-0.03606,-0.59623,0.04340,-0.00506,0.39843,-0.02367,0.00547,0.39844,0.06625,0.04868,0.14183,0.34001,0.06140,-0.01173,-0.36992,0.06990,0.00089,0.14774,0.12756,0.01757,0.11775,-0.58856,-0.04911,0.00556,-0.38148,0.04891,-0.00400,0.54277,0.03651,-0.13218,-0.29215
18.2000,1820,18,18.1973,50.01,0.25922,-0.03823,-0.02245,0.22514,0.05391,-0.00011,0.38677,-0.05772,-0.02097,0.05527,-0.59566,0.03668,0.00134,0.40048,-0.00114,0.00361,0.39864,0.01599,0.03728,0.01070,0.34581,0.09016,0.00776,-0.36761,0.06030,-0.00359,0.12166,-0.11076,0.02196,0.03659,-0.59466,-0.05038,0.00784,-0.38630,0.00924,0.00284,0.54556,0.01766,-0.15354,-0.16413,0.26007,-0.02143,0.01936,0.22924,0.06578,-0.00218,0.40519,0.09387,-0.02815,-0.03134,-0.59412,0.04093,-0.00499,0.39718,-0.02609,0.00445,0.40204,0.07744,0.05531,0.12361,0.34294,0.05576,-0.01123,-0.36644,0.06894,0.00288,0.15521,0.16993,0.02307,0.10267,-0.59094,-0.04614,0.00646,-0.37900,0.05026,-0.00167,0.54438,0.02853,-0.14584,-0.25492
18.2500,1825,18,18.2473,50.01,0.25663,-0.01265,-0.02277,0.23058,0.05646,-0.00727,0.38190,-0.03646,-0.01240,0.10089,-0.59322,0.02724,0.00903,0.40013,-0.00800,0.01324,0.40351,0.02006,0.04324,0.05619,0.35246,0.06640,0.01371,-0.35965,0.06631,0.00367,0.11271,-0.06437,0.02388,0.03704,-0.59466,-0.05038,-0.00226,-0.38630,0.00924,0.01649,0.54556,0.01766,-0.15598,0.12475,0.25924,-0.01189,0.01935,0.23255,0.06674,-0.00171,0.41024,0.10716,-0.02962,-0.02722,-0.59213,0.03853,-0.00475,0.39583,-0.02806,0.00360,0.40616,0.08719,0.06108,0.10769,0.34559,0.05042,-0.01054,-0.36304,0.06720,0.00412,0.16458,0.20346,0.02787,0.08949,-0.59316,-0.04282,0.00703,-0.37647,0.05067,-0.00010,0.54567,0.02361,-0.15775,-0.22239
18.3000,1830,18,18.2977,50.37,0.25663,-0.01265,-0.02277,0.23058,0.05646,-0.00727,0.38190,-0.03646,-0.01240,0.10089,-0.59322,0.02724,0.00903,0.40013,-0.00800,0.01324,0.40351,0.02006,0.04324,0.05619,0.35246,0.06640,0.01371,-0.35965,0.06631,0.00367,0.11271,-0.06437,0.02388,0.03704,-0.59972,-0.05292,-0.00226,-0.38886,-0.01348,0.01649,0.54309,-0.03475,-0.15598,0.12475,0.25888,-0.00259,0.01848,0.23591,0.06743,-0.00106,0.41584,0.11650,-0.03088,-0.02363,-0.59026,0.03629,-0.00440,0.39438,-0.02965,0.00288,0.41073,0.09539,0.06611,0.09378,0.34798,0.04544,-0.00976,-0.35973,0.06498,0.00485,0.17543,0.22938,0.03205,0.07797,-0.59522,-0.03929,0.00735,-0.37394,0.05045,0.00094,0.54677,0.02079,-0.16814,-0.19394
18.3500,1835,18,18.3475,49.80,0.25651,0.01062,-0.02563,0.23650,0.06049,-0.00251,0.37976,-0.00692,-0.00198,0.07154,-0.59083,0.02180,0.00647,0.39846,-0.02139,0.01387,0.40665,0.03394,0.04423,-0.01995,0.35641,0.04219,0.01528,-0.35010,0.07189,0.00262,0.10864,-0.00250,0.02636,0.02462,-0.59972,-0.05292,-0.00592,-0.38886,-0.01348,0.01125,0.54309,-0.03475,-0.13302,0.40558,0.25897,0.00615,0.01710,0.23929,0.06777,-0.00034,0.42183,0.12265,-0.03199,-0.02049,-0.58850,0.03423,-0.00400,0.39287,-0.03091,0.00227,0.41567,0.10198,0.07049,0.08163,0.35014,0.04085,-0.00893,-0.35654,0.06249,0.00525,0.18741,0.24879,0.03569,0.06791,-0.59709,-0.03564,0.00750,-0.37143,0.04981,0.00162,0.54777,0.01934,-0.17721,-0.16909
18.4000,1840,18,18.3981,50.63,0.25651,0.01062,-0.02563,0.23650,0.06049,-0.00251,0.37976,-0.00692,-0.00198,0.07154,-0.59083,0.02180,0.00647,0.39846,-0.02139,0.01387,0.40665,0.03394,0.04423,-0.01995,0.35641,0.04219,0.01528,-0.35010,0.07189,0.00262,0.10864,-0.00250,0.02636,0.02462,-0.60351,-0.04197,-0.00592,-0.39044,-0.03079,0.01125,0.53416,-0.08571,-0.13302,0.40558,0.25948,0.01414,0.01545,0.24268,0.06776,0.00039,0.42806,0.12621,-0.03294,-0.01775,-0.58684,0.03237,-0.00358,0.39130,-0.03188,0.00173,0.42090,0.10699,0.07430,0.07102,0.35208,0.03667,-0.00810,-0.35349,0.05987,0.00541,0.20022,0.26264,0.03886,0.05912,-0.59878,-0.03195,0.00752,-0.36897,0.04890,0.00206,0.54872,0.01872,-0.18511,-0.14736
18.4500,1845,18,18.4480,49.85,0.25873,0.03065,-0.00595,0.24281,0.06789,-0.01268,0.38020,0.01369,0.00141,0.03439,-0.58900,0.01404,0.00817,0.39565,-0.03412,0.00743,0.40919,0.01894,0.03979,-0.03640,0.35995,0.02602,0.00515,-0.34138,0.08479,-0.00173,0.11159,0.04516,0.02601,-0.01406,-0.60351,-0.04197,-0.01389,-0.39044,-0.03079,0.02074,0.53416,-0.08571,-0.08926,0.48757,0.26037,0.02129,0.01367,0.24606,0.06739,0.00109,0.43442,0.12765,-0.03377,-0.01537,-0.58526,0.03072,-0.00317,0.38968,-0.03262,0.00126,0.42635,0.11050,0.07762,0.06175,0.35381,0.03290,-0.00730,-0.35056,0.05720,0.00543,0.21360,0.27178,0.04162,0.05144,-0.60029,-0.02827,0.00745,-0.36655,0.04782,0.00233,0.54965,0.01855,-0.19199,-0.12838
18.5000,1850,18,18.4979,49.92,0.25873,0.03065,-0.00595,0.24281,0.06789,-0.01268,0.38020,0.01369,0.00141,0.03439,-0.58900,0.01404,0.00817,0.39565,-0.03412,0.00743,0.40919,0.01894,0.03979,-0.03640,0.35995,0.02602,0.00515,-0.34138,0.08479,-0.00173,0.11159,0.04516,0.02601,-0.01406,-0.60625,-0.02554,-0.01389,-0.39675,-0.05345,0.02074,0.52281,-0.11764,-0.08926,0.48757,0.26160,0.02756,0.01188,0.24942,0.06670,0.00174,0.44080,0.12735,-0.03448,-0.01329,-0.58376,0.02926,-0.00277,0.38804,-0.03313,0.00085,0.43193,0.11259,0.08050,0.05366,0.35537,0.02951,-0.00652,-0.34776,0.05456,0.00535,0.22733,0.27693,0.04402,0.04474,-0.60161,-0.02465,0.00730,-0.36419,0.04663,0.00250,0.55058,0.01854,-0.19798,-0.11179
18.5500,1855,18,18.5475,49.66,0.26534,0.04617,-0.01078,0.23269,0.02596,0.00831,0.38596,0.02822,0.01139,0.07227,-0.58795,0.00759,0.00488,0.39182,-0.04281,0.00986,0.41229,0.02593,0.03727,-0.01124,0.36120,0.01651,0.00935,-0.32867,0.09171,0.00366,0.11568,0.05534,0.01895,-0.15147,-0.60625,-0.02554,-0.02034,-0.39675,-0.05345,0.01986,0.52281,-0.11764,-0.04514,0.36955,0.26311,0.03296,0.01015,0.25273,0.06570,0.00232,0.44713,0.12562,-0.03510,-0.01148,-0.58233,0.02799,-0.00240,0.38637,-0.03346,0.00049,0.43758,0.11337,0.08300,0.04659,0.35677,0.02649,-0.00579,-0.34510,0.05197,0.00521,0.24124,0.27870,0.04611,0.03889,-0.60275,-0.02112,0.00709,-0.36189,0.04538,0.00259,0.55150,0.01847,-0.20320,-0.09730
18.6000,1860,18,18.5979,50.32,0.26534,0.04617,-0.01078,0.23269,0.02596,0.00831,0.38596,0.02822,0.01139,0.07227,-0.58795,0.00759,0.00488,0.39182,-0.04281,0.00986,0.41229,0.02593,0.03727,-0.01124,0.36120,0.01651,0.00935,-0.32867,0.09171,0.00366,0.11568,0.05534,0.01895,-0.15147,-0.60833,-0.01105,-0.02034,-0.40098,-0.06039,0.01986,0.51125,-0.11465,-0.04514,0.36955,0.26488,0.03753,0.00852,0.25598,0.06443,0.00284,0.45334,0.12274,-0.03563,-0.00990,-0.58096,0.02690,-0.00206,0.38470,-0.03362,0.00017,0.44324,0.11295,0.08517,0.04042,0.35803,0.02382,-0.00511,-0.34257,0.04945,0.00503,0.25515,0.27763,0.04792,0.03377,-0.60372,-0.01770,0.00685,-0.35965,0.04410,0.00263,0.55242,0.01820,-0.20774,-0.08464
18.6500,1865,18,18.6477,49.88,0.26484,0.04691,-0.00492,0.22903,0.00005,0.01362,0.38144,-0.00659,0.01575,0.08055,-0.58614,0.01018,-0.00083,0.38627,-0.05480,0.00671,0.41107,-0.00687,0.03492,-0.03363,0.36391,0.01621,-0.00088,-0.32092,0.08794,0.00939,0.12151,0.04436,0.00229,-0.21064,-0.60833,-0.01105,-0.00746,-0.40098,-0.06039,0.00476,0.51125,-0.11465,-0.00890,0.39061,0.26685,0.04133,0.00701,0.25917,0.06292,0.00330,0.45939,0.11893,-0.03609,-0.00853,-0.57964,0.02597,-0.00175,0.38302,-0.03363,-0.00012,0.44886,0.11144,0.08705,0.03504,0.35916,0.02147,-0.00447,-0.34016,0.04703,0.00483,0.26896,0.27417,0.04950,0.02931,-0.60452,-0.01440,0.00658,-0.35748,0.04280,0.00265,0.55332,0.01765,-0.21169,-0.07358
18.7000,1870,18,18.6976,49.90,0.26484,0.04691,-0.00492,0.22903,0.00005,0.01362,0.38144,-0.00659,0.01575,0.08055,-0.58614,0.01018,-0.00083,0.38627,-0.05480,0.00671,0.41107,-0.00687,0.03492,-0.03363,0.36391,0.01621,-0.00088,-0.32092,0.08794,0.00939,0.12151,0.04436,0.00229,-0.21064,-0.60833,-0.01105,-0.00746,-0.40098,-0.06039,0.00476,0.51125,-0.11465,-0.00890,0.39061,0.26900,0.04443,0.00564,0.26227,0.06120,0.00371,0.46522,0.11436,-0.03649,-0.00733,-0.57836,0.02518,-0.00147,0.38134,-0.03350,-0.00038,0.45437,0.10896,0.08869,0.03035,0.36018,0.01942,-0.00388,-0.33786,0.04471,0.00462,0.28254,0.26872,0.05086,0.02542,-0.60517,-0.01125,0.00629,-0.35537,0.04150,0.00263,0.55418,0.01674,-0.21512,-0.06393
18.7500,1875,18,18.7477,50.08,0.26813,0.04336,-0.00408,0.23100,-0.00668,0.01340,0.38094,-0.01763,0.02469,0.11803,-0.58556,0.00754,-0.00057,0.38071,-0.05650,-0.00097,0.40819,-0.07315,0.03074,-0.03104,0.36623,0.01920,0.00144,-0.31205,0.07156,0.01757,0.12460,0.01706,-0.01679,-0.15259,-0.60819,0.00597,-0.02178,-0.40715,-0.06739,0.00946,0.50016,-0.10845,0.02407,0.21911,0.27128,0.04688,0.00441,0.26528,0.05929,0.00406,0.47081,0.10920,-0.03683,-0.00629,-0.57712,0.02453,-0.00121,0.37967,-0.03326,-0.00062,0.45974,0.10560,0.09010,0.02625,0.36110,0.01765,-0.00334,-0.33568,0.04250,0.00441,0.29580,0.26158,0.05205,0.02203,-0.60565,-0.00823,0.00599,-0.35333,0.04022,0.00261,0.55499,0.01545,-0.21811,-0.05550
18.8000,1880,18,18.7976,49.84,0.26813,0.04336,-0.00408,0.23100,-0.00668,0.01340,0.38094,-0.01763,0.02469,0.11803,-0.58556,0.00754,-0.00057,0.38071,-0.05650,-0.00097,0.40819,-0.07315,0.03074,-0.03104,0.36623,0.01920,0.00144,-0.31205,0.07156,0.01757,0.12460,0.01706,-0.01679,-0.15259,-0.60819,0.00597,-0.02178,-0.40715,-0.06739,0.00946,0.50016,-0.10845,0.02407,0.21911,0.27368,0.04878,0.00333,0.26820,0.05723,0.00437,0.47613,0.10354,-0.03712,-0.00538,-0.57590,0.02399,-0.00098,0.37801,-0.03290,-0.00083,0.46492,0.10146,0.09132,0.02268,0.36195,0.01614,-0.00283,-0.33361,0.04039,0.00419,0.30867,0.25303,0.05307,0.01906,-0.60599,-0.00537,0.00568,-0.35135,0.03895,0.00257,0.55572,0.01376,-0.22069,-0.04815
18.8500,1885,18,18.8473,49.76,0.27125,0.03948,-0.00068,0.23252,-0.00133,0.01266,0.37937,-0.03708,0.03715,0.11373,-0.60216,-0.02625,0.00278,0.37099,-0.06484,-0.00181,0.39082,-0.13102,0.02592,-0.03658,0.36996,0.02864,0.00138,-0.31008,0.04132,0.00974,0.12522,-0.02847,-0.03136,-0.12867,-0.60700,0.01642,-0.00744,-0.41183,-0.06160,0.00496,0.48926,-0.11099,0.03989,0.00883,0.27615,0.05018,0.00238,0.27100,0.05501,0.00465,0.48116,0.09745,-0.03737,-0.00460,-0.57472,0.02356,-0.00078,0.37638,-0.03244,-0.00103,0.46987,0.09660,0.09237,0.01957,0.36272,0.01487,-0.00237,-0.33164,0.03839,0.00397,0.32109,0.24329,0.05396,0.01648,-0.60619,-0.00267,0.00536,-0.34943,0.03770,0.00252,0.55636,0.01166,-0.22294,-0.04173
18.9000,1890,18,18.8975,50.19,0.27125,0.03948,-0.00068,0.23252,-0.00133,0.01266,0.37937,-0.03708,0.03715,0.11373,-0.60216,-0.02625,0.00278,0.37099,-0.06484,-0.00181,0.39082,-0.13102,0.02592,-0.03658,0.36996,0.02864,0.00138,-0.31008,0.04132,0.00974,0.12522,-0.02847,-0.03136,-0.12867,-0.60347,0.03626,-0.00744,-0.41835,-0.05942,0.00496,0.47753,-0.11857,0.03989,0.00883,0.27869,0.05113,0.00152,0.27369,0.05267,0.00490,0.48587,0.09097,-0.03758,-0.00392,-0.57355,0.02322,-0.00059,0.37477,-0.03189,-0.00121,0.47457,0.09110,0.09328,0.01687,0.36344,0.01381,-0.00194,-0.32977,0.03650,0.00376,0.33298,0.23252,0.05473,0.01424,-0.60626,-0.00011,0.00505,-0.34758,0.03648,0.00247,0.55688,0.00915,-0.22488,-0.03614
18.9500,1895,18,18.9473,49.81,0.27490,0.03968,-0.00514,0.23222,-0.00447,0.00436,0.37436,-0.06566,0.04619,0.07403,-0.60806,-0.04253,0.00352,0.36616,-0.05856,-0.00068,0.37931,-0.19253,0.02660,0.03634,0.37326,0.02939,0.00113,-0.30662,0.03331,0.00764,0.12081,-0.06918,-0.04101,-0.06733,-0.60347,0.03626,-0.01291,-0.41835,-0.05942,-0.00180,0.47753,-0.11857,0.04206,0.01404,0.28126,0.05168,0.00074,0.27627,0.05021,0.00512,0.49025,0.08408,-0.03776,-0.00333,-0.57239,0.02297,-0.00043,0.37319,-0.03125,-0.00138,0.47897,0.08502,0.09407,0.01451,0.36411,0.01296,-0.00154,-0.32799,0.03470,0.00355,0.34432,0.22086,0.05539,0.01228,-0.60621,0.00228,0.00473,-0.34578,0.03528,0.00241,0.55726,0.00625,-0.22656,-0.03126
19.0000,1900,19,18.9974,50.04,0.27490,0.03968,-0.00514,0.23222,-0.00447,0.00436,0.37436,-0.06566,0.04619,0.07403,-0.60806,-0.04253,0.00352,0.36616,-0.05856,-0.00068,0.37931,-0.19253,0.02660,0.03634,0.37326,0.02939,0.00113,-0.30662,0.03331,0.00764,0.12081,-0.06918,-0.04101,-0.06733,-0.59891,0.04347,-0.01291,-0.42468,-0.05068,-0.00180,0.46466,-0.14058,0.04206,0.01404,0.27490,0.03968,-0.00514,0.23222,-0.00447,0.00436,0.37436,-0.06566,0.04619,0.07403,-0.60806,-0.04253,0.00352,0.36616,-0.05856,-0.00068,0.37931,-0.19253,0.02660,0.03634,0.37326,0.02939,0.00113,-0.30662,0.03331,0.00764,0.12081,-0.06918,-0.04101,-0.06733,-0.59891,0.04347,-0.01291,-0.42468,-0.05068,-0.00180,0.46466,-0.14058,0.04206,0.01404
19.0500,1905,19,19.0473,49.97,0.27940,0.04700,-0.00819,0.23070,-0.01192,0.00675,0.36544,-0.10802,0.05298,0.07273,-0.61215,-0.04425,-0.00001,0.36070,-0.05508,0.00400,0.36860,-0.15986,0.02889,0.01364,0.37515,0.02265,-0.00324,-0.30010,0.03866,0.00114,0.11033,-0.11832,-0.04874,-0.09716,-0.59891,0.04347,-0.01153,-0.42468,-0.05068,-0.01908,0.46466,-0.14058,0.03775,-0.12439,0.27683,0.03768,-0.00320,0.23195,-0.00606,0.00235,0.37088,-0.07247,0.04964,0.06426,-0.61014,-0.04044,0.00486,0.36324,-0.05837,-0.00018,0.37032,-0.16778,0.02830,0.03187,0.37474,0.02944,-0.00077,-0.30505,0.02936,0.00837,0.11846,-0.02672,-0.04415,-0.05862,-0.59688,0.03809,-0.00926,-0.42718,-0.04952,-0.00284,0.45760,-0.14162,0.04272,0.01236
19.1000,1910,19,19.0976,50.32,0.27940,0.04700,-0.00819,0.23070,-0.01192,0.00675,0.36544,-0.10802,0.05298,0.07273,-0.61215,-0.04425,-0.00001,0.36070,-0.05508,0.00400,0.36860,-0.15986,0.02889,0.01364,0.37515,0.02265,-0.00324,-0.30010,0.03866,0.00114,0.11033,-0.11832,-0.04874,-0.09716,-0.59891,0.04347,-0.01153,-0.42468,-0.05068,-0.01908,0.46466,-0.14058,0.03775,-0.12439,0.27868,0.03641,-0.00212,0.23162,-0.00694,0.00135,0.36719,-0.07461,0.05263,0.05575,-0.61210,-0.03785,0.00562,0.36032,-0.05833,-0.00001,0.36245,-0.14769,0.02980,0.02795,0.37619,0.02877,-0.00187,-0.30369,0.02519,0.00853,0.11796,0.00511,-0.04689,-0.05101,-0.59508,0.03421,-0.00669,-0.42962,-0.04798,-0.00340,0.45051,-0.14166,0.04330,0.01088
19.1500,1915,19,19.1623,64.67,0.28338,0.04725,0.00038,0.22955,-0.01302,-0.00583,0.35269,-0.15433,0.05882,0.02430,-0.61898,-0.05509,-0.00732,0.35506,-0.05718,0.00365,0.35837,-0.15559,0.03139,0.02125,0.37515,0.02265,-0.00324,-0.30010,0.03866,0.00114,0.11033,-0.11832,-0.04874,-0.09716,-0.59891,0.04347,-0.01153,-0.42468,-0.05068,-0.01908,0.46466,-0.14058,0.03775,-0.12439,0.28047,0.03551,-0.00162,0.23126,-0.00750,0.00102,0.36346,-0.07429,0.05523,0.04834,-0.61392,-0.03499,0.00600,0.35740,-0.05833,-0.00005,0.35549,-0.13140,0.03111,0.02452,0.37761,0.02770,-0.00242,-0.30253,0.02104,0.00834,0.11883,0.02809,-0.04927,-0.04438,-0.59344,0.03140,-0.00487,-0.43198,-0.04624,-0.00365,0.44345,-0.14079,0.04381,0.00958
19.2000,1920,19,19.1974,35.08,0.28338,0.04725,0.00038,0.22955,-0.01302,-0.00583,0.35269,-0.15433,0.05882,0.02430,-0.61898,-0.05509,-0.00732,0.35506,-0.05718,0.00365,0.35837,-0.15559,0.03139,0.02125,0.37841,0.02545,0.00903,-0.29978,0.03442,0.00227,0.09534,-0.15506,-0.05817,-0.07632,-0.59498,0.04708,-0.00637,-0.42433,-0.00922,-0.01953,0.44867,-0.16967,0.01512,-0.30034,0.28223,0.03476,-0.00149,0.23087,-0.00801,0.00112,0.35978,-0.07293,0.05748,0.04188,-0.61560,-0.03202,0.00610,0.35449,-0.05826,-0.00022,0.34926,-0.11828,0.03226,0.02151,0.37896,0.02645,-0.00261,-0.30158,0.01705,0.00791,0.12065,0.04357,-0.05134,-0.03860,-0.59192,0.02934,-0.00358,-0.43425,-0.04443,-0.00368,0.43645,-0.13912,0.04426,0.00844
19.2500,1925,19,19.2476,50.18,0.28863,0.04880,-0.00230,0.22846,-0.00622,-0.01091,0.33253,-0.21091,0.06137,0.03644,-0.62475,-0.05152,-0.00620,0.34846,-0.06587,0.00805,0.34641,-0.12285,0.03270,0.00530,0.38047,0.02223,0.00450,-0.29599,0.00835,0.01848,0.07944,-0.14471,-0.06426,0.03886,-0.58923,0.05239,0.00604,-0.42643,-0.00260,-0.01608,0.43088,-0.17897,-0.00286,-0.01300,0.28395,0.03401,-0.00160,0.23046,-0.00863,0.00147,0.35617,-0.07146,0.05943,0.03627,-0.61712,-0.02904,0.00602,0.35158,-0.05809,-0.00047,0.34362,-0.10787,0.03326,0.01887,0.38025,0.02518,-0.00256,-0.30082,0.01331,0.00733,0.12308,0.05254,-0.05314,-0.03356,-0.59050,0.02783,-0.00265,-0.43642,-0.04265,-0.00356,0.42955,-0.13681,0.04465,0.00744
19.3000,1930,19,19.2973,49.77,0.28863,0.04880,-0.00230,0.22846,-0.00622,-0.01091,0.33253,-0.21091,0.06137,0.03644,-0.62475,-0.05152,-0.00620,0.34846,-0.06587,0.00805,0.34641,-0.12285,0.03270,0.00530,0.38047,0.02223,0.00450,-0.29599,0.00835,0.01848,0.07944,-0.14471,-0.06426,0.03886,-0.58445,0.04466,0.00604,-0.42646,0.00134,-0.01608,0.41272,-0.18374,-0.00286,-0.01300,0.28563,0.03317,-0.00184,0.23001,-0.00947,0.00195,0.35263,-0.07045,0.06112,0.03138,-0.61850,-0.02613,0.00581,0.34868,-0.05779,-0.00076,0.33844,-0.09978,0.03415,0.01656,0.38148,0.02397,-0.00236,-0.30025,0.00987,0.00667,0.12581,0.05575,-0.05471,-0.02916,-0.58913,0.02670,-0.00197,-0.43851,-0.04095,-0.00336,0.42277,-0.13395,0.04500,0.00656
19.3500,1935,19,19.3473,49.94,0.29347,0.04676,0.00203,0.22862,0.01068,-0.01860,0.30941,-0.25039,0.06437,0.00636,-0.62976,-0.04587,-0.00640,0.34121,-0.07281,0.00343,0.33429,-0.12203,0.03139,-0.04116,0.38196,0.02206,-0.00672,-0.29399,0.00394,0.01647,0.06574,-0.11571,-0.05542,0.12004,-0.58445,0.04466,0.00238,-0.42646,0.00134,0.01172,0.41272,-0.18374,-0.00634,-0.06983,0.28727,0.03220,-0.00214,0.22951,-0.01056,0.00249,0.34911,-0.07025,0.06258,0.02714,-0.61974,-0.02336,0.00550,0.34580,-0.05735,-0.00105,0.33361,-0.09374,0.03492,0.01453,0.38265,0.02288,-0.00207,-0.29983,0.00677,0.00595,0.12856,0.05372,-0.05607,-0.02533,-0.58782,0.02587,-0.00147,-0.44052,-0.03937,-0.00309,0.41616,-0.13061,0.04531,0.00579
19.4000,1940,19,19.3973,50.04,0.29347,0.04676,0.00203,0.22862,0.01068,-0.01860,0.30941,-0.25039,0.06437,0.00636,-0.62976,-0.04587,-0.00640,0.34121,-0.07281,0.00343,0.33429,-0.12203,0.03139,-0.04116,0.38196,0.02206,-0.00672,-0.29399,0.00394,0.01647,0.06574,-0.11571,-0.05542,0.12004,-0.58445,0.04466,0.00238,-0.42646,0.00134,0.01172,0.41272,-0.18374,-0.00634,-0.06983,0.28885,0.03107,-0.00245,0.22895,-0.01190,0.00299,0.34559,-0.07106,0.06384,0.02345,-0.62084,-0.02075,0.00513,0.34295,-0.05677,-0.00131,0.32903,-0.08949,0.03561,0.01275,0.38377,0.02195,-0.00173,-0.29956,0.00403,0.00521,0.13110,0.04680,-0.05725,-0.02200,-0.58654,0.02524,-0.00110,-0.44245,-0.03793,-0.00278,0.40972,-0.12681,0.04558,0.00511
19.4500,1945,19,19.4473,49.99,0.29774,0.05038,-0.00602,0.23026,0.02545,-0.01471,0.28535,-0.28365,0.05831,-0.13958,-0.63404,-0.03904,-0.00691,0.33325,-0.07928,0.00045,0.32317,-0.09380,0.02628,-0.03615,0.38406,0.02692,-0.00875,-0.29216,-0.01161,0.00931,0.05620,-0.08214,-0.03679,0.24663,-0.58007,0.04400,0.00795,-0.42693,-0.00852,0.00825,0.39442,-0.18015,-0.00437,0.17181,0.29037,0.02981,-0.00269,0.22831,-0.01347,0.00339,0.34199,-0.07299,0.06493,0.02026,-0.62181,-0.01834,0.00468,0.34013,-0.05608,-0.00151,0.32463,-0.08679,0.03620,0.01120,0.38485,0.02119,-0.00137,-0.29942,0.00166,0.00447,0.13316,0.03516,-0.05828,-0.01909,-0.58529,0.02478,-0.00081,-0.44432,-0.03665,-0.00244,0.40349,-0.12249,0.04582,0.00451
19.5000,1950,19,19.4977,50.37,0.29774,0.05038,-0.00602,0.23026,0.02545,-0.01471,0.28535,-0.28365,0.05831,-0.13958,-0.63404,-0.03904,-0.00691,0.33325,-0.07928,0.00045,0.32317,-0.09380,0.02628,-0.03615,0.38406,0.02692,-0.00875,-0.29216,-0.01161,0.00931,0.05620,-0.08214,-0.03679,0.24663,-0.57686,0.02859,0.00795,-0.42246,0.01061,0.00825,0.37558,-0.16753,-0.00437,0.17181,0.29183,0.02845,-0.00280,0.22760,-0.01519,0.00360,0.33827,-0.07604,0.06588,0.01748,-0.62268,-0.01616,0.00416,0.33734,-0.05530,-0.00163,0.32033,-0.08545,0.03673,0.00983,0.38589,0.02060,-0.00103,-0.29939,-0.00035,0.00373,0.13453,0.01884,-0.05917,-0.01657,-0.58406,0.02443,-0.00060,-0.44612,-0.03554,-0.00208,0.39748,-0.11753,0.04604,0.00398
19.5500,1955,19,19.5474,49.72,0.30282,0.04862,0.00340,0.23354,0.03981,-0.00566,0.25587,-0.30446,0.04756,-0.04707,-0.63551,-0.02200,-0.00999,0.32522,-0.08263,0.00177,0.31267,-0.08792,0.02341,-0.03338,0.38734,0.04246,-0.01952,-0.29621,-0.03614,0.01571,0.04874,-0.05886,-0.01370,0.20121,-0.57686,0.02859,0.00271,-0.42246,0.01061,0.00990,0.37558,-0.16753,0.01819,0.21428,0.29322,0.02709,-0.00271,0.22679,-0.01696,0.00353,0.33437,-0.08020,0.06669,0.01508,-0.62344,-0.01427,0.00355,0.33460,-0.05450,-0.00161,0.31607,-0.08526,0.03719,0.00862,0.38691,0.02017,-0.00073,-0.29945,-0.00200,0.00300,0.13497,-0.00227,-0.05994,-0.01438,-0.58285,0.02418,-0.00043,-0.44787,-0.03461,-0.00170,0.39175,-0.11173,0.04622,0.00352
19.6000,1960,19,19.5976,50.15,0.30282,0.04862,0.00340,0.23354,0.03981,-0.00566,0.25587,-0.30446,0.04756,-0.04707,-0.63551,-0.02200,-0.00999,0.32522,-0.08263,0.00177,0.31267,-0.08792,0.02341,-0.03338,0.38734,0.04246,-0.01952,-0.29621,-0.03614,0.01571,0.04874,-0.05886,-0.01370,0.20121,-0.57686,0.02859,0.00271,-0.42246,0.01061,0.00990,0.37558,-0.16753,0.01819,0.21428,0.29454,0.02585,-0.00230,0.22590,-0.01859,0.00303,0.33023,-0.08538,0.06739,0.01301,-0.62411,-0.01271,0.00280,0.33189,-0.05376,-0.00139,0.31179,-0.08602,0.03759,0.00757,0.38791,0.01988,-0.00050,-0.29959,-0.00330,0.00229,0.13422,-0.02845,-0.06061,-0.01248,-0.58164,0.02400,-0.00032,-0.44958,-0.03388,-0.00128,0.38633,-0.10484,0.04639,0.00312
