t,k,ping,wall,tick_ms,mx0,mxd0,mth0,my0,myd0,mph0,mz0,mzd0,mps0,mr0,mx1,mxd1,mth1,my1,myd1,mph1,mz1,mzd1,mps1,mr1,mx2,mxd2,mth2,my2,myd2,mph2,mz2,mzd2,mps2,mr2,mx3,mxd3,mth3,my3,myd3,mph3,mz3,mzd3,mps3,mr3,mx4,mxd4,mth4,my4,myd4,mph4,mz4,mzd4,mps4,mr4,px0,pxd0,pth0,py0,pyd0,pph0,pz0,pzd0,pps0,pr0,px1,pxd1,pth1,py1,pyd1,pph1,pz1,pzd1,pps1,pr1,px2,pxd2,pth2,py2,pyd2,pph2,pz2,pzd2,pps2,pr2,px3,pxd3,pth3,py3,pyd3,pph3,pz3,pzd3,pps3,pr3,px4,pxd4,pth4,py4,pyd4,pph4,pz4,pzd4,pps4,pr4
0.0000,0,0,0.0000,0.00,0.46274,-0.00241,-0.00010,0.31475,-0.00091,-0.01394,0.37664,0.05441,0.04037,0.10072,-0.65368,0.00886,-0.01050,0.43995,-0.03585,-0.00216,0.37860,0.03851,-0.02302,0.03913,0.49414,0.05202,0.00933,-0.46092,0.08670,-0.00893,0.37076,-0.05060,-0.03221,0.01347,-0.63578,-0.01372,0.00173,-0.49416,0.01720,-0.01099,0.37621,-0.00245,0.04935,0.01409,0.06160,-0.02932,0.01342,0.10823,0.01307,0.00068,0.35038,0.02894,0.00627,-0.17530,0.46274,-0.00241,-0.00010,0.31475,-0.00091,-0.01394,0.37664,0.05441,0.04037,0.10072,-0.65368,0.00886,-0.01050,0.43995,-0.03585,-0.00216,0.37860,0.03851,-0.02302,0.03913,0.49414,0.05202,0.00933,-0.46092,0.08670,-0.00893,0.37076,-0.05060,-0.03221,0.01347,-0.63578,-0.01372,0.00173,-0.49416,0.01720,-0.01099,0.37621,-0.00245,0.04935,0.01409,0.06160,-0.02932,0.01342,0.10823,0.01307,0.00068,0.35038,0.02894,0.00627,-0.17530
0.0500,5,0,0.0497,49.65,0.46234,-0.00573,0.00069,0.31898,0.02554,-0.01778,0.37897,0.05562,0.04502,0.14942,-0.65292,0.01384,-0.00867,0.43768,-0.03418,-0.00974,0.37957,0.02339,-0.02111,0.06531,0.49716,0.04824,0.01548,-0.45737,0.08345,-0.00152,0.36940,-0.04307,-0.03124,0.02769,-0.63590,-0.00743,-0.00038,-0.49538,0.00514,-0.00366,0.37591,-0.00438,0.05093,0.11077,0.06033,-0.03215,0.00366,0.10834,0.00976,-0.00263,0.35239,0.04816,-0.00458,-0.20184,0.46260,-0.00349,-0.00395,0.31485,0.00472,-0.00927,0.37911,0.04642,0.04504,0.08661,-0.65332,0.00606,-0.00160,0.43816,-0.03633,0.00359,0.38105,0.05789,-0.02118,0.03465,0.49681,0.05419,0.00016,-0.45653,0.08780,0.00344,0.36998,0.01555,-0.03155,0.01295,-0.63642,-0.01147,0.00702,-0.49316,0.02257,-0.01084,0.37655,0.01585,0.05001,0.01231,0.06025,-0.02514,0.00430,0.10886,0.01190,0.00387,0.35282,0.06734,-0.00191,-0.15265
0.1000,10,0,0.0999,50.25,0.46243,-0.00404,-0.00346,0.31765,0.02920,-0.00604,0.38114,0.05044,0.05385,0.21136,-0.65260,0.01382,-0.00049,0.43641,-0.02726,-0.01285,0.38158,0.02119,-0.01667,0.09462,0.49716,0.04824,0.00741,-0.45737,0.08345,0.00316,0.36940,-0.04307,-0.02784,0.10584,-0.63555,-0.00590,-0.00059,-0.49749,0.00121,0.00478,0.37571,-0.00054,0.05947,0.18447,0.05880,-0.03240,-0.01166,0.10898,0.00953,0.01898,0.35563,0.06519,-0.01426,-0.11380,0.46237,-0.00600,-0.00606,0.31519,0.00839,-0.00584,0.38144,0.04834,0.04906,0.07430,-0.65301,0.00676,0.00402,0.43628,-0.03895,0.00672,0.38427,0.07026,-0.01955,0.03073,0.49949,0.05271,-0.00573,-0.45222,0.08415,0.01074,0.37202,0.06347,-0.03091,0.01248,-0.63690,-0.00718,0.01018,-0.49190,0.02778,-0.01036,0.37776,0.03222,0.05059,0.01075,0.05902,-0.02454,-0.00139,0.10940,0.00946,0.00589,0.35700,0.09895,-0.00904,-0.13285
0.1500,15,0,0.1502,50.32,0.46221,-0.00194,-0.00926,0.32057,0.03441,0.01168,0.38324,0.04657,0.06436,0.21135,-0.65061,0.01923,0.00126,0.43203,-0.03232,-0.00794,0.37868,-0.00293,-0.01164,0.08728,0.50209,0.04641,-0.00101,-0.44889,0.07729,0.01256,0.36801,-0.00522,-0.02449,0.05259,-0.63662,-0.00711,0.00225,-0.49541,0.00055,0.00239,0.37598,0.00828,0.06876,0.17997,0.05698,-0.03056,-0.02956,0.11193,0.02432,0.01343,0.35897,0.06395,-0.01627,-0.03498,0.46199,-0.00925,-0.00702,0.31567,0.01060,-0.00330,0.38403,0.05578,0.05250,0.06356,-0.65261,0.00964,0.00742,0.43425,-0.04265,0.00813,0.38801,0.07866,-0.01810,0.02730,0.50204,0.04893,-0.00938,-0.44816,0.07781,0.01464,0.37611,0.09833,-0.03030,0.01204,-0.63712,-0.00172,0.01188,-0.49039,0.03269,-0.00966,0.37975,0.04723,0.05109,0.00938,0.05776,-0.02613,-0.00477,0.10979,0.00625,0.00708,0.36262,0.12478,-0.01524,-0.11554
0.2000,20,0,0.1998,49.60,0.46293,0.00747,-0.00416,0.31891,0.01380,0.01798,0.38514,0.04926,0.07482,0.20739,-0.65059,0.01383,-0.00006,0.43192,-0.02098,-0.00773,0.38065,0.01417,-0.00671,0.10345,0.50445,0.04792,-0.00368,-0.44522,0.06951,0.01497,0.36835,0.01665,-0.02159,0.08696,-0.63701,-0.00836,0.00301,-0.49541,-0.00080,0.00367,0.37666,0.01918,0.07781,0.17663,0.05516,-0.02161,-0.01844,0.11480,0.02697,0.01513,0.36249,0.05775,-0.01758,-0.02058,0.46144,-0.01276,-0.00722,0.31623,0.01173,-0.00140,0.38707,0.06607,0.05544,0.05419,-0.65203,0.01379,0.00929,0.43201,-0.04674,0.00843,0.39211,0.08488,-0.01681,0.02430,0.50436,0.04375,-0.01153,-0.44446,0.07016,0.01628,0.38169,0.12374,-0.02971,0.01165,-0.63706,0.00432,0.01263,-0.48864,0.03723,-0.00884,0.38247,0.06118,0.05153,0.00817,0.05639,-0.02896,-0.00658,0.11002,0.00260,0.00772,0.36940,0.14577,-0.02063,-0.10040
0.2500,25,0,0.2508,50.92,0.46290,0.00488,0.00243,0.32171,0.02332,0.00971,0.38800,0.05582,0.08462,0.19908,-0.64989,0.01364,0.00203,0.43096,-0.01702,-0.00741,0.38150,0.02149,-0.00162,0.09009,0.50684,0.04700,0.00130,-0.44196,0.06092,0.01733,0.36969,0.03899,-0.01732,0.08750,-0.63836,-0.01259,0.00147,-0.49517,-0.00487,0.00524,0.37842,0.03285,0.08442,0.15462,0.05530,-0.00495,-0.02383,0.11260,0.00256,0.03279,0.36502,0.06200,-0.01586,0.06096,0.46071,-0.01625,-0.00693,0.31683,0.01205,0.00002,0.39066,0.07759,0.05794,0.04602,-0.65122,0.01859,0.01016,0.42957,-0.05080,0.00802,0.39648,0.08994,-0.01566,0.02167,0.50640,0.03779,-0.01266,-0.44116,0.06208,0.01645,0.38837,0.14226,-0.02914,0.01129,-0.63669,0.01056,0.01274,-0.48667,0.04136,-0.00796,0.38586,0.07423,0.05191,0.00710,0.05486,-0.03241,-0.00735,0.11005,-0.00126,0.00798,0.37713,0.16275,-0.02531,-0.08718
0.3000,30,0,0.3003,49.56,0.46318,0.00411,0.00534,0.32250,0.01770,0.00356,0.39082,0.06281,0.09393,0.19060,-0.64759,0.02290,-0.00150,0.42706,-0.02855,-0.00198,0.37985,0.01333,0.00342,0.10088,0.50906,0.04122,0.01079,-0.43911,0.05277,0.01531,0.37244,0.07022,-0.01455,0.05462,-0.63853,-0.01198,0.00131,-0.49718,-0.01002,0.00396,0.38060,0.04868,0.09137,0.13028,0.05479,0.00285,-0.02675,0.11415,-0.00518,0.02100,0.36872,0.06024,-0.01006,0.13897,0.45982,-0.01952,-0.00634,0.31742,0.01176,0.00110,0.39483,0.08938,0.06006,0.03890,-0.65016,0.02364,0.01034,0.42694,-0.05454,0.00717,0.40109,0.09442,-0.01464,0.01936,0.50814,0.03145,-0.01312,-0.43825,0.05417,0.01567,0.39583,0.15576,-0.02858,0.01095,-0.63600,0.01675,0.01245,-0.48451,0.04504,-0.00705,0.38988,0.08644,0.05224,0.00616,0.05315,-0.03606,-0.00743,0.10989,-0.00518,0.00797,0.38562,0.17646,-0.02937,-0.07562
0.3500,35,0,0.3502,49.89,0.46406,0.00796,0.00575,0.31868,-0.00235,0.01037,0.39243,0.05529,0.10265,0.12972,-0.64685,0.02253,-0.00398,0.42629,-0.02606,-0.00007,0.38185,0.03218,0.00698,0.06618,0.51091,0.03279,0.01648,-0.43671,0.04331,0.01894,0.37664,0.09667,-0.01191,0.07398,-0.64012,-0.01385,0.00105,-0.49538,-0.00901,-0.00048,0.38361,0.06550,0.09726,0.10528,0.05518,0.01421,-0.01313,0.11329,-0.01367,0.01127,0.37177,0.06236,0.00300,0.22277,0.45877,-0.02245,-0.00558,0.31800,0.01101,0.00192,0.39959,0.10089,0.06184,0.03269,-0.64886,0.02866,0.01007,0.42413,-0.05780,0.00608,0.40592,0.09864,-0.01372,0.01734,0.50955,0.02499,-0.01316,-0.43573,0.04681,0.01430,0.40388,0.16564,-0.02804,0.01064,-0.63502,0.02274,0.01191,-0.48218,0.04827,-0.00615,0.39449,0.09785,0.05253,0.00534,0.05125,-0.03963,-0.00708,0.10953,-0.00904,0.00778,0.39473,0.18750,-0.03290,-0.06551
0.4000,40,0,0.4001,49.94,0.46401,0.00355,0.00589,0.32024,-0.00405,0.01002,0.39552,0.06717,0.10811,0.12142,-0.64483,0.02830,0.00058,0.42380,-0.02837,-0.00059,0.38430,0.05389,0.00994,0.05301,0.51091,0.03279,0.01383,-0.43671,0.04331,0.01975,0.37664,0.09667,-0.00668,0.13259,-0.64012,-0.01385,0.00105,-0.49538,-0.00901,-0.00048,0.38361,0.06550,0.09726,0.10528,0.05726,0.02761,-0.00421,0.10790,-0.03277,0.01744,0.37443,0.06817,0.01378,0.28274,0.45758,-0.02497,-0.00471,0.31852,0.00991,0.00255,0.40491,0.11182,0.06334,0.02727,-0.64730,0.03347,0.00951,0.42117,-0.06049,0.00486,0.41095,0.10281,-0.01290,0.01557,0.51064,0.01858,-0.01294,-0.43356,0.04020,0.01258,0.41236,0.17298,-0.02752,0.01036,-0.63373,0.02841,0.01122,-0.47969,0.05107,-0.00527,0.39965,0.10846,0.05277,0.00461,0.04919,-0.04296,-0.00646,0.10899,-0.01279,0.00747,0.40434,0.19640,-0.03595,-0.05668
0.4500,45,0,0.4663,66.13,0.46403,0.00124,0.00436,0.31942,-0.00765,-0.00076,0.39893,0.07115,0.11389,0.10484,-0.64246,0.02967,-0.00009,0.42068,-0.03114,-0.00217,0.38513,0.06233,0.01236,0.03987,0.51137,0.00923,0.01968,-0.42135,0.06221,0.02332,0.38872,0.10705,0.00084,0.17741,-0.64012,-0.01385,0.00105,-0.49538,-0.00901,-0.00048,0.38361,0.06550,0.09726,0.10528,0.05859,0.02926,-0.00312,0.10591,-0.03809,0.00402,0.37872,0.10477,0.02737,0.23630,0.45628,-0.02706,-0.00380,0.31898,0.00853,0.00303,0.41076,0.12200,0.06458,0.02256,-0.64551,0.03796,0.00877,0.41809,-0.06256,0.00359,0.41620,0.10707,-0.01216,0.01401,0.51141,0.01232,-0.01256,-0.43169,0.03449,0.01068,0.42115,0.17868,-0.02700,0.01010,-0.63218,0.03373,0.01046,-0.47708,0.05344,-0.00442,0.40532,0.11827,0.05299,0.00398,0.04696,-0.04595,-0.00569,0.10826,-0.01636,0.00709,0.41434,0.20357,-0.03858,-0.04896
0.5000,50,0,0.5001,33.88,0.46493,0.00550,0.00338,0.31493,-0.02656,-0.00370,0.40222,0.08298,0.11937,0.08400,-0.64058,0.03036,0.00260,0.41924,-0.02717,-0.01006,0.38865,0.08604,0.01461,0.00623,0.51136,-0.00207,0.02299,-0.41835,0.04873,0.02985,0.39496,0.12947,0.01049,0.18611,-0.64197,-0.01499,-0.00293,-0.49444,-0.00209,-0.00675,0.39156,0.09220,0.10452,0.06160,0.05961,0.02718,0.00782,0.10594,-0.03275,-0.00671,0.38475,0.11743,0.03814,0.19810,0.45488,-0.02869,-0.00287,0.31937,0.00695,0.00341,0.41710,0.13130,0.06560,0.01845,-0.64351,0.04206,0.00792,0.41492,-0.06401,0.00233,0.42166,0.11156,-0.01149,0.01265,0.51187,0.00626,-0.01212,-0.43009,0.02974,0.00871,0.43021,0.18352,-0.02651,0.00985,-0.63037,0.03867,0.00967,-0.47435,0.05541,-0.00362,0.41146,0.12728,0.05317,0.00341,0.04460,-0.04853,-0.00484,0.10736,-0.01974,0.00666,0.42467,0.20936,-0.04086,-0.04221
0.5500,55,0,0.5498,49.62,0.46452,-0.00159,0.00260,0.31740,-0.00873,0.00021,0.40702,0.09237,0.12343,0.01598,-0.63855,0.02776,0.01350,0.41760,-0.02185,-0.01310,0.39372,0.10626,0.01437,-0.02690,0.50742,-0.01609,-0.00080,-0.41582,0.03887,0.03950,0.40260,0.13485,0.02107,0.12028,-0.64299,-0.01114,-0.00595,-0.49488,0.00801,-0.01026,0.40133,0.10749,0.10941,0.02552,0.06064,0.02107,0.02382,0.10440,-0.02933,-0.00369,0.39082,0.11830,0.04790,0.14863,0.45342,-0.02988,-0.00196,0.31967,0.00521,0.00370,0.42387,0.13960,0.06644,0.01488,-0.64132,0.04572,0.00700,0.41170,-0.06485,0.00109,0.42736,0.11650,-0.01089,0.01145,0.51204,0.00043,-0.01165,-0.42870,0.02595,0.00673,0.43950,0.18826,-0.02602,0.00963,-0.62832,0.04322,0.00888,-0.47154,0.05700,-0.00286,0.41803,0.13548,0.05333,0.00292,0.04212,-0.05069,-0.00396,0.10629,-0.02289,0.00620,0.43526,0.21406,-0.04282,-0.03632
0.6000,60,0,0.6007,50.90,0.46528,0.00318,0.00244,0.31359,-0.02687,-0.00551,0.41121,0.10033,0.12434,0.00267,-0.63848,0.01393,0.01912,0.41768,-0.00703,-0.01750,0.40138,0.13867,0.01427,0.05596,0.50602,-0.01901,-0.00156,-0.41099,0.02239,0.04695,0.40727,0.12917,0.02441,-0.04165,-0.64330,-0.00869,-0.00595,-0.49413,0.01734,-0.01026,0.40668,0.11095,0.10941,0.02552,0.06113,0.00687,0.02387,0.10258,-0.02284,-0.00729,0.39605,0.09031,0.05243,0.00102,0.45190,-0.03062,-0.00107,0.31989,0.00334,0.00391,0.43104,0.14681,0.06710,0.01177,-0.63895,0.04893,0.00606,0.40845,-0.06510,-0.00004,0.43332,0.12202,-0.01035,0.01040,0.51192,-0.00517,-0.01119,-0.42748,0.02311,0.00487,0.44904,0.19341,-0.02554,0.00942,-0.62605,0.04739,0.00812,-0.46866,0.05822,-0.00215,0.42500,0.14288,0.05347,0.00248,0.03954,-0.05242,-0.00308,0.10507,-0.02582,0.00574,0.44606,0.21787,-0.04450,-0.03117
0.6500,65,0,0.6503,49.67,0.46514,-0.00022,-0.00303,0.31286,-0.01790,-0.01087,0.41675,0.11498,0.12451,-0.03898,-0.63577,0.01436,0.02694,0.41608,-0.00263,-0.02381,0.40771,0.14893,0.01751,0.03930,0.50529,-0.02308,0.01276,-0.41529,-0.01204,0.03913,0.41718,0.13615,0.02138,0.01902,-0.64273,0.00098,-0.01229,-0.49521,0.01415,-0.01220,0.41227,0.11360,0.11016,-0.00136,0.06139,-0.00324,0.01579,0.10095,-0.02391,-0.01514,0.40140,0.10135,0.04746,-0.19329,0.45036,-0.03093,-0.00021,0.32001,0.00139,0.00401,0.43854,0.15310,0.06762,0.00907,-0.63643,0.05167,0.00511,0.40520,-0.06484,-0.00102,0.43957,0.12782,-0.00985,0.00947,0.51152,-0.01055,-0.01075,-0.42638,0.02114,0.00319,0.45885,0.19880,-0.02508,0.00922,-0.62359,0.05119,0.00739,-0.46573,0.05911,-0.00149,0.43231,0.14951,0.05358,0.00210,0.03688,-0.05372,-0.00224,0.10371,-0.02852,0.00527,0.45703,0.22093,-0.04595,-0.02667
0.7000,70,0,0.7005,50.16,0.46466,-0.00378,-0.00650,0.31376,0.00470,-0.00811,0.42302,0.12743,0.12077,-0.10842,-0.63589,-0.00310,0.02669,0.41713,0.01348,-0.01618,0.41655,0.16754,0.01860,0.02426,0.50420,-0.02470,0.00854,-0.41700,-0.03142,0.03549,0.42489,0.13644,0.02207,0.03474,-0.64294,0.00273,-0.01332,-0.49324,0.03047,-0.01396,0.41800,0.11914,0.10976,-0.00593,0.06091,-0.01222,0.01946,0.09930,-0.02075,-0.02260,0.40768,0.11774,0.03356,-0.36603,0.44882,-0.03083,0.00060,0.32003,-0.00059,0.00404,0.44634,0.15862,0.06801,0.00672,-0.63379,0.05394,0.00419,0.40197,-0.06412,-0.00187,0.44611,0.13363,-0.00940,0.00866,0.51087,-0.01572,-0.01033,-0.42535,0.01995,0.00171,0.46892,0.20421,-0.02462,0.00904,-0.62094,0.05465,0.00671,-0.46275,0.05969,-0.00088,0.43993,0.15538,0.05368,0.00176,0.03417,-0.05462,-0.00143,0.10222,-0.03099,0.00481,0.46814,0.22335,-0.04718,-0.02274
0.7500,75,0,0.7503,49.77,0.46442,-0.00210,-0.00804,0.31585,0.01434,0.00197,0.42984,0.14798,0.11389,-0.11419,-0.63553,-0.00880,0.01164,0.41782,0.01830,-0.00460,0.42464,0.16734,0.01957,-0.02902,0.50198,-0.02649,-0.00777,-0.41695,-0.04045,0.03332,0.43063,0.12882,0.02175,-0.05932,-0.64328,0.00627,-0.01541,-0.48964,0.04428,-0.01315,0.42376,0.11840,0.10862,-0.03218,0.06065,-0.01786,0.01885,0.09616,-0.02324,-0.01747,0.41304,0.12252,0.01007,-0.45755,0.44728,-0.03035,0.00135,0.31995,-0.00257,0.00401,0.45439,0.16346,0.06830,0.00469,-0.63104,0.05578,0.00331,0.39879,-0.06303,-0.00257,0.45293,0.13922,-0.00898,0.00794,0.50996,-0.02068,-0.00990,-0.42437,0.01943,0.00043,0.47927,0.20943,-0.02417,0.00886,-0.61813,0.05778,0.00607,-0.45976,0.05998,-0.00032,0.44783,0.16051,0.05376,0.00146,0.03143,-0.05513,-0.00066,0.10062,-0.03324,0.00437,0.47936,0.22519,-0.04823,-0.01930
0.8000,80,0,0.8001,49.87,0.46529,0.00676,-0.01520,0.31242,0.00057,0.01701,0.43657,0.15423,0.10799,-0.18976,-0.63560,-0.01097,0.00570,0.41853,0.01953,-0.00011,0.43248,0.16234,0.01661,-0.09049,0.50198,-0.02649,-0.00777,-0.41695,-0.04045,0.03332,0.43063,0.12882,0.02175,-0.05932,-0.64265,0.01397,-0.01541,-0.48721,0.05149,-0.01315,0.42947,0.11604,0.10862,-0.03218,0.05783,-0.03859,0.00685,0.09780,0.00998,-0.02035,0.42152,0.16107,-0.01107,-0.40794,0.44579,-0.02952,0.00204,0.31977,-0.00451,0.00391,0.46267,0.16767,0.06849,0.00292,-0.62822,0.05720,0.00250,0.39567,-0.06162,-0.00314,0.46002,0.14447,-0.00860,0.00730,0.50880,-0.02543,-0.00946,-0.42340,0.01950,-0.00065,0.48986,0.21431,-0.02373,0.00870,-0.61517,0.06060,0.00547,-0.45676,0.06001,0.00020,0.45597,0.16495,0.05382,0.00120,0.02867,-0.05528,0.00005,0.09890,-0.03528,0.00394,0.49065,0.22648,-0.04912,-0.01630
0.8500,85,0,0.8580,57.83,0.46539,0.01230,-0.01816,0.31500,0.00843,0.01871,0.44538,0.17684,0.09740,-0.19492,-0.63546,-0.01090,0.00359,0.41840,0.01547,0.00447,0.43818,0.14532,0.01202,-0.07642,0.50198,-0.02649,-0.00228,-0.41695,-0.04045,0.03054,0.43063,0.12882,0.01702,-0.18790,-0.64092,0.02786,-0.01949,-0.48700,0.04597,-0.00865,0.43493,0.11297,0.10595,-0.01968,0.05534,-0.04466,0.00424,0.09826,0.02136,-0.02194,0.43004,0.18019,-0.02930,-0.28474,0.44434,-0.02836,0.00266,0.31950,-0.00639,0.00377,0.47115,0.17127,0.06859,0.00139,-0.62533,0.05825,0.00177,0.39263,-0.05997,-0.00358,0.46737,0.14924,-0.00825,0.00674,0.50742,-0.02996,-0.00900,-0.42241,0.02004,-0.00154,0.50069,0.21870,-0.02330,0.00855,-0.61207,0.06315,0.00492,-0.45376,0.05980,0.00066,0.46432,0.16869,0.05388,0.00096,0.02590,-0.05509,0.00071,0.09709,-0.03711,0.00353,0.50200,0.22725,-0.04986,-0.01368
0.9000,90,0,0.9005,42.52,0.46671,0.02508,-0.01611,0.31443,-0.00011,0.01303,0.45498,0.19550,0.08620,-0.19100,-0.63583,-0.01108,-0.00460,0.41939,0.01378,0.01610,0.44492,0.13671,0.00843,-0.07907,0.50160,-0.01848,0.00368,-0.42699,-0.09139,-0.01120,0.44602,0.15830,-0.00525,-0.25200,-0.64017,0.03088,-0.01646,-0.48240,0.06401,-0.00746,0.44063,0.11123,0.10490,-0.01894,0.05309,-0.04535,0.00727,0.09723,0.02060,-0.00994,0.43834,0.18290,-0.04249,-0.18153,0.44296,-0.02692,0.00322,0.31913,-0.00820,0.00359,0.47979,0.17429,0.06863,0.00006,-0.62240,0.05896,0.00113,0.38968,-0.05812,-0.00391,0.47494,0.15347,-0.00793,0.00625,0.50581,-0.03426,-0.00850,-0.42139,0.02098,-0.00225,0.51172,0.22249,-0.02288,0.00840,-0.60886,0.06543,0.00441,-0.45078,0.05937,0.00109,0.47283,0.17177,0.05392,0.00076,0.02316,-0.05458,0.00133,0.09519,-0.03874,0.00314,0.51337,0.22752,-0.05049,-0.01140
0.9500,95,0,0.9501,49.65,0.46818,0.03356,-0.01485,0.31445,-0.00520,0.01614,0.46510,0.21238,0.07652,-0.21180,-0.63625,-0.00797,-0.00386,0.41918,0.00056,0.02073,0.45054,0.12453,0.00585,-0.03679,0.49913,-0.02011,-0.00815,-0.43340,-0.06321,-0.02491,0.46225,0.16564,-0.01537,-0.16568,-0.63882,0.03521,-0.01476,-0.47798,0.07648,-0.00802,0.44614,0.10941,0.10388,-0.02942,0.05001,-0.05302,-0.00254,0.09976,0.03054,-0.00030,0.44828,0.20039,-0.04754,-0.02389,0.44165,-0.02522,0.00370,0.31868,-0.00991,0.00339,0.48857,0.17672,0.06860,-0.00108,-0.61944,0.05938,0.00060,0.38682,-0.05615,-0.00414,0.48270,0.15708,-0.00763,0.00581,0.50400,-0.03829,-0.00794,-0.42031,0.02222,-0.00279,0.52293,0.22558,-0.02246,0.00826,-0.60553,0.06748,0.00394,-0.44783,0.05874,0.00147,0.48148,0.17420,0.05395,0.00058,0.02045,-0.05379,0.00189,0.09322,-0.04019,0.00278,0.52474,0.22729,-0.05101,-0.00940
1.0000,100,0,0.9998,49.72,0.47172,0.05227,-0.01140,0.30895,-0.03232,0.01417,0.47384,0.21109,0.06649,-0.25576,-0.63649,-0.00808,-0.00215,0.42102,0.00371,0.02388,0.45736,0.12468,0.00398,-0.04329,0.49383,-0.04308,0.00237,-0.43294,-0.02608,-0.03100,0.47105,0.16068,-0.02202,-0.10435,-0.63698,0.04138,-0.01505,-0.47379,0.08220,-0.00396,0.45155,0.10746,0.10258,-0.01788,0.04715,-0.05161,-0.00428,0.09898,0.02469,0.00176,0.45825,0.20699,-0.04350,0.10525,0.44044,-0.02330,0.00410,0.31814,-0.01152,0.00316,0.49745,0.17858,0.06852,-0.00207,-0.61646,0.05956,0.00017,0.38407,-0.05408,-0.00428,0.49063,0.16004,-0.00734,0.00542,0.50199,-0.04204,-0.00731,-0.41916,0.02369,-0.00319,0.53427,0.22789,-0.02205,0.00813,-0.60211,0.06931,0.00352,-0.44491,0.05793,0.00182,0.49024,0.17600,0.05398,0.00042,0.01779,-0.05274,0.00242,0.09118,-0.04147,0.00244,0.53609,0.22657,-0.05143,-0.00766
1.0500,105,0,1.0495,49.62,0.47491,0.05900,-0.00511,0.30742,-0.03452,0.00896,0.48376,0.20911,0.05520,-0.18809,-0.63609,-0.00064,-0.00665,0.41967,-0.01699,0.03139,0.46166,0.10483,0.00168,-0.06403,0.49134,-0.04446,0.00098,-0.43563,-0.01060,-0.04307,0.47925,0.16407,-0.02585,-0.00386,-0.63387,0.05682,-0.01802,-0.47411,0.05798,0.00545,0.45600,0.10199,0.10212,-0.01630,0.04423,-0.05225,-0.00235,0.10254,0.02829,0.01379,0.46879,0.20173,-0.03745,0.15691,0.43932,-0.02121,0.00442,0.31753,-0.01301,0.00293,0.50642,0.17986,0.06840,-0.00292,-0.61349,0.05956,-0.00014,0.38142,-0.05196,-0.00434,0.49870,0.16230,-0.00708,0.00508,0.49980,-0.04545,-0.00659,-0.41794,0.02533,-0.00345,0.54570,0.22935,-0.02165,0.00801,-0.59861,0.07094,0.00312,-0.44204,0.05696,0.00212,0.49907,0.17716,0.05399,0.00028,0.01518,-0.05143,0.00289,0.08908,-0.04259,0.00212,0.54739,0.22536,-0.05178,-0.00614
1.1000,110,0,1.1003,50.87,0.47790,0.05951,0.00596,0.30559,-0.03858,0.00879,0.49437,0.21698,0.04655,-0.12967,-0.63633,0.00118,-0.00604,0.41876,-0.02988,0.03066,0.46711,0.10616,-0.00031,-0.03083,0.48975,-0.03659,-0.00850,-0.43694,0.00912,-0.04594,0.48868,0.17200,-0.02571,0.06506,-0.63059,0.06603,-0.01343,-0.47363,0.05102,0.00738,0.46104,0.10506,0.10176,-0.00555,0.04263,-0.04478,0.00606,0.09915,0.00100,0.01104,0.47732,0.18076,-0.03142,0.11211,0.43832,-0.01899,0.00465,0.31684,-0.01439,0.00270,0.51543,0.18059,0.06823,-0.00365,-0.61051,0.05944,-0.00033,0.37887,-0.04983,-0.00434,0.50685,0.16386,-0.00684,0.00477,0.49745,-0.04849,-0.00577,-0.41663,0.02706,-0.00359,0.55719,0.22993,-0.02125,0.00789,-0.59502,0.07238,0.00277,-0.43922,0.05585,0.00240,0.50795,0.17771,0.05401,0.00015,0.01265,-0.04990,0.00333,0.08692,-0.04356,0.00183,0.55862,0.22367,-0.05205,-0.00482
1.1500,115,0,1.1496,49.23,0.48013,0.05038,0.01605,0.30730,-0.02097,0.00971,0.50560,0.22470,0.03942,-0.09928,-0.63571,0.00446,-0.00593,0.41634,-0.04569,0.02718,0.47177,0.10847,-0.00084,0.00250,0.48838,-0.02637,-0.01584,-0.43620,0.02480,-0.03318,0.49810,0.19067,-0.02174,0.08830,-0.62725,0.07086,-0.00517,-0.47120,0.04870,0.00357,0.46656,0.11616,0.10144,0.01939,0.04001,-0.05089,0.00651,0.10011,0.00741,0.00514,0.48757,0.19419,-0.02558,0.13279,0.43743,-0.01666,0.00480,0.31609,-0.01566,0.00247,0.52446,0.18074,0.06804,-0.00428,-0.60754,0.05926,-0.00039,0.37643,-0.04771,-0.00430,0.51507,0.16471,-0.00661,0.00450,0.49496,-0.05110,-0.00485,-0.41523,0.02884,-0.00365,0.56868,0.22962,-0.02086,0.00777,-0.59137,0.07366,0.00244,-0.43646,0.05461,0.00264,0.51683,0.17765,0.05401,0.00004,0.01020,-0.04817,0.00374,0.08472,-0.04438,0.00156,0.56975,0.22152,-0.05226,-0.00366
1.2000,120,0,1.1993,49.77,0.48207,0.04133,0.02324,0.30060,-0.03835,0.00230,0.51411,0.21178,0.03524,-0.05540,-0.63586,0.00547,-0.01056,0.41420,-0.05565,0.02645,0.47875,0.12426,-0.00049,0.02473,0.48762,-0.01241,-0.02346,-0.43502,0.03222,-0.01783,0.50860,0.21732,-0.01645,0.14440,-0.62476,0.06688,-0.00382,-0.46658,0.05891,-0.00119,0.47333,0.13324,0.10256,-0.00595,0.03797,-0.05031,0.00166,0.09998,0.00270,0.02120,0.49828,0.19931,-0.01926,0.20383,0.43665,-0.01429,0.00487,0.31528,-0.01681,0.00225,0.53349,0.18034,0.06781,-0.00481,-0.60458,0.05908,-0.00032,0.37410,-0.04562,-0.00422,0.52331,0.16488,-0.00639,0.00425,0.49235,-0.05322,-0.00381,-0.41375,0.03062,-0.00362,0.58013,0.22844,-0.02047,0.00766,-0.58766,0.07478,0.00214,-0.43376,0.05327,0.00285,0.52570,0.17698,0.05401,-0.00005,0.00783,-0.04624,0.00410,0.08248,-0.04508,0.00131,0.58076,0.21890,-0.05242,-0.00266
1.2500,125,0,1.2496,50.28,0.48387,0.02828,0.02950,0.30287,-0.02746,-0.00312,0.52449,0.20614,0.03253,-0.02445,-0.63469,0.01305,-0.01285,0.40975,-0.07062,0.02134,0.48391,0.12828,0.00138,0.03919,0.48739,0.00320,-0.02848,-0.43348,0.03726,-0.01426,0.52026,0.25079,-0.00991,0.05108,-0.62236,0.06358,-0.00829,-0.46179,0.07073,-0.00030,0.48100,0.14589,0.10227,-0.00405,0.03445,-0.05646,0.00713,0.10216,0.00178,0.02180,0.51022,0.20389,-0.00742,0.17550,0.43600,-0.01190,0.00485,0.31441,-0.01787,0.00205,0.54249,0.17936,0.06756,-0.00527,-0.60163,0.05897,-0.00012,0.37187,-0.04358,-0.00411,0.53155,0.16442,-0.00618,0.00403,0.48964,-0.05482,-0.00266,-0.41217,0.03238,-0.00354,0.59151,0.22645,-0.02009,0.00756,-0.58389,0.07576,0.00187,-0.43113,0.05182,0.00303,0.53452,0.17572,0.05400,-0.00014,0.00557,-0.04415,0.00444,0.08022,-0.04567,0.00108,0.59163,0.21584,-0.05253,-0.00178
1.3000,130,0,1.3003,50.65,0.48522,0.01540,0.03007,0.30126,-0.02629,-0.00687,0.53415,0.19927,0.03083,0.01608,-0.63464,0.01549,-0.01180,0.40689,-0.07697,0.01791,0.49231,0.15064,0.00269,0.04067,0.48782,0.02006,-0.03723,-0.43180,0.03663,-0.00212,0.53237,0.25471,-0.00965,-0.07325,-0.61882,0.07106,-0.00675,-0.46408,0.04461,0.00449,0.48728,0.14727,0.10217,0.04583,0.03262,-0.05581,0.01246,0.09925,-0.01575,0.00803,0.51997,0.19669,-0.00354,0.05025,0.43546,-0.00953,0.00479,0.31349,-0.01883,0.00187,0.55142,0.17778,0.06728,-0.00565,-0.59868,0.05897,0.00014,0.36974,-0.04159,-0.00400,0.53975,0.16340,-0.00598,0.00383,0.48687,-0.05583,-0.00148,-0.41051,0.03408,-0.00341,0.60277,0.22377,-0.01972,0.00745,-0.58008,0.07662,0.00163,-0.42858,0.05030,0.00318,0.54326,0.17386,0.05400,-0.00022,0.00342,-0.04189,0.00474,0.07792,-0.04615,0.00088,0.60234,0.21236,-0.05260,-0.00102
1.3500,135,0,1.3501,49.89,0.48454,-0.00209,0.03196,0.29744,-0.02948,-0.01398,0.54057,0.17637,0.03260,0.02696,-0.63293,0.02383,-0.01053,0.40060,-0.09240,0.01458,0.49731,0.14563,0.00471,0.03565,0.48782,0.02006,-0.02210,-0.43180,0.03663,0.00281,0.53237,0.25471,-0.01518,-0.15343,-0.61633,0.07125,-0.00348,-0.46024,0.04369,0.00572,0.49523,0.15932,0.10306,-0.00849,0.02882,-0.06810,0.00047,0.10100,0.00308,0.00264,0.53112,0.21740,-0.00450,-0.13374,0.43504,-0.00720,0.00473,0.31253,-0.01970,0.00171,0.56026,0.17557,0.06699,-0.00598,-0.59573,0.05911,0.00041,0.36771,-0.03966,-0.00387,0.54788,0.16191,-0.00580,0.00366,0.48407,-0.05628,-0.00034,-0.40876,0.03571,-0.00324,0.61388,0.22052,-0.01935,0.00736,-0.57623,0.07736,0.00141,-0.42610,0.04870,0.00331,0.55190,0.17141,0.05398,-0.00029,0.00139,-0.03950,0.00502,0.07560,-0.04653,0.00069,0.61286,0.20847,-0.05263,-0.00035
1.4000,140,0,1.4001,49.99,0.48403,-0.01976,0.04173,0.29710,-0.01794,-0.02580,0.54924,0.17127,0.03354,-0.00062,-0.63214,0.02652,-0.01371,0.39640,-0.09413,0.00961,0.50512,0.15796,0.00495,-0.02234,0.49281,0.04179,-0.01203,-0.42267,0.04562,0.00865,0.55041,0.25533,-0.02393,-0.15854,-0.61255,0.07417,-0.00656,-0.45963,0.03929,-0.00189,0.50345,0.16681,0.10293,-0.03337,0.02764,-0.05197,-0.00809,0.09834,-0.02331,0.01281,0.54218,0.21738,-0.01199,-0.15795,0.43474,-0.00490,0.00465,0.31153,-0.02051,0.00158,0.56897,0.17273,0.06669,-0.00625,-0.59277,0.05937,0.00068,0.36577,-0.03779,-0.00374,0.55593,0.16001,-0.00562,0.00350,0.48126,-0.05617,0.00076,-0.40694,0.03725,-0.00303,0.62481,0.21677,-0.01898,0.00726,-0.57235,0.07800,0.00120,-0.42371,0.04705,0.00342,0.56040,0.16838,0.05397,-0.00035,-0.00053,-0.03698,0.00526,0.07327,-0.04683,0.00053,0.62318,0.20419,-0.05264,0.00023
1.4500,145,0,1.4501,49.96,0.48288,-0.03860,0.04751,0.29271,-0.02666,-0.02502,0.55645,0.16767,0.03330,-0.05863,-0.63107,0.03167,-0.01724,0.39197,-0.09582,0.00289,0.51430,0.17340,0.00279,-0.06963,0.49281,0.04179,-0.00975,-0.42267,0.04562,0.01690,0.55041,0.25533,-0.03436,-0.16224,-0.60990,0.07116,-0.00914,-0.45476,0.05559,-0.00397,0.51244,0.17928,0.10069,-0.07704,0.02554,-0.04616,-0.00473,0.09775,-0.02079,0.00097,0.55377,0.22085,-0.02130,-0.12451,0.43455,-0.00263,0.00457,0.31048,-0.02126,0.00147,0.57752,0.16924,0.06637,-0.00648,-0.58979,0.05977,0.00096,0.36393,-0.03599,-0.00361,0.56387,0.15774,-0.00545,0.00335,0.47846,-0.05554,0.00181,-0.40504,0.03868,-0.00280,0.63555,0.21255,-0.01862,0.00717,-0.56844,0.07855,0.00103,-0.42140,0.04535,0.00351,0.56873,0.16477,0.05395,-0.00040,-0.00231,-0.03434,0.00548,0.07092,-0.04705,0.00038,0.63328,0.19953,-0.05261,0.00073
1.5000,150,0,1.5003,50.21,0.48004,-0.06261,0.03853,0.29051,-0.02177,-0.02860,0.56380,0.17044,0.03016,-0.06661,-0.62799,0.05084,-0.02046,0.38477,-0.10904,-0.00019,0.52131,0.16815,-0.00110,-0.09232,0.49678,0.04566,0.00393,-0.42413,0.02197,-0.00308,0.57257,0.25345,-0.03793,0.00473,-0.60661,0.07252,-0.00697,-0.45107,0.06308,-0.00621,0.52180,0.18373,0.09520,-0.16153,0.02321,-0.04581,-0.01378,0.09991,-0.00473,0.01471,0.56529,0.23552,-0.02131,0.00902,0.43448,-0.00041,0.00449,0.30940,-0.02196,0.00138,0.58588,0.16512,0.06604,-0.00667,-0.58679,0.06031,0.00124,0.36217,-0.03425,-0.00346,0.57170,0.15513,-0.00528,0.00322,0.47571,-0.05440,0.00283,-0.40307,0.03999,-0.00253,0.64606,0.20788,-0.01827,0.00707,-0.56450,0.07901,0.00086,-0.41918,0.04361,0.00357,0.57686,0.16060,0.05393,-0.00045,-0.00396,-0.03160,0.00567,0.06856,-0.04721,0.00025,0.64313,0.19450,-0.05257,0.00116
1.5500,155,0,1.5505,50.18,0.47635,-0.08205,0.01789,0.29510,0.02802,-0.04354,0.57116,0.16538,0.02694,-0.05783,-0.62529,0.05992,-0.01987,0.37865,-0.10668,-0.01219,0.52996,0.17245,-0.00656,-0.09806,0.49951,0.04042,0.01916,-0.42689,0.01756,-0.01541,0.58682,0.26135,-0.03635,0.01031,-0.60197,0.08409,-0.00272,-0.45284,0.03382,-0.00702,0.52994,0.18151,0.08595,-0.17966,0.02260,-0.02939,-0.01644,0.09696,-0.02559,0.02076,0.57634,0.22177,-0.02089,0.11495,0.43451,0.00177,0.00439,0.30829,-0.02262,0.00131,0.59402,0.16035,0.06570,-0.00682,-0.58376,0.06099,0.00153,0.36050,-0.03259,-0.00332,0.57938,0.15218,-0.00512,0.00310,0.47303,-0.05278,0.00380,-0.40104,0.04116,-0.00224,0.65633,0.20272,-0.01791,0.00699,-0.56054,0.07940,0.00072,-0.41704,0.04185,0.00362,0.58478,0.15588,0.05390,-0.00049,-0.00547,-0.02878,0.00584,0.06620,-0.04731,0.00014,0.65272,0.18910,-0.05250,0.00154
1.6000,160,0,1.5997,49.17,0.47188,-0.08976,0.01059,0.29573,0.04932,-0.03854,0.57953,0.17769,0.02416,-0.07270,-0.62245,0.06690,-0.01591,0.37438,-0.09520,-0.02012,0.53962,0.18296,-0.01206,-0.08837,0.50099,0.02322,0.03098,-0.42214,0.03276,-0.00962,0.59561,0.22640,-0.03591,0.07021,-0.59785,0.08445,-0.00406,-0.45122,0.03661,-0.00726,0.53913,0.18623,0.07656,-0.12028,0.02307,-0.01491,-0.00670,0.09671,-0.02432,0.00600,0.58626,0.20932,-0.01359,0.16676,0.43465,0.00390,0.00429,0.30714,-0.02324,0.00125,0.60190,0.15494,0.06536,-0.00694,-0.58069,0.06182,0.00182,0.35891,-0.03100,-0.00316,0.58691,0.14889,-0.00497,0.00299,0.47044,-0.05068,0.00474,-0.39896,0.04218,-0.00191,0.66632,0.19703,-0.01757,0.00690,-0.55656,0.07972,0.00059,-0.41499,0.04006,0.00365,0.59244,0.15064,0.05388,-0.00053,-0.00683,-0.02588,0.00599,0.06383,-0.04735,0.00005,0.66203,0.18333,-0.05241,0.00186
1.6500,165,0,1.6501,50.42,0.46706,-0.09761,0.00855,0.30142,0.07057,-0.01548,0.58874,0.19300,0.02065,-0.12253,-0.61907,0.07392,-0.01626,0.36972,-0.08539,-0.02132,0.54943,0.18952,-0.01710,-0.08235,0.50146,0.00713,0.03378,-0.42128,0.02488,0.00146,0.60416,0.18950,-0.03181,0.18018,-0.59485,0.07663,-0.00204,-0.44706,0.05667,-0.02175,0.54893,0.18899,0.07225,-0.06230,0.02299,-0.01017,0.00109,0.09798,-0.02146,0.01462,0.59707,0.21882,-0.00296,0.21237,0.43490,0.00597,0.00417,0.30596,-0.02384,0.00120,0.60950,0.14889,0.06501,-0.00704,-0.57758,0.06278,0.00212,0.35740,-0.02949,-0.00300,0.59427,0.14525,-0.00482,0.00289,0.46797,-0.04813,0.00564,-0.39683,0.04304,-0.00156,0.67602,0.19071,-0.01722,0.00682,-0.55256,0.07999,0.00048,-0.41303,0.03827,0.00367,0.59983,0.14489,0.05385,-0.00056,-0.00805,-0.02291,0.00611,0.06147,-0.04735,-0.00003,0.67105,0.17718,-0.05231,0.00215
1.7000,170,0,1.7003,50.25,0.46224,-0.09750,-0.01258,0.30315,0.06894,-0.00631,0.59765,0.19947,0.01067,-0.17679,-0.61431,0.08630,-0.01356,0.36277,-0.08845,-0.01889,0.55512,0.16000,-0.02013,-0.03508,0.50140,-0.01033,0.03374,-0.42004,0.02554,-0.00005,0.61376,0.20576,-0.02108,0.22697,-0.59182,0.07361,-0.00079,-0.44199,0.07204,-0.02615,0.55871,0.19537,0.07017,-0.04347,0.02289,-0.01086,0.01432,0.09722,-0.02865,0.02211,0.60780,0.21000,0.00890,0.24002,0.43525,0.00798,0.00404,0.30475,-0.02443,0.00117,0.61678,0.14223,0.06465,-0.00711,-0.57441,0.06390,0.00243,0.35596,-0.02806,-0.00283,0.60143,0.14120,-0.00468,0.00280,0.46563,-0.04515,0.00652,-0.39466,0.04371,-0.00118,0.68538,0.18362,-0.01689,0.00673,-0.54856,0.08020,0.00039,-0.41116,0.03647,0.00366,0.60692,0.13867,0.05382,-0.00059,-0.00912,-0.01989,0.00621,0.05910,-0.04732,-0.00010,0.67974,0.17063,-0.05220,0.00239
1.7500,175,0,1.7505,50.14,0.45712,-0.09228,-0.02478,0.30957,0.07947,-0.00410,0.60829,0.20690,0.00322,-0.14711,-0.60990,0.09087,-0.00647,0.35865,-0.07578,-0.02999,0.56273,0.15176,-0.02245,-0.04387,0.50033,-0.03041,0.03869,-0.42008,0.02288,-0.00877,0.62472,0.20638,-0.00967,0.21590,-0.58799,0.07614,-0.00511,-0.43902,0.07699,-0.01791,0.56825,0.19316,0.06774,-0.07431,0.02175,-0.02331,0.02370,0.09694,-0.03522,0.03007,0.61952,0.25084,0.02198,0.14981,0.43570,0.00993,0.00388,0.30352,-0.02499,0.00114,0.62372,0.13498,0.06430,-0.00717,-0.57118,0.06517,0.00275,0.35459,-0.02671,-0.00265,0.60838,0.13667,-0.00455,0.00271,0.46346,-0.04174,0.00736,-0.39246,0.04418,-0.00076,0.69437,0.17558,-0.01655,0.00665,-0.54455,0.08037,0.00030,-0.40939,0.03467,0.00365,0.61369,0.13201,0.05379,-0.00062,-0.01004,-0.01683,0.00628,0.05673,-0.04726,-0.00015,0.68810,0.16368,-0.05207,0.00260
1.8000,180,0,1.7999,49.46,0.45289,-0.07907,-0.02276,0.31357,0.07902,0.01941,0.61855,0.20911,-0.00621,-0.14299,-0.60548,0.09137,-0.00208,0.35572,-0.05554,-0.03072,0.57104,0.15529,-0.02243,0.02988,0.50033,-0.03041,0.03869,-0.42008,0.02288,-0.00877,0.62472,0.20638,-0.00967,0.21590,-0.58357,0.07989,-0.00511,-0.43628,0.08463,-0.01791,0.57777,0.19157,0.06774,-0.07431,0.02033,-0.03599,0.02821,0.09517,-0.04965,0.03021,0.63217,0.26680,0.02980,0.10819,0.43624,0.01179,0.00371,0.30226,-0.02555,0.00112,0.63027,0.12722,0.06394,-0.00720,-0.56789,0.06660,0.00308,0.35329,-0.02546,-0.00245,0.61509,0.13153,-0.00441,0.00263,0.46147,-0.03793,0.00818,-0.39024,0.04445,-0.00032,0.70292,0.16633,-0.01622,0.00657,-0.54052,0.08050,0.00023,-0.40770,0.03289,0.00362,0.62012,0.12495,0.05376,-0.00064,-0.01081,-0.01373,0.00634,0.05437,-0.04717,-0.00019,0.69610,0.15632,-0.05194,0.00278
1.8500,185,0,1.9550,155.05,0.44898,-0.06824,-0.02276,0.31582,0.06075,0.01941,0.62750,0.20327,-0.00621,-0.14299,-0.60121,0.09079,-0.00096,0.35365,-0.03914,-0.02894,0.57987,0.16536,-0.02177,0.04758,0.50033,-0.03041,0.03869,-0.42008,0.02288,-0.00877,0.62472,0.20638,-0.00967,0.21590,-0.58357,0.07989,-0.00511,-0.43628,0.08463,-0.01791,0.57777,0.19157,0.06774,-0.07431,0.02002,-0.03786,0.02382,0.09226,-0.06761,0.02439,0.64417,0.26315,0.03700,0.17183,0.43688,0.01357,0.00353,0.30096,-0.02609,0.00109,0.63643,0.11909,0.06358,-0.00722,-0.56452,0.06819,0.00341,0.35205,-0.02431,-0.00224,0.62152,0.12555,-0.00428,0.00256,0.45967,-0.03372,0.00896,-0.38802,0.04449,0.00016,0.71097,0.15549,-0.01589,0.00650,-0.53650,0.08060,0.00017,-0.40610,0.03112,0.00358,0.62618,0.11754,0.05373,-0.00066,-0.01142,-0.01061,0.00637,0.05202,-0.04707,-0.00022,0.70373,0.14852,-0.05180,0.00293
1.9000,190,0,1.9606,5.61,0.44314,-0.04266,-0.03517,0.31880,0.01114,0.04917,0.64638,0.20438,-0.02877,-0.13544,-0.58521,0.09337,0.00851,0.34648,-0.01540,-0.02657,0.60019,0.16080,-0.01234,0.08651,0.49802,-0.05093,0.03668,-0.41749,0.03972,-0.01777,0.63403,0.21369,0.00003,0.17066,-0.57937,0.08431,-0.00916,-0.43174,0.09154,-0.01245,0.58710,0.18629,0.06418,-0.08827,0.01694,-0.04273,0.01146,0.08392,-0.09022,0.02878,0.66510,0.20041,0.05976,0.25443,0.43760,0.01526,0.00336,0.29965,-0.02662,0.00104,0.64218,0.11076,0.06321,-0.00723,-0.56107,0.06994,0.00369,0.35086,-0.02327,-0.00198,0.62762,0.11851,-0.00416,0.00249,0.45810,-0.02916,0.00964,-0.38580,0.04428,0.00073,0.71844,0.14273,-0.01557,0.00642,-0.53246,0.08067,0.00012,-0.40458,0.02938,0.00353,0.63187,0.10983,0.05369,-0.00068,-0.01187,-0.00748,0.00639,0.04967,-0.04696,-0.00024,0.71095,0.14030,-0.05165,0.00306
1.9500,195,0,1.9705,9.88,0.44314,-0.04266,-0.03517,0.31880,0.01114,0.04917,0.64638,0.20438,-0.02877,-0.13544,-0.58521,0.09337,0.01473,0.34648,-0.01540,-0.02866,0.60019,0.16080,-0.00723,0.09328,0.49802,-0.05093,0.02644,-0.41749,0.03972,-0.02159,0.63403,0.21369,0.00968,0.16916,-0.57937,0.08431,-0.00855,-0.43174,0.09154,-0.01185,0.58710,0.18629,0.05810,-0.12071,0.01694,-0.04273,0.01146,0.08392,-0.09022,0.02878,0.66510,0.20041,0.05976,0.25443,0.43840,0.01688,0.00324,0.29830,-0.02711,0.00096,0.64750,0.10220,0.06285,-0.00723,-0.55753,0.07180,0.00388,0.34972,-0.02238,-0.00164,0.63335,0.11053,-0.00403,0.00242,0.45676,-0.02430,0.01015,-0.38360,0.04376,0.00139,0.72522,0.12818,-0.01525,0.00635,-0.52843,0.08072,0.00009,-0.40316,0.02767,0.00346,0.63716,0.10185,0.05366,-0.00070,-0.01216,-0.00435,0.00639,0.04732,-0.04684,-0.00024,0.71775,0.13168,-0.05149,0.00317
2.0000,200,0,2.0003,29.85,0.44136,-0.02723,-0.03041,0.31996,-0.00914,0.04795,0.65666,0.20049,-0.03493,-0.07098,-0.58521,0.09337,0.01473,0.34648,-0.01540,-0.02866,0.60019,0.16080,-0.00723,0.09328,0.48890,-0.08273,0.02270,-0.41532,0.05318,-0.03212,0.67880,0.30834,0.02071,0.06860,-0.57134,0.08261,0.00090,-0.42142,0.10081,0.00714,0.60437,0.17023,0.04191,-0.22147,0.01380,-0.05190,0.01131,0.07745,-0.11278,0.03216,0.67264,0.16675,0.07085,0.24734,0.43928,0.01845,0.00317,0.29694,-0.02755,0.00083,0.65239,0.09339,0.06249,-0.00721,-0.55389,0.07373,0.00398,0.34862,-0.02167,-0.00125,0.63866,0.10179,-0.00391,0.00236,0.45567,-0.01923,0.01049,-0.38143,0.04290,0.00215,0.73123,0.11213,-0.01494,0.00627,-0.52439,0.08076,0.00006,-0.40182,0.02599,0.00339,0.64205,0.09366,0.05362,-0.00071,-0.01230,-0.00122,0.00636,0.04498,-0.04672,-0.00024,0.72411,0.12271,-0.05133,0.00327
2.0500,205,0,2.0494,49.07,0.44010,-0.01445,-0.02360,0.31790,-0.03831,0.04267,0.66466,0.17929,-0.03778,-0.01533,-0.58085,0.08401,0.02008,0.34612,-0.00049,-0.02665,0.60859,0.17309,-0.00228,0.08482,0.47988,-0.08737,-0.00401,-0.40798,0.07754,-0.01641,0.70683,0.26004,0.02937,0.00150,-0.56389,0.07625,0.00800,-0.41209,0.09149,0.01511,0.62071,0.16002,0.02112,-0.17979,0.01177,-0.05604,0.00061,0.07759,-0.08042,0.00016,0.67975,0.15124,0.08470,0.20563,0.44024,0.01999,0.00314,0.29555,-0.02792,0.00068,0.65684,0.08433,0.06213,-0.00719,-0.55015,0.07568,0.00398,0.34755,-0.02116,-0.00081,0.64352,0.09244,-0.00380,0.00230,0.45484,-0.01403,0.01068,-0.37931,0.04164,0.00296,0.73641,0.09485,-0.01462,0.00620,-0.52035,0.08078,0.00004,-0.40056,0.02435,0.00330,0.64652,0.08529,0.05359,-0.00073,-0.01229,0.00189,0.00632,0.04265,-0.04660,-0.00024,0.73002,0.11345,-0.05116,0.00335
2.1000,210,0,2.1002,50.83,0.43931,-0.00441,-0.01770,0.31257,-0.07861,0.03723,0.67151,0.16420,-0.03692,0.04053,-0.57699,0.07330,0.02033,0.34644,0.01170,-0.02040,0.61755,0.18465,0.00132,0.06817,0.47543,-0.08602,-0.00553,-0.40378,0.09054,-0.02808,0.71914,0.24324,0.02894,-0.01107,-0.56058,0.06904,0.01149,-0.40853,0.07957,0.01736,0.62830,0.15605,0.01183,-0.19542,0.00808,-0.05791,-0.00594,0.06928,-0.09744,0.00689,0.68501,0.16378,0.09145,0.21866,0.44128,0.02153,0.00314,0.29415,-0.02822,0.00051,0.66082,0.07507,0.06177,-0.00716,-0.54632,0.07762,0.00390,0.34650,-0.02088,-0.00034,0.64790,0.08263,-0.00368,0.00225,0.45427,-0.00878,0.01072,-0.37727,0.03998,0.00383,0.74070,0.07660,-0.01432,0.00613,-0.51631,0.08080,0.00003,-0.39938,0.02275,0.00321,0.65058,0.07679,0.05355,-0.00074,-0.01211,0.00498,0.00626,0.04032,-0.04649,-0.00022,0.73545,0.10395,-0.05099,0.00341
2.1500,215,0,2.1495,49.23,0.43924,0.00059,-0.00788,0.31274,-0.06902,0.02418,0.67896,0.14985,-0.03406,0.04408,-0.57392,0.05942,0.02567,0.34796,0.02721,-0.02138,0.62853,0.20401,0.00468,0.09790,0.47117,-0.08189,-0.01004,-0.39935,0.09453,-0.01576,0.73041,0.22741,0.02816,-0.07285,-0.55794,0.06121,0.00408,-0.40359,0.07534,0.01699,0.63666,0.15502,0.00326,-0.11982,0.00546,-0.05408,-0.00506,0.06428,-0.10115,0.01766,0.69157,0.14960,0.09966,0.12245,0.44240,0.02308,0.00319,0.29273,-0.02842,0.00033,0.66434,0.06566,0.06142,-0.00713,-0.54239,0.07949,0.00374,0.34545,-0.02083,0.00015,0.65178,0.07250,-0.00357,0.00220,0.45396,-0.00354,0.01062,-0.37532,0.03789,0.00471,0.74406,0.05767,-0.01401,0.00606,-0.51227,0.08081,0.00003,-0.39828,0.02120,0.00311,0.65420,0.06820,0.05351,-0.00075,-0.01179,0.00803,0.00619,0.03800,-0.04638,-0.00021,0.74041,0.09431,-0.05082,0.00347
2.2000,220,0,2.1995,50.06,0.43947,0.00345,0.00093,0.30695,-0.08188,0.01604,0.68458,0.13001,-0.03146,0.05347,-0.57145,0.04523,0.02388,0.34999,0.03954,-0.01453,0.63967,0.21468,0.00921,0.12592,0.46719,-0.07462,-0.01659,-0.39513,0.08499,0.01549,0.74124,0.21874,0.02278,-0.20107,-0.55560,0.05719,0.00446,-0.40216,0.05042,0.02427,0.64394,0.14919,-0.00102,-0.03194,0.00256,-0.05164,-0.01488,0.06071,-0.10019,0.00308,0.69953,0.15518,0.10371,-0.02548,0.44359,0.02466,0.00326,0.29131,-0.02854,0.00015,0.66739,0.05617,0.06106,-0.00709,-0.53837,0.08128,0.00352,0.34441,-0.02103,0.00064,0.65515,0.06216,-0.00346,0.00215,0.45392,0.00162,0.01040,-0.37349,0.03536,0.00559,0.74646,0.03834,-0.01371,0.00599,-0.50823,0.08083,0.00003,-0.39726,0.01970,0.00300,0.65740,0.05959,0.05348,-0.00076,-0.01131,0.01104,0.00610,0.03568,-0.04629,-0.00019,0.74488,0.08459,-0.05065,0.00351
2.2500,225,0,2.2496,50.05,0.43935,-0.00156,0.01097,0.30479,-0.07887,0.00722,0.69027,0.11081,-0.02838,0.06494,-0.56929,0.03640,0.01389,0.35199,0.04429,-0.00448,0.64984,0.20822,0.01574,0.14553,0.46580,-0.06747,-0.00494,-0.38803,0.09474,0.00466,0.74912,0.19307,0.01330,-0.15820,-0.55388,0.04723,0.00446,-0.39819,0.04817,0.02427,0.65249,0.15683,-0.00102,-0.03194,-0.00036,-0.04416,-0.02156,0.05599,-0.09885,0.00602,0.70894,0.19278,0.10217,-0.15008,0.44486,0.02628,0.00335,0.28988,-0.02857,-0.00004,0.66996,0.04667,0.06071,-0.00704,-0.53427,0.08293,0.00324,0.34335,-0.02146,0.00112,0.65799,0.05176,-0.00336,0.00210,0.45412,0.00665,0.01007,-0.37179,0.03240,0.00645,0.74789,0.01889,-0.01341,0.00592,-0.50419,0.08084,0.00004,-0.39631,0.01825,0.00289,0.66016,0.05100,0.05344,-0.00077,-0.01069,0.01401,0.00599,0.03337,-0.04620,-0.00017,0.74887,0.07487,-0.05047,0.00355
2.3000,230,0,2.2995,49.91,0.43970,-0.00459,0.01530,0.29860,-0.09042,0.00159,0.69475,0.09225,-0.02519,0.04254,-0.56740,0.03246,0.00821,0.35420,0.04473,0.00517,0.65920,0.19222,0.02218,0.12652,0.46366,-0.06459,0.00340,-0.38092,0.10018,-0.00168,0.75367,0.16455,0.00805,-0.09087,-0.55203,0.04503,-0.00112,-0.39780,0.02855,0.01402,0.65964,0.15153,-0.00209,-0.00404,-0.00173,-0.03303,0.00464,0.04762,-0.11636,0.02981,0.71813,0.20094,0.08710,-0.45814,0.44622,0.02795,0.00346,0.28845,-0.02850,-0.00021,0.67206,0.03724,0.06036,-0.00700,-0.53008,0.08444,0.00291,0.34226,-0.02212,0.00157,0.66032,0.04141,-0.00325,0.00205,0.45458,0.01149,0.00966,-0.37026,0.02903,0.00727,0.74835,-0.00039,-0.01312,0.00586,-0.50015,0.08087,0.00005,-0.39543,0.01686,0.00278,0.66250,0.04248,0.05340,-0.00078,-0.00991,0.01692,0.00587,0.03106,-0.04612,-0.00015,0.75237,0.06525,-0.05029,0.00357
2.3500,235,0,2.3498,50.29,0.43896,-0.01354,0.00944,0.29515,-0.07736,-0.00652,0.69918,0.08062,-0.02199,0.03503,-0.56612,0.02882,0.00934,0.35386,0.02883,0.01189,0.66367,0.15214,0.02884,0.09338,0.46171,-0.05708,-0.00046,-0.37987,0.08212,0.02045,0.76247,0.14492,0.00174,-0.07630,-0.55027,0.04380,-0.00234,-0.39691,0.01771,0.02136,0.66740,0.15443,-0.00145,0.05980,-0.00346,-0.03404,-0.00489,0.04054,-0.13115,-0.00911,0.72637,0.17939,0.06185,-0.56078,0.44766,0.02968,0.00358,0.28703,-0.02836,-0.00037,0.67369,0.02796,0.06001,-0.00694,-0.52582,0.08578,0.00256,0.34113,-0.02299,0.00197,0.66214,0.03125,-0.00315,0.00201,0.45527,0.01612,0.00919,-0.36890,0.02529,0.00801,0.74786,-0.01923,-0.01283,0.00579,-0.49611,0.08090,0.00007,-0.39462,0.01553,0.00265,0.66441,0.03409,0.05336,-0.00079,-0.00900,0.01977,0.00574,0.02876,-0.04605,-0.00013,0.75540,0.05580,-0.05011,0.00359
2.4000,240,0,2.4003,50.50,0.43791,-0.02040,0.00864,0.29363,-0.06013,-0.01261,0.70329,0.07316,-0.02090,0.06524,-0.56432,0.02650,0.00671,0.35666,0.03347,-0.00094,0.66977,0.13486,0.03325,0.00644,0.45948,-0.04978,-0.01006,-0.37740,0.06851,0.02377,0.77072,0.13932,0.00042,0.06681,-0.54823,0.04461,-0.00282,-0.39641,0.00455,0.02213,0.67506,0.15101,0.00310,0.05923,-0.00533,-0.02906,-0.02249,0.03193,-0.12863,-0.03665,0.73346,0.15874,0.02811,-0.58089,0.44919,0.03147,0.00370,0.28562,-0.02814,-0.00051,0.67486,0.01890,0.05966,-0.00689,-0.52151,0.08695,0.00218,0.33996,-0.02405,0.00233,0.66345,0.02139,-0.00305,0.00197,0.45618,0.02049,0.00867,-0.36773,0.02119,0.00867,0.74644,-0.03734,-0.01254,0.00573,-0.49206,0.08094,0.00009,-0.39388,0.01426,0.00253,0.66591,0.02588,0.05332,-0.00079,-0.00794,0.02255,0.00561,0.02646,-0.04599,-0.00012,0.75796,0.04660,-0.04993,0.00361
2.4500,245,0,2.4500,49.69,0.43763,-0.01831,0.00372,0.28680,-0.06435,-0.01578,0.70603,0.06559,-0.01673,0.07376,-0.56315,0.02382,0.00001,0.35831,0.03543,-0.00469,0.67643,0.13498,0.03280,-0.10445,0.45775,-0.04128,-0.01403,-0.37075,0.07468,0.01514,0.77358,0.10817,0.00618,0.20003,-0.54635,0.04512,-0.00785,-0.39676,-0.00507,0.01337,0.68267,0.15038,0.00702,0.07556,-0.00727,-0.02323,-0.01879,0.02740,-0.10111,-0.04330,0.74305,0.17722,0.00211,-0.45413,0.45081,0.03331,0.00381,0.28422,-0.02787,-0.00061,0.67558,0.01013,0.05932,-0.00683,-0.51713,0.08793,0.00181,0.33872,-0.02526,0.00262,0.66428,0.01195,-0.00296,0.00193,0.45731,0.02461,0.00812,-0.36678,0.01680,0.00922,0.74414,-0.05448,-0.01225,0.00566,-0.48801,0.08099,0.00011,-0.39320,0.01305,0.00240,0.66700,0.01789,0.05328,-0.00080,-0.00674,0.02527,0.00546,0.02416,-0.04594,-0.00011,0.76006,0.03773,-0.04975,0.00362
2.5000,250,0,2.4999,49.98,0.43631,-0.02181,-0.00475,0.28732,-0.04001,-0.02172,0.71010,0.07504,-0.01418,0.08625,-0.56160,0.02591,-0.01082,0.36154,0.04381,0.00793,0.68283,0.13331,0.02365,-0.22623,0.45811,-0.01813,-0.02302,-0.37003,0.04754,0.02384,0.78003,0.10252,0.01445,0.08511,-0.54365,0.05055,-0.01024,-0.39834,-0.01295,0.01089,0.69012,0.14985,0.01041,0.06986,-0.00749,-0.00845,-0.02240,0.02073,-0.08823,-0.06061,0.75125,0.17358,-0.02189,-0.31174,0.45252,0.03520,0.00391,0.28283,-0.02754,-0.00069,0.67588,0.00171,0.05898,-0.00677,-0.51272,0.08872,0.00144,0.33743,-0.02660,0.00283,0.66466,0.00304,-0.00286,0.00189,0.45864,0.02846,0.00758,-0.36606,0.01216,0.00966,0.74101,-0.07039,-0.01197,0.00560,-0.48396,0.08105,0.00014,-0.39257,0.01190,0.00227,0.66770,0.01019,0.05324,-0.00081,-0.00541,0.02791,0.00531,0.02186,-0.04589,-0.00010,0.76173,0.02925,-0.04957,0.00362
2.5500,255,0,2.5505,50.57,0.43621,-0.01362,-0.00777,0.28435,-0.03119,-0.02390,0.71403,0.08329,-0.00931,0.10522,-0.55959,0.03437,-0.02024,0.36364,0.03843,0.01960,0.68876,0.12076,0.01084,-0.29011,0.45976,0.00398,-0.01834,-0.36932,0.02727,0.02690,0.78781,0.11173,0.01766,0.02087,-0.54121,0.05644,-0.01523,-0.39920,-0.02118,0.01367,0.69745,0.14387,0.01321,0.07527,-0.00840,-0.00207,-0.01442,0.01744,-0.05705,-0.05176,0.75962,0.16096,-0.03524,-0.21864,0.45433,0.03714,0.00398,0.28146,-0.02720,-0.00073,0.67576,-0.00632,0.05864,-0.00671,-0.50826,0.08935,0.00111,0.33606,-0.02803,0.00297,0.66460,-0.00522,-0.00277,0.00185,0.46016,0.03205,0.00705,-0.36557,0.00734,0.00998,0.73712,-0.08485,-0.01169,0.00553,-0.47991,0.08112,0.00016,-0.39201,0.01082,0.00214,0.66803,0.00280,0.05320,-0.00081,-0.00395,0.03047,0.00515,0.01957,-0.04584,-0.00010,0.76300,0.02124,-0.04939,0.00363
2.6000,260,0,2.6006,50.04,0.43625,-0.00466,-0.00654,0.27865,-0.04245,-0.02075,0.71663,0.07800,-0.00231,0.10761,-0.55772,0.04337,-0.01970,0.36574,0.03071,0.02316,0.69470,0.10983,-0.00456,-0.34273,0.46090,0.01087,-0.00722,-0.36548,0.02222,0.02438,0.79260,0.09193,0.01952,0.03296,-0.53831,0.06330,-0.01492,-0.40067,-0.02821,0.01010,0.70427,0.13230,0.01557,0.05745,-0.00838,0.00280,-0.00813,0.01551,-0.04012,-0.03887,0.76564,0.13852,-0.04607,-0.13928,0.45623,0.03910,0.00402,0.28011,-0.02684,-0.00073,0.67525,-0.01391,0.05831,-0.00665,-0.50378,0.08981,0.00080,0.33463,-0.02950,0.00302,0.66415,-0.01274,-0.00267,0.00182,0.46184,0.03539,0.00657,-0.36533,0.00239,0.01016,0.73255,-0.09767,-0.01142,0.00547,-0.47585,0.08120,0.00018,-0.39149,0.00980,0.00201,0.66799,-0.00422,0.05316,-0.00082,-0.00237,0.03296,0.00498,0.01728,-0.04579,-0.00011,0.76387,0.01372,-0.04921,0.00362
2.6500,265,0,2.6498,49.24,0.43608,-0.00023,-0.01106,0.27604,-0.03774,-0.02262,0.71999,0.07723,0.00342,0.08978,-0.55531,0.05205,-0.02027,0.36648,0.01840,0.02664,0.69945,0.09639,-0.02328,-0.35530,0.46135,0.01001,-0.00024,-0.36241,0.02478,0.00849,0.79528,0.07728,0.01761,-0.03523,-0.53497,0.07016,-0.01640,-0.40221,-0.03345,0.01194,0.71051,0.11714,0.01792,0.03490,-0.00784,0.01011,-0.00766,0.01194,-0.02881,-0.03831,0.77152,0.10373,-0.05099,0.01493,0.45824,0.04108,0.00403,0.27878,-0.02649,-0.00069,0.67438,-0.02107,0.05798,-0.00659,-0.49928,0.09014,0.00055,0.33311,-0.03097,0.00298,0.66334,-0.01941,-0.00259,0.00178,0.46369,0.03851,0.00614,-0.36533,-0.00260,0.01020,0.72739,-0.10864,-0.01115,0.00541,-0.47179,0.08130,0.00020,-0.39102,0.00885,0.00187,0.66761,-0.01086,0.05312,-0.00082,-0.00066,0.03536,0.00482,0.01499,-0.04573,-0.00012,0.76438,0.00676,-0.04903,0.00362
2.7000,270,0,2.7002,50.36,0.43613,0.00517,-0.01170,0.27413,-0.02784,-0.02470,0.72329,0.06773,0.00996,0.09887,-0.55292,0.05930,-0.02007,0.36706,0.00625,0.02693,0.70330,0.08483,-0.04207,-0.43539,0.46198,0.00956,0.00457,-0.36417,0.01299,-0.00129,0.80033,0.06425,0.01376,-0.04591,-0.53249,0.07147,-0.02045,-0.40221,-0.02629,0.00219,0.71657,0.10134,0.01984,-0.02480,-0.00695,0.01647,-0.00809,0.01069,-0.01468,-0.02886,0.77680,0.09410,-0.05073,0.02928,0.46034,0.04304,0.00400,0.27746,-0.02616,-0.00063,0.67315,-0.02781,0.05765,-0.00652,-0.49477,0.09036,0.00035,0.33153,-0.03241,0.00288,0.66222,-0.02512,-0.00250,0.00174,0.46569,0.04143,0.00578,-0.36559,-0.00760,0.01013,0.72172,-0.11762,-0.01088,0.00535,-0.46772,0.08140,0.00022,-0.39060,0.00797,0.00173,0.66691,-0.01706,0.05308,-0.00082,0.00117,0.03768,0.00465,0.01271,-0.04566,-0.00015,0.76455,0.00037,-0.04885,0.00361
2.7500,275,0,2.7503,50.15,0.43623,0.00883,-0.01199,0.27362,-0.01076,-0.02644,0.72650,0.06596,0.01630,0.10028,-0.54972,0.06667,-0.01238,0.36664,-0.00793,0.02038,0.70648,0.07242,-0.06423,-0.46963,0.46198,0.00956,0.01573,-0.36417,0.01299,0.00613,0.80033,0.06425,0.00968,-0.07597,-0.52838,0.08338,-0.01386,-0.40621,-0.03678,0.00370,0.72087,0.08052,0.01792,0.02607,-0.00601,0.02149,-0.00960,0.01030,-0.00111,-0.02508,0.78150,0.09300,-0.04871,0.03826,0.46254,0.04499,0.00395,0.27616,-0.02586,-0.00059,0.67160,-0.03407,0.05732,-0.00646,-0.49025,0.09049,0.00017,0.32987,-0.03380,0.00279,0.66084,-0.02991,-0.00241,0.00171,0.46783,0.04418,0.00543,-0.36609,-0.01255,0.01006,0.71566,-0.12469,-0.01061,0.00529,-0.46365,0.08151,0.00024,-0.39023,0.00715,0.00160,0.66591,-0.02280,0.05304,-0.00083,0.00311,0.03992,0.00448,0.01043,-0.04558,-0.00018,0.76442,-0.00543,-0.04867,0.00360
2.8000,280,0,2.7998,49.51,0.43681,0.01420,-0.01017,0.27341,0.00199,-0.03009,0.72972,0.05865,0.02079,0.12321,-0.54734,0.06392,-0.01194,0.36656,-0.01072,0.00998,0.70955,0.06422,-0.08818,-0.45519,0.46167,-0.00112,0.01573,-0.36214,0.01494,0.00613,0.80387,0.05145,0.00968,-0.07597,-0.52415,0.08789,-0.00653,-0.40924,-0.04455,0.01713,0.72405,0.05614,0.02097,0.16557,-0.00832,0.01026,0.00068,0.01142,0.01757,0.00363,0.78984,0.10262,-0.04342,-0.04014,0.46484,0.04692,0.00390,0.27488,-0.02557,-0.00060,0.66975,-0.03973,0.05700,-0.00640,-0.48572,0.09053,-0.00001,0.32815,-0.03516,0.00274,0.65924,-0.03400,-0.00233,0.00168,0.47010,0.04676,0.00509,-0.36684,-0.01747,0.01002,0.70928,-0.13017,-0.01035,0.00523,-0.45957,0.08164,0.00025,-0.38989,0.00640,0.00146,0.66464,-0.02805,0.05299,-0.00083,0.00516,0.04207,0.00431,0.00815,-0.04549,-0.00022,0.76402,-0.01066,-0.04849,0.00359
2.8500,285,0,3.0355,235.67,0.43651,0.01005,-0.01462,0.28073,0.05269,-0.02693,0.73472,0.07154,0.02654,0.14422,-0.54535,0.06149,-0.02399,0.36536,-0.01596,0.01248,0.71137,0.04437,-0.10718,-0.24063,0.46167,-0.00112,0.01573,-0.36214,0.01494,0.00613,0.80387,0.05145,0.00968,-0.07597,-0.51982,0.09081,-0.00653,-0.41193,-0.05329,0.01713,0.72591,0.02639,0.02097,0.16557,-0.00748,0.00957,0.01138,0.01104,-0.00031,0.03545,0.79475,0.10254,-0.03898,-0.04708,0.46723,0.04882,0.00385,0.27360,-0.02526,-0.00066,0.66764,-0.04468,0.05668,-0.00633,-0.48120,0.09048,-0.00018,0.32636,-0.03650,0.00273,0.65745,-0.03754,-0.00224,0.00165,0.47250,0.04917,0.00475,-0.36784,-0.02238,0.01001,0.70266,-0.13434,-0.01009,0.00517,-0.45548,0.08176,0.00027,-0.38959,0.00572,0.00131,0.66312,-0.03278,0.05295,-0.00083,0.00731,0.04414,0.00414,0.00588,-0.04537,-0.00026,0.76337,-0.01533,-0.04831,0.00358
2.9000,290,0,3.0532,17.70,0.43933,0.03159,-0.00381,0.28231,0.03089,0.01540,0.74077,0.02699,0.04410,0.09500,-0.53152,0.08738,-0.02596,0.35919,-0.04198,0.02427,0.70847,-0.02738,-0.11836,0.12318,0.46167,-0.00112,0.00969,-0.36214,0.01494,0.00941,0.80387,0.05145,0.00443,-0.11622,-0.50649,0.09311,-0.00847,-0.41935,-0.03793,-0.01893,0.72406,-0.04092,0.09702,0.34356,-0.01029,-0.00885,-0.01298,-0.00759,-0.08713,-0.02108,0.79523,-0.01515,-0.04559,0.01034,0.46972,0.05070,0.00380,0.27235,-0.02491,-0.00077,0.66530,-0.04891,0.05637,-0.00627,-0.47668,0.09035,-0.00035,0.32450,-0.03785,0.00277,0.65550,-0.04062,-0.00216,0.00162,0.47502,0.05142,0.00442,-0.36908,-0.02730,0.01004,0.69587,-0.13734,-0.00983,0.00512,-0.45139,0.08190,0.00028,-0.38931,0.00511,0.00117,0.66137,-0.03698,0.05291,-0.00084,0.00957,0.04613,0.00397,0.00361,-0.04523,-0.00031,0.76250,-0.01944,-0.04813,0.00356
2.9500,295,0,3.0763,23.06,0.44016,0.02945,-0.00437,0.28511,0.02523,0.01718,0.74195,0.01239,0.04811,0.08313,-0.52726,0.09578,-0.02596,0.35843,-0.04673,0.02427,0.70786,-0.03275,-0.11836,0.12318,0.46167,-0.00112,0.00969,-0.36214,0.01494,0.00941,0.80387,0.05145,0.00443,-0.11622,-0.50167,0.09548,-0.00847,-0.42106,-0.02951,-0.01893,0.72157,-0.05631,0.09702,0.34356,-0.01029,-0.00885,-0.01298,-0.00759,-0.08713,-0.02108,0.79523,-0.01515,-0.04559,0.01034,0.47230,0.05255,0.00375,0.27111,-0.02450,-0.00093,0.66276,-0.05241,0.05606,-0.00620,-0.47216,0.09014,-0.00053,0.32257,-0.03923,0.00286,0.65340,-0.04327,-0.00208,0.00158,0.47764,0.05350,0.00408,-0.37057,-0.03223,0.01010,0.68895,-0.13930,-0.00958,0.00506,-0.44729,0.08203,0.00028,-0.38907,0.00457,0.00103,0.65943,-0.04063,0.05287,-0.00084,0.01193,0.04803,0.00380,0.00135,-0.04506,-0.00038,0.76143,-0.02301,-0.04795,0.00355
3.0000,300,0,3.0951,18.84,0.44016,0.02945,-0.00437,0.28511,0.02523,0.01718,0.74195,0.01239,0.04811,0.08313,-0.52726,0.09578,-0.01833,0.35843,-0.04673,0.01625,0.70786,-0.03275,-0.11128,0.23340,0.46082,-0.00997,0.00969,-0.35770,0.01921,0.00941,0.80481,0.03397,0.00443,-0.11622,-0.50167,0.09548,-0.00318,-0.42106,-0.02951,-0.01325,0.72157,-0.05631,0.11369,0.32825,-0.01141,-0.00666,-0.01298,-0.00962,-0.07940,-0.02108,0.79515,-0.01739,-0.04559,0.01034,0.47498,0.05438,0.00371,0.26990,-0.02400,-0.00113,0.66007,-0.05521,0.05575,-0.00614,-0.46767,0.08984,-0.00070,0.32058,-0.04066,0.00298,0.65118,-0.04551,-0.00200,0.00155,0.48037,0.05542,0.00374,-0.37230,-0.03721,0.01020,0.68195,-0.14025,-0.00932,0.00500,-0.44319,0.08217,0.00028,-0.38886,0.00410,0.00089,0.65731,-0.04374,0.05283,-0.00084,0.01437,0.04985,0.00363,-0.00089,-0.04486,-0.00045,0.76020,-0.02607,-0.04778,0.00353
3.0500,305,0,3.1174,22.30,0.44139,0.03058,-0.00437,0.28597,0.01743,0.01718,0.74202,-0.00089,0.04811,0.08313,-0.52726,0.09578,-0.01833,0.35843,-0.04673,0.01625,0.70786,-0.03275,-0.11128,0.23340,0.46082,-0.00997,-0.00177,-0.35770,0.01921,0.00189,0.80481,0.03397,-0.00362,-0.18903,-0.50167,0.09548,-0.00318,-0.42106,-0.02951,-0.01325,0.72157,-0.05631,0.11369,0.32825,-0.01141,-0.00666,-0.01446,-0.00962,-0.07940,-0.01953,0.79515,-0.01739,-0.04741,0.03972,0.47774,0.05619,0.00367,0.26872,-0.02339,-0.00134,0.65725,-0.05733,0.05544,-0.00607,-0.46318,0.08945,-0.00088,0.31851,-0.04215,0.00309,0.64885,-0.04728,-0.00193,0.00153,0.48318,0.05717,0.00340,-0.37429,-0.04223,0.01025,0.67494,-0.14017,-0.00908,0.00495,-0.43908,0.08231,0.00028,-0.38866,0.00370,0.00075,0.65506,-0.04631,0.05279,-0.00084,0.01691,0.05159,0.00347,-0.00313,-0.04462,-0.00053,0.75883,-0.02860,-0.04760,0.00351
3.1000,310,0,3.1319,14.50,0.44139,0.03058,-0.00327,0.28597,0.01743,0.01632,0.74202,-0.00089,0.05105,0.06287,-0.52236,0.10105,-0.00940,0.35512,-0.05484,0.01644,0.70366,-0.04819,-0.09631,0.38291,0.46068,-0.00692,-0.00177,-0.35859,0.00703,0.00189,0.80706,0.02478,-0.00362,-0.18903,-0.49689,0.09593,-0.00418,-0.42238,-0.02308,-0.01730,0.71829,-0.07433,0.13037,0.33240,-0.01141,-0.00666,-0.01446,-0.00962,-0.07940,-0.01953,0.79515,-0.01739,-0.04741,0.03972,0.48060,0.05798,0.00364,0.26756,-0.02268,-0.00154,0.65435,-0.05883,0.05514,-0.00601,-0.45872,0.08897,-0.00106,0.31636,-0.04368,0.00314,0.64646,-0.04857,-0.00185,0.00150,0.48608,0.05875,0.00306,-0.37653,-0.04725,0.01021,0.66795,-0.13905,-0.00883,0.00489,-0.43496,0.08244,0.00027,-0.38848,0.00337,0.00060,0.65269,-0.04834,0.05274,-0.00084,0.01953,0.05325,0.00330,-0.00535,-0.04434,-0.00062,0.75735,-0.03063,-0.04742,0.00349
3.1500,315,0,3.1505,18.58,0.44249,0.02948,-0.00327,0.28621,0.00608,0.01632,0.74143,-0.01547,0.05105,0.06287,-0.52236,0.10105,-0.00940,0.35512,-0.05484,0.01644,0.70366,-0.04819,-0.09631,0.38291,0.45993,-0.01229,0.01461,-0.35648,0.01418,0.00832,0.80750,0.00664,-0.02357,-0.23676,-0.49207,0.09638,-0.00418,-0.42329,-0.01252,-0.01730,0.71425,-0.08604,0.13037,0.33240,-0.01232,-0.00687,-0.00145,-0.01391,-0.06651,-0.02891,0.79425,-0.01336,-0.04501,0.03551,0.48354,0.05976,0.00360,0.26645,-0.02188,-0.00173,0.65138,-0.05974,0.05484,-0.00594,-0.45429,0.08840,-0.00124,0.31414,-0.04522,0.00314,0.64401,-0.04934,-0.00178,0.00147,0.48905,0.06017,0.00274,-0.37901,-0.05223,0.01005,0.66105,-0.13688,-0.00859,0.00484,-0.43083,0.08258,0.00026,-0.38832,0.00311,0.00046,0.65024,-0.04987,0.05270,-0.00084,0.02223,0.05484,0.00315,-0.00756,-0.04401,-0.00072,0.75578,-0.03216,-0.04725,0.00347
3.2000,320,0,3.1996,49.11,0.44332,0.02624,-0.00430,0.28713,0.00324,0.01589,0.74139,-0.02250,0.05720,0.07592,-0.51721,0.10559,-0.00874,0.35140,-0.06694,0.01056,0.69992,-0.06222,-0.07568,0.43711,0.44830,-0.05682,-0.02823,-0.34105,0.06550,0.05134,0.79664,-0.05969,-0.05362,-0.15565,-0.48729,0.09451,-0.00159,-0.42359,-0.00001,-0.02648,0.70993,-0.08510,0.14645,0.27370,-0.01320,-0.00905,-0.01478,-0.01596,-0.04276,-0.04133,0.79530,0.02200,-0.04219,0.07440,0.48657,0.06152,0.00356,0.26538,-0.02099,-0.00189,0.64838,-0.06011,0.05455,-0.00588,-0.44988,0.08776,-0.00140,0.31184,-0.04674,0.00307,0.64153,-0.04958,-0.00170,0.00144,0.49210,0.06144,0.00244,-0.38175,-0.05710,0.00979,0.65428,-0.13367,-0.00835,0.00478,-0.42670,0.08270,0.00024,-0.38817,0.00292,0.00033,0.64771,-0.05091,0.05266,-0.00084,0.02501,0.05634,0.00299,-0.00975,-0.04363,-0.00083,0.75414,-0.03321,-0.04708,0.00345
3.2500,325,0,3.2499,50.27,0.44334,0.02361,-0.00998,0.28654,-0.00688,0.01809,0.73923,-0.03139,0.06111,0.08200,-0.51200,0.10738,-0.00602,0.34934,-0.06290,0.00925,0.69694,-0.06217,-0.05512,0.38635,0.43540,-0.02536,-0.02158,-0.34553,-0.02767,0.00560,0.78502,-0.09106,-0.05603,0.18313,-0.48254,0.09692,-0.01688,-0.42334,0.00987,-0.01580,0.70592,-0.07358,0.16766,0.18109,-0.01334,0.00552,-0.04128,-0.02135,-0.05098,-0.01560,0.79414,0.00817,-0.04117,0.17631,0.48969,0.06325,0.00352,0.26435,-0.02003,-0.00203,0.64538,-0.05996,0.05426,-0.00581,-0.44551,0.08703,-0.00155,0.30946,-0.04822,0.00294,0.63906,-0.04930,-0.00163,0.00141,0.49520,0.06257,0.00216,-0.38472,-0.06182,0.00942,0.64770,-0.12947,-0.00811,0.00473,-0.42256,0.08281,0.00022,-0.38803,0.00279,0.00019,0.64515,-0.05148,0.05262,-0.00085,0.02787,0.05778,0.00285,-0.01193,-0.04320,-0.00095,0.75247,-0.03379,-0.04691,0.00343
3.3000,330,0,3.2997,49.82,0.44458,0.02877,-0.01109,0.28616,-0.01428,0.01410,0.73751,-0.03955,0.06634,0.16869,-0.50602,0.11299,-0.01720,0.34491,-0.07350,0.02741,0.69234,-0.05996,-0.03636,0.38681,0.43459,-0.00585,-0.04311,-0.34717,-0.03906,0.02334,0.78012,-0.11062,-0.04460,0.21302,-0.47751,0.10449,-0.01688,-0.42262,0.01864,-0.01580,0.70261,-0.05805,0.16766,0.18109,-0.01349,0.02108,-0.03583,-0.02283,-0.04078,-0.00874,0.79559,0.03174,-0.03054,0.13351,0.49290,0.06497,0.00347,0.26338,-0.01900,-0.00215,0.64239,-0.05933,0.05397,-0.00575,-0.44118,0.08624,-0.00167,0.30702,-0.04962,0.00275,0.63661,-0.04851,-0.00156,0.00139,0.49835,0.06357,0.00193,-0.38792,-0.06633,0.00895,0.64135,-0.12431,-0.00787,0.00467,-0.41842,0.08292,0.00020,-0.38789,0.00273,0.00005,0.64257,-0.05161,0.05257,-0.00085,0.03079,0.05914,0.00270,-0.01407,-0.04270,-0.00108,0.75077,-0.03392,-0.04673,0.00341
3.3500,335,0,3.3502,50.50,0.44535,0.03262,-0.01212,0.28392,-0.02831,0.00965,0.73343,-0.05467,0.07496,0.19777,-0.49987,0.12247,-0.01644,0.34081,-0.08625,0.01953,0.68888,-0.05116,-0.01648,0.40008,0.43417,0.01647,-0.05897,-0.34615,-0.03648,0.02545,0.77311,-0.14107,-0.03348,0.23529,-0.47213,0.11034,-0.01545,-0.42153,0.02464,-0.01158,0.70024,-0.03611,0.17648,0.16745,-0.01205,0.03882,-0.03239,-0.02636,-0.04439,-0.00871,0.79647,0.02169,-0.02447,0.03192,0.49619,0.06665,0.00340,0.26245,-0.01792,-0.00226,0.63945,-0.05826,0.05368,-0.00569,-0.43689,0.08540,-0.00177,0.30451,-0.05091,0.00250,0.63421,-0.04722,-0.00149,0.00136,0.50155,0.06447,0.00174,-0.39135,-0.07058,0.00837,0.63528,-0.11825,-0.00764,0.00462,-0.41427,0.08301,0.00016,-0.38776,0.00274,-0.00008,0.64000,-0.05134,0.05253,-0.00085,0.03378,0.06043,0.00256,-0.01619,-0.04214,-0.00122,0.74908,-0.03362,-0.04656,0.00339
3.4000,340,0,3.4002,50.00,0.44697,0.03941,-0.01093,0.27987,-0.04327,0.00948,0.72905,-0.06994,0.08519,0.15607,-0.49316,0.12792,0.00196,0.33653,-0.08939,0.00193,0.68688,-0.02798,0.00261,0.34749,0.43515,0.04719,-0.07350,-0.34623,-0.03180,0.01536,0.76506,-0.15577,-0.02131,0.26053,-0.47213,0.11034,-0.01204,-0.42153,0.02464,-0.00835,0.70024,-0.03611,0.18395,0.13525,-0.00973,0.05709,-0.03991,-0.02931,-0.04856,-0.00419,0.79720,0.02218,-0.02554,0.05509,0.49956,0.06830,0.00333,0.26158,-0.01679,-0.00235,0.63657,-0.05680,0.05340,-0.00562,-0.43264,0.08452,-0.00183,0.30193,-0.05206,0.00220,0.63190,-0.04546,-0.00143,0.00134,0.50480,0.06529,0.00161,-0.39498,-0.07452,0.00769,0.62954,-0.11139,-0.00741,0.00457,-0.41012,0.08308,0.00013,-0.38762,0.00280,-0.00021,0.63745,-0.05068,0.05249,-0.00085,0.03683,0.06165,0.00243,-0.01829,-0.04150,-0.00137,0.74742,-0.03293,-0.04640,0.00336
3.4500,345,0,3.4505,50.29,0.44836,0.03774,-0.00546,0.28255,-0.01520,0.00004,0.72621,-0.06948,0.09325,0.21494,-0.48631,0.12793,0.00440,0.33154,-0.09302,-0.00246,0.68497,-0.02609,0.01886,0.29943,0.43763,0.07742,-0.07322,-0.34664,-0.03385,0.02209,0.75631,-0.17359,-0.00993,0.26704,-0.46647,0.11607,-0.01519,-0.42014,0.03147,-0.01666,0.69892,-0.01817,0.19037,0.13997,-0.00661,0.07372,-0.03886,-0.03033,-0.04008,-0.00722,0.79780,-0.00933,-0.01999,0.08829,0.50302,0.06991,0.00323,0.26077,-0.01562,-0.00242,0.63378,-0.05498,0.05312,-0.00556,-0.42844,0.08361,-0.00185,0.29930,-0.05305,0.00184,0.62968,-0.04325,-0.00136,0.00131,0.50808,0.06606,0.00154,-0.39879,-0.07810,0.00691,0.62416,-0.10380,-0.00718,0.00452,-0.40596,0.08313,0.00008,-0.38747,0.00294,-0.00033,0.63494,-0.04967,0.05245,-0.00085,0.03994,0.06281,0.00230,-0.02034,-0.04079,-0.00153,0.74580,-0.03187,-0.04623,0.00334
3.5000,350,0,3.4994,48.96,0.44978,0.03866,-0.00562,0.27953,-0.02016,-0.01207,0.72011,-0.08482,0.10517,0.18293,-0.47990,0.12340,-0.00077,0.32844,-0.07936,-0.00295,0.68493,-0.00797,0.03325,0.23186,0.44224,0.10598,-0.06382,-0.34869,-0.04789,0.03100,0.74714,-0.19051,0.00383,0.31928,-0.46054,0.12038,-0.00538,-0.41830,0.04261,-0.02303,0.69835,-0.00491,0.19831,0.18727,-0.00146,0.09758,-0.03279,-0.03500,-0.05130,-0.00650,0.79638,-0.02385,-0.01981,0.04361,0.50655,0.07147,0.00311,0.26002,-0.01442,-0.00248,0.63108,-0.05285,0.05284,-0.00550,-0.42428,0.08270,-0.00184,0.29663,-0.05386,0.00144,0.62758,-0.04064,-0.00129,0.00129,0.51140,0.06681,0.00153,-0.40278,-0.08128,0.00605,0.61917,-0.09560,-0.00696,0.00447,-0.40181,0.08316,0.00003,-0.38732,0.00313,-0.00045,0.63248,-0.04835,0.05241,-0.00085,0.04311,0.06391,0.00218,-0.02236,-0.03999,-0.00170,0.74424,-0.03048,-0.04606,0.00332
3.5500,355,0,3.5497,50.27,0.45171,0.04212,-0.00816,0.27759,-0.01975,-0.00528,0.71501,-0.09438,0.11430,0.13802,-0.47253,0.12750,0.00656,0.32381,-0.07801,-0.01360,0.68360,-0.00909,0.04190,0.12190,0.44823,0.12731,-0.04599,-0.35151,-0.06238,0.03113,0.73726,-0.20092,0.01841,0.26741,-0.46046,0.09200,0.00671,-0.41604,0.05319,-0.01953,0.70813,0.01620,0.21003,0.26459,0.00413,0.11638,-0.02796,-0.03973,-0.05571,0.00703,0.79549,-0.02411,-0.01962,-0.02622,0.51016,0.07295,0.00296,0.25933,-0.01319,-0.00252,0.62850,-0.05048,0.05257,-0.00544,-0.42017,0.08182,-0.00177,0.29392,-0.05445,0.00099,0.62562,-0.03766,-0.00123,0.00126,0.51476,0.06757,0.00160,-0.40692,-0.08403,0.00512,0.61461,-0.08690,-0.00674,0.00442,-0.39765,0.08316,-0.00002,-0.38716,0.00338,-0.00057,0.63011,-0.04674,0.05236,-0.00085,0.04633,0.06496,0.00207,-0.02434,-0.03912,-0.00188,0.74275,-0.02880,-0.04590,0.00330
3.6000,360,0,3.5996,49.92,0.45374,0.04232,-0.00168,0.27911,-0.00424,-0.00179,0.70970,-0.10062,0.12034,0.13865,-0.46611,0.12265,0.01130,0.32043,-0.06974,-0.00743,0.68325,-0.00873,0.04644,0.04033,0.44650,0.10436,-0.02714,-0.34924,-0.03304,0.02042,0.72441,-0.23844,0.03215,0.28255,-0.45529,0.09237,-0.00442,-0.41480,0.05880,-0.01641,0.70873,0.01112,0.22762,0.15276,0.00923,0.12235,-0.01963,-0.03973,-0.05074,0.00057,0.79513,-0.04173,-0.02218,-0.06307,0.51385,0.07436,0.00278,0.25870,-0.01195,-0.00255,0.62604,-0.04791,0.05230,-0.00538,-0.41610,0.08098,-0.00164,0.29119,-0.05482,0.00050,0.62382,-0.03436,-0.00117,0.00124,0.51816,0.06839,0.00176,-0.41118,-0.08629,0.00411,0.61049,-0.07783,-0.00652,0.00437,-0.39349,0.08314,-0.00008,-0.38698,0.00369,-0.00069,0.62781,-0.04489,0.05232,-0.00085,0.04961,0.06594,0.00196,-0.02627,-0.03815,-0.00206,0.74136,-0.02687,-0.04573,0.00327
3.6500,365,0,3.6496,49.95,0.45557,0.03811,0.00293,0.28286,0.01486,-0.00886,0.70498,-0.10111,0.12540,0.13938,-0.46022,0.11684,0.00845,0.31756,-0.06297,-0.00933,0.68163,-0.01913,0.04723,0.00197,0.45179,0.10083,0.00515,-0.35057,-0.03323,0.00044,0.71185,-0.24843,0.04401,0.20148,-0.45046,0.09585,-0.01267,-0.41149,0.06589,-0.00708,0.70916,0.00130,0.23605,0.23877,0.01683,0.13863,-0.00767,-0.04695,-0.06274,-0.03137,0.79329,-0.04844,-0.02314,-0.00425,0.51760,0.07567,0.00256,0.25814,-0.01069,-0.00257,0.62371,-0.04519,0.05203,-0.00531,-0.41207,0.08022,-0.00146,0.28844,-0.05493,-0.00003,0.62219,-0.03080,-0.00111,0.00121,0.52160,0.06931,0.00200,-0.41554,-0.08804,0.00303,0.60683,-0.06857,-0.00630,0.00432,-0.38933,0.08308,-0.00015,-0.38679,0.00406,-0.00080,0.62562,-0.04281,0.05228,-0.00085,0.05293,0.06688,0.00185,-0.02815,-0.03709,-0.00225,0.74007,-0.02474,-0.04557,0.00325
3.7000,370,0,3.6995,49.96,0.45720,0.03750,0.00049,0.27890,0.00799,-0.00671,0.69768,-0.11418,0.13186,0.10577,-0.45432,0.11062,0.01562,0.31507,-0.05181,-0.01959,0.68019,-0.02020,0.04639,-0.03702,0.45712,0.10121,0.01213,-0.35388,-0.05053,0.01509,0.69988,-0.25467,0.05345,0.10403,-0.44561,0.10015,-0.01021,-0.40767,0.07339,-0.00976,0.70891,-0.01889,0.24817,0.26545,0.02330,0.13909,0.00415,-0.04757,-0.04324,-0.02922,0.79193,-0.04601,-0.02160,0.02837,0.52141,0.07687,0.00231,0.25764,-0.00943,-0.00257,0.62152,-0.04238,0.05177,-0.00525,-0.40807,0.07956,-0.00121,0.28570,-0.05478,-0.00058,0.62074,-0.02705,-0.00105,0.00119,0.52509,0.07037,0.00233,-0.41997,-0.08926,0.00190,0.60363,-0.05929,-0.00609,0.00427,-0.38518,0.08299,-0.00022,-0.38658,0.00448,-0.00091,0.62354,-0.04055,0.05224,-0.00084,0.05629,0.06776,0.00175,-0.02998,-0.03594,-0.00244,0.73889,-0.02246,-0.04541,0.00323
3.7500,375,0,3.7496,50.06,0.45914,0.03609,-0.00220,0.28315,0.02571,-0.00073,0.69207,-0.11072,0.13519,0.04500,-0.44884,0.10271,0.01934,0.31274,-0.04388,-0.00984,0.67787,-0.02905,0.04421,-0.05774,0.46235,0.09892,0.00947,-0.35761,-0.06501,0.01466,0.68861,-0.22092,0.05608,-0.00945,-0.44025,0.10124,-0.00147,-0.40099,0.09190,-0.02121,0.70636,-0.05053,0.25986,0.16012,0.03193,0.14558,0.01758,-0.05295,-0.04345,-0.03094,0.79192,-0.02497,-0.02165,0.02768,0.52528,0.07793,0.00201,0.25720,-0.00817,-0.00257,0.61947,-0.03951,0.05151,-0.00520,-0.40411,0.07905,-0.00089,0.28297,-0.05436,-0.00117,0.61948,-0.02321,-0.00099,0.00117,0.52864,0.07161,0.00276,-0.42445,-0.08990,0.00073,0.60089,-0.05021,-0.00587,0.00422,-0.38104,0.08287,-0.00029,-0.38634,0.00495,-0.00102,0.62157,-0.03811,0.05219,-0.00084,0.05970,0.06859,0.00165,-0.03175,-0.03470,-0.00264,0.73783,-0.02008,-0.04525,0.00320
3.8000,380,0,3.7998,50.19,0.46107,0.03829,-0.00679,0.28516,0.02820,0.00610,0.68648,-0.10555,0.13539,-0.05385,-0.44426,0.09284,0.00934,0.31150,-0.03903,-0.00032,0.67712,-0.03584,0.04302,0.02081,0.46635,0.09229,0.01865,-0.36449,-0.10104,0.01931,0.68055,-0.17189,0.05566,0.06384,-0.43547,0.09690,0.00112,-0.39481,0.10630,-0.01332,0.70323,-0.07529,0.26591,0.06050,0.03938,0.13773,0.02350,-0.05491,-0.02616,-0.03247,0.79156,-0.00614,-0.02204,-0.02405,0.52920,0.07884,0.00167,0.25682,-0.00691,-0.00256,0.61757,-0.03659,0.05125,-0.00514,-0.40017,0.07870,-0.00050,0.28027,-0.05364,-0.00177,0.61842,-0.01942,-0.00093,0.00115,0.53226,0.07309,0.00329,-0.42895,-0.08997,-0.00048,0.59860,-0.04158,-0.00566,0.00417,-0.37690,0.08271,-0.00037,-0.38608,0.00548,-0.00112,0.61973,-0.03553,0.05215,-0.00084,0.06315,0.06938,0.00155,-0.03345,-0.03335,-0.00284,0.73688,-0.01765,-0.04509,0.00318
3.8500,385,0,3.8494,49.64,0.46390,0.04904,-0.01162,0.28491,0.01365,0.01651,0.67967,-0.10348,0.13252,-0.12287,-0.43973,0.08781,0.02008,0.30956,-0.03790,-0.01058,0.67540,-0.03114,0.04318,-0.07006,0.46635,0.09229,0.01361,-0.36449,-0.10104,0.04216,0.68055,-0.17189,0.05738,0.07452,-0.42984,0.10099,0.00099,-0.39183,0.09402,0.01239,0.69839,-0.10522,0.26812,0.01529,0.04668,0.12936,0.02876,-0.05568,-0.00886,-0.03248,0.79160,-0.02098,-0.02446,-0.19615,0.53316,0.07956,0.00128,0.25650,-0.00566,-0.00254,0.61581,-0.03358,0.05099,-0.00508,-0.39624,0.07857,-0.00004,0.27761,-0.05262,-0.00239,0.61754,-0.01585,-0.00087,0.00113,0.53595,0.07486,0.00391,-0.43344,-0.08943,-0.00172,0.59672,-0.03375,-0.00546,0.00412,-0.37277,0.08250,-0.00045,-0.38579,0.00605,-0.00122,0.61802,-0.03282,0.05211,-0.00084,0.06664,0.07012,0.00146,-0.03508,-0.03191,-0.00304,0.73606,-0.01523,-0.04493,0.00316
3.9000,390,0,3.9042,54.78,0.46672,0.05802,-0.01578,0.28251,0.00340,0.02133,0.67317,-0.10057,0.12502,-0.16114,-0.43486,0.07796,0.03051,0.30770,-0.03291,-0.00801,0.67175,-0.03853,0.03984,-0.00476,0.46635,0.09229,0.01361,-0.36449,-0.10104,0.04216,0.68055,-0.17189,0.05738,0.07452,-0.42476,0.10221,0.00151,-0.38728,0.08801,0.00973,0.69243,-0.13214,0.26783,-0.03392,0.05226,0.10661,0.04249,-0.05225,0.03309,-0.03646,0.79136,0.01287,-0.03479,-0.39686,0.53716,0.08009,0.00084,0.25625,-0.00441,-0.00252,0.61421,-0.03040,0.05074,-0.00502,-0.39231,0.07867,0.00048,0.27501,-0.05129,-0.00302,0.61683,-0.01276,-0.00082,0.00110,0.53975,0.07695,0.00462,-0.43788,-0.08828,-0.00297,0.59521,-0.02711,-0.00525,0.00408,-0.36865,0.08226,-0.00054,-0.38548,0.00667,-0.00132,0.61645,-0.03000,0.05207,-0.00084,0.07016,0.07081,0.00137,-0.03664,-0.03037,-0.00324,0.73536,-0.01285,-0.04477,0.00313
3.9500,395,0,3.9497,45.48,0.46950,0.06581,-0.02252,0.28605,0.00183,0.02026,0.66921,-0.08421,0.11624,-0.18929,-0.43089,0.07100,0.00237,0.30608,-0.03365,0.01003,0.66861,-0.05098,0.03836,-0.07436,0.47877,0.10202,-0.02549,-0.38263,-0.13009,-0.00718,0.66312,-0.08517,0.07348,0.21449,-0.41965,0.10187,0.00266,-0.38297,0.08501,0.00326,0.68535,-0.14887,0.26631,-0.01652,0.05899,0.09746,0.04934,-0.05547,0.02419,-0.01998,0.79110,-0.00764,-0.05823,-0.38299,0.54117,0.08039,0.00038,0.25606,-0.00319,-0.00248,0.61278,-0.02700,0.05049,-0.00496,-0.38836,0.07905,0.00103,0.27249,-0.04966,-0.00366,0.61625,-0.01027,-0.00076,0.00108,0.54366,0.07940,0.00536,-0.44226,-0.08651,-0.00424,0.59399,-0.02185,-0.00505,0.00403,-0.36454,0.08197,-0.00063,-0.38513,0.00734,-0.00141,0.61502,-0.02708,0.05203,-0.00084,0.07372,0.07146,0.00127,-0.03812,-0.02873,-0.00344,0.73477,-0.01054,-0.04461,0.00311
4.0000,400,0,3.9998,50.14,0.47296,0.07900,-0.02270,0.28175,-0.01578,0.03154,0.66313,-0.08010,0.10705,-0.20371,-0.42666,0.07415,0.00283,0.30441,-0.03809,0.01188,0.66407,-0.06760,0.03349,-0.10550,0.48095,0.08504,-0.01014,-0.38222,-0.08421,-0.01444,0.65559,-0.09530,0.08516,0.22377,-0.41456,0.10252,-0.00337,-0.37879,0.08145,0.01478,0.67771,-0.15397,0.26541,-0.02509,0.06494,0.08066,0.05015,-0.05048,0.05112,-0.02294,0.78911,-0.01828,-0.07576,-0.33290,0.54519,0.08046,-0.00009,0.25593,-0.00198,-0.00243,0.61151,-0.02356,0.05024,-0.00491,-0.38440,0.07969,0.00159,0.27005,-0.04770,-0.00431,0.61579,-0.00816,-0.00071,0.00106,0.54769,0.08220,0.00609,-0.44653,-0.08412,-0.00552,0.59300,-0.01765,-0.00485,0.00398,-0.36045,0.08165,-0.00072,-0.38474,0.00806,-0.00151,0.61374,-0.02408,0.05198,-0.00084,0.07731,0.07206,0.00117,-0.03951,-0.02700,-0.00363,0.73430,-0.00829,-0.04446,0.00309
4.0500,405,0,4.0493,49.45,0.47673,0.08856,-0.02622,0.28277,-0.02136,0.03275,0.65939,-0.06839,0.09668,-0.23017,-0.42263,0.07433,0.01088,0.30236,-0.04496,0.00687,0.65974,-0.07407,0.02755,-0.21157,0.48455,0.08366,-0.00792,-0.38462,-0.06018,-0.02015,0.65013,-0.09538,0.09599,0.20418,-0.40934,0.10606,0.00228,-0.37491,0.07357,0.01727,0.67013,-0.14906,0.26255,-0.13237,0.06952,0.06456,0.04740,-0.04960,0.05680,-0.02784,0.78756,-0.02467,-0.08968,-0.25336,0.54921,0.08031,-0.00053,0.25586,-0.00080,-0.00237,0.61042,-0.02016,0.05000,-0.00485,-0.38039,0.08060,0.00209,0.26772,-0.04542,-0.00498,0.61543,-0.00627,-0.00066,0.00104,0.55188,0.08536,0.00675,-0.45066,-0.08110,-0.00681,0.59221,-0.01426,-0.00465,0.00394,-0.35638,0.08127,-0.00080,-0.38432,0.00882,-0.00160,0.61261,-0.02104,0.05194,-0.00084,0.08092,0.07261,0.00107,-0.04081,-0.02517,-0.00382,0.73394,-0.00611,-0.04431,0.00306
4.1000,410,0,4.0998,50.54,0.48115,0.10097,-0.03155,0.28151,-0.02630,0.01859,0.65647,-0.05432,0.08480,-0.25679,-0.41883,0.06591,0.02412,0.30048,-0.04211,-0.00208,0.65578,-0.05658,0.01631,-0.22017,0.48852,0.09360,-0.02574,-0.38635,-0.04619,-0.01514,0.64513,-0.08609,0.10710,0.26149,-0.40404,0.10469,0.01095,-0.37143,0.06616,0.00725,0.66291,-0.13847,0.25453,-0.25352,0.07219,0.04330,0.03565,-0.04335,0.07967,-0.00885,0.78622,-0.02420,-0.10034,-0.19543,0.55322,0.07995,-0.00091,0.25585,0.00034,-0.00229,0.60950,-0.01685,0.04976,-0.00479,-0.37633,0.08172,0.00247,0.26551,-0.04281,-0.00565,0.61516,-0.00448,-0.00060,0.00102,0.55623,0.08879,0.00721,-0.45462,-0.07744,-0.00810,0.59157,-0.01149,-0.00446,0.00389,-0.35232,0.08086,-0.00089,-0.38386,0.00963,-0.00169,0.61164,-0.01795,0.05190,-0.00084,0.08457,0.07311,0.00096,-0.04203,-0.02325,-0.00401,0.73369,-0.00399,-0.04415,0.00304
4.1500,415,0,4.1506,50.83,0.48727,0.12175,-0.02686,0.27646,-0.05117,0.02127,0.65287,-0.04828,0.07180,-0.26670,-0.41514,0.06198,-0.00257,0.29601,-0.05092,0.01785,0.64841,-0.06782,0.00469,-0.21788,0.49346,0.10895,-0.03287,-0.38884,-0.05423,0.01502,0.64134,-0.08668,0.11858,0.17301,-0.39893,0.10022,0.00555,-0.36823,0.06193,0.00745,0.65644,-0.12139,0.23975,-0.36201,0.07593,0.04169,0.02175,-0.04235,0.06365,0.00349,0.78458,-0.03059,-0.10800,-0.19310,0.55720,0.07943,-0.00120,0.25590,0.00144,-0.00221,0.60873,-0.01365,0.04952,-0.00474,-0.37222,0.08299,0.00270,0.26344,-0.03988,-0.00631,0.61498,-0.00273,-0.00055,0.00100,0.56076,0.09240,0.00748,-0.45839,-0.07316,-0.00936,0.59105,-0.00920,-0.00426,0.00385,-0.34829,0.08040,-0.00098,-0.38336,0.01047,-0.00177,0.61082,-0.01485,0.05186,-0.00083,0.08823,0.07355,0.00085,-0.04314,-0.02124,-0.00418,0.73354,-0.00189,-0.04400,0.00301
4.2000,420,0,4.2007,50.05,0.49268,0.12795,-0.01494,0.27310,-0.05806,0.02220,0.65122,-0.02856,0.05934,-0.21234,-0.40831,0.07384,-0.01523,0.29203,-0.07481,0.02944,0.64575,-0.00656,-0.00367,-0.08930,0.49896,0.12146,-0.02552,-0.39283,-0.07672,0.03655,0.63975,-0.05244,0.12533,0.11171,-0.39390,0.10238,-0.00886,-0.36526,0.05631,0.01632,0.65080,-0.10174,0.22147,-0.43366,0.07881,0.03958,0.01280,-0.04125,0.05345,-0.00183,0.78327,-0.03452,-0.11872,-0.06151,0.56116,0.07878,-0.00143,0.25600,0.00251,-0.00213,0.60813,-0.01055,0.04928,-0.00468,-0.36803,0.08435,0.00281,0.26153,-0.03663,-0.00694,0.61489,-0.00099,-0.00050,0.00098,0.56548,0.09610,0.00756,-0.46193,-0.06827,-0.01056,0.59064,-0.00728,-0.00407,0.00380,-0.34428,0.07990,-0.00107,-0.38281,0.01137,-0.00186,0.61015,-0.01173,0.05182,-0.00083,0.09192,0.07394,0.00073,-0.04415,-0.01914,-0.00435,0.73350,0.00018,-0.04385,0.00299
4.2500,425,0,4.2501,49.46,0.49776,0.12556,-0.01484,0.27136,-0.05656,0.00900,0.65072,-0.00843,0.04961,-0.16840,-0.40831,0.07384,-0.00554,0.29203,-0.07481,0.03427,0.64575,-0.00656,-0.00713,-0.07356,0.50489,0.12601,-0.01410,-0.39727,-0.09146,0.03008,0.63831,-0.04136,0.12965,-0.01483,-0.38865,0.10624,0.00624,-0.36262,0.04958,0.00944,0.64647,-0.06884,0.19745,-0.55458,0.08101,0.03552,0.01488,-0.03875,0.05328,0.00251,0.78250,-0.02125,-0.12222,0.05484,0.56508,0.07804,-0.00159,0.25615,0.00353,-0.00206,0.60768,-0.00754,0.04905,-0.00463,-0.36378,0.08573,0.00279,0.25979,-0.03309,-0.00752,0.61488,0.00077,-0.00046,0.00096,0.57037,0.09979,0.00745,-0.46521,-0.06281,-0.01168,0.59032,-0.00565,-0.00388,0.00376,-0.34030,0.07935,-0.00115,-0.38222,0.01230,-0.00194,0.60964,-0.00860,0.05177,-0.00083,0.09563,0.07427,0.00060,-0.04505,-0.01697,-0.00451,0.73356,0.00226,-0.04370,0.00297
4.3000,430,0,4.2996,49.48,0.50369,0.13169,-0.02238,0.26869,-0.05837,-0.00821,0.65121,0.01225,0.04220,-0.13878,-0.40374,0.08157,-0.00975,0.28794,-0.08790,0.02692,0.64738,0.03070,-0.01248,-0.14761,0.51056,0.12126,0.00459,-0.40236,-0.10540,0.02472,0.63775,-0.01672,0.12726,-0.07739,-0.38344,0.10188,0.00806,-0.36028,0.04365,0.01422,0.64404,-0.02877,0.17108,-0.50725,0.08376,0.03116,0.01103,-0.03299,0.07119,0.01050,0.78062,-0.03009,-0.11735,0.18040,0.56896,0.07723,-0.00168,0.25635,0.00453,-0.00201,0.60737,-0.00459,0.04882,-0.00458,-0.35946,0.08707,0.00265,0.25823,-0.02927,-0.00804,0.61497,0.00256,-0.00041,0.00094,0.57545,0.10338,0.00717,-0.46820,-0.05683,-0.01270,0.59007,-0.00423,-0.00369,0.00372,-0.33635,0.07877,-0.00123,-0.38158,0.01327,-0.00202,0.60929,-0.00546,0.05173,-0.00083,0.09935,0.07453,0.00047,-0.04584,-0.01472,-0.00465,0.73373,0.00434,-0.04356,0.00294
4.3500,435,0,4.3498,50.14,0.50982,0.13840,-0.01831,0.26596,-0.05596,-0.00492,0.65283,0.03531,0.03633,-0.08276,-0.39905,0.08810,-0.00259,0.28277,-0.10163,0.03123,0.64973,0.04628,-0.02086,-0.21728,0.51268,0.11251,0.00691,-0.41349,-0.14586,0.03073,0.63576,-0.00193,0.12282,-0.13865,-0.37835,0.10284,-0.00579,-0.35834,0.03315,0.02795,0.64333,-0.00179,0.14699,-0.45846,0.08661,0.03344,0.00806,-0.02974,0.06977,0.01401,0.77946,-0.02796,-0.10549,0.25405,0.57280,0.07639,-0.00173,0.25660,0.00551,-0.00198,0.60722,-0.00169,0.04859,-0.00452,-0.35508,0.08831,0.00242,0.25686,-0.02521,-0.00850,0.61514,0.00440,-0.00036,0.00093,0.58071,0.10679,0.00673,-0.47088,-0.05037,-0.01360,0.58989,-0.00297,-0.00351,0.00367,-0.33243,0.07815,-0.00131,-0.38089,0.01428,-0.00211,0.60910,-0.00230,0.05169,-0.00083,0.10308,0.07473,0.00033,-0.04652,-0.01241,-0.00479,0.73400,0.00645,-0.04341,0.00292
4.4000,440,0,4.3996,49.83,0.51644,0.14292,-0.00769,0.26256,-0.05611,0.00400,0.65481,0.04878,0.03288,-0.03085,-0.39441,0.08863,-0.00014,0.27668,-0.12271,0.03943,0.65144,0.04586,-0.03387,-0.29638,0.51730,0.10553,0.00204,-0.41901,-0.14745,0.02907,0.63387,-0.00608,0.11577,-0.08270,-0.37311,0.10576,-0.00579,-0.35704,0.01880,0.02795,0.64369,0.01556,0.14699,-0.45846,0.08833,0.02796,0.01371,-0.02488,0.06424,0.02470,0.77871,-0.02629,-0.09088,0.37674,0.57660,0.07554,-0.00174,0.25690,0.00648,-0.00199,0.60720,0.00119,0.04837,-0.00447,-0.35063,0.08942,0.00210,0.25571,-0.02095,-0.00886,0.61541,0.00629,-0.00032,0.00091,0.58613,0.10996,0.00616,-0.47323,-0.04351,-0.01436,0.58977,-0.00181,-0.00333,0.00363,-0.32854,0.07749,-0.00138,-0.38015,0.01534,-0.00219,0.60906,0.00087,0.05165,-0.00082,0.10682,0.07485,0.00018,-0.04708,-0.01003,-0.00491,0.73437,0.00860,-0.04326,0.00290
4.4500,445,0,4.4497,50.05,0.52367,0.14587,-0.00492,0.25955,-0.05773,-0.00281,0.65705,0.03637,0.03140,-0.00645,-0.39006,0.08900,-0.00829,0.27121,-0.13058,0.02635,0.65434,0.04965,-0.04457,-0.11108,0.52198,0.10016,0.00199,-0.42547,-0.14096,0.00593,0.63237,-0.01875,0.11060,-0.11313,-0.36498,0.10515,0.00840,-0.32664,0.08549,0.02373,0.64366,0.02918,0.12326,-0.49902,0.09037,0.02527,0.01022,-0.02294,0.04867,0.02900,0.77729,-0.03294,-0.07193,0.41212,0.58036,0.07469,-0.00171,0.25725,0.00747,-0.00203,0.60734,0.00408,0.04815,-0.00442,-0.34614,0.09036,0.00171,0.25477,-0.01653,-0.00914,0.61577,0.00823,-0.00027,0.00089,0.59170,0.11282,0.00548,-0.47523,-0.03630,-0.01497,0.58971,-0.00072,-0.00315,0.00359,-0.32468,0.07679,-0.00146,-0.37936,0.01643,-0.00227,0.60919,0.00408,0.05161,-0.00082,0.11056,0.07490,0.00002,-0.04752,-0.00760,-0.00501,0.73486,0.01079,-0.04312,0.00287
4.5000,450,0,4.5005,50.81,0.53095,0.15189,-0.00457,0.25189,-0.08919,-0.00743,0.65608,0.01484,0.03197,0.02559,-0.38578,0.08617,0.01471,0.26573,-0.13001,0.00107,0.65743,0.04266,-0.05076,-0.14892,0.52647,0.09391,0.00430,-0.43159,-0.12920,-0.01014,0.62996,-0.03762,0.10467,-0.18312,-0.35880,0.09468,0.01824,-0.32027,0.07561,0.01257,0.64536,0.03943,0.09751,-0.48380,0.09105,0.01671,0.00828,-0.02024,0.03532,0.04004,0.77657,-0.01191,-0.04838,0.42906,0.58407,0.07387,-0.00167,0.25765,0.00848,-0.00212,0.60761,0.00700,0.04793,-0.00437,-0.34160,0.09109,0.00127,0.25406,-0.01200,-0.00931,0.61623,0.01023,-0.00023,0.00087,0.59741,0.11533,0.00472,-0.47686,-0.02885,-0.01541,0.58970,0.00037,-0.00297,0.00355,-0.32086,0.07606,-0.00153,-0.37851,0.01756,-0.00235,0.60947,0.00733,0.05157,-0.00082,0.11431,0.07487,-0.00014,-0.04784,-0.00512,-0.00510,0.73545,0.01305,-0.04298,0.00285
4.5500,455,0,4.5503,49.84,0.53707,0.14563,0.00235,0.24828,-0.07352,-0.00871,0.65668,0.00726,0.03355,0.06695,-0.38193,0.07618,0.00980,0.25908,-0.12264,-0.02596,0.65860,0.02771,-0.05925,-0.17320,0.53078,0.08980,0.00282,-0.43730,-0.11997,-0.00853,0.62669,-0.05954,0.09524,-0.17649,-0.35511,0.08855,0.01733,-0.31720,0.05779,0.04188,0.64680,0.03917,0.07433,-0.48902,0.09190,0.01280,0.00836,-0.01934,0.01166,0.04626,0.77619,0.00093,-0.02550,0.35040,0.58774,0.07306,-0.00161,0.25810,0.00955,-0.00225,0.60804,0.00997,0.04771,-0.00431,-0.33703,0.09160,0.00079,0.25357,-0.00742,-0.00937,0.61680,0.01229,-0.00018,0.00086,0.60323,0.11745,0.00391,-0.47811,-0.02121,-0.01568,0.58975,0.00149,-0.00279,0.00351,-0.31707,0.07529,-0.00160,-0.37760,0.01874,-0.00243,0.60992,0.01062,0.05153,-0.00082,0.11805,0.07475,-0.00031,-0.04804,-0.00260,-0.00517,0.73616,0.01538,-0.04283,0.00282
4.6000,460,0,4.5999,49.57,0.54443,0.14389,0.01063,0.24331,-0.07549,-0.01542,0.65649,-0.00015,0.03804,0.09799,-0.37854,0.07666,-0.01981,0.25247,-0.10713,-0.03609,0.65872,0.01937,-0.06772,-0.11539,0.53519,0.08966,-0.00131,-0.44295,-0.11446,-0.00743,0.62321,-0.06641,0.08591,-0.24010,-0.35019,0.08615,0.00991,-0.31781,0.02980,0.03705,0.64835,0.03752,0.02622,-0.51213,0.09380,0.01851,0.01001,-0.02397,-0.04124,0.06107,0.77398,-0.02837,-0.01072,0.27141,0.59138,0.07229,-0.00156,0.25860,0.01069,-0.00242,0.60861,0.01303,0.04750,-0.00426,-0.33244,0.09187,0.00031,0.25332,-0.00283,-0.00932,0.61746,0.01441,-0.00014,0.00084,0.60914,0.11916,0.00306,-0.47898,-0.01349,-0.01577,0.58985,0.00269,-0.00262,0.00346,-0.31333,0.07448,-0.00167,-0.37663,0.01995,-0.00251,0.61053,0.01397,0.05149,-0.00081,0.12178,0.07456,-0.00048,-0.04810,-0.00005,-0.00523,0.73699,0.01780,-0.04269,0.00280
4.6500,465,0,4.6706,70.71,0.55148,0.13768,0.01443,0.23975,-0.06597,-0.02705,0.65627,-0.00863,0.04281,0.09112,-0.37460,0.08540,-0.00385,0.24526,-0.10287,-0.01555,0.65769,-0.00429,-0.07384,-0.18135,0.53519,0.08966,-0.00472,-0.44295,-0.11446,-0.00805,0.62321,-0.06641,0.07530,-0.19048,-0.34539,0.08535,-0.01888,-0.31542,0.00401,0.07084,0.65049,0.03230,0.00515,-0.36201,0.09466,0.01409,0.00926,-0.02784,-0.07353,0.05052,0.77197,-0.04073,0.00062,0.14210,0.59497,0.07153,-0.00151,0.25917,0.01193,-0.00264,0.60934,0.01619,0.04728,-0.00421,-0.32785,0.09190,-0.00017,0.25329,0.00171,-0.00916,0.61824,0.01659,-0.00010,0.00082,0.61513,0.12045,0.00221,-0.47946,-0.00578,-0.01568,0.59002,0.00401,-0.00245,0.00342,-0.30963,0.07365,-0.00174,-0.37560,0.02120,-0.00259,0.61132,0.01738,0.05145,-0.00081,0.12550,0.07428,-0.00066,-0.04804,0.00253,-0.00527,0.73795,0.02031,-0.04255,0.00278
4.7000,470,0,4.7463,75.70,0.55533,0.11151,0.02291,0.24266,-0.01152,-0.04024,0.65732,-0.00711,0.04852,0.10072,-0.37023,0.08428,0.01084,0.23934,-0.09460,-0.03977,0.65543,-0.02355,-0.08276,-0.15589,0.53519,0.08966,-0.00472,-0.44295,-0.11446,-0.00805,0.62321,-0.06641,0.07530,-0.19048,-0.34029,0.10224,-0.02874,-0.31803,-0.03955,0.07042,0.65170,0.01402,-0.00947,-0.19300,0.09512,0.00986,0.00264,-0.03172,-0.09112,0.02959,0.76949,-0.06146,0.00562,0.04593,0.59853,0.07080,-0.00149,0.25980,0.01329,-0.00291,0.61023,0.01947,0.04707,-0.00416,-0.32326,0.09170,-0.00063,0.25349,0.00614,-0.00889,0.61912,0.01886,-0.00006,0.00081,0.62118,0.12133,0.00139,-0.47956,0.00186,-0.01541,0.59026,0.00553,-0.00227,0.00338,-0.30597,0.07278,-0.00181,-0.37451,0.02249,-0.00267,0.61227,0.02086,0.05141,-0.00081,0.12921,0.07391,-0.00084,-0.04785,0.00512,-0.00530,0.73903,0.02293,-0.04242,0.00275
4.7500,475,0,4.7885,42.20,0.56068,0.10084,0.02313,0.23925,0.00130,-0.03426,0.65659,-0.01903,0.05338,0.05347,-0.36622,0.07785,0.02152,0.23485,-0.06935,-0.04667,0.65353,-0.03213,-0.08851,-0.15474,0.54074,0.10003,-0.00472,-0.44994,-0.12387,-0.00805,0.62238,-0.05267,0.07530,-0.19048,-0.33663,0.10640,-0.02874,-0.31801,-0.05117,0.07042,0.65214,0.00266,-0.00947,-0.19300,0.09509,0.00501,0.00217,-0.03437,-0.08414,0.02195,0.76686,-0.06624,0.00398,-0.08830,0.60205,0.07006,-0.00150,0.26050,0.01479,-0.00321,0.61129,0.02290,0.04687,-0.00411,-0.31868,0.09129,-0.00104,0.25390,0.01041,-0.00852,0.62012,0.02123,-0.00002,0.00079,0.62726,0.12182,0.00061,-0.47928,0.00932,-0.01499,0.59058,0.00731,-0.00211,0.00334,-0.30235,0.07187,-0.00188,-0.37335,0.02381,-0.00274,0.61341,0.02441,0.05137,-0.00081,0.13289,0.07346,-0.00101,-0.04753,0.00773,-0.00531,0.74024,0.02567,-0.04228,0.00273
4.8000,480,0,4.7996,11.14,0.56572,0.09268,0.01479,0.23837,0.00848,-0.02288,0.65529,-0.02154,0.05452,0.02200,-0.36341,0.06479,0.01673,0.23349,-0.03953,-0.04257,0.65408,-0.01846,-0.09790,-0.22768,0.54663,0.10674,-0.00515,-0.45764,-0.12525,-0.00167,0.62149,-0.05224,0.05383,-0.22477,-0.32866,0.11990,-0.00336,-0.32402,-0.08353,0.04485,0.65278,-0.00270,-0.02001,0.00249,0.09434,-0.00236,0.00026,-0.03681,-0.08722,0.01943,0.76502,-0.06261,-0.00232,-0.21426,0.60554,0.06932,-0.00154,0.26128,0.01644,-0.00351,0.61252,0.02648,0.04666,-0.00407,-0.31413,0.09069,-0.00143,0.25452,0.01449,-0.00813,0.62125,0.02373,0.00002,0.00077,0.63336,0.12193,-0.00014,-0.47863,0.01656,-0.01451,0.59099,0.00944,-0.00194,0.00330,-0.29878,0.07093,-0.00194,-0.37213,0.02517,-0.00281,0.61472,0.02803,0.05133,-0.00080,0.13655,0.07292,-0.00119,-0.04708,0.01033,-0.00532,0.74159,0.02855,-0.04214,0.00271
4.8500,485,0,4.8493,49.66,0.56859,0.07674,0.00892,0.24250,0.03569,-0.01896,0.65567,-0.00270,0.05458,0.02233,-0.35885,0.07167,-0.01099,0.22851,-0.02895,-0.03763,0.65021,-0.02903,-0.11298,-0.37425,0.56346,0.11251,-0.00879,-0.47038,-0.08962,-0.01216,0.61461,-0.03765,0.02764,-0.35102,-0.32330,0.11816,-0.02093,-0.32430,-0.08647,0.04833,0.65213,-0.02118,-0.01773,0.02825,0.09447,0.00055,-0.00572,-0.04432,-0.09591,-0.00382,0.76239,-0.05417,-0.01578,-0.25634,0.60898,0.06856,-0.00157,0.26215,0.01822,-0.00375,0.61394,0.03021,0.04646,-0.00402,-0.30962,0.08989,-0.00182,0.25535,0.01839,-0.00777,0.62250,0.02641,0.00006,0.00076,0.63945,0.12168,-0.00088,-0.47763,0.02356,-0.01406,0.59153,0.01203,-0.00178,0.00327,-0.29526,0.06996,-0.00201,-0.37084,0.02657,-0.00288,0.61621,0.03173,0.05129,-0.00080,0.14018,0.07229,-0.00137,-0.04649,0.01294,-0.00530,0.74310,0.03158,-0.04201,0.00268
4.9000,490,0,4.8998,50.50,0.57306,0.07862,0.00577,0.24066,0.02862,-0.01321,0.65501,-0.00418,0.05495,0.00301,-0.35504,0.08105,-0.01333,0.22747,-0.01350,-0.02410,0.64873,-0.02702,-0.13096,-0.29807,0.56792,0.10727,-0.00130,-0.47358,-0.07918,-0.01319,0.60938,-0.04156,0.01080,-0.42688,-0.31605,0.13250,0.00204,-0.33275,-0.12258,0.02929,0.65044,-0.04397,-0.01797,-0.00173,0.09380,-0.00124,-0.00892,-0.04766,-0.08119,-0.02198,0.76117,-0.01969,-0.02534,-0.11389,0.61239,0.06778,-0.00160,0.26310,0.02011,-0.00395,0.61555,0.03407,0.04626,-0.00397,-0.30515,0.08890,-0.00221,0.25636,0.02213,-0.00746,0.62389,0.02933,0.00010,0.00074,0.64552,0.12107,-0.00163,-0.47628,0.03035,-0.01364,0.59221,0.01522,-0.00161,0.00323,-0.29178,0.06896,-0.00208,-0.36947,0.02800,-0.00294,0.61789,0.03549,0.05125,-0.00080,0.14378,0.07157,-0.00155,-0.04578,0.01554,-0.00528,0.74476,0.03478,-0.04187,0.00266
4.9500,495,0,4.9495,49.66,0.57769,0.08153,0.00367,0.23926,0.01684,-0.00142,0.65463,0.00939,0.05518,-0.03570,-0.35033,0.08790,0.00615,0.22615,-0.00990,-0.01841,0.64591,-0.02619,-0.14245,-0.15481,0.57390,0.11579,-0.00564,-0.48184,-0.09483,-0.01490,0.61052,-0.00666,-0.00954,-0.38693,-0.31030,0.12055,0.03114,-0.33464,-0.10175,0.00015,0.64732,-0.05985,-0.01889,-0.02609,0.09476,0.01161,-0.00959,-0.05627,-0.09596,-0.01458,0.75966,-0.00708,-0.03245,-0.07272,0.61576,0.06698,-0.00163,0.26416,0.02209,-0.00410,0.61735,0.03800,0.04606,-0.00392,-0.30073,0.08772,-0.00260,0.25756,0.02572,-0.00719,0.62544,0.03263,0.00013,0.00073,0.65155,0.12009,-0.00238,-0.47459,0.03694,-0.01325,0.59306,0.01921,-0.00145,0.00319,-0.28836,0.06793,-0.00214,-0.36804,0.02945,-0.00300,0.61976,0.03930,0.05121,-0.00079,0.14734,0.07077,-0.00172,-0.04494,0.01812,-0.00525,0.74658,0.03815,-0.04174,0.00264
5.0000,500,1,5.0000,50.58,0.58153,0.07896,0.00059,0.23957,0.02015,-0.00372,0.65514,0.02093,0.05275,-0.08712,-0.34662,0.08218,0.00488,0.22691,0.00447,-0.01730,0.64611,-0.01868,-0.14716,-0.05757,0.57390,0.11579,-0.02460,-0.48184,-0.09483,0.00105,0.61052,-0.00666,-0.02657,-0.27492,-0.30465,0.10519,0.02638,-0.33972,-0.10048,-0.00494,0.64431,-0.06097,-0.02116,-0.10874,0.09457,0.01033,-0.01168,-0.05765,-0.06867,-0.03244,0.76064,0.03799,-0.03455,-0.06027,0.58153,0.07896,0.00059,0.23957,0.02015,-0.00372,0.65514,0.02093,0.05275,-0.08712,-0.34662,0.08218,0.00488,0.22691,0.00447,-0.01730,0.64611,-0.01868,-0.14716,-0.05757,0.57390,0.11579,-0.02460,-0.48184,-0.09483,0.00105,0.61052,-0.00666,-0.02657,-0.27492,-0.30465,0.10519,0.02638,-0.33972,-0.10048,-0.00494,0.64431,-0.06097,-0.02116,-0.10874,0.09457,0.01033,-0.01168,-0.05765,-0.06867,-0.03244,0.76064,0.03799,-0.03455,-0.06027
5.0500,505,1,5.1239,123.84,0.58407,0.07538,-0.00403,0.24324,0.02820,-0.00700,0.65675,0.03649,0.04704,-0.10367,-0.34208,0.08582,0.00636,0.22361,-0.00779,-0.00347,0.64113,-0.04270,-0.14970,-0.01565,0.57390,0.11579,-0.02460,-0.48184,-0.09483,0.00105,0.61052,-0.00666,-0.02657,-0.27492,-0.29970,0.09403,0.01848,-0.34469,-0.09840,-0.00401,0.64095,-0.07329,-0.02856,-0.25343,0.09463,0.01753,-0.01647,-0.06492,-0.07572,-0.03490,0.75987,0.01961,-0.03793,-0.00604,0.58547,0.07876,-0.00125,0.24061,0.02097,0.00000,0.65596,0.01303,0.04860,-0.07909,-0.34245,0.08415,0.00322,0.22735,0.01286,-0.01681,0.64558,-0.00311,-0.14978,-0.04724,0.57944,0.10691,-0.01250,-0.48652,-0.09144,-0.01374,0.61051,0.00599,-0.03936,-0.23750,-0.29913,0.11470,0.01326,-0.34467,-0.09692,-0.00926,0.64180,-0.04003,-0.02624,-0.09482,0.09498,0.00665,-0.00387,-0.06071,-0.05421,-0.02682,0.76251,0.03733,-0.03738,-0.05325
5.1000,510,1,5.1745,50.61,0.58894,0.08053,-0.00309,0.24036,0.02377,-0.00036,0.65772,0.04001,0.04150,-0.11443,-0.33619,0.05570,0.03957,0.21978,-0.01739,0.01342,0.63177,-0.06618,-0.17138,-0.35666,0.57390,0.11579,-0.02460,-0.48184,-0.09483,0.00105,0.61052,-0.00666,-0.02657,-0.27492,-0.29524,0.08287,0.04842,-0.34954,-0.09507,-0.01130,0.63706,-0.08082,-0.04534,-0.38234,0.09587,0.02620,0.00108,-0.07506,-0.05784,-0.03461,0.75785,0.00830,-0.03828,-0.00422,0.58939,0.07787,-0.00232,0.24165,0.02045,0.00185,0.65653,0.01068,0.04482,-0.07200,-0.33821,0.08537,0.00176,0.22819,0.02090,-0.01590,0.64574,0.00892,-0.15191,-0.03829,0.58467,0.10278,-0.00495,-0.49089,-0.08227,-0.02285,0.61108,0.01665,-0.05040,-0.20484,-0.29327,0.11889,0.00442,-0.34939,-0.09166,-0.01199,0.64026,-0.02238,-0.03067,-0.08264,0.09529,0.00609,0.00119,-0.06311,-0.04210,-0.02279,0.76440,0.03818,-0.03989,-0.04709
5.1500,515,1,5.1916,17.10,0.59185,0.07596,0.01704,0.24302,0.03457,0.00899,0.65922,0.04091,0.03583,-0.08367,-0.33446,0.03295,0.03233,0.21805,-0.02869,0.02492,0.62705,-0.07524,-0.18764,-0.21060,0.57895,0.12607,-0.02460,-0.48454,-0.09219,0.00105,0.61005,0.01684,-0.02657,-0.27492,-0.29169,0.05707,0.06065,-0.35412,-0.08721,-0.02502,0.63306,-0.07739,-0.06320,-0.34908,0.09580,0.01506,0.00108,-0.07493,-0.02492,-0.03461,0.75809,0.03364,-0.03828,-0.00422,0.59325,0.07657,-0.00289,0.24264,0.01936,0.00248,0.65708,0.01189,0.04138,-0.06572,-0.33393,0.08591,0.00048,0.22943,0.02843,-0.01477,0.64644,0.01873,-0.15363,-0.03052,0.58977,0.10155,-0.00050,-0.49469,-0.06964,-0.02814,0.61216,0.02623,-0.05992,-0.17633,-0.28730,0.11952,-0.00146,-0.35382,-0.08533,-0.01364,0.63952,-0.00721,-0.03453,-0.07199,0.09562,0.00752,0.00436,-0.06495,-0.03167,-0.01985,0.76635,0.04011,-0.04210,-0.04169
5.2000,520,1,5.1996,7.99,0.59585,0.06865,0.02903,0.24105,0.02179,0.00724,0.66058,0.04001,0.03186,-0.09604,-0.33383,0.01106,0.03233,0.21583,-0.04136,0.02492,0.62225,-0.06492,-0.18764,-0.21060,0.57895,0.12607,-0.03126,-0.48454,-0.09219,-0.00182,0.61005,0.01684,-0.03910,-0.23038,-0.28956,0.02930,0.04185,-0.35809,-0.06944,-0.05350,0.62964,-0.05670,-0.08345,-0.44324,0.09580,0.01506,0.01226,-0.07493,-0.02492,-0.03528,0.75809,0.03364,-0.03791,0.02913,0.59705,0.07508,-0.00315,0.24358,0.01815,0.00234,0.65776,0.01536,0.03824,-0.06016,-0.32963,0.08586,-0.00066,0.23103,0.03537,-0.01353,0.64759,0.02714,-0.15498,-0.02379,0.59485,0.10196,0.00188,-0.49782,-0.05509,-0.03085,0.61370,0.03524,-0.06810,-0.15146,-0.28136,0.11779,-0.00531,-0.35791,-0.07839,-0.01457,0.63950,0.00603,-0.03789,-0.06268,0.09606,0.01016,0.00623,-0.06630,-0.02250,-0.01766,0.76842,0.04283,-0.04407,-0.03696
5.2500,525,1,5.2502,50.59,0.59847,0.05194,0.02348,0.24464,0.02340,0.00876,0.66291,0.04525,0.02589,-0.11277,-0.33383,0.01106,0.03561,0.21583,-0.04136,0.01795,0.62225,-0.06492,-0.19604,-0.11111,0.61023,0.18349,-0.01837,-0.50598,-0.09606,-0.01740,0.62681,0.09527,-0.07078,-0.21558,-0.28856,0.01283,0.02249,-0.36081,-0.03706,-0.07612,0.62752,-0.03022,-0.10881,-0.50896,0.09604,0.00780,0.01057,-0.08036,-0.02101,-0.01854,0.75784,0.02158,-0.03622,0.06055,0.60076,0.07351,-0.00322,0.24446,0.01713,0.00175,0.65864,0.02025,0.03536,-0.05524,-0.32535,0.08529,-0.00166,0.23295,0.04169,-0.01226,0.64914,0.03464,-0.15602,-0.01796,0.59998,0.10317,0.00289,-0.50019,-0.03966,-0.03184,0.61568,0.04393,-0.07512,-0.12976,-0.27554,0.11453,-0.00777,-0.36165,-0.07112,-0.01501,0.64010,0.01777,-0.04082,-0.05454,0.09665,0.01349,0.00723,-0.06722,-0.01427,-0.01598,0.77064,0.04612,-0.04581,-0.03281
5.3000,530,1,5.2997,49.51,0.60129,0.04473,0.02140,0.24125,-0.00006,0.01156,0.66486,0.04953,0.02053,-0.10478,-0.33540,-0.03380,0.04023,0.21100,-0.04964,0.01410,0.61737,-0.02116,-0.20027,-0.03081,0.62365,0.15228,0.03923,-0.51124,-0.05875,-0.03302,0.63436,0.09310,-0.09734,-0.38871,-0.28809,0.00793,0.00482,-0.36166,0.00311,-0.06559,0.62671,-0.00191,-0.13602,-0.51829,0.09573,0.00171,0.00104,-0.08050,-0.01662,-0.01567,0.75862,0.02583,-0.03224,0.08728,0.60440,0.07195,-0.00317,0.24530,0.01647,0.00091,0.65980,0.02600,0.03271,-0.05088,-0.32111,0.08425,-0.00254,0.23518,0.04740,-0.01102,0.65104,0.04153,-0.15679,-0.01291,0.60518,0.10464,0.00300,-0.50178,-0.02403,-0.03172,0.61809,0.05243,-0.08112,-0.11083,-0.26992,0.11032,-0.00927,-0.36502,-0.06371,-0.01513,0.64126,0.02830,-0.04336,-0.04743,0.09742,0.01715,0.00763,-0.06774,-0.00676,-0.01466,0.77304,0.04980,-0.04736,-0.02918
5.3500,535,1,5.3503,50.61,0.60259,0.02889,0.02452,0.24283,0.00455,0.01325,0.66797,0.05646,0.01481,-0.07490,-0.33749,-0.04794,0.03423,0.20861,-0.04298,0.00694,0.61699,0.00500,-0.20326,-0.12228,0.62980,0.11987,0.06458,-0.51274,-0.04303,-0.02891,0.63693,0.07552,-0.11734,-0.38272,-0.28763,0.01179,-0.00845,-0.36067,0.03450,-0.05232,0.62715,0.01789,-0.16332,-0.50706,0.09583,0.00233,-0.00179,-0.08112,-0.00783,-0.01917,0.76046,0.04352,-0.02760,0.12272,0.60796,0.07041,-0.00307,0.24612,0.01625,-0.00004,0.66125,0.03224,0.03026,-0.04701,-0.31693,0.08282,-0.00330,0.23769,0.05252,-0.00984,0.65328,0.04797,-0.15732,-0.00855,0.61044,0.10602,0.00254,-0.50260,-0.00866,-0.03088,0.62092,0.06076,-0.08624,-0.09432,-0.26452,0.10555,-0.01012,-0.36802,-0.05631,-0.01503,0.64292,0.03784,-0.04558,-0.04121,0.09837,0.02091,0.00763,-0.06790,0.00016,-0.01359,0.77563,0.05375,-0.04873,-0.02598
5.4000,540,1,5.4004,50.16,0.60421,0.02113,0.01999,0.23958,-0.01637,0.00694,0.67045,0.05623,0.01134,-0.06795,-0.33999,-0.05023,0.02160,0.20706,-0.01579,-0.03231,0.61803,0.04230,-0.21088,-0.18303,0.63608,0.08703,0.06202,-0.51644,-0.03143,-0.02209,0.64209,0.07305,-0.13642,-0.33268,-0.28683,0.02052,-0.01459,-0.35833,0.05787,-0.03178,0.62813,0.02092,-0.18448,-0.25719,0.09533,0.00267,-0.00228,-0.08746,-0.02899,-0.01382,0.76011,0.02256,-0.02232,0.12852,0.61144,0.06893,-0.00295,0.24693,0.01651,-0.00102,0.66302,0.03870,0.02800,-0.04358,-0.31284,0.08103,-0.00396,0.24043,0.05707,-0.00873,0.65584,0.05407,-0.15765,-0.00479,0.61577,0.10708,0.00175,-0.50266,0.00619,-0.02959,0.62416,0.06890,-0.09059,-0.07992,-0.25937,0.10046,-0.01054,-0.37065,-0.04899,-0.01479,0.64503,0.04655,-0.04750,-0.03578,0.09951,0.02459,0.00736,-0.06773,0.00659,-0.01269,0.77842,0.05788,-0.04996,-0.02319
5.4500,545,1,5.4497,49.26,0.60432,0.00703,0.01130,0.24118,-0.00460,-0.00097,0.67371,0.06015,0.00765,-0.06768,-0.33999,-0.05023,0.00466,0.20706,-0.01579,-0.06622,0.61803,0.04230,-0.21904,-0.09707,0.63843,0.04804,0.06183,-0.51348,0.00456,-0.00988,0.64191,0.03773,-0.15227,-0.26083,-0.28554,0.03151,-0.03004,-0.35511,0.06837,0.00243,0.62920,0.01990,-0.19566,-0.12079,0.09479,0.00158,-0.00783,-0.08987,-0.02364,-0.02294,0.76127,0.05035,-0.01481,0.14432,0.61485,0.06751,-0.00284,0.24778,0.01725,-0.00196,0.66512,0.04522,0.02590,-0.04053,-0.30883,0.07895,-0.00452,0.24338,0.06110,-0.00771,0.65869,0.05988,-0.15781,-0.00154,0.62114,0.10771,0.00079,-0.50199,0.02033,-0.02804,0.62781,0.07682,-0.09426,-0.06738,-0.25448,0.09525,-0.01067,-0.37292,-0.04181,-0.01447,0.64756,0.05456,-0.04917,-0.03103,0.10082,0.02810,0.00694,-0.06725,0.01262,-0.01191,0.78141,0.06210,-0.05106,-0.02073
5.5000,550,1,5.4997,49.99,0.60469,0.00379,0.00653,0.23913,-0.01791,-0.00016,0.67617,0.05313,0.00404,-0.05908,-0.34226,-0.03771,-0.02645,0.20714,0.01896,-0.07348,0.62106,0.07612,-0.22854,-0.23687,0.63990,0.02430,0.06430,-0.51313,0.01221,-0.00878,0.64318,0.02673,-0.16435,-0.17255,-0.28362,0.04518,-0.02484,-0.35181,0.06115,0.02526,0.63034,0.02679,-0.20136,-0.12587,0.09491,0.00599,-0.01048,-0.09018,-0.00518,-0.03574,0.76394,0.08286,-0.00826,0.12005,0.61819,0.06615,-0.00274,0.24867,0.01843,-0.00285,0.66755,0.05167,0.02394,-0.03781,-0.30494,0.07662,-0.00498,0.24653,0.06465,-0.00678,0.66182,0.06542,-0.15781,0.00125,0.62654,0.10784,-0.00025,-0.50064,0.03368,-0.02636,0.63184,0.08447,-0.09735,-0.05645,-0.24985,0.09003,-0.01060,-0.37484,-0.03480,-0.01409,0.65047,0.06195,-0.05061,-0.02687,0.10231,0.03138,0.00640,-0.06648,0.01829,-0.01121,0.78463,0.06635,-0.05204,-0.01857
5.5500,555,1,5.5498,50.10,0.60467,-0.00031,0.00314,0.23851,-0.01633,-0.00180,0.67912,0.05990,0.00221,-0.02843,-0.34375,0.00748,-0.02643,0.21221,0.07886,-0.06549,0.63152,0.12961,-0.24115,-0.22153,0.64055,0.00252,0.05148,-0.51850,-0.01610,-0.00575,0.64725,0.04181,-0.17174,-0.09923,-0.28112,0.05410,-0.01939,-0.34911,0.04715,0.01698,0.63196,0.03885,-0.20560,0.02761,0.09510,0.00794,-0.00191,-0.09236,0.00820,-0.03570,0.76581,0.06192,-0.00416,0.08425,0.62147,0.06482,-0.00268,0.24963,0.02002,-0.00365,0.67029,0.05798,0.02211,-0.03540,-0.30118,0.07408,-0.00536,0.24984,0.06776,-0.00593,0.66522,0.07070,-0.15769,0.00365,0.63192,0.10746,-0.00130,-0.49864,0.04618,-0.02463,0.63625,0.09180,-0.09993,-0.04693,-0.24547,0.08488,-0.01040,-0.37641,-0.02799,-0.01369,0.65375,0.06880,-0.05186,-0.02325,0.10396,0.03438,0.00581,-0.06543,0.02363,-0.01059,0.78805,0.07056,-0.05292,-0.01668
5.6000,560,1,5.5997,49.89,0.60489,0.00130,-0.00469,0.23622,-0.01770,-0.01036,0.68185,0.06140,0.00077,-0.02911,-0.34375,0.00748,-0.03840,0.21221,0.07886,-0.05695,0.63152,0.12961,-0.24856,-0.02221,0.63943,-0.02128,0.03691,-0.51566,0.00544,0.00108,0.64525,0.01488,-0.17518,-0.03677,-0.27822,0.06183,-0.01710,-0.34702,0.03629,0.02659,0.63428,0.05619,-0.20219,0.05327,0.09516,0.00575,0.00307,-0.09088,0.02886,-0.03587,0.76777,0.06490,-0.00020,0.04601,0.62467,0.06351,-0.00264,0.25067,0.02199,-0.00435,0.67334,0.06408,0.02040,-0.03324,-0.29754,0.07137,-0.00566,0.25330,0.07048,-0.00517,0.66888,0.07572,-0.15746,0.00570,0.63727,0.10658,-0.00229,-0.49603,0.05784,-0.02290,0.64101,0.09876,-0.10207,-0.03864,-0.24136,0.07984,-0.01013,-0.37764,-0.02138,-0.01327,0.65735,0.07516,-0.05294,-0.02008,0.10575,0.03708,0.00520,-0.06412,0.02868,-0.01001,0.79168,0.07471,-0.05371,-0.01501
5.6500,565,1,5.6497,50.04,0.60511,0.00427,-0.00884,0.23534,-0.01205,-0.01611,0.68370,0.05166,0.00074,-0.00272,-0.35059,0.01861,-0.05981,0.20592,0.07112,-0.04123,0.64941,0.16813,-0.24650,0.14981,0.63827,-0.03041,0.02837,-0.51911,-0.01349,-0.00738,0.64908,0.04432,-0.17643,0.00939,-0.27499,0.06623,-0.00788,-0.34559,0.01960,0.04089,0.63762,0.07590,-0.20070,-0.00548,0.09533,0.00199,0.00617,-0.08816,0.05376,-0.04080,0.77175,0.09304,0.00387,0.07533,0.62782,0.06222,-0.00264,0.25183,0.02428,-0.00496,0.67669,0.06993,0.01878,-0.03131,-0.29404,0.06854,-0.00587,0.25688,0.07285,-0.00450,0.67279,0.08047,-0.15713,0.00746,0.64257,0.10523,-0.00320,-0.49287,0.06866,-0.02122,0.64612,0.10530,-0.10381,-0.03144,-0.23749,0.07494,-0.00982,-0.37855,-0.01498,-0.01284,0.66125,0.08106,-0.05388,-0.01731,0.10766,0.03947,0.00458,-0.06256,0.03345,-0.00946,0.79552,0.07874,-0.05442,-0.01355
5.7000,570,1,5.6997,49.99,0.60553,0.00784,-0.01136,0.23483,0.00384,-0.01904,0.68581,0.04826,0.00109,-0.01185,-0.34836,0.05419,-0.05315,0.20873,0.07724,-0.03824,0.65807,0.17224,-0.23441,0.30720,0.63701,-0.03185,0.00795,-0.51709,0.00077,-0.01491,0.65003,0.04782,-0.17617,0.00157,-0.27168,0.06602,-0.01057,-0.34513,-0.00152,0.04317,0.64170,0.08734,-0.20159,0.01366,0.09541,0.00119,0.00657,-0.08879,0.05638,-0.03517,0.77569,0.11931,0.00717,0.04599,0.63090,0.06092,-0.00268,0.25311,0.02685,-0.00548,0.68033,0.07550,0.01726,-0.02958,-0.29069,0.06563,-0.00600,0.26058,0.07490,-0.00390,0.67693,0.08494,-0.15671,0.00896,0.64779,0.10346,-0.00401,-0.48918,0.07867,-0.01959,0.65153,0.11138,-0.10522,-0.02517,-0.23386,0.07021,-0.00948,-0.37914,-0.00879,-0.01241,0.66545,0.08654,-0.05468,-0.01490,0.10969,0.04157,0.00396,-0.06078,0.03797,-0.00895,0.79955,0.08263,-0.05507,-0.01226
5.7500,575,1,5.7501,50.38,0.60668,0.01929,-0.01231,0.23027,-0.01181,-0.01622,0.68713,0.03888,0.00109,-0.02611,-0.34765,0.08356,-0.03569,0.21099,0.07462,-0.02939,0.66617,0.13290,-0.21654,0.30706,0.63589,-0.02601,-0.00435,-0.51973,-0.00250,-0.01959,0.65314,0.05430,-0.17502,0.04076,-0.26836,0.06677,-0.00558,-0.34577,-0.02415,0.04878,0.64633,0.09770,-0.19963,0.05923,0.09565,-0.00252,0.00825,-0.08382,0.08231,-0.02460,0.78102,0.12555,0.01065,0.02552,0.63391,0.05959,-0.00275,0.25452,0.02964,-0.00590,0.68424,0.08077,0.01582,-0.02804,-0.28748,0.06266,-0.00606,0.26437,0.07668,-0.00337,0.68128,0.08912,-0.15623,0.01023,0.65291,0.10131,-0.00471,-0.48501,0.08790,-0.01805,0.65725,0.11696,-0.10634,-0.01972,-0.23046,0.06564,-0.00914,-0.37943,-0.00280,-0.01199,0.66990,0.09164,-0.05537,-0.01279,0.11181,0.04336,0.00336,-0.05877,0.04224,-0.00846,0.80378,0.08634,-0.05565,-0.01113
5.8000,580,1,5.7996,49.54,0.60800,0.02705,-0.01119,0.22884,-0.01165,-0.01644,0.68897,0.04206,0.00104,-0.02481,-0.34765,0.08356,-0.03802,0.21099,0.07462,-0.02536,0.66617,0.13290,-0.20130,0.24952,0.63457,-0.02008,-0.00889,-0.51776,0.00452,-0.01253,0.65282,0.03463,-0.17473,-0.03188,-0.26509,0.06290,0.00830,-0.34759,-0.04870,0.04881,0.65142,0.10293,-0.19601,0.07558,0.09424,-0.00571,-0.01200,-0.08375,0.06333,0.00253,0.78386,0.09678,0.01170,0.02028,0.63685,0.05821,-0.00287,0.25607,0.03262,-0.00624,0.68840,0.08574,0.01446,-0.02665,-0.28442,0.05969,-0.00605,0.26824,0.07822,-0.00291,0.68583,0.09299,-0.15569,0.01130,0.65792,0.09886,-0.00528,-0.48040,0.09639,-0.01660,0.66322,0.12202,-0.10721,-0.01499,-0.22729,0.06124,-0.00880,-0.37942,0.00298,-0.01157,0.67460,0.09636,-0.05596,-0.01094,0.11402,0.04487,0.00279,-0.05656,0.04627,-0.00800,0.80818,0.08986,-0.05618,-0.01013
5.8500,585,1,5.8493,49.64,0.60932,0.03134,-0.01107,0.22864,-0.00104,-0.02489,0.69085,0.04064,-0.00006,-0.04228,-0.33487,0.12306,-0.02914,0.22098,0.09047,-0.01409,0.67651,0.08988,-0.19059,0.25943,0.63457,-0.02008,-0.01245,-0.51776,0.00452,-0.01462,0.65282,0.03463,-0.17443,0.01531,-0.26215,0.05433,0.00798,-0.35058,-0.06980,0.03411,0.65647,0.09891,-0.19094,0.15331,0.09414,0.00295,-0.02470,-0.08066,0.05930,0.01337,0.78811,0.06394,0.01275,0.02520,0.63973,0.05677,-0.00301,0.25778,0.03575,-0.00650,0.69280,0.09039,0.01315,-0.02539,-0.28151,0.05674,-0.00597,0.27219,0.07955,-0.00252,0.69057,0.09654,-0.15511,0.01220,0.66279,0.09615,-0.00573,-0.47538,0.10419,-0.01524,0.66944,0.12653,-0.10785,-0.01089,-0.22434,0.05701,-0.00846,-0.37914,0.00855,-0.01116,0.67953,0.10072,-0.05647,-0.00934,0.11629,0.04610,0.00224,-0.05415,0.05008,-0.00755,0.81276,0.09317,-0.05667,-0.00926
5.9000,590,1,5.8996,50.35,0.61092,0.03605,-0.01049,0.22916,0.01405,-0.02734,0.69307,0.04922,-0.00061,-0.05340,-0.33487,0.12306,-0.02347,0.22098,0.09047,-0.01218,0.67651,0.08988,-0.17697,0.25899,0.63419,0.00178,-0.01837,-0.51519,0.02139,-0.01288,0.65321,0.02360,-0.17428,-0.01605,-0.25961,0.04818,0.00366,-0.35445,-0.08450,0.02532,0.66132,0.09493,-0.18250,0.16213,0.09418,0.01378,-0.01981,-0.08208,0.03142,0.00799,0.78654,-0.01655,0.01295,0.08134,0.64253,0.05525,-0.00320,0.25965,0.03898,-0.00667,0.69743,0.09474,0.01191,-0.02427,-0.27875,0.05385,-0.00581,0.27619,0.08071,-0.00220,0.69548,0.09974,-0.15448,0.01295,0.66753,0.09325,-0.00606,-0.46999,0.11135,-0.01397,0.67587,0.13045,-0.10831,-0.00734,-0.22159,0.05294,-0.00814,-0.37857,0.01393,-0.01076,0.68467,0.10475,-0.05690,-0.00794,0.11862,0.04707,0.00172,-0.05155,0.05368,-0.00712,0.81750,0.09625,-0.05711,-0.00848
5.9500,595,1,5.9498,50.19,0.61366,0.03868,-0.01080,0.23574,0.06388,-0.02908,0.69487,0.05826,-0.00321,-0.04635,-0.31978,0.15305,-0.02286,0.22930,0.09176,-0.01525,0.68144,0.03837,-0.16591,0.19775,0.63419,0.00178,-0.01837,-0.51519,0.02139,-0.01288,0.65321,0.02360,-0.17428,-0.01605,-0.25730,0.04434,0.00303,-0.35897,-0.09580,0.01899,0.66588,0.08710,-0.17236,0.23384,0.09526,0.02455,-0.02588,-0.08072,0.02726,0.00844,0.78505,-0.05202,0.01612,0.05148,0.64525,0.05363,-0.00341,0.26168,0.04228,-0.00678,0.70227,0.09880,0.01073,-0.02324,-0.27612,0.05105,-0.00560,0.28026,0.08172,-0.00193,0.70054,0.10257,-0.15381,0.01358,0.67211,0.09023,-0.00626,-0.46426,0.11791,-0.01280,0.68247,0.13377,-0.10860,-0.00426,-0.21904,0.04902,-0.00783,-0.37775,0.01911,-0.01037,0.69000,0.10844,-0.05727,-0.00671,0.12100,0.04779,0.00122,-0.04878,0.05707,-0.00672,0.82238,0.09909,-0.05752,-0.00780
6.0000,600,1,6.2189,269.13,0.61590,0.04461,-0.01092,0.24018,0.08205,-0.02376,0.69776,0.06812,-0.00702,-0.05578,-0.31304,0.15758,-0.00956,0.23362,0.09797,-0.00739,0.68311,0.03531,-0.15682,0.14995,0.63419,0.00178,-0.02115,-0.51519,0.02139,-0.00718,0.65321,0.02360,-0.17649,-0.06491,-0.25516,0.04125,0.00484,-0.36398,-0.10364,0.00994,0.67003,0.08052,-0.16102,0.20439,0.09747,0.04489,-0.02928,-0.07897,0.02911,-0.00126,0.78727,-0.01441,0.01593,0.00036,0.64789,0.05190,-0.00363,0.26388,0.04562,-0.00682,0.70731,0.10259,0.00959,-0.02232,-0.27364,0.04835,-0.00538,0.28436,0.08261,-0.00170,0.70573,0.10504,-0.15312,0.01409,0.67655,0.08712,-0.00641,-0.45821,0.12393,-0.01172,0.68923,0.13649,-0.10874,-0.00161,-0.21668,0.04525,-0.00754,-0.37666,0.02411,-0.00999,0.69551,0.11182,-0.05757,-0.00565,0.12340,0.04827,0.00076,-0.04585,0.06027,-0.00632,0.82740,0.10170,-0.05789,-0.00719
6.0500,605,1,6.2839,64.99,0.63088,0.08783,0.00139,0.24371,0.01060,0.01175,0.70632,0.06052,-0.00936,-0.00216,-0.28231,0.12896,0.02410,0.25138,0.09149,0.01267,0.69082,0.05510,-0.10221,0.28803,0.63419,0.00178,-0.02115,-0.51519,0.02139,-0.00718,0.65321,0.02360,-0.17649,-0.06491,-0.24702,0.04176,0.01002,-0.38491,-0.09391,-0.02033,0.68192,0.05149,-0.11023,0.36954,0.09218,-0.00818,0.02175,-0.07337,0.06826,-0.02901,0.82618,0.19759,0.01829,-0.05883,0.65044,0.05007,-0.00383,0.26624,0.04897,-0.00682,0.71253,0.10606,0.00849,-0.02147,-0.27129,0.04577,-0.00516,0.28851,0.08339,-0.00152,0.71104,0.10719,-0.15241,0.01450,0.68083,0.08394,-0.00654,-0.45187,0.12942,-0.01071,0.69611,0.13874,-0.10876,0.00069,-0.21451,0.04162,-0.00727,-0.37534,0.02891,-0.00961,0.70118,0.11489,-0.05783,-0.00472,0.12582,0.04854,0.00032,-0.04276,0.06328,-0.00595,0.83255,0.10406,-0.05824,-0.00666
6.1000,610,1,6.2931,9.16,0.63467,0.08202,0.00928,0.24485,0.01205,-0.00443,0.70902,0.06912,-0.00780,-0.01708,-0.27624,0.11344,0.04125,0.25499,0.08502,0.01791,0.69336,0.06737,-0.08726,0.31874,0.63707,0.03044,-0.01421,-0.51517,0.01199,-0.01210,0.66026,0.08179,-0.17945,-0.10255,-0.24503,0.03831,0.00353,-0.38934,-0.08320,-0.02080,0.68452,0.05366,-0.09269,0.33408,0.09256,-0.00421,-0.00534,-0.07075,0.07035,-0.02567,0.83664,0.19829,0.02171,0.05172,0.65290,0.04814,-0.00402,0.26878,0.05231,-0.00677,0.71791,0.10922,0.00744,-0.02071,-0.26906,0.04329,-0.00496,0.29270,0.08410,-0.00136,0.71645,0.10909,-0.15167,0.01483,0.68494,0.08070,-0.00665,-0.44528,0.13444,-0.00977,0.70310,0.14061,-0.10868,0.00266,-0.21252,0.03812,-0.00701,-0.37378,0.03353,-0.00924,0.70699,0.11766,-0.05805,-0.00391,0.12825,0.04860,-0.00008,-0.03952,0.06611,-0.00559,0.83780,0.10620,-0.05856,-0.00618
6.1500,615,1,6.3076,14.50,0.63467,0.08202,0.00928,0.24485,0.01205,-0.00443,0.70902,0.06912,-0.00780,-0.01708,-0.27624,0.11344,0.04125,0.25499,0.08502,0.01791,0.69336,0.06737,-0.08726,0.31874,0.63707,0.03044,-0.01273,-0.51517,0.01199,-0.02758,0.66026,0.08179,-0.18318,-0.00572,-0.24313,0.03804,0.00353,-0.39325,-0.07336,-0.02080,0.68737,0.06071,-0.09269,0.33408,0.09256,-0.00421,-0.00534,-0.07075,0.07035,-0.02567,0.83664,0.19829,0.02171,0.05172,0.65525,0.04613,-0.00420,0.27147,0.05561,-0.00668,0.72344,0.11206,0.00642,-0.02000,-0.26696,0.04090,-0.00477,0.29692,0.08473,-0.00123,0.72195,0.11077,-0.15092,0.01508,0.68889,0.07742,-0.00675,-0.43844,0.13902,-0.00889,0.71017,0.14218,-0.10850,0.00436,-0.21070,0.03474,-0.00677,-0.37199,0.03798,-0.00888,0.71294,0.12013,-0.05823,-0.00321,0.13068,0.04846,-0.00046,-0.03615,0.06876,-0.00524,0.84316,0.10811,-0.05886,-0.00576
6.2000,620,1,6.3148,7.24,0.63865,0.07712,0.01123,0.24551,0.01535,-0.00975,0.71258,0.07685,-0.00918,-0.02881,-0.27159,0.08785,0.04664,0.25879,0.07998,0.01174,0.69773,0.08993,-0.07299,0.25475,0.63940,0.04489,-0.01273,-0.51517,0.01661,-0.02758,0.66557,0.10340,-0.18318,-0.00572,-0.24313,0.03804,0.00101,-0.39325,-0.07336,-0.01750,0.68737,0.06071,-0.07720,0.27020,0.09256,-0.00421,-0.00534,-0.07075,0.07035,-0.02567,0.83664,0.19829,0.02171,0.05172,0.65751,0.04403,-0.00435,0.27434,0.05886,-0.00656,0.72911,0.11458,0.00544,-0.01936,-0.26497,0.03861,-0.00459,0.30117,0.08531,-0.00113,0.72752,0.11225,-0.15016,0.01528,0.69268,0.07409,-0.00683,-0.43138,0.14317,-0.00807,0.71731,0.14349,-0.10824,0.00581,-0.20904,0.03147,-0.00654,-0.36998,0.04225,-0.00852,0.71900,0.12230,-0.05837,-0.00260,0.13309,0.04814,-0.00082,-0.03265,0.07125,-0.00491,0.84861,0.10980,-0.05913,-0.00539
6.2500,625,1,6.3214,6.58,0.63865,0.07712,0.01123,0.24551,0.01535,-0.00975,0.71258,0.07685,-0.00918,-0.02881,-0.27159,0.08785,0.04664,0.25879,0.07998,0.01174,0.69773,0.08993,-0.07299,0.25475,0.63940,0.04489,-0.02247,-0.51517,0.01661,-0.03710,0.66557,0.10340,-0.18167,0.04004,-0.24313,0.03804,0.00101,-0.39325,-0.07336,-0.01750,0.68737,0.06071,-0.07720,0.27020,0.10400,0.04009,-0.00534,-0.06273,0.08670,-0.02567,0.85266,0.21338,0.02171,0.05172,0.65965,0.04186,-0.00450,0.27736,0.06204,-0.00641,0.73490,0.11681,0.00449,-0.01876,-0.26309,0.03639,-0.00444,0.30545,0.08584,-0.00104,0.73317,0.11354,-0.14940,0.01541,0.69630,0.07072,-0.00691,-0.42413,0.14694,-0.00730,0.72452,0.14460,-0.10792,0.00705,-0.20755,0.02832,-0.00633,-0.36777,0.04634,-0.00817,0.72516,0.12420,-0.05849,-0.00207,0.13549,0.04766,-0.00115,-0.02903,0.07358,-0.00459,0.85414,0.11127,-0.05940,-0.00506
6.3000,630,1,6.3398,18.35,0.63865,0.07712,0.01123,0.24551,0.01535,-0.00975,0.71258,0.07685,-0.00918,-0.02881,-0.27159,0.08785,0.04664,0.25879,0.07998,0.01174,0.69773,0.08993,-0.07299,0.25475,0.64299,0.06456,-0.02247,-0.51480,0.03085,-0.03710,0.67317,0.12727,-0.18167,0.04004,-0.24313,0.03804,0.00101,-0.39325,-0.07336,-0.01750,0.68737,0.06071,-0.07720,0.27020,0.10400,0.04009,-0.01325,-0.06273,0.08670,-0.01985,0.85266,0.21338,0.02489,0.00179,0.66169,0.03962,-0.00463,0.28054,0.06514,-0.00624,0.74079,0.11874,0.00356,-0.01821,-0.26133,0.03425,-0.00429,0.30976,0.08633,-0.00097,0.73887,0.11464,-0.14862,0.01550,0.69975,0.06731,-0.00698,-0.41669,0.15034,-0.00658,0.73177,0.14553,-0.10754,0.00811,-0.20621,0.02526,-0.00613,-0.36535,0.05026,-0.00783,0.73141,0.12581,-0.05858,-0.00161,0.13786,0.04702,-0.00147,-0.02530,0.07576,-0.00429,0.85974,0.11254,-0.05964,-0.00476
6.3500,635,1,6.3852,45.41,0.63865,0.07712,0.01123,0.24551,0.01535,-0.00975,0.71258,0.07685,-0.00918,-0.02881,-0.27159,0.08785,0.04664,0.25879,0.07998,0.01174,0.69773,0.08993,-0.07299,0.25475,0.64605,0.07083,-0.01107,-0.50817,0.07077,-0.04116,0.67449,0.09983,-0.17498,0.06638,-0.24123,0.03741,0.00842,-0.39669,-0.06372,-0.02630,0.69073,0.07395,-0.06592,0.17262,0.10400,0.04009,-0.01325,-0.06273,0.08670,-0.01985,0.85266,0.21338,0.02489,0.00179,0.66362,0.03732,-0.00474,0.28387,0.06815,-0.00604,0.74677,0.12040,0.00266,-0.01770,-0.25967,0.03218,-0.00417,0.31409,0.08679,-0.00091,0.74463,0.11557,-0.14785,0.01554,0.70303,0.06387,-0.00705,-0.40910,0.15340,-0.00590,0.73907,0.14632,-0.10711,0.00901,-0.20502,0.02230,-0.00594,-0.36274,0.05402,-0.00749,0.73774,0.12716,-0.05865,-0.00121,0.14019,0.04622,-0.00175,-0.02146,0.07779,-0.00399,0.86539,0.11361,-0.05987,-0.00450
6.4000,640,1,6.4122,27.03,0.64007,0.05109,0.01123,0.25397,0.06749,-0.00975,0.71751,0.09816,-0.00918,-0.02881,-0.26736,0.06724,0.04866,0.26166,0.07046,-0.00028,0.70214,0.09849,-0.06172,0.19209,0.65794,0.08524,0.00191,-0.49343,0.11332,-0.02479,0.68535,0.07711,-0.16779,0.03000,-0.23944,0.03429,0.00842,-0.39953,-0.04903,-0.02630,0.69474,0.08698,-0.06592,0.17262,0.10732,0.05231,-0.01361,-0.06006,0.09138,-0.00952,0.86096,0.18412,0.02273,-0.00096,0.66542,0.03497,-0.00484,0.28735,0.07107,-0.00583,0.75282,0.12179,0.00179,-0.01723,-0.25811,0.03016,-0.00406,0.31844,0.08723,-0.00086,0.75043,0.11632,-0.14707,0.01555,0.70614,0.06039,-0.00712,-0.40136,0.15614,-0.00527,0.74640,0.14699,-0.10664,0.00976,-0.20398,0.01943,-0.00577,-0.35995,0.05761,-0.00716,0.74413,0.12823,-0.05870,-0.00086,0.14248,0.04530,-0.00202,-0.01752,0.07968,-0.00372,0.87109,0.11447,-0.06009,-0.00426
6.4500,645,1,6.4497,37.49,0.64537,0.04413,0.01323,0.26120,0.06164,0.00844,0.72582,0.09217,-0.01373,0.00284,-0.26335,0.02176,0.04175,0.26898,0.07683,-0.00492,0.71441,0.13619,-0.05106,0.20789,0.66574,0.07163,0.01831,-0.48387,0.10253,0.00520,0.68927,0.04591,-0.16792,-0.00922,-0.23774,0.03433,-0.00580,-0.40152,-0.03030,-0.03897,0.69949,0.10240,-0.05082,0.10609,0.11036,0.05641,-0.00279,-0.05068,0.10534,-0.01525,0.86804,0.13682,0.02397,-0.03400,0.66711,0.03257,-0.00493,0.29098,0.07387,-0.00560,0.75894,0.12293,0.00094,-0.01679,-0.25665,0.02820,-0.00397,0.32281,0.08764,-0.00082,0.75626,0.11691,-0.14629,0.01553,0.70907,0.05688,-0.00719,-0.39349,0.15857,-0.00467,0.75376,0.14754,-0.10614,0.01040,-0.20308,0.01665,-0.00560,-0.35698,0.06104,-0.00683,0.75056,0.12905,-0.05874,-0.00056,0.14472,0.04424,-0.00227,-0.01349,0.08143,-0.00345,0.87683,0.11514,-0.06030,-0.00405
6.5000,650,1,6.5004,50.71,0.64809,0.04465,0.00700,0.26341,0.04989,0.00987,0.72949,0.07887,-0.01487,-0.00506,-0.26003,0.02423,0.02787,0.26833,0.05333,-0.00597,0.71688,0.12013,-0.04098,0.17477,0.67198,0.06098,0.00477,-0.47368,0.09545,-0.00204,0.69768,0.08566,-0.16246,0.06858,-0.23593,0.03898,-0.01392,-0.40255,-0.01055,-0.04679,0.70481,0.10886,-0.04834,-0.00180,0.11216,0.05233,0.00146,-0.04897,0.10050,-0.01148,0.87126,0.10380,0.01947,-0.10111,0.66868,0.03014,-0.00500,0.29474,0.07656,-0.00536,0.76511,0.12382,0.00011,-0.01637,-0.25529,0.02627,-0.00389,0.32720,0.08804,-0.00079,0.76212,0.11731,-0.14552,0.01548,0.71183,0.05334,-0.00726,-0.38551,0.16073,-0.00411,0.76115,0.14799,-0.10561,0.01092,-0.20231,0.01394,-0.00544,-0.35385,0.06432,-0.00651,0.75703,0.12961,-0.05876,-0.00031,0.14690,0.04307,-0.00251,-0.00938,0.08306,-0.00319,0.88260,0.11561,-0.06050,-0.00386
6.5500,655,1,6.5495,49.14,0.64714,0.03543,0.00441,0.26204,0.02636,0.01110,0.72927,0.06368,-0.01673,-0.02427,-0.25832,0.02002,0.01341,0.27173,0.06215,-0.00142,0.72336,0.13318,-0.03495,0.06984,0.67474,0.05848,0.00248,-0.46827,0.09888,-0.00636,0.70179,0.10229,-0.15953,0.07737,-0.23377,0.04757,-0.01696,-0.40250,0.01303,-0.05149,0.71037,0.11449,-0.04857,0.01260,0.11465,0.05025,-0.00356,-0.04227,0.11331,-0.00710,0.87426,0.07834,0.01116,-0.15019,0.67013,0.02767,-0.00506,0.29863,0.07912,-0.00511,0.77132,0.12446,-0.00070,-0.01598,-0.25402,0.02438,-0.00383,0.33161,0.08842,-0.00077,0.76799,0.11755,-0.14475,0.01541,0.71441,0.04976,-0.00734,-0.37742,0.16261,-0.00359,0.76856,0.14836,-0.10505,0.01135,-0.20168,0.01130,-0.00530,-0.35055,0.06743,-0.00620,0.76352,0.12991,-0.05877,-0.00008,0.14902,0.04179,-0.00272,-0.00519,0.08457,-0.00295,0.88839,0.11588,-0.06068,-0.00368
6.6000,660,1,6.6000,50.49,0.64858,0.03205,0.00195,0.26373,0.02274,-0.00049,0.73262,0.07856,-0.01846,-0.02882,-0.25721,0.01629,0.00869,0.27514,0.07204,-0.01414,0.72983,0.13485,-0.03188,0.02658,0.67801,0.06120,0.00432,-0.46269,0.10105,-0.01106,0.70768,0.14418,-0.15546,0.12086,-0.23116,0.05650,-0.00859,-0.40122,0.03766,-0.04311,0.71638,0.12520,-0.04666,0.07959,0.11721,0.05273,-0.00691,-0.03654,0.11517,-0.00058,0.87774,0.06399,0.00284,-0.19457,0.67145,0.02518,-0.00511,0.30265,0.08157,-0.00485,0.77755,0.12486,-0.00149,-0.01561,-0.25285,0.02251,-0.00378,0.33604,0.08879,-0.00074,0.77387,0.11762,-0.14398,0.01532,0.71680,0.04614,-0.00742,-0.36925,0.16425,-0.00309,0.77599,0.14864,-0.10447,0.01170,-0.20118,0.00874,-0.00516,-0.34711,0.07039,-0.00589,0.77001,0.12996,-0.05877,0.00011,0.15108,0.04040,-0.00292,-0.00092,0.08596,-0.00271,0.89419,0.11597,-0.06087,-0.00353
6.6500,665,1,6.6495,49.52,0.65001,0.03133,-0.00262,0.26432,0.02497,-0.01015,0.73656,0.09832,-0.02089,-0.07286,-0.25676,0.01008,0.01032,0.28020,0.08871,-0.02388,0.73783,0.15449,-0.03219,-0.02035,0.68061,0.05914,0.00237,-0.45605,0.11471,-0.02006,0.71359,0.16046,-0.14864,0.10104,-0.22821,0.06075,0.00001,-0.39881,0.05852,-0.03899,0.72289,0.13588,-0.04239,0.06906,0.11882,0.04694,-0.00215,-0.02602,0.14140,-0.00652,0.87850,0.06904,-0.00981,-0.34478,0.67264,0.02266,-0.00515,0.30678,0.08388,-0.00459,0.78380,0.12503,-0.00226,-0.01527,-0.25177,0.02066,-0.00375,0.34049,0.08915,-0.00072,0.77975,0.11752,-0.14321,0.01521,0.71902,0.04248,-0.00750,-0.36100,0.16565,-0.00261,0.78342,0.14884,-0.10388,0.01199,-0.20081,0.00624,-0.00503,-0.34352,0.07321,-0.00558,0.77651,0.12976,-0.05876,0.00027,0.15306,0.03892,-0.00311,0.00341,0.08723,-0.00249,0.89999,0.11586,-0.06104,-0.00339
6.7000,670,1,6.6999,50.40,0.65150,0.03275,-0.00262,0.26638,0.03208,-0.01015,0.74220,0.12372,-0.02089,-0.07286,-0.25502,0.01355,0.00932,0.28369,0.09367,-0.01940,0.74416,0.15515,-0.03423,-0.08009,0.68322,0.06003,-0.00763,-0.44636,0.14625,-0.02244,0.71877,0.17583,-0.14354,0.11656,-0.22515,0.06097,0.00609,-0.39539,0.07777,-0.03311,0.72995,0.14752,-0.03924,0.06232,0.12080,0.04695,-0.00701,-0.01959,0.13811,0.00982,0.88107,0.07737,-0.02730,-0.27936,0.67371,0.02013,-0.00517,0.31103,0.08607,-0.00432,0.79005,0.12496,-0.00301,-0.01494,-0.25078,0.01883,-0.00374,0.34496,0.08950,-0.00071,0.78562,0.11724,-0.14246,0.01509,0.72105,0.03878,-0.00759,-0.35269,0.16682,-0.00216,0.79087,0.14896,-0.10327,0.01220,-0.20056,0.00380,-0.00491,-0.33979,0.07587,-0.00528,0.78298,0.12931,-0.05874,0.00041,0.15497,0.03736,-0.00328,0.00780,0.08840,-0.00227,0.90577,0.11555,-0.06120,-0.00326
6.7500,675,1,6.7494,49.47,0.65325,0.03743,-0.00852,0.26815,0.03871,-0.01299,0.74900,0.14636,-0.03009,-0.09787,-0.25409,0.01649,-0.00217,0.28807,0.09863,-0.01659,0.75144,0.16165,-0.04107,-0.15107,0.68635,0.06444,-0.00630,-0.43880,0.15595,-0.02084,0.72772,0.17564,-0.13837,0.06932,-0.22217,0.05764,0.01373,-0.39110,0.09316,-0.02070,0.73758,0.15684,-0.03613,0.05232,0.12242,0.04981,-0.01523,-0.01613,0.11543,0.02855,0.88130,0.05680,-0.04036,-0.15733,0.67466,0.01759,-0.00518,0.31539,0.08812,-0.00405,0.79629,0.12465,-0.00375,-0.01462,-0.24989,0.01699,-0.00374,0.34944,0.08984,-0.00069,0.79147,0.11679,-0.14170,0.01496,0.72290,0.03503,-0.00769,-0.34432,0.16777,-0.00173,0.79832,0.14900,-0.10266,0.01237,-0.20043,0.00142,-0.00479,-0.33593,0.07839,-0.00499,0.78943,0.12860,-0.05872,0.00053,0.15679,0.03571,-0.00343,0.01224,0.08946,-0.00207,0.91154,0.11505,-0.06136,-0.00314
6.8000,680,1,6.7998,50.37,0.65545,0.04441,-0.01093,0.26914,0.03862,-0.01194,0.75480,0.15242,-0.03356,-0.08069,-0.25314,0.01685,0.00041,0.29288,0.10357,-0.01533,0.75941,0.16994,-0.04889,-0.15152,0.69026,0.07420,-0.00341,-0.43746,0.12209,-0.01537,0.73983,0.21338,-0.13225,0.11539,-0.13370,0.13934,0.01579,-0.47903,0.00735,-0.00550,0.73726,0.15963,-0.02996,0.08700,0.12425,0.05097,-0.01011,-0.00912,0.10629,0.02233,0.88399,0.07147,-0.04766,-0.13130,0.67547,0.01505,-0.00518,0.31984,0.09003,-0.00377,0.80251,0.12410,-0.00448,-0.01432,-0.24908,0.01515,-0.00376,0.35394,0.09018,-0.00067,0.79729,0.11617,-0.14096,0.01481,0.72455,0.03123,-0.00780,-0.33592,0.16852,-0.00133,0.80577,0.14895,-0.10204,0.01249,-0.20041,-0.00090,-0.00468,-0.33195,0.08077,-0.00470,0.79584,0.12764,-0.05869,0.00063,0.15854,0.03399,-0.00358,0.01674,0.09043,-0.00187,0.91727,0.11435,-0.06152,-0.00303
6.8500,685,1,6.8502,50.42,0.65764,0.04882,-0.00997,0.27194,0.04467,-0.01276,0.76191,0.16611,-0.03815,-0.11563,-0.25146,0.01657,0.00633,0.30113,0.12464,-0.01215,0.76864,0.17694,-0.05526,-0.11878,0.69411,0.07848,-0.00883,-0.43124,0.12329,-0.00197,0.75042,0.20319,-0.12602,0.06804,-0.12680,0.13092,0.02347,-0.47859,0.00954,-0.00482,0.74571,0.17071,-0.02493,0.10492,0.12659,0.05480,-0.01148,-0.00622,0.08851,0.02252,0.88679,0.08267,-0.05586,-0.10167,0.67616,0.01252,-0.00516,0.32439,0.09182,-0.00350,0.80870,0.12331,-0.00519,-0.01403,-0.24837,0.01330,-0.00380,0.35846,0.09050,-0.00065,0.80308,0.11538,-0.14022,0.01466,0.72602,0.02737,-0.00793,-0.32747,0.16908,-0.00094,0.81321,0.14880,-0.10141,0.01257,-0.20052,-0.00317,-0.00458,-0.32786,0.08300,-0.00442,0.80219,0.12643,-0.05865,0.00072,0.16019,0.03221,-0.00371,0.02129,0.09130,-0.00168,0.92297,0.11345,-0.06167,-0.00294
6.9000,690,1,6.8999,49.65,0.66010,0.05254,-0.00725,0.27463,0.05681,-0.01359,0.77059,0.18668,-0.04295,-0.07372,-0.25001,0.01748,0.00710,0.30672,0.13272,-0.01782,0.77640,0.16848,-0.06115,-0.14847,0.69792,0.07900,-0.00196,-0.42447,0.12919,-0.00791,0.76070,0.20336,-0.12412,0.01630,-0.13173,0.09605,0.06651,-0.48423,0.01259,-0.04519,0.75248,0.18741,-0.01971,0.10585,0.12872,0.05364,-0.00572,-0.00072,0.08693,0.02636,0.89170,0.10403,-0.05988,-0.05828,0.67672,0.01000,-0.00513,0.32902,0.09347,-0.00323,0.81484,0.12226,-0.00588,-0.01375,-0.24775,0.01143,-0.00385,0.36299,0.09082,-0.00063,0.80883,0.11441,-0.13949,0.01449,0.72729,0.02345,-0.00806,-0.31901,0.16944,-0.00056,0.82065,0.14855,-0.10078,0.01261,-0.20073,-0.00539,-0.00448,-0.32366,0.08510,-0.00414,0.80848,0.12495,-0.05862,0.00079,0.16176,0.03036,-0.00383,0.02587,0.09208,-0.00150,0.92862,0.11235,-0.06181,-0.00284
6.9500,695,1,6.9498,49.98,0.66309,0.05900,-0.00512,0.27509,0.05288,-0.01129,0.77979,0.19709,-0.04570,-0.05927,-0.25001,0.01748,0.00742,0.30672,0.13272,-0.01006,0.77640,0.16848,-0.06776,-0.13884,0.70179,0.07464,0.01060,-0.41784,0.13626,-0.01366,0.77051,0.19442,-0.12580,-0.11258,-0.15647,0.04102,0.09577,-0.50638,-0.00632,-0.07734,0.74846,0.18627,-0.01499,0.10177,0.13095,0.05092,-0.00194,0.00460,0.08364,0.01838,0.89820,0.13407,-0.05883,-0.00552,0.67716,0.00749,-0.00508,0.33373,0.09498,-0.00295,0.82092,0.12094,-0.00656,-0.01349,-0.24723,0.00952,-0.00392,0.36754,0.09112,-0.00061,0.81452,0.11327,-0.13877,0.01433,0.72836,0.01946,-0.00821,-0.31053,0.16963,-0.00020,0.82806,0.14816,-0.10015,0.01262,-0.20105,-0.00756,-0.00438,-0.31935,0.08707,-0.00387,0.81468,0.12322,-0.05857,0.00085,0.16323,0.02845,-0.00394,0.03049,0.09277,-0.00132,0.93420,0.11104,-0.06195,-0.00276
7.0000,700,1,6.9997,49.82,0.66611,0.06254,-0.00187,0.27624,0.04812,-0.00789,0.78917,0.20646,-0.04564,-0.00333,-0.24609,0.02288,0.00072,0.31821,0.13495,0.00042,0.78886,0.14447,-0.07458,-0.11204,0.70527,0.06364,0.02592,-0.41084,0.14432,-0.01320,0.77975,0.17490,-0.13046,-0.13779,-0.15676,-0.01636,0.08018,-0.50473,0.04314,-0.10073,0.75696,0.18244,-0.01204,0.09481,0.13352,0.05235,-0.00451,0.00852,0.07268,0.02758,0.90527,0.14595,-0.06000,-0.04571,0.67747,0.00501,-0.00502,0.33852,0.09636,-0.00268,0.82693,0.11936,-0.00723,-0.01323,-0.24680,0.00758,-0.00401,0.37210,0.09141,-0.00058,0.82015,0.11194,-0.13806,0.01415,0.72923,0.01539,-0.00838,-0.30205,0.16964,0.00014,0.83546,0.14764,-0.09952,0.01261,-0.20149,-0.00969,-0.00429,-0.31495,0.08890,-0.00361,0.82080,0.12121,-0.05853,0.00090,0.16460,0.02650,-0.00403,0.03515,0.09338,-0.00115,0.93972,0.10950,-0.06209,-0.00268
7.0500,705,1,7.0494,49.77,0.66824,0.05357,0.00576,0.28438,0.09174,-0.01843,0.79959,0.21532,-0.04554,0.01964,-0.24524,0.01993,0.00211,0.32598,0.13892,-0.00203,0.79714,0.14681,-0.08039,-0.07404,0.70807,0.04777,0.03690,-0.40334,0.15647,-0.02069,0.78815,0.15880,-0.13675,-0.14106,-0.16536,-0.09110,0.06847,-0.50148,0.10334,-0.11448,0.76908,0.19940,-0.00929,0.12812,0.13664,0.05535,0.00028,0.01133,0.05481,0.02149,0.91181,0.14424,-0.06055,-0.07544,0.67766,0.00257,-0.00494,0.34337,0.09761,-0.00242,0.83285,0.11749,-0.00788,-0.01298,-0.24647,0.00558,-0.00412,0.37668,0.09169,-0.00055,0.82571,0.11044,-0.13736,0.01397,0.72990,0.01124,-0.00856,-0.29357,0.16949,0.00048,0.84283,0.14693,-0.09889,0.01257,-0.20202,-0.01177,-0.00420,-0.31046,0.09061,-0.00335,0.82680,0.11893,-0.05848,0.00094,0.16588,0.02450,-0.00412,0.03983,0.09390,-0.00099,0.94515,0.10775,-0.06222,-0.00261
7.1000,710,1,7.0997,50.32,0.67087,0.05090,0.00776,0.28890,0.10065,-0.01708,0.81001,0.21138,-0.04307,0.04304,-0.24259,0.02847,0.00678,0.33024,0.12264,0.00288,0.80199,0.12410,-0.08214,-0.01943,0.70855,0.01925,0.04826,-0.38644,0.20843,-0.03131,0.78405,0.09987,-0.14790,-0.19439,-0.17188,-0.13059,0.04840,-0.49433,0.16049,-0.11216,0.77897,0.20382,-0.00462,0.08295,0.13788,0.05180,-0.00223,0.01010,0.02741,0.01249,0.91598,0.13403,-0.06536,-0.04143,0.67773,0.00017,-0.00484,0.34828,0.09874,-0.00215,0.83867,0.11532,-0.00853,-0.01274,-0.24625,0.00353,-0.00426,0.38127,0.09196,-0.00052,0.83119,0.10874,-0.13667,0.01379,0.73036,0.00700,-0.00876,-0.28510,0.16918,0.00081,0.85015,0.14602,-0.09826,0.01251,-0.20266,-0.01381,-0.00412,-0.30589,0.09219,-0.00310,0.83268,0.11638,-0.05844,0.00097,0.16705,0.02246,-0.00420,0.04454,0.09435,-0.00083,0.95049,0.10577,-0.06235,-0.00254
7.1500,715,1,7.1498,50.08,0.67382,0.05048,0.01138,0.29123,0.10040,-0.00532,0.82004,0.20749,-0.04080,0.04663,-0.24259,0.02847,-0.00164,0.33024,0.12264,0.00901,0.80199,0.12410,-0.08446,-0.08101,0.70898,0.00010,0.04746,-0.37672,0.21428,-0.02108,0.79017,0.11513,-0.16081,-0.25649,-0.17907,-0.15255,0.01929,-0.48182,0.21823,-0.10013,0.78820,0.20471,-0.00337,0.03087,0.14044,0.05277,-0.00114,0.01088,0.01978,0.00839,0.92221,0.12719,-0.06848,-0.00036,0.67768,-0.00217,-0.00472,0.35324,0.09973,-0.00190,0.84438,0.11284,-0.00916,-0.01250,-0.24612,0.00141,-0.00441,0.38588,0.09220,-0.00048,0.83658,0.10684,-0.13598,0.01361,0.73060,0.00265,-0.00898,-0.27666,0.16870,0.00113,0.85742,0.14486,-0.09764,0.01244,-0.20340,-0.01582,-0.00404,-0.30125,0.09364,-0.00285,0.83843,0.11355,-0.05839,0.00100,0.16812,0.02038,-0.00426,0.04926,0.09472,-0.00068,0.95572,0.10354,-0.06247,-0.00248
7.2000,720,1,7.1997,49.91,0.67726,0.05257,0.01138,0.29280,0.07972,-0.00532,0.82958,0.20107,-0.04080,0.04663,-0.23838,0.03353,0.00095,0.34141,0.11815,0.00128,0.81431,0.12852,-0.08820,-0.04950,0.70862,-0.00857,0.02567,-0.36792,0.20166,0.00355,0.79761,0.13533,-0.17330,-0.22072,-0.18592,-0.15194,-0.00078,-0.47295,0.24819,-0.08254,0.79932,0.20952,-0.00514,-0.02850,0.14274,0.04680,0.00293,0.01494,0.03819,-0.00910,0.92836,0.10175,-0.06778,0.00992,0.67752,-0.00445,-0.00458,0.35825,0.10060,-0.00164,0.84995,0.11004,-0.00978,-0.01227,-0.24611,-0.00080,-0.00458,0.39049,0.09243,-0.00044,0.84187,0.10472,-0.13530,0.01342,0.73062,-0.00181,-0.00922,-0.26824,0.16807,0.00144,0.86463,0.14339,-0.09702,0.01235,-0.20424,-0.01778,-0.00396,-0.29653,0.09498,-0.00261,0.84403,0.11043,-0.05834,0.00102,0.16909,0.01828,-0.00432,0.05401,0.09502,-0.00054,0.96084,0.10106,-0.06260,-0.00241
7.2500,725,1,7.2496,49.90,0.67726,0.05257,0.01518,0.29280,0.07972,0.00172,0.82958,0.20107,-0.03605,0.08583,-0.23715,0.02426,0.01563,0.34826,0.12103,0.00250,0.82226,0.14274,-0.09119,-0.07455,0.71224,0.00615,0.00337,-0.35612,0.19334,0.00625,0.81071,0.19513,-0.18373,-0.21062,-0.19291,-0.14529,-0.01883,-0.45901,0.28311,-0.06685,0.80929,0.20456,-0.00799,-0.02482,0.14413,0.03878,0.00066,0.01973,0.06277,-0.01501,0.93374,0.10097,-0.06508,0.07536,0.67724,-0.00666,-0.00442,0.36330,0.10134,-0.00140,0.85538,0.10692,-0.01039,-0.01205,-0.24620,-0.00309,-0.00478,0.39512,0.09263,-0.00039,0.84705,0.10234,-0.13464,0.01323,0.73041,-0.00640,-0.00947,-0.25985,0.16729,0.00175,0.87176,0.14153,-0.09641,0.01225,-0.20518,-0.01970,-0.00389,-0.29175,0.09621,-0.00238,0.84947,0.10703,-0.05829,0.00103,0.16995,0.01615,-0.00436,0.05876,0.09525,-0.00039,0.96582,0.09832,-0.06272,-0.00236
7.3000,730,1,7.2999,50.25,0.68041,0.03052,0.02017,0.30301,0.09747,-0.00497,0.84807,0.16371,-0.03084,0.05571,-0.23715,0.02426,0.01039,0.34826,0.12103,0.00043,0.82226,0.14274,-0.09566,-0.09937,0.71304,0.00991,0.00081,-0.34629,0.18397,0.01009,0.82184,0.21851,-0.19384,-0.17469,-0.20002,-0.13820,-0.03520,-0.44009,0.33865,-0.05369,0.81763,0.18479,-0.00889,-0.00242,0.14582,0.03647,0.00367,0.02385,0.07309,-0.00756,0.93842,0.08130,-0.06011,0.00655,0.67685,-0.00879,-0.00424,0.36838,0.10197,-0.00116,0.86064,0.10349,-0.01098,-0.01183,-0.24642,-0.00549,-0.00500,0.39976,0.09281,-0.00033,0.85210,0.09967,-0.13398,0.01304,0.72998,-0.01111,-0.00975,-0.25151,0.16636,0.00205,0.87878,0.13919,-0.09580,0.01213,-0.20621,-0.02160,-0.00382,-0.28691,0.09732,-0.00215,0.85473,0.10336,-0.05823,0.00104,0.17070,0.01400,-0.00440,0.06353,0.09541,-0.00026,0.97066,0.09530,-0.06283,-0.00230
7.3500,735,1,7.3503,50.41,0.68189,0.02293,0.01954,0.30672,0.09826,0.00338,0.85502,0.14178,-0.02935,0.03920,-0.23473,0.02926,0.00186,0.35210,0.10823,0.00406,0.82703,0.12387,-0.10101,-0.11657,0.71394,0.01578,-0.01276,-0.33691,0.17481,0.01668,0.83239,0.22852,-0.19974,-0.07167,-0.20428,-0.10703,-0.04250,-0.42302,0.35009,-0.03304,0.82617,0.17724,-0.00784,0.05165,0.14730,0.03282,-0.00006,0.02827,0.08170,-0.00971,0.94378,0.11357,-0.05694,-0.09638,0.67636,-0.01082,-0.00404,0.37349,0.10248,-0.00093,0.86572,0.09977,-0.01157,-0.01162,-0.24675,-0.00800,-0.00523,0.40440,0.09295,-0.00026,0.85701,0.09662,-0.13333,0.01285,0.72930,-0.01596,-0.01003,-0.24322,0.16528,0.00236,0.88566,0.13622,-0.09519,0.01201,-0.20734,-0.02345,-0.00376,-0.28202,0.09832,-0.00193,0.85980,0.09940,-0.05818,0.00105,0.17135,0.01183,-0.00442,0.06830,0.09550,-0.00012,0.97535,0.09199,-0.06295,-0.00225
7.4000,740,1,7.3997,49.40,0.68283,0.01369,0.01771,0.31310,0.10046,0.00066,0.86097,0.11492,-0.02792,0.04800,-0.23114,0.02713,0.00658,0.36286,0.10412,0.01119,0.84048,0.13016,-0.10658,-0.14887,0.71504,0.02247,-0.02054,-0.32775,0.17184,0.01380,0.84125,0.19906,-0.20095,0.06486,-0.20722,-0.07443,-0.04892,-0.40883,0.35618,-0.00409,0.83557,0.17318,-0.00499,0.07766,0.14905,0.03329,0.00317,0.03258,0.08702,-0.00751,0.94992,0.12227,-0.06090,-0.16471,0.67577,-0.01275,-0.00385,0.37863,0.10288,-0.00071,0.87061,0.09579,-0.01215,-0.01141,-0.24722,-0.01062,-0.00544,0.40905,0.09306,-0.00018,0.86176,0.09314,-0.13270,0.01266,0.72838,-0.02094,-0.01025,-0.23499,0.16404,0.00269,0.89239,0.13251,-0.09460,0.01188,-0.20856,-0.02528,-0.00369,-0.27708,0.09922,-0.00172,0.86467,0.09516,-0.05813,0.00105,0.17188,0.00966,-0.00444,0.07308,0.09553,0.00000,0.97986,0.08840,-0.06306,-0.00220
7.4500,745,1,7.4495,49.85,0.68364,0.00847,0.01689,0.31650,0.09179,-0.00534,0.86612,0.10501,-0.02578,0.05696,-0.23114,0.02713,0.00928,0.36286,0.10412,0.01069,0.84048,0.13016,-0.11530,-0.17335,0.71724,0.03641,-0.01226,-0.32259,0.14578,0.01212,0.85437,0.21917,-0.19823,0.04244,-0.20966,-0.04656,-0.05056,-0.38853,0.35505,0.01405,0.84318,0.16054,-0.00214,0.06607,0.15097,0.03267,0.00392,0.03714,0.08966,0.00043,0.95545,0.11458,-0.06316,-0.08466,0.67509,-0.01460,-0.00368,0.38378,0.10318,-0.00052,0.87530,0.09152,-0.01271,-0.01121,-0.24782,-0.01333,-0.00559,0.41370,0.09312,-0.00007,0.86632,0.08925,-0.13207,0.01247,0.72721,-0.02600,-0.01040,-0.22682,0.16264,0.00303,0.89890,0.12809,-0.09401,0.01174,-0.20987,-0.02708,-0.00364,-0.27210,0.10001,-0.00151,0.86932,0.09065,-0.05808,0.00105,0.17231,0.00748,-0.00444,0.07785,0.09550,0.00013,0.98418,0.08451,-0.06317,-0.00215
7.5000,750,1,7.4997,50.14,0.68386,0.00017,0.01680,0.32126,0.09493,-0.00814,0.87157,0.10315,-0.02252,0.06781,-0.22916,0.01197,0.01162,0.37310,0.09886,0.01259,0.85434,0.13996,-0.12435,-0.18858,0.71828,0.03522,-0.01692,-0.31053,0.15931,0.00955,0.85972,0.17850,-0.19421,0.06907,-0.21009,-0.01509,-0.03778,-0.37426,0.33917,0.03069,0.85107,0.15198,-0.00069,0.05715,0.15281,0.03303,-0.00536,0.04176,0.08981,0.00094,0.96009,0.06984,-0.06287,-0.01888,0.67431,-0.01637,-0.00354,0.38894,0.10339,-0.00034,0.87976,0.08695,-0.01327,-0.01101,-0.24855,-0.01609,-0.00568,0.41836,0.09312,0.00006,0.87067,0.08499,-0.13145,0.01228,0.72578,-0.03112,-0.01045,-0.21872,0.16106,0.00339,0.90518,0.12299,-0.09342,0.01160,-0.21127,-0.02885,-0.00358,-0.26708,0.10070,-0.00132,0.87373,0.08587,-0.05802,0.00105,0.17263,0.00530,-0.00443,0.08263,0.09540,0.00025,0.98830,0.08032,-0.06327,-0.00211
7.5500,755,1,7.5496,49.94,0.68427,-0.00408,0.01856,0.32539,0.09366,-0.01052,0.87599,0.09512,-0.02035,0.06387,-0.22916,0.01197,0.02509,0.37310,0.09886,0.00988,0.85434,0.13996,-0.13445,-0.19961,0.72007,0.04072,-0.00920,-0.30347,0.15560,-0.00779,0.86864,0.18061,-0.19061,0.08018,-0.20985,0.00359,-0.02639,-0.35557,0.32838,0.04110,0.85812,0.14152,0.00201,0.03286,0.15475,0.03666,-0.00910,0.04642,0.08917,0.00300,0.96452,0.06950,-0.06362,-0.08995,0.67345,-0.01808,-0.00343,0.39412,0.10352,-0.00018,0.88399,0.08208,-0.01381,-0.01081,-0.24943,-0.01889,-0.00572,0.42302,0.09306,0.00021,0.87481,0.08038,-0.13084,0.01209,0.72409,-0.03624,-0.01042,-0.21071,0.15931,0.00376,0.91119,0.11723,-0.09285,0.01145,-0.21275,-0.03059,-0.00353,-0.26203,0.10130,-0.00112,0.87790,0.08081,-0.05797,0.00104,0.17284,0.00314,-0.00441,0.08739,0.09525,0.00037,0.99221,0.07586,-0.06338,-0.00206
7.6000,760,1,7.5996,50.03,0.68353,-0.01386,0.01904,0.32883,0.09459,-0.01505,0.87955,0.08761,-0.01619,0.06841,-0.22774,-0.00698,0.02816,0.38145,0.09167,0.00559,0.86848,0.14423,-0.14386,-0.19727,0.72229,0.04444,-0.00113,-0.29568,0.15464,-0.01227,0.87778,0.19086,-0.18546,0.09531,-0.20950,0.01403,-0.01646,-0.33778,0.31445,0.04648,0.86485,0.12868,0.00317,0.03113,0.15688,0.04371,-0.00230,0.04801,0.07475,0.00543,0.96813,0.06521,-0.07622,-0.08569,0.67250,-0.01974,-0.00334,0.39929,0.10357,-0.00003,0.88796,0.07689,-0.01435,-0.01061,-0.25044,-0.02169,-0.00570,0.42767,0.09292,0.00036,0.87871,0.07545,-0.13024,0.01189,0.72215,-0.04133,-0.01030,-0.20280,0.15737,0.00414,0.91690,0.11086,-0.09228,0.01130,-0.21432,-0.03231,-0.00348,-0.25695,0.10181,-0.00094,0.88181,0.07549,-0.05792,0.00103,0.17295,0.00098,-0.00438,0.09215,0.09504,0.00048,0.99589,0.07112,-0.06348,-0.00202
7.6500,765,1,7.6503,50.62,0.68293,-0.02099,0.01797,0.33366,0.09930,-0.02111,0.88352,0.08434,-0.01317,0.05516,-0.22826,-0.01808,0.02319,0.38532,0.08659,0.00942,0.87523,0.13369,-0.15278,-0.17192,0.72361,0.03922,-0.00307,-0.28473,0.17318,-0.00326,0.88422,0.16930,-0.17918,0.06401,-0.20732,0.03076,-0.00770,-0.32686,0.26217,0.05572,0.87079,0.11824,0.00482,0.06068,0.15845,0.04171,0.00006,0.05172,0.07423,-0.00428,0.97355,0.08429,-0.08290,-0.04018,0.67148,-0.02136,-0.00328,0.40447,0.10355,0.00011,0.89167,0.07140,-0.01487,-0.01042,-0.25160,-0.02447,-0.00563,0.43231,0.09270,0.00053,0.88235,0.07022,-0.12965,0.01170,0.71996,-0.04633,-0.01009,-0.19498,0.15524,0.00452,0.92227,0.10391,-0.09171,0.01115,-0.21598,-0.03401,-0.00344,-0.25185,0.10222,-0.00076,0.88544,0.06991,-0.05787,0.00102,0.17294,-0.00116,-0.00434,0.09690,0.09478,0.00059,0.99932,0.06612,-0.06358,-0.00198
7.7000,770,1,7.6995,49.23,0.68187,-0.02710,0.01611,0.33647,0.10202,-0.02101,0.88717,0.08103,-0.01135,0.05094,-0.22826,-0.01808,0.02484,0.38532,0.08659,0.01094,0.87523,0.13369,-0.16078,-0.14226,0.72529,0.03461,0.00857,-0.27582,0.16325,-0.00023,0.89232,0.15757,-0.17521,0.05507,-0.20601,0.03126,0.00246,-0.31298,0.24177,0.05262,0.87653,0.10659,0.00758,0.05547,0.15999,0.03882,0.00426,0.05603,0.07928,-0.00385,0.98127,0.12748,-0.08691,-0.03102,0.67037,-0.02296,-0.00324,0.40965,0.10346,0.00024,0.89510,0.06561,-0.01539,-0.01024,-0.25289,-0.02720,-0.00550,0.43693,0.09240,0.00070,0.88572,0.06472,-0.12907,0.01151,0.71752,-0.05122,-0.00980,-0.18728,0.15293,0.00490,0.92728,0.09641,-0.09116,0.01099,-0.21773,-0.03569,-0.00340,-0.24673,0.10255,-0.00059,0.88879,0.06408,-0.05782,0.00101,0.17283,-0.00328,-0.00429,0.10163,0.09447,0.00069,1.00249,0.06088,-0.06368,-0.00194
7.7500,775,1,7.7495,50.05,0.68052,-0.03313,0.01145,0.34123,0.11342,-0.01938,0.89047,0.07520,-0.00703,0.03294,-0.23027,-0.03832,0.02511,0.39314,0.08383,0.00552,0.88593,0.10843,-0.16708,-0.15785,0.72665,0.02508,0.01954,-0.27021,0.15281,0.01111,0.90033,0.13519,-0.17298,-0.00564,-0.20383,0.03547,0.00983,-0.30418,0.19388,0.05246,0.88146,0.09539,0.01053,0.08003,0.16152,0.03307,0.01124,0.06143,0.08386,-0.00143,0.98929,0.14242,-0.08899,-0.07432,0.66918,-0.02454,-0.00322,0.41482,0.10331,0.00036,0.89823,0.05955,-0.01590,-0.01005,-0.25432,-0.02986,-0.00532,0.44154,0.09201,0.00087,0.88882,0.05897,-0.12850,0.01132,0.71484,-0.05593,-0.00943,-0.17969,0.15044,0.00526,0.93190,0.08839,-0.09062,0.01083,-0.21955,-0.03735,-0.00337,-0.24160,0.10280,-0.00042,0.89185,0.05801,-0.05777,0.00100,0.17261,-0.00537,-0.00423,0.10634,0.09411,0.00079,1.00540,0.05541,-0.06377,-0.00190
7.8000,780,1,7.7997,50.19,0.67857,-0.04020,0.01095,0.34966,0.13000,-0.02025,0.89436,0.07876,-0.00462,0.02463,-0.23148,-0.04135,0.02051,0.39559,0.07198,0.00388,0.88859,0.08163,-0.17330,-0.13325,0.72582,0.00448,0.02236,-0.25697,0.16323,0.01278,0.90230,0.10792,-0.17429,-0.04228,-0.20243,0.02935,0.01398,-0.29440,0.16983,0.04837,0.88607,0.08888,0.01464,0.08882,0.16314,0.02818,0.00849,0.06589,0.08723,-0.00474,0.99707,0.15305,-0.09281,-0.03082,0.66792,-0.02612,-0.00322,0.41998,0.10311,0.00048,0.90105,0.05321,-0.01639,-0.00987,-0.25587,-0.03241,-0.00509,0.44613,0.09154,0.00104,0.89162,0.05298,-0.12794,0.01113,0.71193,-0.06045,-0.00898,-0.17223,0.14777,0.00561,0.93611,0.07990,-0.09008,0.01067,-0.22146,-0.03900,-0.00334,-0.23645,0.10297,-0.00027,0.89459,0.05171,-0.05772,0.00099,0.17229,-0.00743,-0.00417,0.11104,0.09370,0.00089,1.00803,0.04972,-0.06387,-0.00186
7.8500,785,1,7.8497,49.92,0.67632,-0.04574,0.00895,0.35559,0.13862,-0.01993,0.89797,0.08214,-0.00391,0.03050,-0.23370,-0.04618,0.00994,0.39953,0.07509,0.00192,0.89364,0.08834,-0.17973,-0.13438,0.72467,-0.01417,0.02660,-0.25183,0.14388,0.01423,0.90995,0.12590,-0.17631,-0.06029,-0.20193,0.01652,0.02147,-0.28363,0.15771,0.03510,0.89083,0.08526,0.01913,0.09065,0.16479,0.02868,0.00002,0.07003,0.09094,-0.00048,1.00291,0.14565,-0.09369,0.01146,0.66657,-0.02770,-0.00325,0.42513,0.10284,0.00059,0.90354,0.04662,-0.01688,-0.00969,-0.25755,-0.03485,-0.00482,0.45070,0.09099,0.00120,0.89411,0.04679,-0.12739,0.01095,0.70880,-0.06473,-0.00845,-0.16492,0.14494,0.00594,0.93988,0.07098,-0.08955,0.01050,-0.22345,-0.04062,-0.00331,-0.23130,0.10306,-0.00011,0.89701,0.04519,-0.05767,0.00098,0.17187,-0.00946,-0.00409,0.11571,0.09324,0.00098,1.01037,0.04384,-0.06396,-0.00182
7.9000,790,1,7.9202,70.56,0.67434,-0.04618,0.00575,0.35976,0.13750,-0.01163,0.90095,0.07742,-0.00145,0.03145,-0.23370,-0.04618,0.00569,0.39953,0.07509,-0.00113,0.89364,0.08834,-0.18665,-0.03819,0.72467,-0.01417,0.02660,-0.25183,0.14388,0.01423,0.90995,0.12590,-0.17631,-0.06029,-0.20159,0.00392,0.02526,-0.27465,0.14650,0.02737,0.89517,0.08334,0.02288,0.07204,0.16707,0.03258,0.00818,0.07406,0.08906,0.00569,1.00905,0.12687,-0.09537,-0.00797,0.66514,-0.02931,-0.00330,0.43026,0.10252,0.00071,0.90570,0.03980,-0.01736,-0.00951,-0.25935,-0.03713,-0.00450,0.45523,0.09037,0.00134,0.89629,0.04043,-0.12684,0.01076,0.70546,-0.06873,-0.00786,-0.15774,0.14195,0.00625,0.94320,0.06168,-0.08903,0.01034,-0.22552,-0.04224,-0.00328,-0.22615,0.10308,0.00003,0.89911,0.03848,-0.05762,0.00096,0.17135,-0.01144,-0.00401,0.12036,0.09274,0.00106,1.01241,0.03778,-0.06405,-0.00179
7.9500,795,1,7.9496,29.39,0.67215,-0.04649,0.00139,0.36460,0.13175,-0.00795,0.90442,0.09121,0.00163,0.00527,-0.23803,-0.04641,0.00368,0.40629,0.07939,-0.00555,0.90230,0.09000,-0.18886,-0.03612,0.71990,-0.04457,0.01604,-0.23499,0.14231,0.00282,0.92103,0.13684,-0.18229,-0.05135,-0.20170,-0.00886,0.02252,-0.26750,0.13696,0.02636,0.89909,0.08000,0.02585,0.04635,0.16897,0.03002,0.00936,0.07850,0.08623,0.00630,1.01444,0.10268,-0.09554,0.02728,0.66364,-0.03095,-0.00337,0.43538,0.10215,0.00082,0.90752,0.03275,-0.01783,-0.00933,-0.26127,-0.03925,-0.00413,0.45973,0.08968,0.00148,0.89815,0.03392,-0.12631,0.01057,0.70193,-0.07242,-0.00720,-0.15072,0.13881,0.00652,0.94605,0.05204,-0.08852,0.01017,-0.22767,-0.04384,-0.00326,-0.22100,0.10303,0.00017,0.90086,0.03158,-0.05757,0.00095,0.17073,-0.01339,-0.00392,0.12498,0.09219,0.00115,1.01415,0.03156,-0.06414,-0.00175
8.0000,800,1,8.0001,50.52,0.66978,-0.04963,0.00013,0.37609,0.16331,-0.01351,0.90969,0.10114,0.00168,0.01728,-0.24002,-0.04373,-0.00172,0.40986,0.08353,-0.01023,0.90589,0.08346,-0.19129,-0.01378,0.71579,-0.05681,0.00888,-0.22321,0.15736,-0.00948,0.92396,0.11874,-0.18139,-0.05821,-0.20219,-0.01785,0.01918,-0.26025,0.12526,0.02078,0.90300,0.07649,0.02817,0.02390,0.17087,0.02868,0.00128,0.08284,0.08302,0.01159,1.01916,0.08332,-0.09471,0.03825,0.66205,-0.03262,-0.00347,0.44047,0.10172,0.00094,0.90898,0.02549,-0.01830,-0.00916,-0.26328,-0.04118,-0.00372,0.46420,0.08893,0.00159,0.89968,0.02731,-0.12579,0.01039,0.69823,-0.07578,-0.00647,-0.14386,0.13555,0.00676,0.94840,0.04212,-0.08801,0.01000,-0.22991,-0.04543,-0.00323,-0.21585,0.10292,0.00030,0.90226,0.02452,-0.05752,0.00094,0.17001,-0.01528,-0.00382,0.12958,0.09161,0.00122,1.01557,0.02521,-0.06422,-0.00172
8.0500,805,1,8.0495,49.35,0.66718,-0.04995,-0.00381,0.38359,0.16921,-0.00731,0.91426,0.09934,0.00191,0.01637,-0.24002,-0.04373,-0.00216,0.40986,0.08353,-0.00701,0.90589,0.08346,-0.19007,0.05041,0.71213,-0.06227,0.00590,-0.21453,0.16089,-0.00480,0.92950,0.11845,-0.18370,-0.03563,-0.20298,-0.02515,0.01668,-0.25374,0.11833,0.01766,0.90673,0.07206,0.02936,0.03930,0.17305,0.03070,0.00056,0.08766,0.08200,0.01106,1.02302,0.06617,-0.09211,0.01134,0.66038,-0.03435,-0.00359,0.44555,0.10123,0.00106,0.91007,0.01803,-0.01875,-0.00899,-0.26538,-0.04289,-0.00327,0.46862,0.08812,0.00168,0.90088,0.02063,-0.12527,0.01020,0.69436,-0.07876,-0.00569,-0.13717,0.13219,0.00696,0.95025,0.03197,-0.08752,0.00984,-0.23222,-0.04702,-0.00321,-0.21070,0.10274,0.00043,0.90331,0.01731,-0.05748,0.00092,0.16920,-0.01713,-0.00372,0.13415,0.09099,0.00130,1.01666,0.01873,-0.06431,-0.00168
8.1000,810,1,8.0995,50.04,0.66517,-0.04427,-0.00645,0.38842,0.15983,0.00795,0.91765,0.08590,0.00213,-0.02056,-0.24394,-0.04055,0.00088,0.41677,0.08381,-0.00335,0.91271,0.06356,-0.18789,0.08225,0.71002,-0.05617,0.00434,-0.20855,0.14576,-0.00347,0.93853,0.14772,-0.18521,0.04988,-0.20427,-0.03129,0.01122,-0.24816,0.10968,0.01457,0.91043,0.07033,0.03188,0.05801,0.17536,0.03443,-0.00214,0.09135,0.07608,0.00731,1.02595,0.04412,-0.09261,-0.03459,0.65861,-0.03615,-0.00373,0.45060,0.10068,0.00119,0.91078,0.01036,-0.01919,-0.00882,-0.26756,-0.04437,-0.00278,0.47301,0.08728,0.00175,0.90175,0.01394,-0.12477,0.01002,0.69036,-0.08136,-0.00486,-0.13065,0.12873,0.00712,0.95160,0.02168,-0.08703,0.00967,-0.23461,-0.04859,-0.00319,-0.20557,0.10250,0.00055,0.90399,0.00998,-0.05743,0.00090,0.16830,-0.01893,-0.00362,0.13868,0.09034,0.00136,1.01744,0.01215,-0.06439,-0.00165
8.1500,815,1,8.1499,50.42,0.66265,-0.04399,-0.00622,0.39728,0.16315,0.01159,0.92247,0.08511,0.00006,-0.00015,-0.24394,-0.04055,0.00115,0.41677,0.08381,-0.00263,0.91271,0.06356,-0.18310,0.08586,0.70507,-0.07047,-0.00099,-0.19515,0.17193,-0.00282,0.94272,0.13257,-0.18037,0.05495,-0.20613,-0.04199,0.01377,-0.23987,0.12968,0.00662,0.91351,0.06581,0.03623,0.07839,0.17771,0.03913,0.00325,0.09403,0.06521,0.00744,1.02834,0.05041,-0.09686,-0.07219,0.65676,-0.03802,-0.00390,0.45562,0.10006,0.00132,0.91110,0.00245,-0.01963,-0.00865,-0.26981,-0.04561,-0.00225,0.47735,0.08641,0.00179,0.90228,0.00731,-0.12427,0.00984,0.68623,-0.08353,-0.00399,-0.12430,0.12521,0.00723,0.95242,0.01132,-0.08655,0.00950,-0.23708,-0.05015,-0.00317,-0.20046,0.10220,0.00067,0.90430,0.00255,-0.05739,0.00089,0.16731,-0.02068,-0.00352,0.14318,0.08966,0.00143,1.01788,0.00547,-0.06447,-0.00162
8.2000,820,1,8.2000,50.03,0.66092,-0.03703,-0.00724,0.40228,0.14200,0.01239,0.92581,0.06990,0.00112,-0.00804,-0.24797,-0.04231,0.00460,0.42394,0.08521,-0.00430,0.91856,0.04644,-0.17800,0.11566,0.70019,-0.07663,-0.00373,-0.18601,0.17193,-0.00213,0.94800,0.12835,-0.17576,0.11026,-0.20833,-0.04980,0.01343,-0.23102,0.13819,0.00612,0.91733,0.06691,0.04023,0.06031,0.18008,0.03905,0.01096,0.09720,0.06348,0.00270,1.02993,0.02721,-0.10469,-0.05224,0.65481,-0.03998,-0.00409,0.46060,0.09938,0.00147,0.91102,-0.00573,-0.02006,-0.00848,-0.27212,-0.04658,-0.00169,0.48165,0.08553,0.00180,0.90248,0.00085,-0.12378,0.00966,0.68201,-0.08526,-0.00308,-0.11813,0.12165,0.00729,0.95273,0.00100,-0.08608,0.00934,-0.23962,-0.05170,-0.00315,-0.19535,0.10185,0.00077,0.90424,-0.00494,-0.05734,0.00087,0.16623,-0.02238,-0.00341,0.14764,0.08894,0.00148,1.01798,-0.00130,-0.06455,-0.00158
8.2500,825,1,8.2504,50.46,0.65916,-0.03392,-0.00783,0.41017,0.14237,0.01329,0.92932,0.06415,-0.00104,-0.01327,-0.24797,-0.04231,0.00399,0.42394,0.08521,-0.00440,0.91856,0.04644,-0.17088,0.12237,0.69635,-0.07451,-0.00419,-0.18057,0.15805,0.00894,0.95627,0.12045,-0.16791,0.10597,-0.20986,-0.04806,0.00517,-0.22630,0.12500,0.02008,0.92038,0.06296,0.04221,0.03037,0.18174,0.03106,0.01590,0.10199,0.07184,0.00015,1.03202,0.03442,-0.10477,0.01387,0.65276,-0.04203,-0.00430,0.46555,0.09862,0.00161,0.91052,-0.01426,-0.02048,-0.00832,-0.27447,-0.04726,-0.00111,0.48591,0.08464,0.00181,0.90237,-0.00536,-0.12330,0.00948,0.67772,-0.08654,-0.00214,-0.11213,0.11806,0.00733,0.95252,-0.00920,-0.08561,0.00917,-0.24225,-0.05324,-0.00313,-0.19027,0.10144,0.00088,0.90381,-0.01245,-0.05730,0.00086,0.16507,-0.02403,-0.00331,0.15207,0.08820,0.00154,1.01775,-0.00815,-0.06463,-0.00155
8.3000,830,1,8.3000,49.55,0.65771,-0.02867,-0.00950,0.41584,0.13245,0.01932,0.93176,0.05311,-0.00238,-0.03367,-0.25194,-0.04629,0.00884,0.43204,0.08803,-0.00951,0.92229,0.04296,-0.16529,0.08018,0.69244,-0.06911,-0.01393,-0.17324,0.15077,0.01336,0.96314,0.11664,-0.16354,0.08134,-0.21142,-0.04475,0.00028,-0.22035,0.11718,0.02143,0.92283,0.05355,0.04308,-0.03169,0.18334,0.02535,0.01628,0.10460,0.06517,0.00067,1.03334,0.03817,-0.10515,0.04872,0.65060,-0.04420,-0.00452,0.47046,0.09780,0.00173,0.90959,-0.02300,-0.02089,-0.00815,-0.27684,-0.04766,-0.00052,0.49011,0.08375,0.00182,0.90195,-0.01154,-0.12283,0.00930,0.67337,-0.08736,-0.00121,-0.10632,0.11445,0.00738,0.95180,-0.01966,-0.08516,0.00900,-0.24495,-0.05477,-0.00311,-0.18521,0.10099,0.00097,0.90300,-0.01994,-0.05726,0.00084,0.16383,-0.02563,-0.00321,0.15646,0.08743,0.00159,1.01717,-0.01512,-0.06471,-0.00152
8.3500,835,1,8.3502,50.25,0.65655,-0.02288,-0.01023,0.42145,0.12035,0.01798,0.93423,0.05091,-0.00577,-0.02913,-0.25397,-0.04916,0.01727,0.43570,0.08445,-0.00535,0.92401,0.03529,-0.16126,0.05357,0.68937,-0.05825,-0.02375,-0.16557,0.14442,0.01391,0.96953,0.11944,-0.15495,0.18344,-0.21321,-0.04235,0.00178,-0.21494,0.10876,0.01441,0.92495,0.04350,0.04056,-0.04784,0.18451,0.01570,0.01990,0.11077,0.08300,-0.00261,1.03581,0.03207,-0.09783,0.07269,0.64834,-0.04647,-0.00476,0.47533,0.09693,0.00183,0.90822,-0.03170,-0.02129,-0.00799,-0.27923,-0.04777,0.00008,0.49428,0.08285,0.00186,0.90121,-0.01811,-0.12237,0.00912,0.66899,-0.08773,-0.00028,-0.10069,0.11082,0.00745,0.95054,-0.03100,-0.08471,0.00884,-0.24772,-0.05629,-0.00308,-0.18017,0.10049,0.00106,0.90182,-0.02734,-0.05722,0.00082,0.16251,-0.02718,-0.00312,0.16082,0.08665,0.00163,1.01623,-0.02221,-0.06478,-0.00149
8.4000,840,1,8.3997,49.50,0.65562,-0.01733,-0.01052,0.42694,0.11132,0.01342,0.93637,0.04169,-0.00823,-0.01233,-0.25631,-0.05022,0.00733,0.43948,0.08228,-0.00067,0.92541,0.02591,-0.15781,0.03984,0.68410,-0.06639,-0.01933,-0.15162,0.17455,0.01040,0.96895,0.06315,-0.14614,0.20491,-0.21533,-0.04261,0.00158,-0.20995,0.09995,0.01447,0.92694,0.03385,0.03749,-0.08031,0.18519,0.00831,0.02475,0.11298,0.07333,-0.00273,1.03543,0.01401,-0.09806,0.07893,0.64596,-0.04887,-0.00502,0.48015,0.09601,0.00190,0.90642,-0.04003,-0.02169,-0.00783,-0.28161,-0.04759,0.00068,0.49840,0.08192,0.00193,0.90012,-0.02557,-0.12192,0.00895,0.66460,-0.08764,0.00064,-0.09524,0.10714,0.00755,0.94868,-0.04397,-0.08428,0.00867,-0.25058,-0.05780,-0.00306,-0.17516,0.09995,0.00115,0.90027,-0.03460,-0.05718,0.00081,0.16111,-0.02869,-0.00303,0.16513,0.08584,0.00167,1.01494,-0.02943,-0.06486,-0.00146
8.4500,845,1,8.4500,50.26,0.65503,-0.01128,-0.00962,0.43170,0.10089,0.01262,0.93864,0.04578,-0.00950,-0.01820,-0.25631,-0.05022,0.00580,0.43948,0.08228,-0.00306,0.92541,0.02591,-0.15407,0.09658,0.68102,-0.05388,-0.01596,-0.14710,0.13198,0.01226,0.97367,0.07316,-0.13684,0.20652,-0.21708,-0.04115,-0.00185,-0.20433,0.09892,0.01054,0.92780,0.02114,0.03366,-0.06017,0.18508,-0.00825,0.02827,0.11895,0.09267,-0.00498,1.03727,0.02753,-0.09087,0.07916,0.64345,-0.05140,-0.00528,0.48493,0.09506,0.00194,0.90423,-0.04753,-0.02208,-0.00767,-0.28398,-0.04710,0.00128,0.50247,0.08096,0.00202,0.89862,-0.03454,-0.12148,0.00877,0.66023,-0.08710,0.00153,-0.08998,0.10341,0.00768,0.94610,-0.05939,-0.08385,0.00851,-0.25350,-0.05929,-0.00302,-0.17018,0.09936,0.00122,0.89836,-0.04165,-0.05714,0.00079,0.15964,-0.03016,-0.00295,0.16940,0.08501,0.00170,1.01329,-0.03678,-0.06493,-0.00143
8.5000,850,1,8.4996,49.64,0.65491,-0.00509,-0.00438,0.43583,0.08826,0.01123,0.94089,0.05015,-0.01218,-0.00565,-0.26353,-0.06100,0.00572,0.44560,0.08163,-0.00564,0.93046,0.03194,-0.14991,0.15287,0.67745,-0.05151,-0.02026,-0.13898,0.12570,0.01927,0.97846,0.07646,-0.12575,0.16153,-0.21913,-0.04124,0.00533,-0.19951,0.09345,0.01474,0.92875,0.01715,0.03126,-0.04398,0.18435,-0.02156,0.02389,0.12394,0.09803,-0.00472,1.03849,0.02542,-0.08536,0.08031,0.64081,-0.05405,-0.00553,0.48966,0.09411,0.00193,0.90168,-0.05424,-0.02246,-0.00751,-0.28632,-0.04634,0.00183,0.50649,0.07993,0.00218,0.89664,-0.04479,-0.12104,0.00860,0.65590,-0.08615,0.00233,-0.08490,0.09960,0.00788,0.94270,-0.07681,-0.08343,0.00834,-0.25650,-0.06076,-0.00299,-0.16523,0.09875,0.00130,0.89611,-0.04848,-0.05710,0.00077,0.15810,-0.03158,-0.00288,0.17363,0.08416,0.00174,1.01126,-0.04416,-0.06500,-0.00140
8.5500,855,1,8.5496,50.00,0.65492,-0.00227,0.00061,0.44002,0.08173,0.00682,0.94299,0.04338,-0.01319,0.02928,-0.26630,-0.05558,-0.00568,0.44927,0.08609,-0.00939,0.93107,0.02101,-0.14279,0.14866,0.67472,-0.04406,-0.01574,-0.13546,0.11026,0.00680,0.98282,0.07660,-0.11851,0.16053,-0.22126,-0.04429,0.00718,-0.19505,0.08476,0.02039,0.92958,0.01676,0.02868,-0.05141,0.18345,-0.02720,0.01689,0.12676,0.09018,0.00206,1.03682,-0.02048,-0.08326,0.10648,0.63804,-0.05681,-0.00573,0.49434,0.09318,0.00188,0.89881,-0.06055,-0.02283,-0.00736,-0.28861,-0.04532,0.00228,0.51046,0.07881,0.00238,0.89414,-0.05537,-0.12062,0.00842,0.65162,-0.08484,0.00298,-0.08002,0.09567,0.00813,0.93841,-0.09477,-0.08301,0.00818,-0.25958,-0.06222,-0.00294,-0.16031,0.09809,0.00136,0.89352,-0.05508,-0.05706,0.00076,0.15648,-0.03298,-0.00281,0.17782,0.08331,0.00176,1.00887,-0.05147,-0.06507,-0.00137
8.6000,860,1,8.6570,107.37,0.65488,-0.00259,0.00618,0.44410,0.07973,-0.00064,0.94486,0.03608,-0.01233,0.05005,-0.26630,-0.05558,-0.00645,0.44927,0.08609,-0.01293,0.93107,0.02101,-0.13759,0.06243,0.67259,-0.03773,-0.01631,-0.12800,0.11203,0.00157,0.98512,0.06062,-0.11101,0.16630,-0.22126,-0.04429,0.00718,-0.19505,0.08476,0.02039,0.92958,0.01676,0.02868,-0.05141,0.18223,-0.03306,0.01552,0.13114,0.08961,-0.00133,1.03584,-0.03934,-0.08247,0.12857,0.63513,-0.05966,-0.00586,0.49898,0.09228,0.00180,0.89563,-0.06671,-0.02319,-0.00720,-0.29085,-0.04412,0.00259,0.51437,0.07759,0.00260,0.89111,-0.06556,-0.12020,0.00825,0.64742,-0.08326,0.00340,-0.07533,0.09162,0.00839,0.93324,-0.11205,-0.08261,0.00801,-0.26273,-0.06365,-0.00289,-0.15542,0.09741,0.00142,0.89060,-0.06143,-0.05702,0.00074,0.15480,-0.03435,-0.00276,0.18196,0.08244,0.00178,1.00612,-0.05857,-0.06514,-0.00134
8.6500,865,1,8.7144,57.42,0.65336,-0.00843,0.01063,0.44756,0.07649,-0.00282,0.94461,0.01115,-0.00913,0.02741,-0.26977,-0.04303,-0.00025,0.45896,0.10110,-0.01318,0.92961,-0.00784,-0.13620,-0.07929,0.67078,-0.03055,-0.01762,-0.12262,0.10688,0.00077,0.98655,0.03803,-0.10539,0.06796,-0.22126,-0.04429,0.00718,-0.19505,0.08476,0.02039,0.92958,0.01676,0.02868,-0.05141,0.17831,-0.05232,0.01709,0.13570,0.09949,-0.00221,1.03735,-0.00676,-0.07438,0.14932,0.63208,-0.06255,-0.00590,0.50357,0.09141,0.00172,0.89214,-0.07286,-0.02355,-0.00705,-0.29302,-0.04281,0.00273,0.51822,0.07626,0.00281,0.88760,-0.07482,-0.11979,0.00808,0.64330,-0.08154,0.00357,-0.07086,0.08744,0.00863,0.92724,-0.12769,-0.08221,0.00785,-0.26594,-0.06505,-0.00284,-0.15057,0.09670,0.00148,0.88738,-0.06756,-0.05698,0.00073,0.15305,-0.03569,-0.00272,0.18606,0.08156,0.00180,1.00302,-0.06535,-0.06520,-0.00131
8.7000,870,1,8.7291,14.66,0.65247,-0.01479,0.01130,0.45037,0.07777,-0.00190,0.94429,-0.00731,-0.00755,0.01890,-0.27113,-0.03935,-0.00359,0.46399,0.10722,-0.00970,0.92779,-0.01664,-0.14237,-0.15001,0.67036,-0.01961,-0.00277,-0.12189,0.08699,-0.00187,0.99079,0.03195,-0.09752,0.04375,-0.22126,-0.04429,0.00718,-0.19505,0.08476,0.02039,0.92958,0.01676,0.02868,-0.05141,0.17184,-0.06882,0.00790,0.14665,0.10630,0.00728,1.04253,0.02370,-0.05735,0.14647,0.62888,-0.06543,-0.00583,0.50812,0.09058,0.00166,0.88834,-0.07902,-0.02390,-0.00690,-0.29513,-0.04148,0.00266,0.52200,0.07484,0.00298,0.88365,-0.08279,-0.11939,0.00791,0.63926,-0.07981,0.00344,-0.06659,0.08316,0.00881,0.92051,-0.14102,-0.08182,0.00769,-0.26923,-0.06643,-0.00277,-0.14575,0.09596,0.00153,0.88385,-0.07343,-0.05695,0.00071,0.15123,-0.03702,-0.00270,0.19011,0.08067,0.00181,0.99959,-0.07168,-0.06527,-0.00128
8.7500,875,1,8.7619,32.86,0.65158,-0.02187,0.01045,0.45642,0.08439,-0.00542,0.94436,-0.01035,-0.00740,0.02821,-0.27310,-0.03916,0.00740,0.46995,0.11420,-0.00778,0.92739,-0.01562,-0.15075,-0.15930,0.66954,-0.01764,-0.00277,-0.11748,0.08844,-0.00187,0.99243,0.01849,-0.09752,0.04375,-0.22355,-0.04727,0.00718,-0.19106,0.07459,0.02039,0.93041,0.01623,0.02868,-0.05141,0.17184,-0.06882,0.00790,0.14665,0.10630,0.00728,1.04253,0.02370,-0.05735,0.14647,0.62553,-0.06825,-0.00563,0.51263,0.08978,0.00162,0.88424,-0.08522,-0.02424,-0.00674,-0.29717,-0.04024,0.00238,0.52570,0.07335,0.00309,0.87935,-0.08927,-0.11900,0.00774,0.63531,-0.07822,0.00299,-0.06254,0.07881,0.00890,0.91318,-0.15166,-0.08144,0.00752,-0.27259,-0.06777,-0.00270,-0.14097,0.09520,0.00158,0.88004,-0.07903,-0.05691,0.00069,0.14935,-0.03834,-0.00268,0.19413,0.07979,0.00181,0.99586,-0.07751,-0.06533,-0.00125
8.8000,880,1,8.7998,37.82,0.65038,-0.02693,0.01083,0.46067,0.08828,-0.00867,0.94354,-0.01409,-0.00554,0.01169,-0.27525,-0.04394,0.00942,0.47513,0.11662,-0.00740,0.92526,-0.02308,-0.15718,-0.14470,0.66653,-0.03154,0.00123,-0.10535,0.13201,-0.01121,0.98639,-0.02784,-0.09665,0.00008,-0.22632,-0.05200,0.00757,-0.18673,0.06815,0.02405,0.93148,0.01883,0.02696,-0.00798,0.16830,-0.07260,0.00196,0.15095,0.09993,0.01374,1.04379,0.01883,-0.04964,0.09694,0.62205,-0.07093,-0.00530,0.51710,0.08899,0.00162,0.87982,-0.09138,-0.02457,-0.00659,-0.29915,-0.03919,0.00187,0.52933,0.07183,0.00311,0.87475,-0.09426,-0.11862,0.00757,0.63144,-0.07693,0.00221,-0.05871,0.07445,0.00886,0.90539,-0.15954,-0.08107,0.00736,-0.27601,-0.06908,-0.00263,-0.13623,0.09441,0.00162,0.87595,-0.08434,-0.05688,0.00068,0.14740,-0.03965,-0.00268,0.19809,0.07890,0.00181,0.99185,-0.08281,-0.06539,-0.00122
8.8500,885,1,8.8499,50.13,0.64890,-0.03225,0.01110,0.46519,0.09270,-0.00972,0.94261,-0.01966,-0.00463,0.01427,-0.27761,-0.04629,0.00942,0.48095,0.11865,-0.00740,0.92376,-0.02467,-0.15718,-0.14470,0.66492,-0.03494,0.00760,-0.09827,0.14123,-0.01615,0.98396,-0.05601,-0.09832,0.01831,-0.23482,-0.06252,0.01147,-0.17933,0.03237,0.01629,0.93409,0.01409,0.02454,-0.07135,0.16502,-0.06977,-0.00971,0.15472,0.08854,0.01044,1.04520,0.06099,-0.04623,0.14197,0.61844,-0.07342,-0.00484,0.52153,0.08818,0.00167,0.87510,-0.09739,-0.02490,-0.00644,-0.30109,-0.03844,0.00114,0.53289,0.07031,0.00305,0.86994,-0.09795,-0.11825,0.00740,0.62761,-0.07610,0.00111,-0.05510,0.07014,0.00869,0.89727,-0.16498,-0.08071,0.00720,-0.27949,-0.07035,-0.00254,-0.13153,0.09361,0.00166,0.87161,-0.08930,-0.05685,0.00066,0.14538,-0.04097,-0.00268,0.20202,0.07802,0.00180,0.98759,-0.08757,-0.06545,-0.00119
8.9000,890,1,8.9000,50.06,0.64716,-0.03736,0.01000,0.46994,0.09702,-0.00615,0.94158,-0.02290,-0.00421,0.00361,-0.27962,-0.04351,-0.00593,0.48753,0.12205,-0.00099,0.92224,-0.02491,-0.16347,-0.03081,0.66359,-0.03704,0.01360,-0.09225,0.13170,-0.00419,0.98071,-0.07449,-0.09981,-0.08468,-0.23975,-0.06397,0.00337,-0.18022,0.00899,-0.00027,0.93461,0.00215,0.01445,-0.11314,0.16160,-0.06391,-0.01517,0.15832,0.07903,0.00921,1.04749,0.06664,-0.04065,0.12684,0.61472,-0.07566,-0.00426,0.52592,0.08734,0.00178,0.87009,-0.10298,-0.02522,-0.00629,-0.30301,-0.03810,0.00020,0.53636,0.06885,0.00288,0.86497,-0.10082,-0.11788,0.00723,0.62382,-0.07589,-0.00029,-0.05170,0.06595,0.00837,0.88892,-0.16869,-0.08035,0.00704,-0.28304,-0.07158,-0.00246,-0.12687,0.09278,0.00170,0.86703,-0.09388,-0.05681,0.00065,0.14330,-0.04229,-0.00270,0.20590,0.07714,0.00178,0.98310,-0.09183,-0.06551,-0.00116
8.9500,895,1,8.9501,50.19,0.64516,-0.04236,0.01003,0.47486,0.09941,-0.00447,0.94048,-0.02372,-0.00398,0.02388,-0.28160,-0.04062,-0.00343,0.49432,0.12656,-0.00307,0.92111,-0.02820,-0.16526,-0.12197,0.66092,-0.04577,0.01329,-0.08877,0.10657,0.01703,0.97734,-0.08246,-0.10384,-0.11027,-0.24338,-0.06930,0.00532,-0.17832,0.01733,-0.01512,0.93521,-0.00288,0.00861,-0.13014,0.15813,-0.06016,-0.01076,0.16248,0.07745,0.00666,1.04885,0.04949,-0.03463,0.12628,0.61088,-0.07759,-0.00360,0.53026,0.08643,0.00192,0.86482,-0.10775,-0.02553,-0.00615,-0.30491,-0.03826,-0.00086,0.53977,0.06750,0.00264,0.85986,-0.10359,-0.11752,0.00707,0.62001,-0.07642,-0.00187,-0.04850,0.06194,0.00796,0.88041,-0.17175,-0.08000,0.00688,-0.28665,-0.07276,-0.00237,-0.12225,0.09194,0.00173,0.86223,-0.09803,-0.05678,0.00063,0.14115,-0.04362,-0.00272,0.20973,0.07627,0.00176,0.97841,-0.09565,-0.06557,-0.00114
9.0000,900,1,8.9998,49.66,0.64293,-0.04663,0.00677,0.47989,0.10173,-0.00509,0.93903,-0.03594,-0.00295,0.02809,-0.28343,-0.03807,-0.00343,0.50070,0.12651,-0.00307,0.91962,-0.02613,-0.16526,-0.12197,0.65841,-0.05364,0.01637,-0.08453,0.09077,0.01667,0.97395,-0.08023,-0.10901,-0.01526,-0.24655,-0.07037,0.00876,-0.17856,0.02372,-0.02382,0.93439,-0.01682,0.00271,-0.10374,0.15426,-0.05920,-0.00783,0.16497,0.06718,0.00991,1.04898,0.03543,-0.02934,0.09867,0.60696,-0.07919,-0.00294,0.53456,0.08546,0.00204,0.85933,-0.11153,-0.02583,-0.00600,-0.30684,-0.03895,-0.00195,0.54312,0.06626,0.00241,0.85461,-0.10663,-0.11717,0.00690,0.61616,-0.07773,-0.00349,-0.04550,0.05814,0.00754,0.87175,-0.17476,-0.07966,0.00672,-0.29032,-0.07390,-0.00227,-0.11768,0.09109,0.00176,0.85723,-0.10172,-0.05675,0.00061,0.13894,-0.04496,-0.00274,0.21352,0.07541,0.00174,0.97354,-0.09904,-0.06563,-0.00111
9.0500,905,1,9.0494,49.57,0.64055,-0.04967,0.00645,0.48665,0.11107,-0.00473,0.93640,-0.04693,-0.00370,0.01930,-0.28524,-0.03423,-0.00651,0.50698,0.12309,0.00505,0.91818,-0.02920,-0.17078,-0.07080,0.65583,-0.06073,0.02123,-0.08268,0.07895,0.01142,0.97098,-0.08095,-0.11050,-0.05728,-0.24974,-0.07080,0.00483,-0.17746,0.03334,-0.02566,0.93352,-0.02811,-0.00249,-0.07699,0.15038,-0.05963,-0.00444,0.16676,0.05356,0.01009,1.04629,-0.02115,-0.02791,-0.00052,0.60297,-0.08048,-0.00232,0.53881,0.08444,0.00214,0.85368,-0.11431,-0.02613,-0.00585,-0.30882,-0.04016,-0.00297,0.54640,0.06513,0.00220,0.84919,-0.10995,-0.11683,0.00673,0.61223,-0.07982,-0.00503,-0.04268,0.05454,0.00713,0.86293,-0.17774,-0.07933,0.00656,-0.29404,-0.07499,-0.00218,-0.11314,0.09022,0.00178,0.85207,-0.10495,-0.05672,0.00060,0.13666,-0.04631,-0.00277,0.21727,0.07456,0.00171,0.96852,-0.10203,-0.06568,-0.00108
9.1000,910,1,9.0997,50.37,0.63827,-0.05114,0.00554,0.49223,0.11201,0.00038,0.93362,-0.05834,-0.00343,0.03675,-0.28686,-0.03145,-0.01092,0.51299,0.11755,0.01018,0.91650,-0.03856,-0.17285,0.00448,0.65273,-0.06727,0.01815,-0.07833,0.06776,0.01458,0.96611,-0.09221,-0.11335,-0.07724,-0.25256,-0.07230,0.00822,-0.17588,0.04373,-0.02864,0.93234,-0.04154,-0.00658,-0.05367,0.14673,-0.05975,-0.01341,0.16805,0.04141,0.00478,1.04082,-0.05367,-0.03122,-0.09169,0.59892,-0.08148,-0.00178,0.54300,0.08336,0.00223,0.84791,-0.11635,-0.02642,-0.00571,-0.31086,-0.04184,-0.00386,0.54963,0.06410,0.00200,0.84361,-0.11315,-0.11650,0.00657,0.60817,-0.08263,-0.00640,-0.04004,0.05114,0.00674,0.85398,-0.18015,-0.07901,0.00640,-0.29782,-0.07604,-0.00208,-0.10865,0.08934,0.00180,0.84675,-0.10772,-0.05669,0.00058,0.13431,-0.04767,-0.00279,0.22098,0.07373,0.00168,0.96335,-0.10461,-0.06573,-0.00105
9.1500,915,1,9.1496,49.87,0.63615,-0.05117,0.00659,0.49783,0.11078,0.00324,0.92996,-0.08036,-0.00373,0.02786,-0.28825,-0.03096,-0.00137,0.51874,0.11581,0.00903,0.91223,-0.06560,-0.17465,-0.06362,0.64841,-0.07987,0.01016,-0.06963,0.08910,0.01063,0.95720,-0.12579,-0.11628,-0.03739,-0.25703,-0.07669,0.00983,-0.17277,0.06026,-0.03043,0.92930,-0.06439,-0.00949,-0.03756,0.14353,-0.05503,-0.01990,0.16991,0.03882,-0.00329,1.03600,-0.09685,-0.03859,-0.16383,0.59482,-0.08224,-0.00134,0.54714,0.08225,0.00230,0.84206,-0.11787,-0.02670,-0.00556,-0.31301,-0.04393,-0.00461,0.55281,0.06317,0.00181,0.83789,-0.11584,-0.11618,0.00640,0.60395,-0.08607,-0.00757,-0.03756,0.04793,0.00636,0.84494,-0.18143,-0.07869,0.00624,-0.30164,-0.07703,-0.00199,-0.10421,0.08846,0.00181,0.84130,-0.11007,-0.05666,0.00057,0.13189,-0.04905,-0.00281,0.22464,0.07292,0.00164,0.95806,-0.10674,-0.06579,-0.00103
9.2000,920,1,9.2000,50.40,0.63396,-0.05396,0.00833,0.50437,0.11748,0.00182,0.92532,-0.09903,-0.00264,0.02329,-0.28983,-0.03248,0.00097,0.52486,0.11503,0.00398,0.90880,-0.07884,-0.17634,-0.01062,0.64557,-0.07510,0.01001,-0.06958,0.06627,0.00154,0.95309,-0.11759,-0.11811,-0.05259,-0.25632,-0.07050,0.00477,-0.16423,0.10265,-0.02994,0.92339,-0.08896,0.00920,-0.12242,0.14287,-0.04224,-0.01787,0.17519,0.05693,-0.01168,1.02990,-0.12156,-0.04558,-0.26422,0.59070,-0.08281,-0.00098,0.55123,0.08111,0.00235,0.83613,-0.11899,-0.02697,-0.00541,-0.31526,-0.04634,-0.00521,0.55595,0.06232,0.00164,0.83204,-0.11779,-0.11586,0.00624,0.59955,-0.09003,-0.00853,-0.03524,0.04491,0.00600,0.83586,-0.18121,-0.07838,0.00608,-0.30552,-0.07799,-0.00190,-0.09981,0.08756,0.00183,0.83575,-0.11201,-0.05663,0.00055,0.12940,-0.05043,-0.00283,0.22827,0.07212,0.00160,0.95268,-0.10841,-0.06584,-0.00100
9.2500,925,1,9.2497,49.70,0.63127,-0.05607,0.00680,0.51007,0.11497,0.00738,0.91910,-0.11733,-0.00041,-0.03964,-0.29105,-0.03476,0.00507,0.53007,0.10924,0.01149,0.90363,-0.09219,-0.17617,0.03501,0.64173,-0.07947,0.00613,-0.06412,0.07810,0.00569,0.94519,-0.15199,-0.11922,-0.07234,-0.26063,-0.07290,0.00248,-0.15758,0.11799,-0.02004,0.91736,-0.11144,0.00372,-0.08173,0.14080,-0.03489,-0.01593,0.17861,0.06610,-0.01516,1.02459,-0.10991,-0.05634,-0.30268,0.58655,-0.08322,-0.00072,0.55525,0.07995,0.00238,0.83016,-0.11979,-0.02724,-0.00527,-0.31765,-0.04901,-0.00565,0.55905,0.06156,0.00149,0.82612,-0.11885,-0.11555,0.00607,0.59494,-0.09440,-0.00926,-0.03307,0.04205,0.00565,0.82684,-0.17928,-0.07808,0.00592,-0.30944,-0.07890,-0.00181,-0.09545,0.08667,0.00183,0.83011,-0.11359,-0.05661,0.00054,0.12684,-0.05182,-0.00283,0.23186,0.07135,0.00156,0.94723,-0.10961,-0.06589,-0.00097
9.3000,930,1,9.2997,49.99,0.62838,-0.05945,0.00761,0.51570,0.10950,0.01764,0.91286,-0.13290,-0.00265,-0.00511,-0.29271,-0.04091,0.01180,0.53496,0.10128,0.01729,0.89741,-0.10883,-0.17186,0.04133,0.63772,-0.08339,0.00522,-0.05602,0.09041,-0.00123,0.93486,-0.16883,-0.12238,-0.06234,-0.26356,-0.07377,0.00257,-0.15273,0.12438,-0.00958,0.91263,-0.12453,0.00032,-0.05038,0.13936,-0.02622,-0.01533,0.18203,0.07236,-0.01678,1.01908,-0.11719,-0.06971,-0.30629,0.58238,-0.08352,-0.00054,0.55922,0.07878,0.00240,0.82416,-0.12033,-0.02750,-0.00512,-0.32017,-0.05186,-0.00594,0.56211,0.06086,0.00135,0.82017,-0.11898,-0.11525,0.00591,0.59011,-0.09908,-0.00978,-0.03104,0.03936,0.00533,0.81796,-0.17558,-0.07779,0.00576,-0.31341,-0.07977,-0.00173,-0.09114,0.08577,0.00183,0.82439,-0.11483,-0.05658,0.00052,0.12422,-0.05321,-0.00283,0.23541,0.07060,0.00151,0.94173,-0.11035,-0.06593,-0.00095
9.3500,935,1,9.3495,49.77,0.62507,-0.06383,0.00527,0.51980,0.09794,0.01649,0.90656,-0.13351,-0.00295,0.02547,-0.29271,-0.04091,0.01180,0.53496,0.10128,0.01729,0.89741,-0.10883,-0.17186,0.04133,0.63502,-0.07642,0.00805,-0.05568,0.07230,-0.00583,0.92947,-0.15292,-0.12438,-0.11942,-0.26728,-0.07497,0.00058,-0.14640,0.12813,-0.00245,0.90601,-0.14107,-0.00204,-0.06024,0.13858,-0.01610,-0.01793,0.18564,0.07777,-0.01637,1.01330,-0.11454,-0.08222,-0.26870,0.57820,-0.08376,-0.00045,0.56313,0.07760,0.00240,0.81813,-0.12066,-0.02775,-0.00498,-0.32283,-0.05482,-0.00608,0.56513,0.06023,0.00122,0.81424,-0.11818,-0.11496,0.00574,0.58503,-0.10396,-0.01009,-0.02913,0.03682,0.00502,0.80931,-0.17016,-0.07751,0.00560,-0.31742,-0.08059,-0.00165,-0.08688,0.08487,0.00183,0.81863,-0.11576,-0.05655,0.00051,0.12152,-0.05460,-0.00283,0.23892,0.06986,0.00147,0.93620,-0.11064,-0.06598,-0.00092
9.4000,940,1,9.3996,50.09,0.62173,-0.06665,0.00568,0.52411,0.08994,0.01094,0.90008,-0.13038,-0.00263,0.00866,-0.29734,-0.04999,0.00525,0.54463,0.08843,0.01576,0.88613,-0.11157,-0.16875,0.09274,0.63085,-0.08249,0.00451,-0.04590,0.09614,0.00237,0.91851,-0.17771,-0.12973,-0.08646,-0.27104,-0.07496,-0.00132,-0.13996,0.12916,-0.00079,0.89861,-0.15360,-0.00570,-0.09796,0.13406,-0.01911,-0.01306,0.18644,0.07507,-0.01548,1.00471,-0.11818,-0.09915,-0.21012,0.57400,-0.08397,-0.00042,0.56698,0.07642,0.00240,0.81210,-0.12082,-0.02800,-0.00483,-0.32565,-0.05781,-0.00609,0.56813,0.05966,0.00111,0.80837,-0.11651,-0.11468,0.00557,0.57971,-0.10894,-0.01019,-0.02735,0.03443,0.00473,0.80097,-0.16321,-0.07723,0.00544,-0.32147,-0.08138,-0.00157,-0.08265,0.08397,0.00183,0.81282,-0.11639,-0.05653,0.00049,0.11876,-0.05598,-0.00281,0.24239,0.06915,0.00142,0.93067,-0.11055,-0.06603,-0.00089
9.4500,945,1,9.4495,49.92,0.61833,-0.06987,0.00722,0.52808,0.08301,0.00945,0.89392,-0.12106,-0.00269,0.02135,-0.29734,-0.04999,0.00369,0.54463,0.08843,0.01135,0.88613,-0.11157,-0.16481,0.04991,0.62726,-0.08167,0.00471,-0.04222,0.08857,0.00651,0.90940,-0.18491,-0.13482,-0.10097,-0.27477,-0.07449,-0.00069,-0.13349,0.12951,-0.00038,0.89068,-0.16218,-0.01056,-0.08462,0.13303,-0.01439,-0.00594,0.19141,0.08459,-0.02043,0.99970,-0.10835,-0.10855,-0.15296,0.56980,-0.08419,-0.00047,0.57077,0.07525,0.00238,0.80605,-0.12084,-0.02824,-0.00468,-0.32861,-0.06077,-0.00597,0.57110,0.05914,0.00101,0.80260,-0.11413,-0.11440,0.00541,0.57414,-0.11393,-0.01011,-0.02569,0.03218,0.00445,0.79301,-0.15504,-0.07696,0.00528,-0.32555,-0.08213,-0.00150,-0.07848,0.08308,0.00182,0.80699,-0.11676,-0.05651,0.00047,0.11593,-0.05735,-0.00278,0.24583,0.06847,0.00138,0.92515,-0.11012,-0.06607,-0.00086
9.5000,950,1,9.4997,50.25,0.61494,-0.07129,0.00216,0.53187,0.07546,0.01190,0.88781,-0.11900,-0.00266,0.00654,-0.30332,-0.06017,0.00811,0.55400,0.08890,0.00418,0.87710,-0.09959,-0.15979,0.09785,0.62327,-0.08633,0.01014,-0.03811,0.08525,0.00830,0.89982,-0.19258,-0.14030,-0.06411,-0.27848,-0.07370,-0.00591,-0.12702,0.12931,0.00579,0.88258,-0.16098,-0.01408,-0.00969,0.13239,-0.01157,-0.00003,0.19590,0.09482,-0.01917,0.99500,-0.08888,-0.11582,-0.11293,0.56558,-0.08444,-0.00057,0.57451,0.07409,0.00235,0.80001,-0.12071,-0.02847,-0.00454,-0.33173,-0.06365,-0.00575,0.57405,0.05867,0.00092,0.79696,-0.11124,-0.11414,0.00524,0.56832,-0.11884,-0.00987,-0.02413,0.03006,0.00419,0.78548,-0.14608,-0.07670,0.00511,-0.32968,-0.08285,-0.00143,-0.07435,0.08219,0.00180,0.80115,-0.11687,-0.05648,0.00046,0.11302,-0.05871,-0.00274,0.24924,0.06780,0.00133,0.91966,-0.10945,-0.06611,-0.00084
9.5500,955,1,9.5497,49.94,0.61169,-0.07011,0.00152,0.53539,0.06846,0.00955,0.88160,-0.11908,-0.00247,0.02822,-0.30647,-0.06113,0.00238,0.55782,0.08310,0.00499,0.87084,-0.10343,-0.15487,0.10456,0.61982,-0.08719,0.01352,-0.03531,0.07045,0.01136,0.89198,-0.19175,-0.14430,-0.09398,-0.28210,-0.07061,-0.00489,-0.12063,0.12553,0.01265,0.87472,-0.15198,-0.01269,0.09631,0.13042,-0.01925,0.00446,0.20265,0.11155,-0.01436,0.99110,-0.09060,-0.12075,-0.09404,0.56135,-0.08475,-0.00071,0.57818,0.07294,0.00231,0.79398,-0.12041,-0.02869,-0.00439,-0.33498,-0.06640,-0.00543,0.57697,0.05824,0.00084,0.79148,-0.10817,-0.11388,0.00507,0.56226,-0.12359,-0.00949,-0.02268,0.02806,0.00394,0.77841,-0.13693,-0.07645,0.00495,-0.33384,-0.08353,-0.00136,-0.07026,0.08131,0.00178,0.79531,-0.11674,-0.05646,0.00044,0.11006,-0.06004,-0.00270,0.25261,0.06716,0.00128,0.91421,-0.10861,-0.06615,-0.00081
9.6000,960,1,9.5997,50.03,0.60829,-0.07143,0.00804,0.53880,0.06556,0.00113,0.87564,-0.11447,-0.00156,0.02986,-0.30980,-0.06250,-0.00226,0.56138,0.07248,0.01299,0.86433,-0.10672,-0.14770,0.08740,0.61512,-0.09482,0.01086,-0.03140,0.06695,0.01898,0.88247,-0.18842,-0.14630,-0.06599,-0.28557,-0.06913,0.00453,-0.11452,0.11850,0.01833,0.86748,-0.13792,-0.00727,0.11990,0.12944,-0.01976,0.00517,0.20721,0.11094,-0.00655,0.98527,-0.09444,-0.12831,-0.07136,0.55711,-0.08514,-0.00088,0.58180,0.07182,0.00227,0.78798,-0.11977,-0.02890,-0.00424,-0.33836,-0.06897,-0.00505,0.57987,0.05785,0.00076,0.78614,-0.10537,-0.11363,0.00490,0.55596,-0.12813,-0.00900,-0.02132,0.02619,0.00371,0.77178,-0.12837,-0.07621,0.00478,-0.33803,-0.08418,-0.00130,-0.06622,0.08044,0.00176,0.78948,-0.11637,-0.05644,0.00043,0.10702,-0.06135,-0.00264,0.25596,0.06655,0.00123,0.90880,-0.10770,-0.06619,-0.00078
9.6500,965,1,9.6499,50.20,0.60500,-0.07359,0.00538,0.54233,0.06741,-0.00350,0.86986,-0.11213,-0.00079,0.03915,-0.31323,-0.06776,0.00084,0.56615,0.07100,0.01898,0.86147,-0.08573,-0.14337,0.02574,0.60996,-0.10079,0.00852,-0.02756,0.06576,0.01314,0.87294,-0.18205,-0.14746,-0.07780,-0.28909,-0.07210,0.00453,-0.10882,0.10868,0.01833,0.86079,-0.13108,-0.00727,0.11990,0.12731,-0.02852,0.00577,0.21346,0.12073,-0.00394,0.98263,-0.07911,-0.12997,-0.05757,0.55284,-0.08562,-0.00106,0.58536,0.07072,0.00222,0.78202,-0.11859,-0.02911,-0.00409,-0.34187,-0.07134,-0.00464,0.58275,0.05749,0.00070,0.78093,-0.10339,-0.11339,0.00472,0.54945,-0.13241,-0.00846,-0.02006,0.02442,0.00349,0.76555,-0.12130,-0.07597,0.00461,-0.34226,-0.08480,-0.00123,-0.06221,0.07958,0.00173,0.78368,-0.11578,-0.05642,0.00041,0.10392,-0.06263,-0.00258,0.25927,0.06596,0.00118,0.90344,-0.10679,-0.06623,-0.00075
9.7000,970,1,9.7022,52.27,0.60185,-0.07278,0.00123,0.54605,0.07060,-0.00047,0.86384,-0.11924,0.00132,0.03356,-0.31676,-0.07032,0.00335,0.56827,0.05780,0.02017,0.85463,-0.09826,-0.14140,0.06656,0.60996,-0.10079,-0.00050,-0.02756,0.06576,0.00806,0.87294,-0.18205,-0.15086,-0.06239,-0.28909,-0.07210,0.00985,-0.10882,0.10868,0.02447,0.86079,-0.13108,-0.00054,0.15174,0.12524,-0.03342,0.00071,0.21952,0.12460,-0.00291,0.97954,-0.06619,-0.13325,-0.00782,0.54854,-0.08618,-0.00121,0.58887,0.06965,0.00216,0.77613,-0.11698,-0.02931,-0.00393,-0.34549,-0.07352,-0.00425,0.58562,0.05717,0.00064,0.77579,-0.10219,-0.11316,0.00455,0.54273,-0.13643,-0.00793,-0.01888,0.02276,0.00327,0.75963,-0.11572,-0.07575,0.00444,-0.34651,-0.08539,-0.00117,-0.05826,0.07874,0.00170,0.77791,-0.11500,-0.05640,0.00040,0.10076,-0.06388,-0.00251,0.26255,0.06539,0.00114,0.89812,-0.10593,-0.06627,-0.00072
9.7500,975,1,9.7497,47.50,0.59851,-0.07248,0.00123,0.54992,0.07236,-0.00047,0.85734,-0.12208,0.00132,0.03356,-0.32018,-0.06996,-0.00181,0.57211,0.05150,0.02365,0.85024,-0.09944,-0.13661,0.15955,0.60538,-0.10766,-0.00530,-0.01318,0.13527,0.00025,0.85712,-0.21166,-0.15571,-0.07069,-0.28909,-0.07210,0.00985,-0.10882,0.10868,0.02447,0.86079,-0.13108,-0.00054,0.15174,0.12339,-0.03424,0.00304,0.22462,0.12243,0.00356,0.97547,-0.07400,-0.13578,0.03614,0.54422,-0.08680,-0.00133,0.59233,0.06861,0.00210,0.77032,-0.11519,-0.02951,-0.00378,-0.34922,-0.07551,-0.00388,0.58847,0.05687,0.00058,0.77070,-0.10145,-0.11294,0.00437,0.53581,-0.14019,-0.00742,-0.01778,0.02121,0.00307,0.75396,-0.11122,-0.07553,0.00427,-0.35079,-0.08596,-0.00112,-0.05434,0.07791,0.00167,0.77218,-0.11406,-0.05638,0.00038,0.09753,-0.06509,-0.00244,0.26581,0.06484,0.00109,0.89285,-0.10514,-0.06630,-0.00070
9.8000,980,1,9.8468,97.14,0.59851,-0.07248,0.00123,0.54992,0.07236,-0.00047,0.85734,-0.12208,0.00132,0.03356,-0.32346,-0.06909,-0.00420,0.57423,0.03901,0.02543,0.84450,-0.11210,-0.12903,0.21630,0.59616,-0.09051,-0.01057,-0.00226,0.10200,0.02032,0.83611,-0.18834,-0.15915,-0.07291,-0.29281,-0.07691,0.00812,-0.10369,0.09676,0.02100,0.85437,-0.12531,0.00672,0.14209,0.12127,-0.03778,0.00259,0.23073,0.11895,0.01195,0.97190,-0.07498,-0.13535,0.04624,0.53986,-0.08747,-0.00142,0.59573,0.06759,0.00203,0.76461,-0.11335,-0.02969,-0.00362,-0.35304,-0.07733,-0.00354,0.59131,0.05659,0.00053,0.76564,-0.10098,-0.11272,0.00419,0.52871,-0.14371,-0.00693,-0.01676,0.01975,0.00288,0.74849,-0.10755,-0.07532,0.00409,-0.35511,-0.08649,-0.00106,-0.05046,0.07710,0.00163,0.76650,-0.11298,-0.05636,0.00036,0.09425,-0.06627,-0.00235,0.26904,0.06432,0.00104,0.88761,-0.10442,-0.06634,-0.00067
9.8500,985,1,9.8676,20.74,0.59851,-0.07248,0.00689,0.54992,0.07236,-0.00046,0.85734,-0.12208,0.00383,0.08188,-0.32676,-0.06930,-0.00173,0.57497,0.02135,0.02746,0.83688,-0.13066,-0.11866,0.17852,0.59205,-0.07479,-0.01694,-0.00153,0.04896,0.04186,0.82776,-0.15477,-0.16329,-0.07205,-0.29676,-0.08059,0.00812,-0.09911,0.08671,0.02100,0.84831,-0.11721,0.00672,0.14209,0.11874,-0.04203,-0.00227,0.23727,0.11553,0.01291,0.96880,-0.07707,-0.13092,0.07533,0.53547,-0.08819,-0.00149,0.59909,0.06662,0.00196,0.75899,-0.11155,-0.02987,-0.00345,-0.35695,-0.07899,-0.00323,0.59413,0.05634,0.00049,0.76060,-0.10067,-0.11252,0.00400,0.52144,-0.14699,-0.00646,-0.01580,0.01838,0.00269,0.74319,-0.10451,-0.07512,0.00391,-0.35944,-0.08699,-0.00100,-0.04663,0.07631,0.00159,0.76088,-0.11182,-0.05634,0.00035,0.09091,-0.06740,-0.00227,0.27224,0.06382,0.00099,0.88240,-0.10376,-0.06637,-0.00064
9.9000,990,1,9.9001,32.58,0.59075,-0.08497,0.01543,0.55753,0.07658,-0.00343,0.84455,-0.12439,0.00683,0.02344,-0.33058,-0.07310,0.00216,0.57611,0.01252,0.02124,0.83168,-0.12986,-0.10191,0.18014,0.58834,-0.06825,-0.02450,0.00083,0.02530,0.04917,0.82053,-0.14025,-0.16586,-0.00747,-0.30515,-0.08767,0.00839,-0.09138,0.06659,0.02093,0.83723,-0.10330,0.01977,0.09027,0.11593,-0.04580,0.00137,0.24244,0.10706,0.01785,0.96651,-0.07682,-0.12408,0.08208,0.53104,-0.08893,-0.00153,0.60240,0.06568,0.00188,0.75345,-0.10981,-0.03004,-0.00329,-0.36094,-0.08051,-0.00294,0.59694,0.05611,0.00045,0.75557,-0.10043,-0.11232,0.00381,0.51402,-0.15005,-0.00602,-0.01492,0.01710,0.00251,0.73803,-0.10196,-0.07493,0.00372,-0.36380,-0.08747,-0.00094,-0.04283,0.07554,0.00155,0.75532,-0.11059,-0.05632,0.00033,0.08751,-0.06849,-0.00217,0.27542,0.06335,0.00094,0.87723,-0.10316,-0.06640,-0.00060
9.9500,995,1,9.9502,50.09,0.58253,-0.08806,0.00278,0.56537,0.07649,0.00442,0.83153,-0.12455,0.00769,0.02451,-0.33428,-0.07602,0.00216,0.57625,0.00528,0.02124,0.82369,-0.14132,-0.10191,0.18014,0.58500,-0.06369,-0.02075,0.00179,0.00370,0.04712,0.81372,-0.12369,-0.16696,0.05422,-0.30211,-0.05980,-0.00715,-0.13319,-0.05203,0.01068,0.84254,-0.07731,0.01556,0.02762,0.11355,-0.04917,0.00667,0.24733,0.09676,0.02134,0.96276,-0.07898,-0.11614,0.17315,0.52658,-0.08968,-0.00154,0.60566,0.06478,0.00180,0.74800,-0.10817,-0.03020,-0.00312,-0.36500,-0.08188,-0.00267,0.59974,0.05590,0.00041,0.75056,-0.10023,-0.11214,0.00361,0.50644,-0.15290,-0.00560,-0.01409,0.01591,0.00234,0.73299,-0.09978,-0.07475,0.00353,-0.36819,-0.08792,-0.00088,-0.03908,0.07480,0.00149,0.74982,-0.10932,-0.05631,0.00031,0.08406,-0.06953,-0.00207,0.27858,0.06290,0.00089,0.87209,-0.10260,-0.06643,-0.00057
10.0000,1000,2,10.0001,49.89,0.57828,-0.08990,0.01141,0.56927,0.07476,0.00511,0.82515,-0.12447,0.00855,0.03215,-0.33813,-0.08041,0.00795,0.57586,0.00564,0.00692,0.81568,-0.13077,-0.09221,0.18496,0.58197,-0.05993,-0.01134,0.00069,-0.02246,0.03698,0.80818,-0.10014,-0.16468,0.06350,-0.33304,-0.10560,0.00963,-0.14990,-0.08567,-0.02140,0.82699,-0.10112,0.01010,0.06372,0.10983,-0.05642,0.00396,0.24972,0.07862,0.02419,0.95559,-0.11340,-0.10787,0.20031,0.57828,-0.08990,0.01141,0.56927,0.07476,0.00511,0.82515,-0.12447,0.00855,0.03215,-0.33813,-0.08041,0.00795,0.57586,0.00564,0.00692,0.81568,-0.13077,-0.09221,0.18496,0.58197,-0.05993,-0.01134,0.00069,-0.02246,0.03698,0.80818,-0.10014,-0.16468,0.06350,-0.33304,-0.10560,0.00963,-0.14990,-0.08567,-0.02140,0.82699,-0.10112,0.01010,0.06372,0.10983,-0.05642,0.00396,0.24972,0.07862,0.02419,0.95559,-0.11340,-0.10787,0.20031
10.0500,1005,2,10.0493,49.18,0.57408,-0.09457,0.01297,0.57323,0.07440,0.00278,0.81842,-0.13380,0.01016,0.05369,-0.34261,-0.08221,-0.00913,0.57776,0.02071,-0.01626,0.80973,-0.11202,-0.07950,0.05267,0.57895,-0.06143,-0.00128,-0.00201,-0.03883,0.02711,0.80361,-0.08477,-0.16083,0.07836,-0.33971,-0.11769,0.00908,-0.15480,-0.07520,-0.05962,0.82072,-0.10974,0.00893,0.11710,0.10680,-0.06104,0.00681,0.25440,0.06912,0.02605,0.95059,-0.11052,-0.09726,0.19033,0.57392,-0.08486,0.00920,0.57292,0.07061,0.01123,0.81907,-0.11900,0.01006,0.02824,-0.34208,-0.07804,0.00216,0.57608,0.00403,0.00016,0.80915,-0.13036,-0.08356,0.16175,0.57882,-0.06621,-0.01394,-0.00082,-0.03643,0.02105,0.80294,-0.10867,-0.16171,0.05549,-0.33822,-0.10144,0.00744,-0.15393,-0.07594,-0.01836,0.82186,-0.10388,0.01308,0.05571,0.10705,-0.05507,0.00170,0.25338,0.06844,0.01769,0.94982,-0.11735,-0.09849,0.17527
10.1000,1010,2,10.0998,50.53,0.56886,-0.09975,0.00368,0.57693,0.07389,0.00260,0.81119,-0.13419,0.01459,0.15836,-0.34671,-0.07523,-0.00913,0.57883,0.02755,-0.01626,0.80426,-0.07928,-0.07950,0.05267,0.57552,-0.06858,0.00861,-0.00325,-0.04891,0.02759,0.79912,-0.07525,-0.15744,-0.07938,-0.34569,-0.11919,-0.02608,-0.15783,-0.04484,-0.05315,0.81532,-0.10399,0.01500,0.24146,0.10373,-0.06374,0.00224,0.25643,0.05253,0.01867,0.94353,-0.13549,-0.08992,0.15498,0.56978,-0.08081,0.00738,0.57630,0.06422,0.01442,0.81321,-0.11541,0.01139,0.02487,-0.34597,-0.07791,-0.00130,0.57630,0.00504,-0.00391,0.80267,-0.12882,-0.07599,0.14141,0.57533,-0.07333,-0.01488,-0.00285,-0.04400,0.01061,0.79738,-0.11312,-0.15911,0.04844,-0.34320,-0.09821,0.00584,-0.15752,-0.06759,-0.01575,0.81661,-0.10585,0.01569,0.04871,0.10431,-0.05463,0.00022,0.25661,0.06095,0.01308,0.94388,-0.11974,-0.09029,0.15335
10.1500,1015,2,10.1510,51.20,0.56265,-0.10118,-0.00792,0.58038,0.07192,0.00677,0.80378,-0.12584,0.02341,0.19158,-0.35044,-0.06127,-0.03856,0.58096,0.03158,-0.00779,0.80267,-0.03543,-0.07939,-0.01097,0.57170,-0.06949,-0.00355,-0.00148,-0.03482,0.01180,0.79432,-0.07087,-0.16397,-0.16103,-0.35132,-0.10313,-0.05294,-0.15943,-0.02205,-0.02266,0.81043,-0.09176,0.02674,0.18280,0.10001,-0.06712,-0.01171,0.26077,0.05670,0.01685,0.93893,-0.09500,-0.08259,0.13554,0.56582,-0.07757,0.00587,0.57933,0.05680,0.01553,0.80751,-0.11293,0.01255,0.02196,-0.34989,-0.07906,-0.00315,0.57661,0.00756,-0.00608,0.79628,-0.12654,-0.06937,0.12357,0.57148,-0.08061,-0.01463,-0.00515,-0.04746,0.00400,0.79168,-0.11422,-0.15685,0.04221,-0.34805,-0.09565,0.00464,-0.16071,-0.06045,-0.01340,0.81128,-0.10727,0.01797,0.04258,0.10158,-0.05476,-0.00068,0.25951,0.05540,0.00976,0.93787,-0.12078,-0.08311,0.13417
10.2000,1020,2,10.1999,48.81,0.55707,-0.09577,-0.01798,0.58374,0.06767,0.00926,0.79751,-0.10473,0.03234,0.16910,-0.35355,-0.04296,-0.03856,0.58199,0.03412,-0.00779,0.79966,-0.00044,-0.07939,-0.01097,0.56883,-0.05867,-0.02995,0.00058,-0.01028,-0.01429,0.79063,-0.04243,-0.17252,-0.11844,-0.35581,-0.07595,-0.05156,-0.16021,-0.00916,-0.02879,0.80633,-0.07100,0.03565,0.21348,0.09700,-0.05821,-0.01997,0.26237,0.04126,0.02650,0.93395,-0.07227,-0.07921,0.05837,0.56201,-0.07502,0.00455,0.58198,0.04924,0.01508,0.80191,-0.11116,0.01359,0.01948,-0.35389,-0.08082,-0.00386,0.57707,0.01078,-0.00685,0.79002,-0.12362,-0.06360,0.10789,0.56728,-0.08754,-0.01349,-0.00755,-0.04838,0.00013,0.78601,-0.11232,-0.15488,0.03668,-0.35278,-0.09362,0.00369,-0.16358,-0.05442,-0.01120,0.80589,-0.10828,0.01996,0.03722,0.09883,-0.05523,-0.00117,0.26217,0.05124,0.00731,0.93183,-0.12062,-0.07683,0.11739
10.2500,1025,2,10.2501,50.27,0.55707,-0.09577,-0.01798,0.58374,0.06767,0.00926,0.79751,-0.10473,0.03234,0.16910,-0.35560,-0.02572,-0.03924,0.58432,0.03747,-0.00389,0.80040,0.03515,-0.07944,0.05635,0.56634,-0.04156,-0.03055,0.00022,-0.00481,-0.01666,0.78930,-0.01095,-0.17842,-0.08495,-0.35897,-0.05173,-0.03760,-0.16028,0.00612,-0.01832,0.80345,-0.04446,0.04665,0.19211,0.09374,-0.05159,-0.02018,0.26442,0.03199,0.01706,0.93220,-0.02452,-0.07590,0.04407,0.55831,-0.07308,0.00336,0.58426,0.04223,0.01329,0.79638,-0.11005,0.01451,0.01739,-0.35798,-0.08271,-0.00372,0.57769,0.01409,-0.00648,0.78393,-0.11991,-0.05855,0.09411,0.56274,-0.09372,-0.01157,-0.00996,-0.04791,-0.00170,0.78050,-0.10747,-0.15317,0.03175,-0.35742,-0.09201,0.00290,-0.16617,-0.04946,-0.00901,0.80046,-0.10901,0.02170,0.03252,0.09605,-0.05586,-0.00133,0.26465,0.04814,0.00541,0.92582,-0.11942,-0.07134,0.10270
10.3000,1030,2,10.4578,207.71,0.53993,-0.10180,-0.01798,0.58240,0.05386,0.00926,0.78293,-0.09323,0.03234,0.16910,-0.35774,-0.01889,-0.03379,0.58655,0.03261,0.01120,0.80231,0.04725,-0.07625,0.05894,0.56456,-0.02810,-0.02587,0.00166,0.00791,-0.00675,0.78739,0.00318,-0.18227,-0.00737,-0.36107,-0.03259,-0.03968,-0.15973,0.01395,0.00345,0.80197,-0.01496,0.05577,0.15085,0.09114,-0.04312,-0.02020,0.26704,0.03052,0.00111,0.93289,0.02089,-0.07291,0.02810,0.55469,-0.07171,0.00221,0.58622,0.03641,0.01019,0.79089,-0.10985,0.01533,0.01563,-0.36216,-0.08435,-0.00288,0.57847,0.01697,-0.00505,0.77805,-0.11501,-0.05416,0.08196,0.55792,-0.09877,-0.00889,-0.01233,-0.04698,-0.00186,0.77531,-0.09938,-0.15169,0.02735,-0.36198,-0.09076,0.00218,-0.16854,-0.04560,-0.00669,0.79499,-0.10953,0.02322,0.02842,0.09324,-0.05649,-0.00121,0.26700,0.04588,0.00383,0.91990,-0.11732,-0.06653,0.08984
