t,k,ping,wall,tick_ms,mx0,mxd0,mth0,my0,myd0,mph0,mz0,mzd0,mps0,mr0,mx1,mxd1,mth1,my1,myd1,mph1,mz1,mzd1,mps1,mr1,mx2,mxd2,mth2,my2,myd2,mph2,mz2,mzd2,mps2,mr2,mx3,mxd3,mth3,my3,myd3,mph3,mz3,mzd3,mps3,mr3,mx4,mxd4,mth4,my4,myd4,mph4,mz4,mzd4,mps4,mr4,px0,pxd0,pth0,py0,pyd0,pph0,pz0,pzd0,pps0,pr0,px1,pxd1,pth1,py1,pyd1,pph1,pz1,pzd1,pps1,pr1,px2,pxd2,pth2,py2,pyd2,pph2,pz2,pzd2,pps2,pr2,px3,pxd3,pth3,py3,pyd3,pph3,pz3,pzd3,pps3,pr3,px4,pxd4,pth4,py4,pyd4,pph4,pz4,pzd4,pps4,pr4
0.0000,0,0,0.0000,0.00,0.55000,0.00000,0.00000,0.39000,0.00000,0.00000,0.60000,0.00000,0.00000,0.00000,-0.35000,0.00000,0.00000,0.39000,0.00000,0.00000,0.60000,0.00000,0.00000,0.00000,0.55000,0.00000,0.00000,-0.25000,0.00000,0.00000,0.60000,0.00000,0.00000,0.00000,-0.35000,0.00000,0.00000,-0.25000,0.00000,0.00000,0.60000,0.00000,0.00000,0.00000,0.10000,0.00000,0.00000,0.07000,0.00000,0.00000,0.72000,0.00000,0.00000,0.00000,0.55000,0.00000,0.00000,0.39000,0.00000,0.00000,0.60000,0.00000,0.00000,0.00000,-0.35000,0.00000,0.00000,0.39000,0.00000,0.00000,0.60000,0.00000,0.00000,0.00000,0.55000,0.00000,0.00000,-0.25000,0.00000,0.00000,0.60000,0.00000,0.00000,0.00000,-0.35000,0.00000,0.00000,-0.25000,0.00000,0.00000,0.60000,0.00000,0.00000,0.00000,0.10000,0.00000,0.00000,0.07000,0.00000,0.00000,0.72000,0.00000,0.00000,0.00000
0.0500,5,0,0.0502,50.18,0.55000,0.00000,0.00000,0.39000,0.00000,0.00000,0.60000,0.00000,0.00000,0.00000,-0.35000,0.00000,0.00000,0.39000,0.00000,0.00000,0.60000,0.00000,0.00000,0.00000,0.55000,0.00000,0.00000,-0.25000,0.00000,0.00000,0.60000,0.00000,0.00000,0.00000,-0.35000,0.00000,0.00000,-0.25000,0.00000,0.00000,0.60000,0.00000,0.00000,0.00000,0.10000,0.00000,0.00000,0.07000,0.00000,0.00000,0.72000,0.00000,0.00000,0.00000,0.55000,0.00002,0.00001,0.39001,0.00032,-0.00112,0.60011,0.00422,0.00000,0.00000,-0.35002,-0.00093,-0.00346,0.38997,-0.00167,0.00620,0.60008,0.00310,0.00000,0.00000,0.54997,-0.00194,-0.00728,-0.25004,-0.00256,0.00957,0.60003,0.00134,0.00000,0.00000,-0.35000,-0.00015,-0.00057,-0.25000,-0.00027,0.00103,0.60012,0.00476,0.00000,0.00000,0.10000,-0.00029,-0.00109,0.06999,-0.00043,0.00166,0.72009,0.00360,0.00000,0.00000
0.1000,10,0,0.1005,50.35,0.55000,0.00000,0.00000,0.39000,0.00000,0.00000,0.60000,0.00000,0.00000,0.00000,-0.35000,0.00000,0.00000,0.39000,0.00000,0.00000,0.60000,0.00000,0.00000,0.00000,0.55000,0.00000,0.00000,-0.25000,0.00000,0.00000,0.60000,0.00000,0.00000,0.00000,-0.35000,0.00000,0.00000,-0.25000,0.00000,0.00000,0.60000,0.00000,0.00000,0.00000,0.10000,0.00000,0.00000,0.07000,0.00000,0.00000,0.72000,0.00000,0.00000,0.00000,0.55000,-0.00004,-0.00029,0.39004,0.00096,-0.00136,0.60042,0.00836,0.00000,0.00000,-0.35011,-0.00312,-0.00523,0.38980,-0.00561,0.00950,0.60031,0.00613,0.00000,0.00000,0.54976,-0.00663,-0.01137,-0.25032,-0.00868,0.01478,0.60014,0.00278,0.00000,0.00000,-0.35002,-0.00053,-0.00094,-0.25003,-0.00096,0.00173,0.60047,0.00939,0.00000,0.00000,0.09996,-0.00100,-0.00178,0.06995,-0.00153,0.00273,0.72036,0.00712,0.00000,0.00000
0.1500,15,0,0.1501,49.56,0.55000,0.00000,0.00000,0.39000,0.00000,0.00000,0.60000,0.00000,0.00000,0.00000,-0.35000,0.00000,0.00000,0.39000,0.00000,0.00000,0.60000,0.00000,0.00000,0.00000,0.55000,0.00000,0.00000,-0.25000,0.00000,0.00000,0.60000,0.00000,0.00000,0.00000,-0.35000,0.00000,0.00000,-0.25000,0.00000,0.00000,0.60000,0.00000,0.00000,0.00000,0.10000,0.00000,0.00000,0.07000,0.00000,0.00000,0.72000,0.00000,0.00000,0.00000,0.54999,-0.00029,-0.00074,0.39010,0.00157,-0.00108,0.60094,0.01245,0.00000,0.00000,-0.35034,-0.00588,-0.00591,0.38939,-0.01068,0.01089,0.60069,0.00908,0.00000,0.00000,0.54928,-0.01276,-0.01336,-0.25094,-0.01659,0.01708,0.60031,0.00435,0.00000,0.00000,-0.35006,-0.00105,-0.00118,-0.25010,-0.00193,0.00220,0.60106,0.01390,0.00000,0.00000,0.09989,-0.00199,-0.00220,0.06983,-0.00305,0.00339,0.72080,0.01058,0.00000,0.00000
0.2000,20,0,0.2001,49.99,0.55000,0.00000,0.00000,0.39000,0.00000,0.00000,0.60000,0.00000,0.00000,0.00000,-0.35000,0.00000,0.00000,0.39000,0.00000,0.00000,0.60000,0.00000,0.00000,0.00000,0.55000,0.00000,0.00000,-0.25000,0.00000,0.00000,0.60000,0.00000,0.00000,0.00000,-0.35000,0.00000,0.00000,-0.25000,0.00000,0.00000,0.60000,0.00000,0.00000,0.00000,0.10000,0.00000,0.00000,0.07000,0.00000,0.00000,0.72000,0.00000,0.00000,0.00000,0.54997,-0.00077,-0.00123,0.39019,0.00196,-0.00050,0.60167,0.01654,0.00000,0.00000,-0.35070,-0.00880,-0.00592,0.38872,-0.01610,0.01105,0.60122,0.01197,0.00000,0.00000,0.54847,-0.01951,-0.01399,-0.25198,-0.02513,0.01749,0.60057,0.00612,0.00000,0.00000,-0.35013,-0.00167,-0.00131,-0.25023,-0.00309,0.00251,0.60186,0.01832,0.00000,0.00000,0.09976,-0.00313,-0.00243,0.06964,-0.00481,0.00377,0.72142,0.01398,0.00000,0.00000
0.2500,25,0,0.2501,50.03,0.55000,0.00000,0.00000,0.39000,0.00000,0.00000,0.60000,0.00000,0.00000,0.00000,-0.35000,0.00000,0.00000,0.39000,0.00000,0.00000,0.60000,0.00000,0.00000,0.00000,0.55000,0.00000,0.00000,-0.25000,0.00000,0.00000,0.60000,0.00000,0.00000,0.00000,-0.35000,0.00000,0.00000,-0.25000,0.00000,0.00000,0.60000,0.00000,0.00000,0.00000,0.10000,0.00000,0.00000,0.07000,0.00000,0.00000,0.72000,0.00000,0.00000,0.00000,0.54991,-0.00150,-0.00170,0.39029,0.00203,0.00022,0.60259,0.02064,0.00000,0.00000,-0.35122,-0.01162,-0.00553,0.38778,-0.02140,0.01045,0.60189,0.01480,0.00000,0.00000,0.54733,-0.02635,-0.01378,-0.25345,-0.03355,0.01669,0.60093,0.00814,0.00000,0.00000,-0.35023,-0.00233,-0.00138,-0.25042,-0.00437,0.00273,0.60289,0.02264,0.00000,0.00000,0.09958,-0.00435,-0.00252,0.06935,-0.00671,0.00394,0.72220,0.01736,0.00000,0.00000
0.3000,30,0,0.3001,50.04,0.55000,0.00000,0.00000,0.39000,0.00000,0.00000,0.60000,0.00000,0.00000,0.00000,-0.35000,0.00000,0.00000,0.39000,0.00000,0.00000,0.60000,0.00000,0.00000,0.00000,0.55000,0.00000,0.00000,-0.25000,0.00000,0.00000,0.60000,0.00000,0.00000,0.00000,-0.35000,0.00000,0.00000,-0.25000,0.00000,0.00000,0.60000,0.00000,0.00000,0.00000,0.10000,0.00000,0.00000,0.07000,0.00000,0.00000,0.72000,0.00000,0.00000,0.00000,0.54981,-0.00244,-0.00212,0.39039,0.00174,0.00099,0.60373,0.02481,0.00000,0.00000,-0.35186,-0.01420,-0.00495,0.38659,-0.02628,0.00940,0.60270,0.01761,0.00000,0.00000,0.54584,-0.03295,-0.01307,-0.25533,-0.04138,0.01515,0.60139,0.01050,0.00000,0.00000,-0.35036,-0.00301,-0.00140,-0.25067,-0.00575,0.00287,0.60413,0.02689,0.00000,0.00000,0.09933,-0.00559,-0.00252,0.06896,-0.00866,0.00397,0.72315,0.02073,0.00000,0.00000
0.3500,35,0,0.3501,49.94,0.55000,0.00000,0.00000,0.39000,0.00000,0.00000,0.60000,0.00000,0.00000,0.00000,-0.35000,0.00000,0.00000,0.39000,0.00000,0.00000,0.60000,0.00000,0.00000,0.00000,0.55000,0.00000,0.00000,-0.25000,0.00000,0.00000,0.60000,0.00000,0.00000,0.00000,-0.35000,0.00000,0.00000,-0.25000,0.00000,0.00000,0.60000,0.00000,0.00000,0.00000,0.10000,0.00000,0.00000,0.07000,0.00000,0.00000,0.72000,0.00000,0.00000,0.00000,0.54967,-0.00356,-0.00245,0.39046,0.00106,0.00174,0.60508,0.02903,0.00000,0.00000,-0.35263,-0.01646,-0.00428,0.38517,-0.03057,0.00809,0.60365,0.02041,0.00000,0.00000,0.54404,-0.03913,-0.01210,-0.25758,-0.04835,0.01318,0.60199,0.01330,0.00000,0.00000,-0.35053,-0.00370,-0.00139,-0.25099,-0.00718,0.00296,0.60557,0.03106,0.00000,0.00000,0.09902,-0.00681,-0.00245,0.06848,-0.01060,0.00390,0.72427,0.02411,0.00000,0.00000
0.4000,40,0,0.4002,50.10,0.55000,0.00000,0.00000,0.39000,0.00000,0.00000,0.60000,0.00000,0.00000,0.00000,-0.35000,0.00000,0.00000,0.39000,0.00000,0.00000,0.60000,0.00000,0.00000,0.00000,0.55000,0.00000,0.00000,-0.25000,0.00000,0.00000,0.60000,0.00000,0.00000,0.00000,-0.35000,0.00000,0.00000,-0.25000,0.00000,0.00000,0.60000,0.00000,0.00000,0.00000,0.10000,0.00000,0.00000,0.07000,0.00000,0.00000,0.72000,0.00000,0.00000,0.00000,0.54946,-0.00482,-0.00268,0.39049,0.00003,0.00245,0.60664,0.03333,0.00000,0.00000,-0.35350,-0.01839,-0.00360,0.38354,-0.03419,0.00666,0.60474,0.02328,0.00000,0.00000,0.54194,-0.04480,-0.01102,-0.26015,-0.05428,0.01098,0.60273,0.01667,0.00000,0.00000,-0.35073,-0.00437,-0.00135,-0.25139,-0.00865,0.00303,0.60723,0.03515,0.00000,0.00000,0.09865,-0.00799,-0.00234,0.06791,-0.01248,0.00376,0.72556,0.02753,0.00000,0.00000
0.4500,45,0,0.4501,49.90,0.55000,0.00000,0.00000,0.39000,0.00000,0.00000,0.60000,0.00000,0.00000,0.00000,-0.35000,0.00000,0.00000,0.39000,0.00000,0.00000,0.60000,0.00000,0.00000,0.00000,0.55000,0.00000,0.00000,-0.25000,0.00000,0.00000,0.60000,0.00000,0.00000,0.00000,-0.35000,0.00000,0.00000,-0.25000,0.00000,0.00000,0.60000,0.00000,0.00000,0.00000,0.10000,0.00000,0.00000,0.07000,0.00000,0.00000,0.72000,0.00000,0.00000,0.00000,0.54918,-0.00617,-0.00282,0.39046,-0.00133,0.00309,0.60841,0.03767,0.00000,0.00000,-0.35446,-0.02001,-0.00298,0.38176,-0.03710,0.00520,0.60598,0.02630,0.00000,0.00000,0.53957,-0.04994,-0.00993,-0.26299,-0.05910,0.00869,0.60367,0.02078,0.00000,0.00000,-0.35096,-0.00502,-0.00129,-0.25186,-0.01015,0.00306,0.60909,0.03915,0.00000,0.00000,0.09822,-0.00910,-0.00220,0.06724,-0.01428,0.00358,0.72703,0.03100,0.00000,0.00000
0.5000,50,1,0.5001,50.07,0.55000,0.00000,0.00000,0.39000,0.00000,0.00000,0.60000,0.00000,0.00000,0.00000,-0.35000,0.00000,0.00000,0.39000,0.00000,0.00000,0.60000,0.00000,0.00000,0.00000,0.55000,0.00000,0.00000,-0.25000,0.00000,0.00000,0.60000,0.00000,0.00000,0.00000,-0.35000,0.00000,0.00000,-0.25000,0.00000,0.00000,0.60000,0.00000,0.00000,0.00000,0.10000,0.00000,0.00000,0.07000,0.00000,0.00000,0.72000,0.00000,0.00000,0.00000,0.55000,0.00000,0.00000,0.39000,0.00000,0.00000,0.60000,0.00000,0.00000,0.00000,-0.35000,0.00000,0.00000,0.39000,0.00000,0.00000,0.60000,0.00000,0.00000,0.00000,0.55000,0.00000,0.00000,-0.25000,0.00000,0.00000,0.60000,0.00000,0.00000,0.00000,-0.35000,0.00000,0.00000,-0.25000,0.00000,0.00000,0.60000,0.00000,0.00000,0.00000,0.10000,0.00000,0.00000,0.07000,0.00000,0.00000,0.72000,0.00000,0.00000,0.00000
0.5500,55,1,0.5501,49.93,0.55000,0.00000,0.00000,0.39000,0.00000,0.00000,0.60000,0.00000,0.00000,0.00000,-0.35000,0.00000,0.00000,0.39000,0.00000,0.00000,0.60000,0.00000,0.00000,0.00000,0.55000,0.00000,0.00000,-0.25000,0.00000,0.00000,0.60000,0.00000,0.00000,0.00000,-0.35000,0.00000,0.00000,-0.25000,0.00000,0.00000,0.60000,0.00000,0.00000,0.00000,0.10000,0.00000,0.00000,0.07000,0.00000,0.00000,0.72000,0.00000,0.00000,0.00000,0.55000,0.00006,0.00021,0.39000,0.00015,-0.00048,0.60025,0.00977,0.00000,0.00000,-0.35001,-0.00083,-0.00310,0.38998,-0.00113,0.00415,0.60018,0.00725,0.00000,0.00000,0.54997,-0.00184,-0.00695,-0.25003,-0.00161,0.00596,0.60033,0.01325,0.00000,0.00000,-0.35000,-0.00003,-0.00011,-0.25001,-0.00031,0.00120,0.60022,0.00873,0.00000,0.00000,0.10000,-0.00023,-0.00087,0.06999,-0.00032,0.00121,0.72019,0.00751,0.00000,0.00000
0.6000,60,1,0.6002,50.08,0.55000,0.00000,0.00000,0.39000,0.00000,0.00000,0.60000,0.00000,0.00000,0.00000,-0.35000,0.00000,0.00000,0.39000,0.00000,0.00000,0.60000,0.00000,0.00000,0.00000,0.55000,0.00000,0.00000,-0.25000,0.00000,0.00000,0.60000,0.00000,0.00000,0.00000,-0.35000,0.00000,0.00000,-0.25000,0.00000,0.00000,0.60000,0.00000,0.00000,0.00000,0.10000,0.00000,0.00000,0.07000,0.00000,0.00000,0.72000,0.00000,0.00000,0.00000,0.55001,0.00017,0.00021,0.39002,0.00037,-0.00034,0.60097,0.01888,0.00000,0.00000,-0.35010,-0.00282,-0.00486,0.38986,-0.00373,0.00619,0.60073,0.01465,0.00000,0.00000,0.54977,-0.00637,-0.01112,-0.25020,-0.00536,0.00893,0.60133,0.02661,0.00000,0.00000,-0.35000,-0.00010,-0.00017,-0.25004,-0.00111,0.00201,0.60087,0.01708,0.00000,0.00000,0.09997,-0.00080,-0.00142,0.06996,-0.00112,0.00200,0.72075,0.01474,0.00000,0.00000
0.6500,65,1,0.6501,49.91,0.55000,0.00000,0.00000,0.39000,0.00000,0.00000,0.60000,0.00000,0.00000,0.00000,-0.35000,0.00000,0.00000,0.39000,0.00000,0.00000,0.60000,0.00000,0.00000,0.00000,0.55000,0.00000,0.00000,-0.25000,0.00000,0.00000,0.60000,0.00000,0.00000,0.00000,-0.35000,0.00000,0.00000,-0.25000,0.00000,0.00000,0.60000,0.00000,0.00000,0.00000,0.10000,0.00000,0.00000,0.07000,0.00000,0.00000,0.72000,0.00000,0.00000,0.00000,0.55002,0.00025,0.00010,0.39004,0.00043,0.00013,0.60212,0.02737,0.00000,0.00000,-0.35031,-0.00545,-0.00574,0.38960,-0.00698,0.00689,0.60165,0.02209,0.00000,0.00000,0.54931,-0.01245,-0.01342,-0.25058,-0.01007,0.01001,0.60299,0.03996,0.00000,0.00000,-0.35001,-0.00020,-0.00021,-0.25012,-0.00224,0.00254,0.60192,0.02501,0.00000,0.00000,0.09991,-0.00159,-0.00174,0.06988,-0.00223,0.00250,0.72166,0.02168,0.00000,0.00000
0.7000,70,1,0.7001,50.03,0.55000,0.00000,0.00000,0.39000,0.00000,0.00000,0.60000,0.00000,0.00000,0.00000,-0.35000,0.00000,0.00000,0.39000,0.00000,0.00000,0.60000,0.00000,0.00000,0.00000,0.55000,0.00000,0.00000,-0.25000,0.00000,0.00000,0.60000,0.00000,0.00000,0.00000,-0.35000,0.00000,0.00000,-0.25000,0.00000,0.00000,0.60000,0.00000,0.00000,0.00000,0.10000,0.00000,0.00000,0.07000,0.00000,0.00000,0.72000,0.00000,0.00000,0.00000,0.55003,0.00026,-0.00005,0.39005,0.00022,0.00077,0.60369,0.03533,0.00000,0.00000,-0.35065,-0.00836,-0.00606,0.38916,-0.01036,0.00678,0.60293,0.02941,0.00000,0.00000,0.54851,-0.01934,-0.01449,-0.25121,-0.01499,0.00990,0.60532,0.05307,0.00000,0.00000,-0.35002,-0.00030,-0.00022,-0.25027,-0.00357,0.00289,0.60336,0.03250,0.00000,0.00000,0.09981,-0.00249,-0.00190,0.06973,-0.00354,0.00279,0.72291,0.02830,0.00000,0.00000
0.7500,75,1,0.7501,50.01,0.55000,0.00000,0.00000,0.39000,0.00000,0.00000,0.60000,0.00000,0.00000,0.00000,-0.35000,0.00000,0.00000,0.39000,0.00000,0.00000,0.60000,0.00000,0.00000,0.00000,0.55000,0.00000,0.00000,-0.25000,0.00000,0.00000,0.60000,0.00000,0.00000,0.00000,-0.35000,0.00000,0.00000,-0.25000,0.00000,0.00000,0.60000,0.00000,0.00000,0.00000,0.10000,0.00000,0.00000,0.07000,0.00000,0.00000,0.72000,0.00000,0.00000,0.00000,0.55004,0.00020,-0.00020,0.39005,-0.00033,0.00145,0.60565,0.04279,0.00000,0.00000,-0.35114,-0.01134,-0.00603,0.38856,-0.01355,0.00619,0.60458,0.03647,0.00000,0.00000,0.54737,-0.02653,-0.01475,-0.25207,-0.01967,0.00910,0.60829,0.06575,0.00000,0.00000,-0.35004,-0.00040,-0.00021,-0.25048,-0.00505,0.00311,0.60516,0.03953,0.00000,0.00000,0.09966,-0.00344,-0.00195,0.06952,-0.00495,0.00294,0.72448,0.03459,0.00000,0.00000
0.8000,80,1,0.8003,50.23,0.55000,0.00000,0.00000,0.39000,0.00000,0.00000,0.60000,0.00000,0.00000,0.00000,-0.35000,0.00000,0.00000,0.39000,0.00000,0.00000,0.60000,0.00000,0.00000,0.00000,0.55000,0.00000,0.00000,-0.25000,0.00000,0.00000,0.60000,0.00000,0.00000,0.00000,-0.35000,0.00000,0.00000,-0.25000,0.00000,0.00000,0.60000,0.00000,0.00000,0.00000,0.10000,0.00000,0.00000,0.07000,0.00000,0.00000,0.72000,0.00000,0.00000,0.00000,0.55005,0.00007,-0.00032,0.39002,-0.00120,0.00210,0.60796,0.04976,0.00000,0.00000,-0.35178,-0.01424,-0.00578,0.38781,-0.01639,0.00536,0.60658,0.04319,0.00000,0.00000,0.54586,-0.03372,-0.01447,-0.25317,-0.02385,0.00793,0.61188,0.07783,0.00000,0.00000,-0.35006,-0.00050,-0.00019,-0.25077,-0.00661,0.00325,0.60731,0.04609,0.00000,0.00000,0.09947,-0.00439,-0.00192,0.06924,-0.00640,0.00299,0.72636,0.04051,0.00000,0.00000
0.8500,85,1,0.8501,49.78,0.55000,0.00000,0.00000,0.39000,0.00000,0.00000,0.60000,0.00000,0.00000,0.00000,-0.35000,0.00000,0.00000,0.39000,0.00000,0.00000,0.60000,0.00000,0.00000,0.00000,0.55000,0.00000,0.00000,-0.25000,0.00000,0.00000,0.60000,0.00000,0.00000,0.00000,-0.35000,0.00000,0.00000,-0.25000,0.00000,0.00000,0.60000,0.00000,0.00000,0.00000,0.10000,0.00000,0.00000,0.07000,0.00000,0.00000,0.72000,0.00000,0.00000,0.00000,0.55005,-0.00011,-0.00040,0.38993,-0.00238,0.00269,0.61062,0.05623,0.00000,0.00000,-0.35257,-0.01699,-0.00540,0.38693,-0.01880,0.00444,0.60889,0.04947,0.00000,0.00000,0.54400,-0.04067,-0.01385,-0.25445,-0.02742,0.00660,0.61606,0.08918,0.00000,0.00000,-0.35009,-0.00059,-0.00017,-0.25114,-0.00823,0.00333,0.60976,0.05217,0.00000,0.00000,0.09922,-0.00530,-0.00182,0.06888,-0.00787,0.00297,0.72853,0.04603,0.00000,0.00000
0.9000,90,1,0.9001,49.99,0.55000,0.00000,0.00000,0.39000,0.00000,0.00000,0.60000,0.00000,0.00000,0.00000,-0.35000,0.00000,0.00000,0.39000,0.00000,0.00000,0.60000,0.00000,0.00000,0.00000,0.55000,0.00000,0.00000,-0.25000,0.00000,0.00000,0.60000,0.00000,0.00000,0.00000,-0.35000,0.00000,0.00000,-0.25000,0.00000,0.00000,0.60000,0.00000,0.00000,0.00000,0.10000,0.00000,0.00000,0.07000,0.00000,0.00000,0.72000,0.00000,0.00000,0.00000,0.55004,-0.00032,-0.00046,0.38977,-0.00382,0.00319,0.61358,0.06220,0.00000,0.00000,-0.35348,-0.01953,-0.00494,0.38594,-0.02075,0.00352,0.61152,0.05527,0.00000,0.00000,0.54180,-0.04726,-0.01299,-0.25590,-0.03032,0.00524,0.62079,0.09967,0.00000,0.00000,-0.35012,-0.00067,-0.00014,-0.25160,-0.00987,0.00336,0.61251,0.05775,0.00000,0.00000,0.09894,-0.00617,-0.00168,0.06845,-0.00931,0.00291,0.73096,0.05113,0.00000,0.00000
0.9500,95,1,0.9502,50.06,0.55000,0.00000,0.00000,0.39000,0.00000,0.00000,0.60000,0.00000,0.00000,0.00000,-0.35000,0.00000,0.00000,0.39000,0.00000,0.00000,0.60000,0.00000,0.00000,0.00000,0.55000,0.00000,0.00000,-0.25000,0.00000,0.00000,0.60000,0.00000,0.00000,0.00000,-0.35000,0.00000,0.00000,-0.25000,0.00000,0.00000,0.60000,0.00000,0.00000,0.00000,0.10000,0.00000,0.00000,0.07000,0.00000,0.00000,0.72000,0.00000,0.00000,0.00000,0.55002,-0.00055,-0.00048,0.38954,-0.00549,0.00360,0.61683,0.06766,0.00000,0.00000,-0.35451,-0.02183,-0.00443,0.38486,-0.02226,0.00265,0.61441,0.06052,0.00000,0.00000,0.53928,-0.05339,-0.01198,-0.25747,-0.03257,0.00395,0.62601,0.10920,0.00000,0.00000,-0.35016,-0.00073,-0.00010,-0.25213,-0.01152,0.00337,0.61553,0.06281,0.00000,0.00000,0.09861,-0.00695,-0.00152,0.06795,-0.01071,0.00281,0.73363,0.05578,0.00000,0.00000
1.0000,100,2,1.0003,50.14,0.55000,0.00000,0.00000,0.39000,0.00000,0.00000,0.60000,0.00000,0.00000,0.00000,-0.35000,0.00000,0.00000,0.39000,0.00000,0.00000,0.60000,0.00000,0.00000,0.00000,0.55000,0.00000,0.00000,-0.25000,0.00000,0.00000,0.60000,0.00000,0.00000,0.00000,-0.35000,0.00000,0.00000,-0.25000,0.00000,0.00000,0.60000,0.00000,0.00000,0.00000,0.10000,0.00000,0.00000,0.07000,0.00000,0.00000,0.72000,0.00000,0.00000,0.00000,0.55000,0.00000,0.00000,0.39000,0.00000,0.00000,0.60000,0.00000,0.00000,0.00000,-0.35000,0.00000,0.00000,0.39000,0.00000,0.00000,0.60000,0.00000,0.00000,0.00000,0.55000,0.00000,0.00000,-0.25000,0.00000,0.00000,0.60000,0.00000,0.00000,0.00000,-0.35000,0.00000,0.00000,-0.25000,0.00000,0.00000,0.60000,0.00000,0.00000,0.00000,0.10000,0.00000,0.00000,0.07000,0.00000,0.00000,0.72000,0.00000,0.00000,0.00000
1.0500,105,2,1.0501,49.76,0.55000,0.00000,0.00000,0.39000,0.00000,0.00000,0.60000,0.00000,0.00000,0.00000,-0.35000,0.00000,0.00000,0.39000,0.00000,0.00000,0.60000,0.00000,0.00000,0.00000,0.55000,0.00000,0.00000,-0.25000,0.00000,0.00000,0.60000,0.00000,0.00000,0.00000,-0.35000,0.00000,0.00000,-0.25000,0.00000,0.00000,0.60000,0.00000,0.00000,0.00000,0.10000,0.00000,0.00000,0.07000,0.00000,0.00000,0.72000,0.00000,0.00000,0.00000,0.55001,0.00047,0.00173,0.39000,-0.00018,0.00073,0.60018,0.00765,0.00000,0.00000,-0.35002,-0.00111,-0.00412,0.38999,-0.00057,0.00212,0.60058,0.02175,0.00000,0.00000,0.54996,-0.00213,-0.00800,-0.25001,-0.00082,0.00303,0.60113,0.04316,0.00000,0.00000,-0.35000,0.00011,0.00042,-0.25001,-0.00039,0.00149,0.60023,0.00926,0.00000,0.00000,0.10000,-0.00012,-0.00045,0.07000,-0.00028,0.00106,0.72028,0.01121,0.00000,0.00000
1.1000,110,2,1.1003,50.18,0.55000,0.00000,0.00000,0.39000,0.00000,0.00000,0.60000,0.00000,0.00000,0.00000,-0.35000,0.00000,0.00000,0.39000,0.00000,0.00000,0.60000,0.00000,0.00000,0.00000,0.55000,0.00000,0.00000,-0.25000,0.00000,0.00000,0.60000,0.00000,0.00000,0.00000,-0.35000,0.00000,0.00000,-0.25000,0.00000,0.00000,0.60000,0.00000,0.00000,0.00000,0.10000,0.00000,0.00000,0.07000,0.00000,0.00000,0.72000,0.00000,0.00000,0.00000,0.55006,0.00156,0.00258,0.38998,-0.00071,0.00142,0.60081,0.01795,0.00000,0.00000,-0.35014,-0.00373,-0.00631,0.38993,-0.00191,0.00320,0.60207,0.03699,0.00000,0.00000,0.54974,-0.00728,-0.01252,-0.25010,-0.00274,0.00463,0.60415,0.07619,0.00000,0.00000,-0.34999,0.00039,0.00070,-0.25005,-0.00138,0.00247,0.60092,0.01818,0.00000,0.00000,0.09999,-0.00041,-0.00072,0.06997,-0.00098,0.00177,0.72111,0.02154,0.00000,0.00000
1.1500,115,2,1.1500,49.75,0.55000,0.00000,0.00000,0.39000,0.00000,0.00000,0.60000,0.00000,0.00000,0.00000,-0.35000,0.00000,0.00000,0.39000,0.00000,0.00000,0.60000,0.00000,0.00000,0.00000,0.55000,0.00000,0.00000,-0.25000,0.00000,0.00000,0.60000,0.00000,0.00000,0.00000,-0.35000,0.00000,0.00000,-0.25000,0.00000,0.00000,0.60000,0.00000,0.00000,0.00000,0.10000,0.00000,0.00000,0.07000,0.00000,0.00000,0.72000,0.00000,0.00000,0.00000,0.55017,0.00291,0.00285,0.38992,-0.00156,0.00204,0.60198,0.02909,0.00000,0.00000,-0.35040,-0.00708,-0.00719,0.38979,-0.00361,0.00363,0.60420,0.04785,0.00000,0.00000,0.54921,-0.01402,-0.01466,-0.25030,-0.00521,0.00530,0.60862,0.10158,0.00000,0.00000,-0.34996,0.00078,0.00089,-0.25015,-0.00276,0.00311,0.60204,0.02670,0.00000,0.00000,0.09995,-0.00080,-0.00085,0.06989,-0.00197,0.00222,0.72242,0.03078,0.00000,0.00000
1.2000,120,2,1.2003,50.28,0.55000,0.00000,0.00000,0.39000,0.00000,0.00000,0.60000,0.00000,0.00000,0.00000,-0.35000,0.00000,0.00000,0.39000,0.00000,0.00000,0.60000,0.00000,0.00000,0.00000,0.55000,0.00000,0.00000,-0.25000,0.00000,0.00000,0.60000,0.00000,0.00000,0.00000,-0.35000,0.00000,0.00000,-0.25000,0.00000,0.00000,0.60000,0.00000,0.00000,0.00000,0.10000,0.00000,0.00000,0.07000,0.00000,0.00000,0.72000,0.00000,0.00000,0.00000,0.55035,0.00429,0.00274,0.38982,-0.00270,0.00259,0.60371,0.04004,0.00000,0.00000,-0.35085,-0.01064,-0.00719,0.38957,-0.00541,0.00366,0.60680,0.05573,0.00000,0.00000,0.54832,-0.02140,-0.01518,-0.25062,-0.00785,0.00539,0.61421,0.12111,0.00000,0.00000,-0.34991,0.00125,0.00101,-0.25033,-0.00439,0.00351,0.60358,0.03473,0.00000,0.00000,0.09990,-0.00123,-0.00088,0.06977,-0.00313,0.00250,0.72417,0.03888,0.00000,0.00000
1.2500,125,2,1.2501,49.77,0.55000,0.00000,0.00000,0.39000,0.00000,0.00000,0.60000,0.00000,0.00000,0.00000,-0.35000,0.00000,0.00000,0.39000,0.00000,0.00000,0.60000,0.00000,0.00000,0.00000,0.55000,0.00000,0.00000,-0.25000,0.00000,0.00000,0.60000,0.00000,0.00000,0.00000,-0.35000,0.00000,0.00000,-0.25000,0.00000,0.00000,0.60000,0.00000,0.00000,0.00000,0.10000,0.00000,0.00000,0.07000,0.00000,0.00000,0.72000,0.00000,0.00000,0.00000,0.55060,0.00556,0.00240,0.38965,-0.00409,0.00307,0.60597,0.05019,0.00000,0.00000,-0.35147,-0.01404,-0.00660,0.38925,-0.00715,0.00343,0.60974,0.06150,0.00000,0.00000,0.54707,-0.02874,-0.01460,-0.25108,-0.01044,0.00513,0.62065,0.13603,0.00000,0.00000,-0.34983,0.00176,0.00108,-0.25059,-0.00618,0.00376,0.60551,0.04217,0.00000,0.00000,0.09983,-0.00166,-0.00084,0.06958,-0.00440,0.00266,0.72629,0.04585,0.00000,0.00000
1.3000,130,2,1.3004,50.36,0.55000,0.00000,0.00000,0.39000,0.00000,0.00000,0.60000,0.00000,0.00000,0.00000,-0.35000,0.00000,0.00000,0.39000,0.00000,0.00000,0.60000,0.00000,0.00000,0.00000,0.55000,0.00000,0.00000,-0.25000,0.00000,0.00000,0.60000,0.00000,0.00000,0.00000,-0.35000,0.00000,0.00000,-0.25000,0.00000,0.00000,0.60000,0.00000,0.00000,0.00000,0.10000,0.00000,0.00000,0.07000,0.00000,0.00000,0.72000,0.00000,0.00000,0.00000,0.55090,0.00662,0.00194,0.38940,-0.00570,0.00347,0.60871,0.05921,0.00000,0.00000,-0.35224,-0.01706,-0.00569,0.38886,-0.00875,0.00307,0.61293,0.06580,0.00000,0.00000,0.54546,-0.03561,-0.01335,-0.25166,-0.01284,0.00466,0.62775,0.14732,0.00000,0.00000,-0.34973,0.00230,0.00112,-0.25095,-0.00806,0.00389,0.60779,0.04890,0.00000,0.00000,0.09974,-0.00205,-0.00075,0.06932,-0.00573,0.00274,0.72873,0.05173,0.00000,0.00000
1.3500,135,2,1.3503,49.84,0.55000,0.00000,0.00000,0.39000,0.00000,0.00000,0.60000,0.00000,0.00000,0.00000,-0.35000,0.00000,0.00000,0.39000,0.00000,0.00000,0.60000,0.00000,0.00000,0.00000,0.55000,0.00000,0.00000,-0.25000,0.00000,0.00000,0.60000,0.00000,0.00000,0.00000,-0.35000,0.00000,0.00000,-0.25000,0.00000,0.00000,0.60000,0.00000,0.00000,0.00000,0.10000,0.00000,0.00000,0.07000,0.00000,0.00000,0.72000,0.00000,0.00000,0.00000,0.55125,0.00746,0.00147,0.38907,-0.00749,0.00381,0.61187,0.06692,0.00000,0.00000,-0.35316,-0.01960,-0.00463,0.38838,-0.01015,0.00264,0.61630,0.06905,0.00000,0.00000,0.54352,-0.04177,-0.01174,-0.25236,-0.01499,0.00410,0.63534,0.15572,0.00000,0.00000,-0.34960,0.00285,0.00113,-0.25140,-0.00998,0.00394,0.61039,0.05485,0.00000,0.00000,0.09963,-0.00238,-0.00061,0.06900,-0.00709,0.00277,0.73144,0.05659,0.00000,0.00000
1.4000,140,2,1.4001,49.80,0.55000,0.00000,0.00000,0.39000,0.00000,0.00000,0.60000,0.00000,0.00000,0.00000,-0.35000,0.00000,0.00000,0.39000,0.00000,0.00000,0.60000,0.00000,0.00000,0.00000,0.55000,0.00000,0.00000,-0.25000,0.00000,0.00000,0.60000,0.00000,0.00000,0.00000,-0.35000,0.00000,0.00000,-0.25000,0.00000,0.00000,0.60000,0.00000,0.00000,0.00000,0.10000,0.00000,0.00000,0.07000,0.00000,0.00000,0.72000,0.00000,0.00000,0.00000,0.55164,0.00807,0.00102,0.38865,-0.00943,0.00408,0.61538,0.07327,0.00000,0.00000,-0.35420,-0.02159,-0.00351,0.38784,-0.01134,0.00219,0.61982,0.07149,0.00000,0.00000,0.54130,-0.04710,-0.00994,-0.25316,-0.01686,0.00352,0.64328,0.16176,0.00000,0.00000,-0.34945,0.00340,0.00113,-0.25195,-0.01191,0.00394,0.61326,0.05995,0.00000,0.00000,0.09950,-0.00264,-0.00045,0.06861,-0.00844,0.00275,0.73437,0.06050,0.00000,0.00000
1.4500,145,2,1.4501,49.99,0.55000,0.00000,0.00000,0.39000,0.00000,0.00000,0.60000,0.00000,0.00000,0.00000,-0.35000,0.00000,0.00000,0.39000,0.00000,0.00000,0.60000,0.00000,0.00000,0.00000,0.55000,0.00000,0.00000,-0.25000,0.00000,0.00000,0.60000,0.00000,0.00000,0.00000,-0.35000,0.00000,0.00000,-0.25000,0.00000,0.00000,0.60000,0.00000,0.00000,0.00000,0.10000,0.00000,0.00000,0.07000,0.00000,0.00000,0.72000,0.00000,0.00000,0.00000,0.55206,0.00847,0.00061,0.38813,-0.01148,0.00430,0.61918,0.07824,0.00000,0.00000,-0.35531,-0.02304,-0.00239,0.38725,-0.01231,0.00176,0.62344,0.07331,0.00000,0.00000,0.53883,-0.05151,-0.00807,-0.25404,-0.01845,0.00295,0.65148,0.16583,0.00000,0.00000,-0.34926,0.00396,0.00112,-0.25259,-0.01384,0.00390,0.61636,0.06415,0.00000,0.00000,0.09937,-0.00282,-0.00027,0.06816,-0.00978,0.00272,0.73748,0.06353,0.00000,0.00000
1.5000,150,3,1.5000,49.93,0.55000,0.00000,0.00000,0.39000,0.00000,0.00000,0.60000,0.00000,0.00000,0.00000,-0.35000,0.00000,0.00000,0.39000,0.00000,0.00000,0.60000,0.00000,0.00000,0.00000,0.55000,0.00000,0.00000,-0.25000,0.00000,0.00000,0.60000,0.00000,0.00000,0.00000,-0.35000,0.00000,0.00000,-0.25000,0.00000,0.00000,0.60000,0.00000,0.00000,0.00000,0.10000,0.00000,0.00000,0.07000,0.00000,0.00000,0.72000,0.00000,0.00000,0.00000,0.55000,0.00000,0.00000,0.39000,0.00000,0.00000,0.60000,0.00000,0.00000,0.00000,-0.35000,0.00000,0.00000,0.39000,0.00000,0.00000,0.60000,0.00000,0.00000,0.00000,0.55000,0.00000,0.00000,-0.25000,0.00000,0.00000,0.60000,0.00000,0.00000,0.00000,-0.35000,0.00000,0.00000,-0.25000,0.00000,0.00000,0.60000,0.00000,0.00000,0.00000,0.10000,0.00000,0.00000,0.07000,0.00000,0.00000,0.72000,0.00000,0.00000,0.00000
1.5500,155,3,1.5503,50.32,0.55000,0.00000,0.00000,0.39000,0.00000,0.00000,0.60000,0.00000,0.00000,0.00000,-0.35000,0.00000,0.00000,0.39000,0.00000,0.00000,0.60000,0.00000,0.00000,0.00000,0.55000,0.00000,0.00000,-0.25000,0.00000,0.00000,0.60000,0.00000,0.00000,0.00000,-0.35000,0.00000,0.00000,-0.25000,0.00000,0.00000,0.60000,0.00000,0.00000,0.00000,0.10000,0.00000,0.00000,0.07000,0.00000,0.00000,0.72000,0.00000,0.00000,0.00000,0.55001,0.00060,0.00221,0.38999,-0.00048,0.00187,0.60003,0.00237,0.00000,0.00000,-0.35001,-0.00080,-0.00292,0.39000,-0.00025,0.00094,0.60073,0.02734,0.00000,0.00000,0.54997,-0.00147,-0.00546,-0.25001,-0.00053,0.00198,0.60146,0.05545,0.00000,0.00000,-0.35000,0.00022,0.00084,-0.25001,-0.00045,0.00174,0.60014,0.00540,0.00000,0.00000,0.10000,0.00005,0.00020,0.06999,-0.00031,0.00120,0.72027,0.01051,0.00000,0.00000
1.6000,160,3,1.6003,50.01,0.55000,0.00000,0.00000,0.39000,0.00000,0.00000,0.60000,0.00000,0.00000,0.00000,-0.35000,0.00000,0.00000,0.39000,0.00000,0.00000,0.60000,0.00000,0.00000,0.00000,0.55000,0.00000,0.00000,-0.25000,0.00000,0.00000,0.60000,0.00000,0.00000,0.00000,-0.35000,0.00000,0.00000,-0.25000,0.00000,0.00000,0.60000,0.00000,0.00000,0.00000,0.10000,0.00000,0.00000,0.07000,0.00000,0.00000,0.72000,0.00000,0.00000,0.00000,0.55007,0.00199,0.00330,0.38994,-0.00174,0.00319,0.60031,0.00931,0.00000,0.00000,-0.35010,-0.00260,-0.00422,0.38997,-0.00085,0.00144,0.60257,0.04466,0.00000,0.00000,0.54982,-0.00491,-0.00820,-0.25007,-0.00181,0.00314,0.60529,0.09534,0.00000,0.00000,-0.34997,0.00078,0.00140,-0.25006,-0.00161,0.00287,0.60054,0.01066,0.00000,0.00000,0.10001,0.00019,0.00037,0.06996,-0.00111,0.00200,0.72103,0.01990,0.00000,0.00000
1.6500,165,3,1.6501,49.83,0.55000,0.00000,0.00000,0.39000,0.00000,0.00000,0.60000,0.00000,0.00000,0.00000,-0.35000,0.00000,0.00000,0.39000,0.00000,0.00000,0.60000,0.00000,0.00000,0.00000,0.55000,0.00000,0.00000,-0.25000,0.00000,0.00000,0.60000,0.00000,0.00000,0.00000,-0.35000,0.00000,0.00000,-0.25000,0.00000,0.00000,0.60000,0.00000,0.00000,0.00000,0.10000,0.00000,0.00000,0.07000,0.00000,0.00000,0.72000,0.00000,0.00000,0.00000,0.55021,0.00372,0.00367,0.38981,-0.00355,0.00412,0.60099,0.01787,0.00000,0.00000,-0.35028,-0.00476,-0.00446,0.38991,-0.00162,0.00166,0.60509,0.05551,0.00000,0.00000,0.54947,-0.00922,-0.00912,-0.25020,-0.00352,0.00377,0.61081,0.12376,0.00000,0.00000,-0.34991,0.00157,0.00177,-0.25018,-0.00321,0.00360,0.60120,0.01573,0.00000,0.00000,0.10002,0.00041,0.00050,0.06988,-0.00223,0.00251,0.72223,0.02786,0.00000,0.00000
1.7000,170,3,1.7003,50.11,0.55000,0.00000,0.00000,0.39000,0.00000,0.00000,0.60000,0.00000,0.00000,0.00000,-0.35000,0.00000,0.00000,0.39000,0.00000,0.00000,0.60000,0.00000,0.00000,0.00000,0.55000,0.00000,0.00000,-0.25000,0.00000,0.00000,0.60000,0.00000,0.00000,0.00000,-0.35000,0.00000,0.00000,-0.25000,0.00000,0.00000,0.60000,0.00000,0.00000,0.00000,0.10000,0.00000,0.00000,0.07000,0.00000,0.00000,0.72000,0.00000,0.00000,0.00000,0.55045,0.00552,0.00359,0.38958,-0.00574,0.00476,0.60210,0.02637,0.00000,0.00000,-0.35057,-0.00687,-0.00405,0.38981,-0.00246,0.00172,0.60805,0.06208,0.00000,0.00000,0.54890,-0.01367,-0.00887,-0.25042,-0.00545,0.00407,0.61752,0.14345,0.00000,0.00000,-0.34981,0.00250,0.00200,-0.25038,-0.00509,0.00405,0.60211,0.02047,0.00000,0.00000,0.10005,0.00068,0.00063,0.06973,-0.00355,0.00284,0.72379,0.03428,0.00000,0.00000
1.7500,175,3,1.7502,49.91,0.55000,0.00000,0.00000,0.39000,0.00000,0.00000,0.60000,0.00000,0.00000,0.00000,-0.35000,0.00000,0.00000,0.39000,0.00000,0.00000,0.60000,0.00000,0.00000,0.00000,0.55000,0.00000,0.00000,-0.25000,0.00000,0.00000,0.60000,0.00000,0.00000,0.00000,-0.35000,0.00000,0.00000,-0.25000,0.00000,0.00000,0.60000,0.00000,0.00000,0.00000,0.10000,0.00000,0.00000,0.07000,0.00000,0.00000,0.72000,0.00000,0.00000,0.00000,0.55076,0.00720,0.00324,0.38923,-0.00818,0.00519,0.60361,0.03389,0.00000,0.00000,-0.35096,-0.00866,-0.00322,0.38966,-0.00329,0.00168,0.61125,0.06570,0.00000,0.00000,0.54811,-0.01780,-0.00788,-0.25074,-0.00749,0.00419,0.62504,0.15620,0.00000,0.00000,-0.34966,0.00352,0.00214,-0.25069,-0.00715,0.00430,0.60324,0.02474,0.00000,0.00000,0.10009,0.00102,0.00074,0.06952,-0.00499,0.00304,0.72563,0.03915,0.00000,0.00000
1.8000,180,3,1.8006,50.46,0.55000,0.00000,0.00000,0.39000,0.00000,0.00000,0.60000,0.00000,0.00000,0.00000,-0.35000,0.00000,0.00000,0.39000,0.00000,0.00000,0.60000,0.00000,0.00000,0.00000,0.55000,0.00000,0.00000,-0.25000,0.00000,0.00000,0.60000,0.00000,0.00000,0.00000,-0.35000,0.00000,0.00000,-0.25000,0.00000,0.00000,0.60000,0.00000,0.00000,0.00000,0.10000,0.00000,0.00000,0.07000,0.00000,0.00000,0.72000,0.00000,0.00000,0.00000,0.55116,0.00867,0.00274,0.38876,-0.01080,0.00546,0.60546,0.04002,0.00000,0.00000,-0.35143,-0.00999,-0.00217,0.38948,-0.00410,0.00160,0.61458,0.06713,0.00000,0.00000,0.54713,-0.02133,-0.00643,-0.25117,-0.00955,0.00420,0.63304,0.16318,0.00000,0.00000,-0.34946,0.00459,0.00222,-0.25110,-0.00929,0.00441,0.60457,0.02843,0.00000,0.00000,0.10015,0.00141,0.00086,0.06923,-0.00651,0.00315,0.72768,0.04253,0.00000,0.00000
1.8500,185,3,1.8502,49.56,0.55000,0.00000,0.00000,0.39000,0.00000,0.00000,0.60000,0.00000,0.00000,0.00000,-0.35000,0.00000,0.00000,0.39000,0.00000,0.00000,0.60000,0.00000,0.00000,0.00000,0.55000,0.00000,0.00000,-0.25000,0.00000,0.00000,0.60000,0.00000,0.00000,0.00000,-0.35000,0.00000,0.00000,-0.25000,0.00000,0.00000,0.60000,0.00000,0.00000,0.00000,0.10000,0.00000,0.00000,0.07000,0.00000,0.00000,0.72000,0.00000,0.00000,0.00000,0.55163,0.00988,0.00218,0.38815,-0.01353,0.00562,0.60759,0.04467,0.00000,0.00000,-0.35195,-0.01077,-0.00100,0.38925,-0.00486,0.00152,0.61794,0.06671,0.00000,0.00000,0.54599,-0.02407,-0.00473,-0.25170,-0.01160,0.00419,0.64127,0.16505,0.00000,0.00000,-0.34920,0.00569,0.00225,-0.25162,-0.01146,0.00443,0.60607,0.03144,0.00000,0.00000,0.10023,0.00186,0.00097,0.06887,-0.00807,0.00320,0.72986,0.04451,0.00000,0.00000
1.9000,190,3,1.9002,50.00,0.55000,0.00000,0.00000,0.39000,0.00000,0.00000,0.60000,0.00000,0.00000,0.00000,-0.35000,0.00000,0.00000,0.39000,0.00000,0.00000,0.60000,0.00000,0.00000,0.00000,0.55000,0.00000,0.00000,-0.25000,0.00000,0.00000,0.60000,0.00000,0.00000,0.00000,-0.35000,0.00000,0.00000,-0.25000,0.00000,0.00000,0.60000,0.00000,0.00000,0.00000,0.10000,0.00000,0.00000,0.07000,0.00000,0.00000,0.72000,0.00000,0.00000,0.00000,0.55215,0.01081,0.00162,0.38740,-0.01630,0.00565,0.60991,0.04793,0.00000,0.00000,-0.35250,-0.01098,0.00014,0.38899,-0.00560,0.00149,0.62122,0.06455,0.00000,0.00000,0.54473,-0.02597,-0.00300,-0.25233,-0.01366,0.00423,0.64947,0.16223,0.00000,0.00000,-0.34889,0.00679,0.00225,-0.25224,-0.01362,0.00438,0.60770,0.03370,0.00000,0.00000,0.10034,0.00237,0.00109,0.06843,-0.00965,0.00321,0.73211,0.04518,0.00000,0.00000
1.9500,195,3,1.9501,49.89,0.55000,0.00000,0.00000,0.39000,0.00000,0.00000,0.60000,0.00000,0.00000,0.00000,-0.35000,0.00000,0.00000,0.39000,0.00000,0.00000,0.60000,0.00000,0.00000,0.00000,0.55000,0.00000,0.00000,-0.25000,0.00000,0.00000,0.60000,0.00000,0.00000,0.00000,-0.35000,0.00000,0.00000,-0.25000,0.00000,0.00000,0.60000,0.00000,0.00000,0.00000,0.10000,0.00000,0.00000,0.07000,0.00000,0.00000,0.72000,0.00000,0.00000,0.00000,0.55270,0.01149,0.00115,0.38652,-0.01905,0.00558,0.61236,0.04979,0.00000,0.00000,-0.35304,-0.01066,0.00117,0.38869,-0.00633,0.00154,0.62437,0.06098,0.00000,0.00000,0.54340,-0.02703,-0.00137,-0.25307,-0.01577,0.00437,0.65742,0.15541,0.00000,0.00000,-0.34853,0.00789,0.00223,-0.25298,-0.01575,0.00429,0.60943,0.03519,0.00000,0.00000,0.10047,0.00293,0.00120,0.06791,-0.01122,0.00320,0.73436,0.04467,0.00000,0.00000
2.0000,200,4,2.0004,50.35,0.55000,0.00000,0.00000,0.39000,0.00000,0.00000,0.60000,0.00000,0.00000,0.00000,-0.35000,0.00000,0.00000,0.39000,0.00000,0.00000,0.60000,0.00000,0.00000,0.00000,0.55000,0.00000,0.00000,-0.25000,0.00000,0.00000,0.60000,0.00000,0.00000,0.00000,-0.35000,0.00000,0.00000,-0.25000,0.00000,0.00000,0.60000,0.00000,0.00000,0.00000,0.10000,0.00000,0.00000,0.07000,0.00000,0.00000,0.72000,0.00000,0.00000,0.00000,0.55000,0.00000,0.00000,0.39000,0.00000,0.00000,0.60000,0.00000,0.00000,0.00000,-0.35000,0.00000,0.00000,0.39000,0.00000,0.00000,0.60000,0.00000,0.00000,0.00000,0.55000,0.00000,0.00000,-0.25000,0.00000,0.00000,0.60000,0.00000,0.00000,0.00000,-0.35000,0.00000,0.00000,-0.25000,0.00000,0.00000,0.60000,0.00000,0.00000,0.00000,0.10000,0.00000,0.00000,0.07000,0.00000,0.00000,0.72000,0.00000,0.00000,0.00000
2.0500,205,4,2.0501,49.64,0.55000,0.00000,0.00000,0.39000,0.00000,0.00000,0.60000,0.00000,0.00000,0.00000,-0.35000,0.00000,0.00000,0.39000,0.00000,0.00000,0.60000,0.00000,0.00000,0.00000,0.55000,0.00000,0.00000,-0.25000,0.00000,0.00000,0.60000,0.00000,0.00000,0.00000,-0.35000,0.00000,0.00000,-0.25000,0.00000,0.00000,0.60000,0.00000,0.00000,0.00000,0.10000,0.00000,0.00000,0.07000,0.00000,0.00000,0.72000,0.00000,0.00000,0.00000,0.55001,0.00042,0.00156,0.38999,-0.00071,0.00270,0.59981,-0.00621,0.00000,0.00000,-0.35000,-0.00011,-0.00036,0.39000,-0.00022,0.00088,0.60057,0.02061,0.00000,0.00000,0.54999,-0.00034,-0.00122,-0.25001,-0.00081,0.00314,0.60104,0.03847,0.00000,0.00000,-0.34999,0.00031,0.00118,-0.25001,-0.00046,0.00175,0.59998,-0.00084,0.00000,0.00000,0.10000,0.00019,0.00073,0.06999,-0.00042,0.00160,0.72010,0.00398,0.00000,0.00000
2.1000,210,4,2.1001,50.02,0.55000,0.00000,0.00000,0.39000,0.00000,0.00000,0.60000,0.00000,0.00000,0.00000,-0.35000,0.00000,0.00000,0.39000,0.00000,0.00000,0.60000,0.00000,0.00000,0.00000,0.55000,0.00000,0.00000,-0.25000,0.00000,0.00000,0.60000,0.00000,0.00000,0.00000,-0.35000,0.00000,0.00000,-0.25000,0.00000,0.00000,0.60000,0.00000,0.00000,0.00000,0.10000,0.00000,0.00000,0.07000,0.00000,0.00000,0.72000,0.00000,0.00000,0.00000,0.55005,0.00142,0.00242,0.38991,-0.00248,0.00438,0.59947,-0.00685,0.00000,0.00000,-0.35001,-0.00028,-0.00029,0.38997,-0.00083,0.00159,0.60189,0.03063,0.00000,0.00000,0.54996,-0.00106,-0.00161,-0.25010,-0.00294,0.00541,0.60358,0.06097,0.00000,0.00000,-0.34996,0.00109,0.00197,-0.25006,-0.00162,0.00289,0.59992,-0.00144,0.00000,0.00000,0.10002,0.00068,0.00123,0.06995,-0.00148,0.00265,0.72038,0.00716,0.00000,0.00000
2.1500,215,4,2.1500,49.93,0.55000,0.00000,0.00000,0.39000,0.00000,0.00000,0.60000,0.00000,0.00000,0.00000,-0.35000,0.00000,0.00000,0.39000,0.00000,0.00000,0.60000,0.00000,0.00000,0.00000,0.55000,0.00000,0.00000,-0.25000,0.00000,0.00000,0.60000,0.00000,0.00000,0.00000,-0.35000,0.00000,0.00000,-0.25000,0.00000,0.00000,0.60000,0.00000,0.00000,0.00000,0.10000,0.00000,0.00000,0.07000,0.00000,0.00000,0.72000,0.00000,0.00000,0.00000,0.55015,0.00272,0.00284,0.38973,-0.00489,0.00535,0.59917,-0.00497,0.00000,0.00000,-0.35003,-0.00035,0.00001,0.38991,-0.00177,0.00220,0.60352,0.03393,0.00000,0.00000,0.54989,-0.00184,-0.00150,-0.25032,-0.00602,0.00707,0.60695,0.07207,0.00000,0.00000,-0.34988,0.00219,0.00248,-0.25018,-0.00322,0.00361,0.59984,-0.00181,0.00000,0.00000,0.10007,0.00138,0.00158,0.06984,-0.00295,0.00332,0.72080,0.00925,0.00000,0.00000
2.2000,220,4,2.2001,50.08,0.55000,0.00000,0.00000,0.39000,0.00000,0.00000,0.60000,0.00000,0.00000,0.00000,-0.35000,0.00000,0.00000,0.39000,0.00000,0.00000,0.60000,0.00000,0.00000,0.00000,0.55000,0.00000,0.00000,-0.25000,0.00000,0.00000,0.60000,0.00000,0.00000,0.00000,-0.35000,0.00000,0.00000,-0.25000,0.00000,0.00000,0.60000,0.00000,0.00000,0.00000,0.10000,0.00000,0.00000,0.07000,0.00000,0.00000,0.72000,0.00000,0.00000,0.00000,0.55033,0.00417,0.00301,0.38942,-0.00766,0.00585,0.59899,-0.00231,0.00000,0.00000,-0.35004,-0.00026,0.00040,0.38979,-0.00298,0.00274,0.60521,0.03298,0.00000,0.00000,0.54978,-0.00249,-0.00113,-0.25072,-0.00981,0.00831,0.61065,0.07496,0.00000,0.00000,-0.34974,0.00350,0.00282,-0.25038,-0.00511,0.00403,0.59974,-0.00201,0.00000,0.00000,0.10016,0.00221,0.00181,0.06965,-0.00469,0.00373,0.72129,0.01022,0.00000,0.00000
2.2500,225,4,2.2503,50.22,0.55000,0.00000,0.00000,0.39000,0.00000,0.00000,0.60000,0.00000,0.00000,0.00000,-0.35000,0.00000,0.00000,0.39000,0.00000,0.00000,0.60000,0.00000,0.00000,0.00000,0.55000,0.00000,0.00000,-0.25000,0.00000,0.00000,0.60000,0.00000,0.00000,0.00000,-0.35000,0.00000,0.00000,-0.25000,0.00000,0.00000,0.60000,0.00000,0.00000,0.00000,0.10000,0.00000,0.00000,0.07000,0.00000,0.00000,0.72000,0.00000,0.00000,0.00000,0.55057,0.00565,0.00302,0.38896,-0.01058,0.00603,0.59893,0.00016,0.00000,0.00000,-0.35005,0.00004,0.00081,0.38960,-0.00444,0.00320,0.60678,0.02938,0.00000,0.00000,0.54964,-0.00292,-0.00063,-0.25131,-0.01413,0.00926,0.61435,0.07196,0.00000,0.00000,-0.34953,0.00493,0.00302,-0.25069,-0.00715,0.00426,0.59964,-0.00216,0.00000,0.00000,0.10030,0.00314,0.00197,0.06937,-0.00659,0.00397,0.72180,0.01014,0.00000,0.00000
2.3000,230,4,2.3000,49.67,0.55000,0.00000,0.00000,0.39000,0.00000,0.00000,0.60000,0.00000,0.00000,0.00000,-0.35000,0.00000,0.00000,0.39000,0.00000,0.00000,0.60000,0.00000,0.00000,0.00000,0.55000,0.00000,0.00000,-0.25000,0.00000,0.00000,0.60000,0.00000,0.00000,0.00000,-0.35000,0.00000,0.00000,-0.25000,0.00000,0.00000,0.60000,0.00000,0.00000,0.00000,0.10000,0.00000,0.00000,0.07000,0.00000,0.00000,0.72000,0.00000,0.00000,0.00000,0.55089,0.00712,0.00297,0.38836,-0.01353,0.00599,0.59899,0.00200,0.00000,0.00000,-0.35004,0.00053,0.00119,0.38934,-0.00612,0.00361,0.60812,0.02420,0.00000,0.00000,0.54949,-0.00311,-0.00011,-0.25214,-0.01886,0.00999,0.61778,0.06479,0.00000,0.00000,-0.34924,0.00644,0.00313,-0.25110,-0.00926,0.00435,0.59953,-0.00235,0.00000,0.00000,0.10048,0.00414,0.00208,0.06899,-0.00856,0.00409,0.72229,0.00914,0.00000,0.00000
2.3500,235,4,2.3500,50.02,0.55000,0.00000,0.00000,0.39000,0.00000,0.00000,0.60000,0.00000,0.00000,0.00000,-0.35000,0.00000,0.00000,0.39000,0.00000,0.00000,0.60000,0.00000,0.00000,0.00000,0.55000,0.00000,0.00000,-0.25000,0.00000,0.00000,0.60000,0.00000,0.00000,0.00000,-0.35000,0.00000,0.00000,-0.25000,0.00000,0.00000,0.60000,0.00000,0.00000,0.00000,0.10000,0.00000,0.00000,0.07000,0.00000,0.00000,0.72000,0.00000,0.00000,0.00000,0.55128,0.00856,0.00288,0.38761,-0.01643,0.00581,0.59912,0.00303,0.00000,0.00000,-0.34999,0.00120,0.00152,0.38899,-0.00798,0.00397,0.60918,0.01814,0.00000,0.00000,0.54933,-0.00304,0.00039,-0.25320,-0.02390,0.01054,0.62078,0.05476,0.00000,0.00000,-0.34888,0.00800,0.00319,-0.25162,-0.01140,0.00434,0.59940,-0.00268,0.00000,0.00000,0.10071,0.00517,0.00215,0.06851,-0.01058,0.00412,0.72271,0.00739,0.00000,0.00000
2.4000,240,4,2.4003,50.25,0.55000,0.00000,0.00000,0.39000,0.00000,0.00000,0.60000,0.00000,0.00000,0.00000,-0.35000,0.00000,0.00000,0.39000,0.00000,0.00000,0.60000,0.00000,0.00000,0.00000,0.55000,0.00000,0.00000,-0.25000,0.00000,0.00000,0.60000,0.00000,0.00000,0.00000,-0.35000,0.00000,0.00000,-0.25000,0.00000,0.00000,0.60000,0.00000,0.00000,0.00000,0.10000,0.00000,0.00000,0.07000,0.00000,0.00000,0.72000,0.00000,0.00000,0.00000,0.55175,0.00995,0.00280,0.38672,-0.01922,0.00556,0.59928,0.00321,0.00000,0.00000,-0.34991,0.00202,0.00179,0.38854,-0.01000,0.00426,0.60993,0.01169,0.00000,0.00000,0.54919,-0.00273,0.00084,-0.25453,-0.02918,0.01095,0.62322,0.04289,0.00000,0.00000,-0.34844,0.00956,0.00320,-0.25224,-0.01351,0.00426,0.59925,-0.00317,0.00000,0.00000,0.10100,0.00624,0.00220,0.06793,-0.01260,0.00409,0.72302,0.00508,0.00000,0.00000
2.4500,245,4,2.4501,49.80,0.55000,0.00000,0.00000,0.39000,0.00000,0.00000,0.60000,0.00000,0.00000,0.00000,-0.35000,0.00000,0.00000,0.39000,0.00000,0.00000,0.60000,0.00000,0.00000,0.00000,0.55000,0.00000,0.00000,-0.25000,0.00000,0.00000,0.60000,0.00000,0.00000,0.00000,-0.35000,0.00000,0.00000,-0.25000,0.00000,0.00000,0.60000,0.00000,0.00000,0.00000,0.10000,0.00000,0.00000,0.07000,0.00000,0.00000,0.72000,0.00000,0.00000,0.00000,0.55228,0.01130,0.00272,0.38569,-0.02188,0.00527,0.59943,0.00263,0.00000,0.00000,-0.34979,0.00295,0.00201,0.38799,-0.01214,0.00448,0.61035,0.00520,0.00000,0.00000,0.54907,-0.00222,0.00124,-0.25612,-0.03462,0.01121,0.62505,0.03000,0.00000,0.00000,-0.34793,0.01113,0.00318,-0.25297,-0.01557,0.00413,0.59908,-0.00388,0.00000,0.00000,0.10134,0.00733,0.00224,0.06725,-0.01459,0.00403,0.72321,0.00236,0.00000,0.00000
2.5000,250,5,2.5004,50.29,0.55000,0.00000,0.00000,0.39000,0.00000,0.00000,0.60000,0.00000,0.00000,0.00000,-0.35000,0.00000,0.00000,0.39000,0.00000,0.00000,0.60000,0.00000,0.00000,0.00000,0.55000,0.00000,0.00000,-0.25000,0.00000,0.00000,0.60000,0.00000,0.00000,0.00000,-0.35000,0.00000,0.00000,-0.25000,0.00000,0.00000,0.60000,0.00000,0.00000,0.00000,0.10000,0.00000,0.00000,0.07000,0.00000,0.00000,0.72000,0.00000,0.00000,0.00000,0.55000,0.00000,0.00000,0.39000,0.00000,0.00000,0.60000,0.00000,0.00000,0.00000,-0.35000,0.00000,0.00000,0.39000,0.00000,0.00000,0.60000,0.00000,0.00000,0.00000,0.55000,0.00000,0.00000,-0.25000,0.00000,0.00000,0.60000,0.00000,0.00000,0.00000,-0.35000,0.00000,0.00000,-0.25000,0.00000,0.00000,0.60000,0.00000,0.00000,0.00000,0.10000,0.00000,0.00000,0.07000,0.00000,0.00000,0.72000,0.00000,0.00000,0.00000
2.5500,255,5,2.5501,49.78,0.55000,0.00000,0.00000,0.39000,0.00000,0.00000,0.60000,0.00000,0.00000,0.00000,-0.35000,0.00000,0.00000,0.39000,0.00000,0.00000,0.60000,0.00000,0.00000,0.00000,0.55000,0.00000,0.00000,-0.25000,0.00000,0.00000,0.60000,0.00000,0.00000,0.00000,-0.35000,0.00000,0.00000,-0.25000,0.00000,0.00000,0.60000,0.00000,0.00000,0.00000,0.10000,0.00000,0.00000,0.07000,0.00000,0.00000,0.72000,0.00000,0.00000,0.00000,0.55001,0.00043,0.00162,0.38999,-0.00051,0.00194,0.59988,-0.00450,0.00000,0.00000,-0.35000,0.00016,0.00061,0.38999,-0.00078,0.00295,0.59999,-0.00084,0.00000,0.00000,0.55000,0.00016,0.00063,-0.25003,-0.00191,0.00726,0.59994,-0.00291,0.00000,0.00000,-0.34999,0.00039,0.00150,-0.25001,-0.00037,0.00141,0.59992,-0.00305,0.00000,0.00000,0.10000,0.00028,0.00106,0.06999,-0.00051,0.00194,0.71994,-0.00254,0.00000,0.00000
2.6000,260,5,2.6001,49.95,0.55000,0.00000,0.00000,0.39000,0.00000,0.00000,0.60000,0.00000,0.00000,0.00000,-0.35000,0.00000,0.00000,0.39000,0.00000,0.00000,0.60000,0.00000,0.00000,0.00000,0.55000,0.00000,0.00000,-0.25000,0.00000,0.00000,0.60000,0.00000,0.00000,0.00000,-0.35000,0.00000,0.00000,-0.25000,0.00000,0.00000,0.60000,0.00000,0.00000,0.00000,0.10000,0.00000,0.00000,0.07000,0.00000,0.00000,0.72000,0.00000,0.00000,0.00000,0.55005,0.00150,0.00266,0.38994,-0.00180,0.00326,0.59957,-0.00773,0.00000,0.00000,-0.34998,0.00058,0.00110,0.38990,-0.00271,0.00477,0.59989,-0.00335,0.00000,0.00000,0.55002,0.00060,0.00117,-0.25024,-0.00669,0.01186,0.59967,-0.00813,0.00000,0.00000,-0.34995,0.00139,0.00251,-0.25005,-0.00131,0.00233,0.59970,-0.00589,0.00000,0.00000,0.10003,0.00099,0.00178,0.06994,-0.00179,0.00320,0.71975,-0.00500,0.00000,0.00000
2.6500,265,5,2.6501,50.06,0.55000,0.00000,0.00000,0.39000,0.00000,0.00000,0.60000,0.00000,0.00000,0.00000,-0.35000,0.00000,0.00000,0.39000,0.00000,0.00000,0.60000,0.00000,0.00000,0.00000,0.55000,0.00000,0.00000,-0.25000,0.00000,0.00000,0.60000,0.00000,0.00000,0.00000,-0.35000,0.00000,0.00000,-0.25000,0.00000,0.00000,0.60000,0.00000,0.00000,0.00000,0.10000,0.00000,0.00000,0.07000,0.00000,0.00000,0.72000,0.00000,0.00000,0.00000,0.55016,0.00297,0.00330,0.38980,-0.00363,0.00416,0.59912,-0.01035,0.00000,0.00000,-0.34994,0.00122,0.00150,0.38970,-0.00533,0.00580,0.59964,-0.00655,0.00000,0.00000,0.55007,0.00130,0.00166,-0.25073,-0.01324,0.01459,0.59911,-0.01438,0.00000,0.00000,-0.34985,0.00280,0.00316,-0.25014,-0.00260,0.00291,0.59934,-0.00850,0.00000,0.00000,0.10011,0.00198,0.00225,0.06980,-0.00357,0.00398,0.71944,-0.00739,0.00000,0.00000
2.7000,270,5,2.7003,50.18,0.55000,0.00000,0.00000,0.39000,0.00000,0.00000,0.60000,0.00000,0.00000,0.00000,-0.35000,0.00000,0.00000,0.39000,0.00000,0.00000,0.60000,0.00000,0.00000,0.00000,0.55000,0.00000,0.00000,-0.25000,0.00000,0.00000,0.60000,0.00000,0.00000,0.00000,-0.35000,0.00000,0.00000,-0.25000,0.00000,0.00000,0.60000,0.00000,0.00000,0.00000,0.10000,0.00000,0.00000,0.07000,0.00000,0.00000,0.72000,0.00000,0.00000,0.00000,0.55035,0.00469,0.00365,0.38957,-0.00583,0.00477,0.59854,-0.01273,0.00000,0.00000,-0.34986,0.00204,0.00185,0.38936,-0.00831,0.00629,0.59923,-0.00979,0.00000,0.00000,0.55015,0.00222,0.00211,-0.25158,-0.02079,0.01605,0.59823,-0.02072,0.00000,0.00000,-0.34967,0.00446,0.00358,-0.25031,-0.00412,0.00324,0.59885,-0.01089,0.00000,0.00000,0.10024,0.00317,0.00257,0.06957,-0.00565,0.00444,0.71901,-0.00967,0.00000,0.00000
2.7500,275,5,2.7500,49.68,0.55000,0.00000,0.00000,0.39000,0.00000,0.00000,0.60000,0.00000,0.00000,0.00000,-0.35000,0.00000,0.00000,0.39000,0.00000,0.00000,0.60000,0.00000,0.00000,0.00000,0.55000,0.00000,0.00000,-0.25000,0.00000,0.00000,0.60000,0.00000,0.00000,0.00000,-0.35000,0.00000,0.00000,-0.25000,0.00000,0.00000,0.60000,0.00000,0.00000,0.00000,0.10000,0.00000,0.00000,0.07000,0.00000,0.00000,0.72000,0.00000,0.00000,0.00000,0.55063,0.00653,0.00384,0.38922,-0.00827,0.00512,0.59785,-0.01501,0.00000,0.00000,-0.34973,0.00302,0.00213,0.38887,-0.01145,0.00648,0.59867,-0.01275,0.00000,0.00000,0.55029,0.00336,0.00250,-0.25282,-0.02886,0.01673,0.59704,-0.02668,0.00000,0.00000,-0.34940,0.00628,0.00382,-0.25056,-0.00576,0.00342,0.59825,-0.01305,0.00000,0.00000,0.10043,0.00448,0.00276,0.06924,-0.00789,0.00467,0.71847,-0.01182,0.00000,0.00000
2.8000,280,5,2.8001,50.09,0.55000,0.00000,0.00000,0.39000,0.00000,0.00000,0.60000,0.00000,0.00000,0.00000,-0.35000,0.00000,0.00000,0.39000,0.00000,0.00000,0.60000,0.00000,0.00000,0.00000,0.55000,0.00000,0.00000,-0.25000,0.00000,0.00000,0.60000,0.00000,0.00000,0.00000,-0.35000,0.00000,0.00000,-0.25000,0.00000,0.00000,0.60000,0.00000,0.00000,0.00000,0.10000,0.00000,0.00000,0.07000,0.00000,0.00000,0.72000,0.00000,0.00000,0.00000,0.55101,0.00844,0.00393,0.38874,-0.01082,0.00526,0.59704,-0.01713,0.00000,0.00000,-0.34955,0.00412,0.00234,0.38822,-0.01464,0.00651,0.59796,-0.01543,0.00000,0.00000,0.55049,0.00466,0.00281,-0.25447,-0.03712,0.01692,0.59557,-0.03221,0.00000,0.00000,-0.34904,0.00819,0.00396,-0.25089,-0.00745,0.00347,0.59755,-0.01498,0.00000,0.00000,0.10069,0.00587,0.00288,0.06878,-0.01020,0.00475,0.71783,-0.01380,0.00000,0.00000
2.8500,285,5,2.8502,50.06,0.55000,0.00000,0.00000,0.39000,0.00000,0.00000,0.60000,0.00000,0.00000,0.00000,-0.35000,0.00000,0.00000,0.39000,0.00000,0.00000,0.60000,0.00000,0.00000,0.00000,0.55000,0.00000,0.00000,-0.25000,0.00000,0.00000,0.60000,0.00000,0.00000,0.00000,-0.35000,0.00000,0.00000,-0.25000,0.00000,0.00000,0.60000,0.00000,0.00000,0.00000,0.10000,0.00000,0.00000,0.07000,0.00000,0.00000,0.72000,0.00000,0.00000,0.00000,0.55148,0.01037,0.00396,0.38813,-0.01340,0.00524,0.59614,-0.01904,0.00000,0.00000,-0.34932,0.00531,0.00248,0.38741,-0.01782,0.00646,0.59713,-0.01785,0.00000,0.00000,0.55076,0.00610,0.00305,-0.25653,-0.04541,0.01682,0.59383,-0.03728,0.00000,0.00000,-0.34858,0.01015,0.00402,-0.25130,-0.00915,0.00345,0.59676,-0.01667,0.00000,0.00000,0.10102,0.00730,0.00295,0.06822,-0.01253,0.00472,0.71710,-0.01557,0.00000,0.00000
2.9000,290,5,2.9000,49.84,0.55000,0.00000,0.00000,0.39000,0.00000,0.00000,0.60000,0.00000,0.00000,0.00000,-0.35000,0.00000,0.00000,0.39000,0.00000,0.00000,0.60000,0.00000,0.00000,0.00000,0.55000,0.00000,0.00000,-0.25000,0.00000,0.00000,0.60000,0.00000,0.00000,0.00000,-0.35000,0.00000,0.00000,-0.25000,0.00000,0.00000,0.60000,0.00000,0.00000,0.00000,0.10000,0.00000,0.00000,0.07000,0.00000,0.00000,0.72000,0.00000,0.00000,0.00000,0.55205,0.01231,0.00395,0.38740,-0.01593,0.00508,0.59514,-0.02069,0.00000,0.00000,-0.34902,0.00655,0.00257,0.38644,-0.02097,0.00637,0.59618,-0.02001,0.00000,0.00000,0.55110,0.00764,0.00323,-0.25901,-0.05360,0.01656,0.59185,-0.04184,0.00000,0.00000,-0.34802,0.01212,0.00402,-0.25180,-0.01083,0.00337,0.59589,-0.01812,0.00000,0.00000,0.10142,0.00876,0.00298,0.06753,-0.01482,0.00461,0.71628,-0.01713,0.00000,0.00000
2.9500,295,5,2.9501,50.15,0.55000,0.00000,0.00000,0.39000,0.00000,0.00000,0.60000,0.00000,0.00000,0.00000,-0.35000,0.00000,0.00000,0.39000,0.00000,0.00000,0.60000,0.00000,0.00000,0.00000,0.55000,0.00000,0.00000,-0.25000,0.00000,0.00000,0.60000,0.00000,0.00000,0.00000,-0.35000,0.00000,0.00000,-0.25000,0.00000,0.00000,0.60000,0.00000,0.00000,0.00000,0.10000,0.00000,0.00000,0.07000,0.00000,0.00000,0.72000,0.00000,0.00000,0.00000,0.55271,0.01425,0.00393,0.38654,-0.01837,0.00482,0.59407,-0.02205,0.00000,0.00000,-0.34866,0.00782,0.00260,0.38531,-0.02408,0.00629,0.59513,-0.02190,0.00000,0.00000,0.55153,0.00926,0.00335,-0.26189,-0.06164,0.01620,0.58966,-0.04582,0.00000,0.00000,-0.34737,0.01408,0.00398,-0.25238,-0.01246,0.00326,0.59495,-0.01932,0.00000,0.00000,0.10189,0.01022,0.00298,0.06674,-0.01704,0.00444,0.71539,-0.01844,0.00000,0.00000
3.0000,300,6,3.0004,50.25,0.55000,0.00000,0.00000,0.39000,0.00000,0.00000,0.60000,0.00000,0.00000,0.00000,-0.35000,0.00000,0.00000,0.39000,0.00000,0.00000,0.60000,0.00000,0.00000,0.00000,0.55000,0.00000,0.00000,-0.25000,0.00000,0.00000,0.60000,0.00000,0.00000,0.00000,-0.35000,0.00000,0.00000,-0.25000,0.00000,0.00000,0.60000,0.00000,0.00000,0.00000,0.10000,0.00000,0.00000,0.07000,0.00000,0.00000,0.72000,0.00000,0.00000,0.00000,0.55000,0.00000,0.00000,0.39000,0.00000,0.00000,0.60000,0.00000,0.00000,0.00000,-0.35000,0.00000,0.00000,0.39000,0.00000,0.00000,0.60000,0.00000,0.00000,0.00000,0.55000,0.00000,0.00000,-0.25000,0.00000,0.00000,0.60000,0.00000,0.00000,0.00000,-0.35000,0.00000,0.00000,-0.25000,0.00000,0.00000,0.60000,0.00000,0.00000,0.00000,0.10000,0.00000,0.00000,0.07000,0.00000,0.00000,0.72000,0.00000,0.00000,0.00000
3.0500,305,6,3.0501,49.74,0.55000,0.00000,0.00000,0.39000,0.00000,0.00000,0.60000,0.00000,0.00000,0.00000,-0.35000,0.00000,0.00000,0.39000,0.00000,0.00000,0.60000,0.00000,0.00000,0.00000,0.55000,0.00000,0.00000,-0.25000,0.00000,0.00000,0.60000,0.00000,0.00000,0.00000,-0.35000,0.00000,0.00000,-0.25000,0.00000,0.00000,0.60000,0.00000,0.00000,0.00000,0.10000,0.00000,0.00000,0.07000,0.00000,0.00000,0.72000,0.00000,0.00000,0.00000,0.55001,0.00051,0.00197,0.39000,-0.00010,0.00040,0.59999,-0.00084,0.00000,0.00000,-0.34999,0.00029,0.00112,0.38998,-0.00139,0.00525,0.59977,-0.00866,0.00000,0.00000,0.55001,0.00053,0.00201,-0.25005,-0.00295,0.01118,0.59954,-0.01758,0.00000,0.00000,-0.34999,0.00046,0.00177,-0.25000,-0.00020,0.00077,0.59995,-0.00184,0.00000,0.00000,0.10001,0.00036,0.00139,0.06999,-0.00052,0.00197,0.71992,-0.00331,0.00000,0.00000
3.1000,310,6,3.1003,50.14,0.55000,0.00000,0.00000,0.39000,0.00000,0.00000,0.60000,0.00000,0.00000,0.00000,-0.35000,0.00000,0.00000,0.39000,0.00000,0.00000,0.60000,0.00000,0.00000,0.00000,0.55000,0.00000,0.00000,-0.25000,0.00000,0.00000,0.60000,0.00000,0.00000,0.00000,-0.35000,0.00000,0.00000,-0.25000,0.00000,0.00000,0.60000,0.00000,0.00000,0.00000,0.10000,0.00000,0.00000,0.07000,0.00000,0.00000,0.72000,0.00000,0.00000,0.00000,0.55006,0.00183,0.00331,0.38999,-0.00040,0.00082,0.59990,-0.00296,0.00000,0.00000,-0.34996,0.00103,0.00182,0.38983,-0.00481,0.00838,0.59918,-0.01429,0.00000,0.00000,0.55007,0.00186,0.00331,-0.25037,-0.01027,0.01805,0.59832,-0.03045,0.00000,0.00000,-0.34994,0.00164,0.00294,-0.25003,-0.00071,0.00127,0.59982,-0.00359,0.00000,0.00000,0.10005,0.00129,0.00231,0.06994,-0.00182,0.00324,0.71968,-0.00623,0.00000,0.00000
3.1500,315,6,3.1501,49.78,0.55000,0.00000,0.00000,0.39000,0.00000,0.00000,0.60000,0.00000,0.00000,0.00000,-0.35000,0.00000,0.00000,0.39000,0.00000,0.00000,0.60000,0.00000,0.00000,0.00000,0.55000,0.00000,0.00000,-0.25000,0.00000,0.00000,0.60000,0.00000,0.00000,0.00000,-0.35000,0.00000,0.00000,-0.25000,0.00000,0.00000,0.60000,0.00000,0.00000,0.00000,0.10000,0.00000,0.00000,0.07000,0.00000,0.00000,0.72000,0.00000,0.00000,0.00000,0.55020,0.00369,0.00421,0.38996,-0.00089,0.00121,0.59968,-0.00554,0.00000,0.00000,-0.34989,0.00204,0.00225,0.38948,-0.00938,0.01008,0.59837,-0.01783,0.00000,0.00000,0.55020,0.00370,0.00412,-0.25112,-0.02018,0.02197,0.59655,-0.03964,0.00000,0.00000,-0.34982,0.00328,0.00370,-0.25008,-0.00142,0.00158,0.59960,-0.00525,0.00000,0.00000,0.10014,0.00258,0.00292,0.06980,-0.00361,0.00400,0.71930,-0.00864,0.00000,0.00000
3.2000,320,6,3.2002,50.17,0.55000,0.00000,0.00000,0.39000,0.00000,0.00000,0.60000,0.00000,0.00000,0.00000,-0.35000,0.00000,0.00000,0.39000,0.00000,0.00000,0.60000,0.00000,0.00000,0.00000,0.55000,0.00000,0.00000,-0.25000,0.00000,0.00000,0.60000,0.00000,0.00000,0.00000,-0.35000,0.00000,0.00000,-0.25000,0.00000,0.00000,0.60000,0.00000,0.00000,0.00000,0.10000,0.00000,0.00000,0.07000,0.00000,0.00000,0.72000,0.00000,0.00000,0.00000,0.55044,0.00591,0.00481,0.38989,-0.00157,0.00156,0.59934,-0.00810,0.00000,0.00000,-0.34976,0.00320,0.00248,0.38888,-0.01454,0.01081,0.59743,-0.01987,0.00000,0.00000,0.55044,0.00585,0.00460,-0.25241,-0.03149,0.02388,0.59441,-0.04587,0.00000,0.00000,-0.34961,0.00522,0.00417,-0.25017,-0.00224,0.00176,0.59929,-0.00676,0.00000,0.00000,0.10031,0.00412,0.00331,0.06957,-0.00569,0.00441,0.71882,-0.01050,0.00000,0.00000
3.2500,325,6,3.2501,49.87,0.55000,0.00000,0.00000,0.39000,0.00000,0.00000,0.60000,0.00000,0.00000,0.00000,-0.35000,0.00000,0.00000,0.39000,0.00000,0.00000,0.60000,0.00000,0.00000,0.00000,0.55000,0.00000,0.00000,-0.25000,0.00000,0.00000,0.60000,0.00000,0.00000,0.00000,-0.35000,0.00000,0.00000,-0.25000,0.00000,0.00000,0.60000,0.00000,0.00000,0.00000,0.10000,0.00000,0.00000,0.07000,0.00000,0.00000,0.72000,0.00000,0.00000,0.00000,0.55080,0.00837,0.00520,0.38980,-0.00241,0.00186,0.59888,-0.01038,0.00000,0.00000,-0.34957,0.00445,0.00259,0.38802,-0.01989,0.01090,0.59641,-0.02078,0.00000,0.00000,0.55079,0.00818,0.00487,-0.25428,-0.04338,0.02441,0.59201,-0.04965,0.00000,0.00000,-0.34930,0.00734,0.00445,-0.25030,-0.00313,0.00185,0.59892,-0.00811,0.00000,0.00000,0.10056,0.00580,0.00355,0.06923,-0.00790,0.00458,0.71826,-0.01181,0.00000,0.00000
3.3000,330,6,3.3003,50.17,0.55000,0.00000,0.00000,0.39000,0.00000,0.00000,0.60000,0.00000,0.00000,0.00000,-0.35000,0.00000,0.00000,0.39000,0.00000,0.00000,0.60000,0.00000,0.00000,0.00000,0.55000,0.00000,0.00000,-0.25000,0.00000,0.00000,0.60000,0.00000,0.00000,0.00000,-0.35000,0.00000,0.00000,-0.25000,0.00000,0.00000,0.60000,0.00000,0.00000,0.00000,0.10000,0.00000,0.00000,0.07000,0.00000,0.00000,0.72000,0.00000,0.00000,0.00000,0.55128,0.01099,0.00544,0.38965,-0.00339,0.00210,0.59831,-0.01224,0.00000,0.00000,-0.34931,0.00573,0.00262,0.38689,-0.02516,0.01056,0.59536,-0.02084,0.00000,0.00000,0.55126,0.01060,0.00499,-0.25675,-0.05529,0.02402,0.58947,-0.05136,0.00000,0.00000,-0.34887,0.00956,0.00459,-0.25048,-0.00405,0.00188,0.59849,-0.00925,0.00000,0.00000,0.10089,0.00758,0.00368,0.06878,-0.01016,0.00458,0.71765,-0.01259,0.00000,0.00000
3.3500,335,6,3.3501,49.83,0.55000,0.00000,0.00000,0.39000,0.00000,0.00000,0.60000,0.00000,0.00000,0.00000,-0.35000,0.00000,0.00000,0.39000,0.00000,0.00000,0.60000,0.00000,0.00000,0.00000,0.55000,0.00000,0.00000,-0.25000,0.00000,0.00000,0.60000,0.00000,0.00000,0.00000,-0.35000,0.00000,0.00000,-0.25000,0.00000,0.00000,0.60000,0.00000,0.00000,0.00000,0.10000,0.00000,0.00000,0.07000,0.00000,0.00000,0.72000,0.00000,0.00000,0.00000,0.55190,0.01369,0.00557,0.38945,-0.00447,0.00229,0.59766,-0.01361,0.00000,0.00000,-0.34899,0.00701,0.00260,0.38551,-0.03020,0.00994,0.59433,-0.02019,0.00000,0.00000,0.55185,0.01306,0.00504,-0.25980,-0.06685,0.02301,0.58690,-0.05131,0.00000,0.00000,-0.34834,0.01183,0.00463,-0.25071,-0.00497,0.00187,0.59800,-0.01015,0.00000,0.00000,0.10131,0.00940,0.00375,0.06821,-0.01238,0.00446,0.71701,-0.01285,0.00000,0.00000
3.4000,340,6,3.4004,50.26,0.55000,0.00000,0.00000,0.39000,0.00000,0.00000,0.60000,0.00000,0.00000,0.00000,-0.35000,0.00000,0.00000,0.39000,0.00000,0.00000,0.60000,0.00000,0.00000,0.00000,0.55000,0.00000,0.00000,-0.25000,0.00000,0.00000,0.60000,0.00000,0.00000,0.00000,-0.35000,0.00000,0.00000,-0.25000,0.00000,0.00000,0.60000,0.00000,0.00000,0.00000,0.10000,0.00000,0.00000,0.07000,0.00000,0.00000,0.72000,0.00000,0.00000,0.00000,0.55265,0.01644,0.00562,0.38920,-0.00563,0.00243,0.59696,-0.01450,0.00000,0.00000,-0.34861,0.00828,0.00257,0.38388,-0.03489,0.00915,0.59335,-0.01895,0.00000,0.00000,0.55257,0.01554,0.00505,-0.26342,-0.07779,0.02158,0.58437,-0.04975,0.00000,0.00000,-0.34769,0.01410,0.00461,-0.25098,-0.00588,0.00182,0.59748,-0.01079,0.00000,0.00000,0.10183,0.01125,0.00377,0.06754,-0.01452,0.00425,0.71637,-0.01266,0.00000,0.00000
3.4500,345,6,3.4500,49.65,0.55000,0.00000,0.00000,0.39000,0.00000,0.00000,0.60000,0.00000,0.00000,0.00000,-0.35000,0.00000,0.00000,0.39000,0.00000,0.00000,0.60000,0.00000,0.00000,0.00000,0.55000,0.00000,0.00000,-0.25000,0.00000,0.00000,0.60000,0.00000,0.00000,0.00000,-0.35000,0.00000,0.00000,-0.25000,0.00000,0.00000,0.60000,0.00000,0.00000,0.00000,0.10000,0.00000,0.00000,0.07000,0.00000,0.00000,0.72000,0.00000,0.00000,0.00000,0.55354,0.01920,0.00561,0.38889,-0.00685,0.00252,0.59622,-0.01491,0.00000,0.00000,-0.34817,0.00954,0.00254,0.38202,-0.03916,0.00825,0.59245,-0.01722,0.00000,0.00000,0.55341,0.01801,0.00506,-0.26757,-0.08797,0.01987,0.58195,-0.04688,0.00000,0.00000,-0.34693,0.01634,0.00454,-0.25130,-0.00675,0.00176,0.59693,-0.01118,0.00000,0.00000,0.10244,0.01310,0.00375,0.06677,-0.01654,0.00397,0.71575,-0.01203,0.00000,0.00000
3.5000,350,7,3.5003,50.31,0.55000,0.00000,0.00000,0.39000,0.00000,0.00000,0.60000,0.00000,0.00000,0.00000,-0.35000,0.00000,0.00000,0.39000,0.00000,0.00000,0.60000,0.00000,0.00000,0.00000,0.55000,0.00000,0.00000,-0.25000,0.00000,0.00000,0.60000,0.00000,0.00000,0.00000,-0.35000,0.00000,0.00000,-0.25000,0.00000,0.00000,0.60000,0.00000,0.00000,0.00000,0.10000,0.00000,0.00000,0.07000,0.00000,0.00000,0.72000,0.00000,0.00000,0.00000,0.55000,0.00000,0.00000,0.39000,0.00000,0.00000,0.60000,0.00000,0.00000,0.00000,-0.35000,0.00000,0.00000,0.39000,0.00000,0.00000,0.60000,0.00000,0.00000,0.00000,0.55000,0.00000,0.00000,-0.25000,0.00000,0.00000,0.60000,0.00000,0.00000,0.00000,-0.35000,0.00000,0.00000,-0.25000,0.00000,0.00000,0.60000,0.00000,0.00000,0.00000,0.10000,0.00000,0.00000,0.07000,0.00000,0.00000,0.72000,0.00000,0.00000,0.00000
3.5500,355,7,3.5501,49.83,0.55000,0.00000,0.00000,0.39000,0.00000,0.00000,0.60000,0.00000,0.00000,0.00000,-0.35000,0.00000,0.00000,0.39000,0.00000,0.00000,0.60000,0.00000,0.00000,0.00000,0.55000,0.00000,0.00000,-0.25000,0.00000,0.00000,0.60000,0.00000,0.00000,0.00000,-0.35000,0.00000,0.00000,-0.25000,0.00000,0.00000,0.60000,0.00000,0.00000,0.00000,0.10000,0.00000,0.00000,0.07000,0.00000,0.00000,0.72000,0.00000,0.00000,0.00000,0.55001,0.00070,0.00267,0.39001,0.00051,-0.00185,0.60006,0.00198,0.00000,0.00000,-0.34999,0.00034,0.00130,0.38997,-0.00189,0.00706,0.59986,-0.00505,0.00000,0.00000,0.55002,0.00087,0.00335,-0.25006,-0.00355,0.01331,0.59972,-0.01033,0.00000,0.00000,-0.34999,0.00048,0.00185,-0.25000,-0.00001,0.00003,0.60000,0.00016,0.00000,0.00000,0.10001,0.00047,0.00180,0.06999,-0.00038,0.00145,0.71999,-0.00038,0.00000,0.00000
3.6000,360,7,3.6001,49.95,0.55000,0.00000,0.00000,0.39000,0.00000,0.00000,0.60000,0.00000,0.00000,0.00000,-0.35000,0.00000,0.00000,0.39000,0.00000,0.00000,0.60000,0.00000,0.00000,0.00000,0.55000,0.00000,0.00000,-0.25000,0.00000,0.00000,0.60000,0.00000,0.00000,0.00000,-0.35000,0.00000,0.00000,-0.25000,0.00000,0.00000,0.60000,0.00000,0.00000,0.00000,0.10000,0.00000,0.00000,0.07000,0.00000,0.00000,0.72000,0.00000,0.00000,0.00000,0.55009,0.00247,0.00441,0.39006,0.00164,-0.00261,0.60017,0.00228,0.00000,0.00000,-0.34996,0.00121,0.00221,0.38977,-0.00640,0.01089,0.59955,-0.00686,0.00000,0.00000,0.55011,0.00311,0.00563,-0.25044,-0.01213,0.02090,0.59905,-0.01585,0.00000,0.00000,-0.34994,0.00171,0.00307,-0.25000,-0.00002,0.00004,0.60002,0.00032,0.00000,0.00000,0.10006,0.00167,0.00300,0.06995,-0.00133,0.00236,0.71997,-0.00050,0.00000,0.00000
3.6500,365,7,3.6501,49.99,0.55000,0.00000,0.00000,0.39000,0.00000,0.00000,0.60000,0.00000,0.00000,0.00000,-0.35000,0.00000,0.00000,0.39000,0.00000,0.00000,0.60000,0.00000,0.00000,0.00000,0.55000,0.00000,0.00000,-0.25000,0.00000,0.00000,0.60000,0.00000,0.00000,0.00000,-0.35000,0.00000,0.00000,-0.25000,0.00000,0.00000,0.60000,0.00000,0.00000,0.00000,0.10000,0.00000,0.00000,0.07000,0.00000,0.00000,0.72000,0.00000,0.00000,0.00000,0.55027,0.00492,0.00548,0.39018,0.00295,-0.00269,0.60027,0.00180,0.00000,0.00000,-0.34987,0.00247,0.00288,0.38931,-0.01222,0.01257,0.59921,-0.00660,0.00000,0.00000,0.55034,0.00628,0.00721,-0.25132,-0.02342,0.02464,0.59819,-0.01798,0.00000,0.00000,-0.34981,0.00343,0.00386,-0.25000,-0.00004,0.00004,0.60004,0.00046,0.00000,0.00000,0.10018,0.00335,0.00377,0.06985,-0.00263,0.00287,0.71995,-0.00029,0.00000,0.00000
3.7000,370,7,3.7001,50.04,0.55000,0.00000,0.00000,0.39000,0.00000,0.00000,0.60000,0.00000,0.00000,0.00000,-0.35000,0.00000,0.00000,0.39000,0.00000,0.00000,0.60000,0.00000,0.00000,0.00000,0.55000,0.00000,0.00000,-0.25000,0.00000,0.00000,0.60000,0.00000,0.00000,0.00000,-0.35000,0.00000,0.00000,-0.25000,0.00000,0.00000,0.60000,0.00000,0.00000,0.00000,0.10000,0.00000,0.00000,0.07000,0.00000,0.00000,0.72000,0.00000,0.00000,0.00000,0.55059,0.00777,0.00608,0.39036,0.00421,-0.00236,0.60035,0.00105,0.00000,0.00000,-0.34971,0.00402,0.00340,0.38854,-0.01850,0.01284,0.59891,-0.00503,0.00000,0.00000,0.55075,0.01010,0.00834,-0.25280,-0.03588,0.02580,0.59729,-0.01774,0.00000,0.00000,-0.34959,0.00545,0.00434,-0.25001,-0.00007,0.00004,0.60006,0.00061,0.00000,0.00000,0.10040,0.00533,0.00426,0.06969,-0.00411,0.00312,0.71994,0.00024,0.00000,0.00000
3.7500,375,7,3.7506,50.45,0.55000,0.00000,0.00000,0.39000,0.00000,0.00000,0.60000,0.00000,0.00000,0.00000,-0.35000,0.00000,0.00000,0.39000,0.00000,0.00000,0.60000,0.00000,0.00000,0.00000,0.55000,0.00000,0.00000,-0.25000,0.00000,0.00000,0.60000,0.00000,0.00000,0.00000,-0.35000,0.00000,0.00000,-0.25000,0.00000,0.00000,0.60000,0.00000,0.00000,0.00000,0.10000,0.00000,0.00000,0.07000,0.00000,0.00000,0.72000,0.00000,0.00000,0.00000,0.55105,0.01083,0.00633,0.39059,0.00524,-0.00182,0.60038,0.00030,0.00000,0.00000,-0.34946,0.00580,0.00386,0.38746,-0.02468,0.01223,0.59872,-0.00267,0.00000,0.00000,0.55136,0.01442,0.00920,-0.25491,-0.04846,0.02527,0.59644,-0.01596,0.00000,0.00000,-0.34926,0.00765,0.00461,-0.25001,-0.00009,0.00004,0.60010,0.00079,0.00000,0.00000,0.10072,0.00749,0.00454,0.06944,-0.00566,0.00317,0.71997,0.00106,0.00000,0.00000
3.8000,380,7,3.8003,49.69,0.55000,0.00000,0.00000,0.39000,0.00000,0.00000,0.60000,0.00000,0.00000,0.00000,-0.35000,0.00000,0.00000,0.39000,0.00000,0.00000,0.60000,0.00000,0.00000,0.00000,0.55000,0.00000,0.00000,-0.25000,0.00000,0.00000,0.60000,0.00000,0.00000,0.00000,-0.35000,0.00000,0.00000,-0.25000,0.00000,0.00000,0.60000,0.00000,0.00000,0.00000,0.10000,0.00000,0.00000,0.07000,0.00000,0.00000,0.72000,0.00000,0.00000,0.00000,0.55167,0.01394,0.00633,0.39087,0.00598,-0.00119,0.60038,-0.00028,0.00000,0.00000,-0.34912,0.00779,0.00428,0.38608,-0.03041,0.01105,0.59865,0.00006,0.00000,0.00000,0.55220,0.01911,0.00991,-0.25764,-0.06049,0.02365,0.59571,-0.01329,0.00000,0.00000,-0.34882,0.00995,0.00474,-0.25001,-0.00011,0.00004,0.60014,0.00105,0.00000,0.00000,0.10115,0.00976,0.00469,0.06912,-0.00720,0.00308,0.72005,0.00210,0.00000,0.00000
3.8500,385,7,3.8500,49.72,0.55000,0.00000,0.00000,0.39000,0.00000,0.00000,0.60000,0.00000,0.00000,0.00000,-0.35000,0.00000,0.00000,0.39000,0.00000,0.00000,0.60000,0.00000,0.00000,0.00000,0.55000,0.00000,0.00000,-0.25000,0.00000,0.00000,0.60000,0.00000,0.00000,0.00000,-0.35000,0.00000,0.00000,-0.25000,0.00000,0.00000,0.60000,0.00000,0.00000,0.00000,0.10000,0.00000,0.00000,0.07000,0.00000,0.00000,0.72000,0.00000,0.00000,0.00000,0.55244,0.01701,0.00614,0.39119,0.00640,-0.00053,0.60036,-0.00056,0.00000,0.00000,-0.34868,0.01000,0.00472,0.38443,-0.03547,0.00956,0.59872,0.00281,0.00000,0.00000,0.55328,0.02413,0.01055,-0.26094,-0.07155,0.02136,0.59512,-0.01036,0.00000,0.00000,-0.34827,0.01228,0.00476,-0.25002,-0.00013,0.00004,0.60020,0.00142,0.00000,0.00000,0.10170,0.01208,0.00474,0.06872,-0.00866,0.00289,0.72019,0.00330,0.00000,0.00000
3.9000,390,7,3.9001,50.12,0.55000,0.00000,0.00000,0.39000,0.00000,0.00000,0.60000,0.00000,0.00000,0.00000,-0.35000,0.00000,0.00000,0.39000,0.00000,0.00000,0.60000,0.00000,0.00000,0.00000,0.55000,0.00000,0.00000,-0.25000,0.00000,0.00000,0.60000,0.00000,0.00000,0.00000,-0.35000,0.00000,0.00000,-0.25000,0.00000,0.00000,0.60000,0.00000,0.00000,0.00000,0.10000,0.00000,0.00000,0.07000,0.00000,0.00000,0.72000,0.00000,0.00000,0.00000,0.55337,0.01994,0.00580,0.39151,0.00650,0.00010,0.60033,-0.00042,0.00000,0.00000,-0.34812,0.01243,0.00518,0.38254,-0.03976,0.00791,0.59893,0.00523,0.00000,0.00000,0.55461,0.02945,0.01116,-0.26477,-0.08138,0.01867,0.59467,-0.00781,0.00000,0.00000,-0.34760,0.01460,0.00471,-0.25003,-0.00015,0.00004,0.60029,0.00193,0.00000,0.00000,0.10236,0.01440,0.00473,0.06826,-0.01002,0.00263,0.72038,0.00460,0.00000,0.00000
3.9500,395,7,3.9501,49.96,0.55000,0.00000,0.00000,0.39000,0.00000,0.00000,0.60000,0.00000,0.00000,0.00000,-0.35000,0.00000,0.00000,0.39000,0.00000,0.00000,0.60000,0.00000,0.00000,0.00000,0.55000,0.00000,0.00000,-0.25000,0.00000,0.00000,0.60000,0.00000,0.00000,0.00000,-0.35000,0.00000,0.00000,-0.25000,0.00000,0.00000,0.60000,0.00000,0.00000,0.00000,0.10000,0.00000,0.00000,0.07000,0.00000,0.00000,0.72000,0.00000,0.00000,0.00000,0.55443,0.02268,0.00536,0.39183,0.00631,0.00068,0.60032,0.00018,0.00000,0.00000,-0.34743,0.01509,0.00564,0.38047,-0.04322,0.00618,0.59924,0.00713,0.00000,0.00000,0.55623,0.03507,0.01173,-0.26906,-0.08983,0.01576,0.59432,-0.00596,0.00000,0.00000,-0.34681,0.01689,0.00461,-0.25003,-0.00017,0.00004,0.60040,0.00258,0.00000,0.00000,0.10314,0.01670,0.00466,0.06772,-0.01124,0.00232,0.72065,0.00595,0.00000,0.00000
4.0000,400,8,4.0003,50.21,0.55000,0.00000,0.00000,0.39000,0.00000,0.00000,0.60000,0.00000,0.00000,0.00000,-0.35000,0.00000,0.00000,0.39000,0.00000,0.00000,0.60000,0.00000,0.00000,0.00000,0.55000,0.00000,0.00000,-0.25000,0.00000,0.00000,0.60000,0.00000,0.00000,0.00000,-0.35000,0.00000,0.00000,-0.25000,0.00000,0.00000,0.60000,0.00000,0.00000,0.00000,0.10000,0.00000,0.00000,0.07000,0.00000,0.00000,0.72000,0.00000,0.00000,0.00000,0.55000,0.00000,0.00000,0.39000,0.00000,0.00000,0.60000,0.00000,0.00000,0.00000,-0.35000,0.00000,0.00000,0.39000,0.00000,0.00000,0.60000,0.00000,0.00000,0.00000,0.55000,0.00000,0.00000,-0.25000,0.00000,0.00000,0.60000,0.00000,0.00000,0.00000,-0.35000,0.00000,0.00000,-0.25000,0.00000,0.00000,0.60000,0.00000,0.00000,0.00000,0.10000,0.00000,0.00000,0.07000,0.00000,0.00000,0.72000,0.00000,0.00000,0.00000
4.0500,405,8,4.0501,49.84,0.55000,0.00000,0.00000,0.39000,0.00000,0.00000,0.60000,0.00000,0.00000,0.00000,-0.35000,0.00000,0.00000,0.39000,0.00000,0.00000,0.60000,0.00000,0.00000,0.00000,0.55000,0.00000,0.00000,-0.25000,0.00000,0.00000,0.60000,0.00000,0.00000,0.00000,-0.35000,0.00000,0.00000,-0.25000,0.00000,0.00000,0.60000,0.00000,0.00000,0.00000,0.10000,0.00000,0.00000,0.07000,0.00000,0.00000,0.72000,0.00000,0.00000,0.00000,0.55001,0.00041,0.00155,0.39001,0.00080,-0.00291,0.60003,0.00120,0.00000,0.00000,-0.34998,0.00106,0.00403,0.38997,-0.00162,0.00596,0.60005,0.00183,0.00000,0.00000,0.55004,0.00214,0.00814,-0.25005,-0.00285,0.01060,0.59998,-0.00070,0.00000,0.00000,-0.34999,0.00043,0.00165,-0.25000,0.00015,-0.00059,0.60004,0.00151,0.00000,0.00000,0.10001,0.00057,0.00217,0.07000,-0.00014,0.00051,0.72005,0.00194,0.00000,0.00000
4.1000,410,8,4.1003,50.17,0.55000,0.00000,0.00000,0.39000,0.00000,0.00000,0.60000,0.00000,0.00000,0.00000,-0.35000,0.00000,0.00000,0.39000,0.00000,0.00000,0.60000,0.00000,0.00000,0.00000,0.55000,0.00000,0.00000,-0.25000,0.00000,0.00000,0.60000,0.00000,0.00000,0.00000,-0.35000,0.00000,0.00000,-0.25000,0.00000,0.00000,0.60000,0.00000,0.00000,0.00000,0.10000,0.00000,0.00000,0.07000,0.00000,0.00000,0.72000,0.00000,0.00000,0.00000,0.55005,0.00144,0.00260,0.39010,0.00259,-0.00419,0.60012,0.00245,0.00000,0.00000,-0.34987,0.00372,0.00661,0.38980,-0.00535,0.00882,0.60018,0.00367,0.00000,0.00000,0.55027,0.00752,0.01339,-0.25035,-0.00957,0.01608,0.59993,-0.00127,0.00000,0.00000,-0.34995,0.00153,0.00274,-0.24998,0.00055,-0.00099,0.60015,0.00306,0.00000,0.00000,0.10007,0.00201,0.00359,0.06998,-0.00047,0.00081,0.72019,0.00388,0.00000,0.00000
4.1500,415,8,4.1502,49.93,0.55000,0.00000,0.00000,0.39000,0.00000,0.00000,0.60000,0.00000,0.00000,0.00000,-0.35000,0.00000,0.00000,0.39000,0.00000,0.00000,0.60000,0.00000,0.00000,0.00000,0.55000,0.00000,0.00000,-0.25000,0.00000,0.00000,0.60000,0.00000,0.00000,0.00000,-0.35000,0.00000,0.00000,-0.25000,0.00000,0.00000,0.60000,0.00000,0.00000,0.00000,0.10000,0.00000,0.00000,0.07000,0.00000,0.00000,0.72000,0.00000,0.00000,0.00000,0.55016,0.00290,0.00331,0.39028,0.00474,-0.00446,0.60028,0.00375,0.00000,0.00000,-0.34959,0.00737,0.00817,0.38942,-0.00994,0.00966,0.60041,0.00552,0.00000,0.00000,0.55082,0.01493,0.01658,-0.25104,-0.01808,0.01820,0.59986,-0.00175,0.00000,0.00000,-0.34983,0.00306,0.00345,-0.24994,0.00110,-0.00125,0.60034,0.00465,0.00000,0.00000,0.10022,0.00400,0.00448,0.06995,-0.00090,0.00094,0.72044,0.00584,0.00000,0.00000
4.2000,420,8,4.2002,49.93,0.55000,0.00000,0.00000,0.39000,0.00000,0.00000,0.60000,0.00000,0.00000,0.00000,-0.35000,0.00000,0.00000,0.39000,0.00000,0.00000,0.60000,0.00000,0.00000,0.00000,0.55000,0.00000,0.00000,-0.25000,0.00000,0.00000,0.60000,0.00000,0.00000,0.00000,-0.35000,0.00000,0.00000,-0.25000,0.00000,0.00000,0.60000,0.00000,0.00000,0.00000,0.10000,0.00000,0.00000,0.07000,0.00000,0.00000,0.72000,0.00000,0.00000,0.00000,0.55035,0.00465,0.00379,0.39057,0.00686,-0.00411,0.60050,0.00513,0.00000,0.00000,-0.34912,0.01161,0.00900,0.38881,-0.01462,0.00924,0.60073,0.00737,0.00000,0.00000,0.55178,0.02355,0.01833,-0.25216,-0.02706,0.01813,0.59976,-0.00213,0.00000,0.00000,-0.34964,0.00487,0.00388,-0.24987,0.00175,-0.00141,0.60062,0.00631,0.00000,0.00000,0.10048,0.00634,0.00501,0.06989,-0.00137,0.00095,0.72078,0.00782,0.00000,0.00000
4.2500,425,8,4.2502,50.08,0.55000,0.00000,0.00000,0.39000,0.00000,0.00000,0.60000,0.00000,0.00000,0.00000,-0.35000,0.00000,0.00000,0.39000,0.00000,0.00000,0.60000,0.00000,0.00000,0.00000,0.55000,0.00000,0.00000,-0.25000,0.00000,0.00000,0.60000,0.00000,0.00000,0.00000,-0.35000,0.00000,0.00000,-0.25000,0.00000,0.00000,0.60000,0.00000,0.00000,0.00000,0.10000,0.00000,0.00000,0.07000,0.00000,0.00000,0.72000,0.00000,0.00000,0.00000,0.55063,0.00659,0.00413,0.39096,0.00872,-0.00343,0.60079,0.00659,0.00000,0.00000,-0.34843,0.01612,0.00931,0.38797,-0.01888,0.00806,0.60115,0.00924,0.00000,0.00000,0.55319,0.03275,0.01905,-0.25374,-0.03565,0.01672,0.59965,-0.00240,0.00000,0.00000,-0.34934,0.00684,0.00414,-0.24976,0.00247,-0.00150,0.60098,0.00804,0.00000,0.00000,0.10086,0.00888,0.00528,0.06981,-0.00182,0.00088,0.72122,0.00982,0.00000,0.00000
4.3000,430,8,4.3001,49.88,0.55000,0.00000,0.00000,0.39000,0.00000,0.00000,0.60000,0.00000,0.00000,0.00000,-0.35000,0.00000,0.00000,0.39000,0.00000,0.00000,0.60000,0.00000,0.00000,0.00000,0.55000,0.00000,0.00000,-0.25000,0.00000,0.00000,0.60000,0.00000,0.00000,0.00000,-0.35000,0.00000,0.00000,-0.25000,0.00000,0.00000,0.60000,0.00000,0.00000,0.00000,0.10000,0.00000,0.00000,0.07000,0.00000,0.00000,0.72000,0.00000,0.00000,0.00000,0.55101,0.00868,0.00436,0.39144,0.01021,-0.00261,0.60116,0.00813,0.00000,0.00000,-0.34751,0.02068,0.00925,0.38693,-0.02246,0.00648,0.60166,0.01111,0.00000,0.00000,0.55506,0.04212,0.01904,-0.25571,-0.04334,0.01452,0.59952,-0.00258,0.00000,0.00000,-0.34895,0.00890,0.00426,-0.24962,0.00322,-0.00154,0.60142,0.00985,0.00000,0.00000,0.10137,0.01150,0.00538,0.06971,-0.00222,0.00075,0.72176,0.01185,0.00000,0.00000
4.3500,435,8,4.3502,50.09,0.55000,0.00000,0.00000,0.39000,0.00000,0.00000,0.60000,0.00000,0.00000,0.00000,-0.35000,0.00000,0.00000,0.39000,0.00000,0.00000,0.60000,0.00000,0.00000,0.00000,0.55000,0.00000,0.00000,-0.25000,0.00000,0.00000,0.60000,0.00000,0.00000,0.00000,-0.35000,0.00000,0.00000,-0.25000,0.00000,0.00000,0.60000,0.00000,0.00000,0.00000,0.10000,0.00000,0.00000,0.07000,0.00000,0.00000,0.72000,0.00000,0.00000,0.00000,0.55150,0.01086,0.00453,0.39197,0.01128,-0.00176,0.60160,0.00978,0.00000,0.00000,-0.34636,0.02514,0.00892,0.38574,-0.02521,0.00472,0.60226,0.01300,0.00000,0.00000,0.55740,0.05135,0.01851,-0.25805,-0.04984,0.01193,0.59939,-0.00265,0.00000,0.00000,-0.34845,0.01101,0.00430,-0.24944,0.00398,-0.00156,0.60196,0.01175,0.00000,0.00000,0.10201,0.01413,0.00535,0.06959,-0.00255,0.00057,0.72240,0.01391,0.00000,0.00000
4.4000,440,8,4.4004,50.17,0.55000,0.00000,0.00000,0.39000,0.00000,0.00000,0.60000,0.00000,0.00000,0.00000,-0.35000,0.00000,0.00000,0.39000,0.00000,0.00000,0.60000,0.00000,0.00000,0.00000,0.55000,0.00000,0.00000,-0.25000,0.00000,0.00000,0.60000,0.00000,0.00000,0.00000,-0.35000,0.00000,0.00000,-0.25000,0.00000,0.00000,0.60000,0.00000,0.00000,0.00000,0.10000,0.00000,0.00000,0.07000,0.00000,0.00000,0.72000,0.00000,0.00000,0.00000,0.55209,0.01312,0.00465,0.39256,0.01194,-0.00096,0.60214,0.01153,0.00000,0.00000,-0.34500,0.02940,0.00841,0.38443,-0.02709,0.00295,0.60296,0.01490,0.00000,0.00000,0.56019,0.06021,0.01761,-0.26068,-0.05502,0.00919,0.59926,-0.00260,0.00000,0.00000,-0.34785,0.01311,0.00428,-0.24922,0.00474,-0.00155,0.60260,0.01375,0.00000,0.00000,0.10278,0.01673,0.00523,0.06946,-0.00278,0.00036,0.72315,0.01602,0.00000,0.00000
4.4500,445,8,4.4501,49.76,0.55000,0.00000,0.00000,0.39000,0.00000,0.00000,0.60000,0.00000,0.00000,0.00000,-0.35000,0.00000,0.00000,0.39000,0.00000,0.00000,0.60000,0.00000,0.00000,0.00000,0.55000,0.00000,0.00000,-0.25000,0.00000,0.00000,0.60000,0.00000,0.00000,0.00000,-0.35000,0.00000,0.00000,-0.25000,0.00000,0.00000,0.60000,0.00000,0.00000,0.00000,0.10000,0.00000,0.00000,0.07000,0.00000,0.00000,0.72000,0.00000,0.00000,0.00000,0.55281,0.01542,0.00473,0.39316,0.01223,-0.00026,0.60276,0.01341,0.00000,0.00000,-0.34343,0.03337,0.00777,0.38304,-0.02812,0.00128,0.60375,0.01683,0.00000,0.00000,0.56341,0.06858,0.01645,-0.26353,-0.05886,0.00650,0.59913,-0.00242,0.00000,0.00000,-0.34714,0.01520,0.00421,-0.24897,0.00550,-0.00153,0.60334,0.01586,0.00000,0.00000,0.10368,0.01925,0.00505,0.06932,-0.00290,0.00013,0.72401,0.01817,0.00000,0.00000
4.5000,450,9,4.5002,50.12,0.55000,0.00000,0.00000,0.39000,0.00000,0.00000,0.60000,0.00000,0.00000,0.00000,-0.35000,0.00000,0.00000,0.39000,0.00000,0.00000,0.60000,0.00000,0.00000,0.00000,0.55000,0.00000,0.00000,-0.25000,0.00000,0.00000,0.60000,0.00000,0.00000,0.00000,-0.35000,0.00000,0.00000,-0.25000,0.00000,0.00000,0.60000,0.00000,0.00000,0.00000,0.10000,0.00000,0.00000,0.07000,0.00000,0.00000,0.72000,0.00000,0.00000,0.00000,0.55000,0.00000,0.00000,0.39000,0.00000,0.00000,0.60000,0.00000,0.00000,0.00000,-0.35000,0.00000,0.00000,0.39000,0.00000,0.00000,0.60000,0.00000,0.00000,0.00000,0.55000,0.00000,0.00000,-0.25000,0.00000,0.00000,0.60000,0.00000,0.00000,0.00000,-0.35000,0.00000,0.00000,-0.25000,0.00000,0.00000,0.60000,0.00000,0.00000,0.00000,0.10000,0.00000,0.00000,0.07000,0.00000,0.00000,0.72000,0.00000,0.00000,0.00000
4.5500,455,9,4.5502,49.92,0.55000,0.00000,0.00000,0.39000,0.00000,0.00000,0.60000,0.00000,0.00000,0.00000,-0.35000,0.00000,0.00000,0.39000,0.00000,0.00000,0.60000,0.00000,0.00000,0.00000,0.55000,0.00000,0.00000,-0.25000,0.00000,0.00000,0.60000,0.00000,0.00000,0.00000,-0.35000,0.00000,0.00000,-0.25000,0.00000,0.00000,0.60000,0.00000,0.00000,0.00000,0.10000,0.00000,0.00000,0.07000,0.00000,0.00000,0.72000,0.00000,0.00000,0.00000,0.55000,0.00004,0.00023,0.39001,0.00063,-0.00234,0.60010,0.00409,0.00000,0.00000,-0.34997,0.00153,0.00572,0.38999,-0.00072,0.00262,0.60009,0.00374,0.00000,0.00000,0.55005,0.00284,0.01071,-0.25002,-0.00132,0.00486,0.60001,0.00058,0.00000,0.00000,-0.34999,0.00035,0.00134,-0.25000,0.00028,-0.00106,0.60012,0.00460,0.00000,0.00000,0.10001,0.00054,0.00206,0.07000,0.00009,-0.00036,0.72011,0.00426,0.00000,0.00000
4.6000,460,9,4.6001,49.94,0.55000,0.00000,0.00000,0.39000,0.00000,0.00000,0.60000,0.00000,0.00000,0.00000,-0.35000,0.00000,0.00000,0.39000,0.00000,0.00000,0.60000,0.00000,0.00000,0.00000,0.55000,0.00000,0.00000,-0.25000,0.00000,0.00000,0.60000,0.00000,0.00000,0.00000,-0.35000,0.00000,0.00000,-0.25000,0.00000,0.00000,0.60000,0.00000,0.00000,0.00000,0.10000,0.00000,0.00000,0.07000,0.00000,0.00000,0.72000,0.00000,0.00000,0.00000,0.55001,0.00027,0.00072,0.39008,0.00210,-0.00350,0.60041,0.00815,0.00000,0.00000,-0.34981,0.00521,0.00893,0.38991,-0.00232,0.00370,0.60037,0.00744,0.00000,0.00000,0.55035,0.00978,0.01696,-0.25016,-0.00436,0.00717,0.60006,0.00131,0.00000,0.00000,-0.34996,0.00124,0.00223,-0.24997,0.00098,-0.00176,0.60046,0.00913,0.00000,0.00000,0.10007,0.00190,0.00340,0.07001,0.00033,-0.00062,0.72043,0.00848,0.00000,0.00000
4.6500,465,9,4.6500,49.93,0.55000,0.00000,0.00000,0.39000,0.00000,0.00000,0.60000,0.00000,0.00000,0.00000,-0.35000,0.00000,0.00000,0.39000,0.00000,0.00000,0.60000,0.00000,0.00000,0.00000,0.55000,0.00000,0.00000,-0.25000,0.00000,0.00000,0.60000,0.00000,0.00000,0.00000,-0.35000,0.00000,0.00000,-0.25000,0.00000,0.00000,0.60000,0.00000,0.00000,0.00000,0.10000,0.00000,0.00000,0.07000,0.00000,0.00000,0.72000,0.00000,0.00000,0.00000,0.55003,0.00076,0.00132,0.39023,0.00396,-0.00396,0.60092,0.01223,0.00000,0.00000,-0.34943,0.01002,0.01046,0.38975,-0.00419,0.00384,0.60084,0.01111,0.00000,0.00000,0.55106,0.01900,0.02022,-0.25047,-0.00809,0.00787,0.60015,0.00225,0.00000,0.00000,-0.34986,0.00249,0.00280,-0.24989,0.00197,-0.00223,0.60103,0.01361,0.00000,0.00000,0.10021,0.00379,0.00423,0.07004,0.00069,-0.00083,0.72095,0.01266,0.00000,0.00000
4.7000,470,9,4.7002,50.22,0.55000,0.00000,0.00000,0.39000,0.00000,0.00000,0.60000,0.00000,0.00000,0.00000,-0.35000,0.00000,0.00000,0.39000,0.00000,0.00000,0.60000,0.00000,0.00000,0.00000,0.55000,0.00000,0.00000,-0.25000,0.00000,0.00000,0.60000,0.00000,0.00000,0.00000,-0.35000,0.00000,0.00000,-0.25000,0.00000,0.00000,0.60000,0.00000,0.00000,0.00000,0.10000,0.00000,0.00000,0.07000,0.00000,0.00000,0.72000,0.00000,0.00000,0.00000,0.55009,0.00157,0.00196,0.39047,0.00592,-0.00400,0.60163,0.01635,0.00000,0.00000,-0.34880,0.01530,0.01092,0.38950,-0.00600,0.00345,0.60148,0.01475,0.00000,0.00000,0.55227,0.02929,0.02150,-0.25097,-0.01192,0.00762,0.60029,0.00342,0.00000,0.00000,-0.34970,0.00396,0.00317,-0.24977,0.00314,-0.00252,0.60182,0.01806,0.00000,0.00000,0.10045,0.00599,0.00470,0.07008,0.00115,-0.00101,0.72169,0.01683,0.00000,0.00000
4.7500,475,9,4.7503,50.02,0.55000,0.00000,0.00000,0.39000,0.00000,0.00000,0.60000,0.00000,0.00000,0.00000,-0.35000,0.00000,0.00000,0.39000,0.00000,0.00000,0.60000,0.00000,0.00000,0.00000,0.55000,0.00000,0.00000,-0.25000,0.00000,0.00000,0.60000,0.00000,0.00000,0.00000,-0.35000,0.00000,0.00000,-0.25000,0.00000,0.00000,0.60000,0.00000,0.00000,0.00000,0.10000,0.00000,0.00000,0.07000,0.00000,0.00000,0.72000,0.00000,0.00000,0.00000,0.55019,0.00268,0.00255,0.39082,0.00785,-0.00384,0.60255,0.02055,0.00000,0.00000,-0.34790,0.02062,0.01070,0.38916,-0.00754,0.00281,0.60231,0.01839,0.00000,0.00000,0.55400,0.03988,0.02150,-0.25166,-0.01548,0.00683,0.60050,0.00490,0.00000,0.00000,-0.34947,0.00557,0.00338,-0.24958,0.00442,-0.00270,0.60283,0.02249,0.00000,0.00000,0.10081,0.00836,0.00492,0.07015,0.00168,-0.00116,0.72264,0.02100,0.00000,0.00000
4.8000,480,9,4.8003,50.01,0.55000,0.00000,0.00000,0.39000,0.00000,0.00000,0.60000,0.00000,0.00000,0.00000,-0.35000,0.00000,0.00000,0.39000,0.00000,0.00000,0.60000,0.00000,0.00000,0.00000,0.55000,0.00000,0.00000,-0.25000,0.00000,0.00000,0.60000,0.00000,0.00000,0.00000,-0.35000,0.00000,0.00000,-0.25000,0.00000,0.00000,0.60000,0.00000,0.00000,0.00000,0.10000,0.00000,0.00000,0.07000,0.00000,0.00000,0.72000,0.00000,0.00000,0.00000,0.55036,0.00406,0.00309,0.39126,0.00967,-0.00355,0.60369,0.02483,0.00000,0.00000,-0.34674,0.02572,0.01006,0.38875,-0.00873,0.00200,0.60332,0.02206,0.00000,0.00000,0.55625,0.05025,0.02066,-0.25251,-0.01857,0.00571,0.60079,0.00676,0.00000,0.00000,-0.34915,0.00726,0.00349,-0.24932,0.00578,-0.00280,0.60407,0.02691,0.00000,0.00000,0.10129,0.01079,0.00497,0.07025,0.00229,-0.00131,0.72379,0.02521,0.00000,0.00000
4.8500,485,9,4.8501,49.84,0.55000,0.00000,0.00000,0.39000,0.00000,0.00000,0.60000,0.00000,0.00000,0.00000,-0.35000,0.00000,0.00000,0.39000,0.00000,0.00000,0.60000,0.00000,0.00000,0.00000,0.55000,0.00000,0.00000,-0.25000,0.00000,0.00000,0.60000,0.00000,0.00000,0.00000,-0.35000,0.00000,0.00000,-0.25000,0.00000,0.00000,0.60000,0.00000,0.00000,0.00000,0.10000,0.00000,0.00000,0.07000,0.00000,0.00000,0.72000,0.00000,0.00000,0.00000,0.55060,0.00570,0.00356,0.39178,0.01132,-0.00319,0.60504,0.02920,0.00000,0.00000,-0.34534,0.03044,0.00915,0.38829,-0.00949,0.00110,0.60452,0.02581,0.00000,0.00000,0.55901,0.06006,0.01928,-0.25350,-0.02104,0.00436,0.60118,0.00912,0.00000,0.00000,-0.34874,0.00898,0.00353,-0.24900,0.00716,-0.00284,0.60552,0.03132,0.00000,0.00000,0.10189,0.01321,0.00489,0.07038,0.00296,-0.00144,0.72516,0.02946,0.00000,0.00000
4.9000,490,9,4.9000,49.89,0.55000,0.00000,0.00000,0.39000,0.00000,0.00000,0.60000,0.00000,0.00000,0.00000,-0.35000,0.00000,0.00000,0.39000,0.00000,0.00000,0.60000,0.00000,0.00000,0.00000,0.55000,0.00000,0.00000,-0.25000,0.00000,0.00000,0.60000,0.00000,0.00000,0.00000,-0.35000,0.00000,0.00000,-0.25000,0.00000,0.00000,0.60000,0.00000,0.00000,0.00000,0.10000,0.00000,0.00000,0.07000,0.00000,0.00000,0.72000,0.00000,0.00000,0.00000,0.55093,0.00754,0.00395,0.39239,0.01279,-0.00280,0.60661,0.03365,0.00000,0.00000,-0.34371,0.03468,0.00810,0.38781,-0.00980,0.00017,0.60591,0.02973,0.00000,0.00000,0.56225,0.06911,0.01757,-0.25460,-0.02283,0.00291,0.60171,0.01211,0.00000,0.00000,-0.34825,0.01071,0.00352,-0.24861,0.00856,-0.00285,0.60720,0.03573,0.00000,0.00000,0.10261,0.01557,0.00472,0.07055,0.00370,-0.00157,0.72674,0.03378,0.00000,0.00000
4.9500,495,9,4.9501,50.13,0.55000,0.00000,0.00000,0.39000,0.00000,0.00000,0.60000,0.00000,0.00000,0.00000,-0.35000,0.00000,0.00000,0.39000,0.00000,0.00000,0.60000,0.00000,0.00000,0.00000,0.55000,0.00000,0.00000,-0.25000,0.00000,0.00000,0.60000,0.00000,0.00000,0.00000,-0.35000,0.00000,0.00000,-0.25000,0.00000,0.00000,0.60000,0.00000,0.00000,0.00000,0.10000,0.00000,0.00000,0.07000,0.00000,0.00000,0.72000,0.00000,0.00000,0.00000,0.55136,0.00956,0.00428,0.39306,0.01407,-0.00242,0.60840,0.03810,0.00000,0.00000,-0.34188,0.03838,0.00698,0.38732,-0.00966,-0.00074,0.60750,0.03393,0.00000,0.00000,0.56591,0.07727,0.01567,-0.25578,-0.02390,0.00144,0.60240,0.01593,0.00000,0.00000,-0.34767,0.01243,0.00347,-0.24814,0.00995,-0.00283,0.60910,0.04013,0.00000,0.00000,0.10344,0.01784,0.00450,0.07075,0.00450,-0.00170,0.72854,0.03818,0.00000,0.00000
5.0000,500,10,5.0007,50.60,0.55000,0.00000,0.00000,0.39000,0.00000,0.00000,0.60000,0.00000,0.00000,0.00000,-0.35000,0.00000,0.00000,0.39000,0.00000,0.00000,0.60000,0.00000,0.00000,0.00000,0.55000,0.00000,0.00000,-0.25000,0.00000,0.00000,0.60000,0.00000,0.00000,0.00000,-0.35000,0.00000,0.00000,-0.25000,0.00000,0.00000,0.60000,0.00000,0.00000,0.00000,0.10000,0.00000,0.00000,0.07000,0.00000,0.00000,0.72000,0.00000,0.00000,0.00000,0.55000,0.00000,0.00000,0.39000,0.00000,0.00000,0.60000,0.00000,0.00000,0.00000,-0.35000,0.00000,0.00000,0.39000,0.00000,0.00000,0.60000,0.00000,0.00000,0.00000,0.55000,0.00000,0.00000,-0.25000,0.00000,0.00000,0.60000,0.00000,0.00000,0.00000,-0.35000,0.00000,0.00000,-0.25000,0.00000,0.00000,0.60000,0.00000,0.00000,0.00000,0.10000,0.00000,0.00000,0.07000,0.00000,0.00000,0.72000,0.00000,0.00000,0.00000
5.0500,505,10,5.0503,49.51,0.55000,0.00000,0.00000,0.39000,0.00000,0.00000,0.60000,0.00000,0.00000,0.00000,-0.35000,0.00000,0.00000,0.39000,0.00000,0.00000,0.60000,0.00000,0.00000,0.00000,0.55000,0.00000,0.00000,-0.25000,0.00000,0.00000,0.60000,0.00000,0.00000,0.00000,-0.35000,0.00000,0.00000,-0.25000,0.00000,0.00000,0.60000,0.00000,0.00000,0.00000,0.10000,0.00000,0.00000,0.07000,0.00000,0.00000,0.72000,0.00000,0.00000,0.00000,0.55000,-0.00012,-0.00038,0.39001,0.00060,-0.00223,0.60024,0.00951,0.00000,0.00000,-0.34997,0.00152,0.00565,0.39000,-0.00016,0.00054,0.60025,0.00971,0.00000,0.00000,0.55005,0.00278,0.01043,-0.25001,-0.00031,0.00109,0.60031,0.01213,0.00000,0.00000,-0.35000,0.00027,0.00101,-0.24999,0.00037,-0.00143,0.60024,0.00941,0.00000,0.00000,0.10001,0.00045,0.00171,0.07000,0.00027,-0.00103,0.72023,0.00919,0.00000,0.00000
5.1000,510,10,5.1003,49.99,0.55000,0.00000,0.00000,0.39000,0.00000,0.00000,0.60000,0.00000,0.00000,0.00000,-0.35000,0.00000,0.00000,0.39000,0.00000,0.00000,0.60000,0.00000,0.00000,0.00000,0.55000,0.00000,0.00000,-0.25000,0.00000,0.00000,0.60000,0.00000,0.00000,0.00000,-0.35000,0.00000,0.00000,-0.25000,0.00000,0.00000,0.60000,0.00000,0.00000,0.00000,0.10000,0.00000,0.00000,0.07000,0.00000,0.00000,0.72000,0.00000,0.00000,0.00000,0.54999,-0.00028,-0.00020,0.39007,0.00204,-0.00350,0.60095,0.01885,0.00000,0.00000,-0.34981,0.00511,0.00867,0.38998,-0.00044,0.00052,0.60096,0.01889,0.00000,0.00000,0.55034,0.00949,0.01631,-0.25004,-0.00093,0.00131,0.60120,0.02353,0.00000,0.00000,-0.34997,0.00094,0.00168,-0.24995,0.00133,-0.00239,0.60094,0.01853,0.00000,0.00000,0.10006,0.00158,0.00281,0.07003,0.00095,-0.00173,0.72091,0.01808,0.00000,0.00000
5.1500,515,10,5.1501,49.87,0.55000,0.00000,0.00000,0.39000,0.00000,0.00000,0.60000,0.00000,0.00000,0.00000,-0.35000,0.00000,0.00000,0.39000,0.00000,0.00000,0.60000,0.00000,0.00000,0.00000,0.55000,0.00000,0.00000,-0.25000,0.00000,0.00000,0.60000,0.00000,0.00000,0.00000,-0.35000,0.00000,0.00000,-0.25000,0.00000,0.00000,0.60000,0.00000,0.00000,0.00000,0.10000,0.00000,0.00000,0.07000,0.00000,0.00000,0.72000,0.00000,0.00000,0.00000,0.54997,-0.00027,0.00029,0.39022,0.00393,-0.00415,0.60212,0.02793,0.00000,0.00000,-0.34945,0.00974,0.00995,0.38995,-0.00062,0.00019,0.60213,0.02763,0.00000,0.00000,0.55103,0.01829,0.01916,-0.25010,-0.00151,0.00099,0.60265,0.03433,0.00000,0.00000,-0.34990,0.00188,0.00211,-0.24985,0.00267,-0.00302,0.60208,0.02735,0.00000,0.00000,0.10017,0.00313,0.00348,0.07010,0.00193,-0.00221,0.72203,0.02666,0.00000,0.00000
5.2000,520,10,5.2002,50.05,0.55000,0.00000,0.00000,0.39000,0.00000,0.00000,0.60000,0.00000,0.00000,0.00000,-0.35000,0.00000,0.00000,0.39000,0.00000,0.00000,0.60000,0.00000,0.00000,0.00000,0.55000,0.00000,0.00000,-0.25000,0.00000,0.00000,0.60000,0.00000,0.00000,0.00000,-0.35000,0.00000,0.00000,-0.25000,0.00000,0.00000,0.60000,0.00000,0.00000,0.00000,0.10000,0.00000,0.00000,0.07000,0.00000,0.00000,0.72000,0.00000,0.00000,0.00000,0.54997,0.00003,0.00093,0.39047,0.00604,-0.00441,0.60374,0.03670,0.00000,0.00000,-0.34883,0.01469,0.01012,0.38992,-0.00060,-0.00032,0.60372,0.03600,0.00000,0.00000,0.55219,0.02796,0.02000,-0.25018,-0.00185,0.00037,0.60462,0.04459,0.00000,0.00000,-0.34978,0.00299,0.00238,-0.24968,0.00425,-0.00342,0.60367,0.03586,0.00000,0.00000,0.10037,0.00494,0.00385,0.07023,0.00310,-0.00254,0.72357,0.03492,0.00000,0.00000
5.2500,525,10,5.2501,49.97,0.55000,0.00000,0.00000,0.39000,0.00000,0.00000,0.60000,0.00000,0.00000,0.00000,-0.35000,0.00000,0.00000,0.39000,0.00000,0.00000,0.60000,0.00000,0.00000,0.00000,0.55000,0.00000,0.00000,-0.25000,0.00000,0.00000,0.60000,0.00000,0.00000,0.00000,-0.35000,0.00000,0.00000,-0.25000,0.00000,0.00000,0.60000,0.00000,0.00000,0.00000,0.10000,0.00000,0.00000,0.07000,0.00000,0.00000,0.72000,0.00000,0.00000,0.00000,0.54998,0.00065,0.00162,0.39083,0.00822,-0.00443,0.60578,0.04514,0.00000,0.00000,-0.34798,0.01955,0.00959,0.38990,-0.00030,-0.00089,0.60572,0.04403,0.00000,0.00000,0.55383,0.03770,0.01956,-0.25028,-0.00185,-0.00040,0.60710,0.05437,0.00000,0.00000,-0.34960,0.00420,0.00254,-0.24943,0.00599,-0.00366,0.60567,0.04407,0.00000,0.00000,0.10067,0.00687,0.00401,0.07042,0.00440,-0.00276,0.72552,0.04286,0.00000,0.00000
5.3000,530,10,5.3003,50.13,0.55000,0.00000,0.00000,0.39000,0.00000,0.00000,0.60000,0.00000,0.00000,0.00000,-0.35000,0.00000,0.00000,0.39000,0.00000,0.00000,0.60000,0.00000,0.00000,0.00000,0.55000,0.00000,0.00000,-0.25000,0.00000,0.00000,0.60000,0.00000,0.00000,0.00000,-0.35000,0.00000,0.00000,-0.25000,0.00000,0.00000,0.60000,0.00000,0.00000,0.00000,0.10000,0.00000,0.00000,0.07000,0.00000,0.00000,0.72000,0.00000,0.00000,0.00000,0.55004,0.00161,0.00229,0.39129,0.01037,-0.00432,0.60824,0.05322,0.00000,0.00000,-0.34689,0.02403,0.00866,0.38990,0.00028,-0.00147,0.60812,0.05173,0.00000,0.00000,0.55595,0.04702,0.01832,-0.25036,-0.00145,-0.00122,0.61005,0.06369,0.00000,0.00000,-0.34936,0.00547,0.00262,-0.24908,0.00783,-0.00380,0.60807,0.05194,0.00000,0.00000,0.10106,0.00885,0.00403,0.07067,0.00579,-0.00292,0.72785,0.05048,0.00000,0.00000
5.3500,535,10,5.3502,49.88,0.55000,0.00000,0.00000,0.39000,0.00000,0.00000,0.60000,0.00000,0.00000,0.00000,-0.35000,0.00000,0.00000,0.39000,0.00000,0.00000,0.60000,0.00000,0.00000,0.00000,0.55000,0.00000,0.00000,-0.25000,0.00000,0.00000,0.60000,0.00000,0.00000,0.00000,-0.35000,0.00000,0.00000,-0.25000,0.00000,0.00000,0.60000,0.00000,0.00000,0.00000,0.10000,0.00000,0.00000,0.07000,0.00000,0.00000,0.72000,0.00000,0.00000,0.00000,0.55015,0.00288,0.00289,0.39186,0.01245,-0.00415,0.61110,0.06093,0.00000,0.00000,-0.34558,0.02800,0.00751,0.38993,0.00114,-0.00202,0.61089,0.05912,0.00000,0.00000,0.55852,0.05560,0.01662,-0.25042,-0.00066,-0.00202,0.61346,0.07256,0.00000,0.00000,-0.34905,0.00676,0.00265,-0.24864,0.00970,-0.00386,0.61085,0.05949,0.00000,0.00000,0.10155,0.01081,0.00394,0.07100,0.00725,-0.00303,0.73056,0.05777,0.00000,0.00000
5.4000,540,10,5.4003,50.16,0.55000,0.00000,0.00000,0.39000,0.00000,0.00000,0.60000,0.00000,0.00000,0.00000,-0.35000,0.00000,0.00000,0.39000,0.00000,0.00000,0.60000,0.00000,0.00000,0.00000,0.55000,0.00000,0.00000,-0.25000,0.00000,0.00000,0.60000,0.00000,0.00000,0.00000,-0.35000,0.00000,0.00000,-0.25000,0.00000,0.00000,0.60000,0.00000,0.00000,0.00000,0.10000,0.00000,0.00000,0.07000,0.00000,0.00000,0.72000,0.00000,0.00000,0.00000,0.55033,0.00443,0.00341,0.39254,0.01443,-0.00395,0.61433,0.06828,0.00000,0.00000,-0.34410,0.03139,0.00628,0.39002,0.00225,-0.00252,0.61402,0.06619,0.00000,0.00000,0.56149,0.06328,0.01468,-0.25042,0.00052,-0.00278,0.61730,0.08099,0.00000,0.00000,-0.34868,0.00806,0.00264,-0.24811,0.01160,-0.00387,0.61401,0.06669,0.00000,0.00000,0.10214,0.01270,0.00377,0.07140,0.00876,-0.00310,0.73363,0.06474,0.00000,0.00000
5.4500,545,10,5.4500,49.72,0.55000,0.00000,0.00000,0.39000,0.00000,0.00000,0.60000,0.00000,0.00000,0.00000,-0.35000,0.00000,0.00000,0.39000,0.00000,0.00000,0.60000,0.00000,0.00000,0.00000,0.55000,0.00000,0.00000,-0.25000,0.00000,0.00000,0.60000,0.00000,0.00000,0.00000,-0.35000,0.00000,0.00000,-0.25000,0.00000,0.00000,0.60000,0.00000,0.00000,0.00000,0.10000,0.00000,0.00000,0.07000,0.00000,0.00000,0.72000,0.00000,0.00000,0.00000,0.55059,0.00621,0.00383,0.39330,0.01632,-0.00375,0.61792,0.07525,0.00000,0.00000,-0.34245,0.03416,0.00504,0.39016,0.00360,-0.00295,0.61750,0.07294,0.00000,0.00000,0.56483,0.06998,0.01264,-0.25036,0.00205,-0.00346,0.62155,0.08896,0.00000,0.00000,-0.34824,0.00934,0.00260,-0.24748,0.01349,-0.00384,0.61752,0.07356,0.00000,0.00000,0.10282,0.01450,0.00356,0.07187,0.01030,-0.00316,0.73703,0.07137,0.00000,0.00000
5.5000,550,11,5.5003,50.23,0.55000,0.00000,0.00000,0.39000,0.00000,0.00000,0.60000,0.00000,0.00000,0.00000,-0.35000,0.00000,0.00000,0.39000,0.00000,0.00000,0.60000,0.00000,0.00000,0.00000,0.55000,0.00000,0.00000,-0.25000,0.00000,0.00000,0.60000,0.00000,0.00000,0.00000,-0.35000,0.00000,0.00000,-0.25000,0.00000,0.00000,0.60000,0.00000,0.00000,0.00000,0.10000,0.00000,0.00000,0.07000,0.00000,0.00000,0.72000,0.00000,0.00000,0.00000,0.55000,0.00000,0.00000,0.39000,0.00000,0.00000,0.60000,0.00000,0.00000,0.00000,-0.35000,0.00000,0.00000,0.39000,0.00000,0.00000,0.60000,0.00000,0.00000,0.00000,0.55000,0.00000,0.00000,-0.25000,0.00000,0.00000,0.60000,0.00000,0.00000,0.00000,-0.35000,0.00000,0.00000,-0.25000,0.00000,0.00000,0.60000,0.00000,0.00000,0.00000,0.10000,0.00000,0.00000,0.07000,0.00000,0.00000,0.72000,0.00000,0.00000,0.00000
5.5500,555,11,5.5500,49.76,0.55000,0.00000,0.00000,0.39000,0.00000,0.00000,0.60000,0.00000,0.00000,0.00000,-0.35000,0.00000,0.00000,0.39000,0.00000,0.00000,0.60000,0.00000,0.00000,0.00000,0.55000,0.00000,0.00000,-0.25000,0.00000,0.00000,0.60000,0.00000,0.00000,0.00000,-0.35000,0.00000,0.00000,-0.25000,0.00000,0.00000,0.60000,0.00000,0.00000,0.00000,0.10000,0.00000,0.00000,0.07000,0.00000,0.00000,0.72000,0.00000,0.00000,0.00000,0.55000,-0.00011,-0.00034,0.39001,0.00055,-0.00211,0.60028,0.01161,0.00000,0.00000,-0.34998,0.00120,0.00447,0.39001,0.00032,-0.00123,0.60061,0.02332,0.00000,0.00000,0.55004,0.00229,0.00858,-0.24999,0.00055,-0.00212,0.60098,0.03748,0.00000,0.00000,-0.35000,0.00018,0.00067,-0.24999,0.00045,-0.00172,0.60034,0.01342,0.00000,0.00000,0.10001,0.00034,0.00131,0.07001,0.00041,-0.00158,0.72038,0.01502,0.00000,0.00000
5.6000,560,11,5.6002,50.12,0.55000,0.00000,0.00000,0.39000,0.00000,0.00000,0.60000,0.00000,0.00000,0.00000,-0.35000,0.00000,0.00000,0.39000,0.00000,0.00000,0.60000,0.00000,0.00000,0.00000,0.55000,0.00000,0.00000,-0.25000,0.00000,0.00000,0.60000,0.00000,0.00000,0.00000,-0.35000,0.00000,0.00000,-0.25000,0.00000,0.00000,0.60000,0.00000,0.00000,0.00000,0.10000,0.00000,0.00000,0.07000,0.00000,0.00000,0.72000,0.00000,0.00000,0.00000,0.54999,-0.00025,-0.00019,0.39007,0.00194,-0.00345,0.60119,0.02527,0.00000,0.00000,-0.34985,0.00403,0.00679,0.39004,0.00115,-0.00215,0.60224,0.04123,0.00000,0.00000,0.55028,0.00780,0.01337,-0.24993,0.00198,-0.00366,0.60361,0.06679,0.00000,0.00000,-0.34998,0.00062,0.00111,-0.24994,0.00159,-0.00286,0.60134,0.02645,0.00000,0.00000,0.10004,0.00121,0.00215,0.07005,0.00147,-0.00264,0.72149,0.02919,0.00000,0.00000
5.6500,565,11,5.6501,49.97,0.55000,0.00000,0.00000,0.39000,0.00000,0.00000,0.60000,0.00000,0.00000,0.00000,-0.35000,0.00000,0.00000,0.39000,0.00000,0.00000,0.60000,0.00000,0.00000,0.00000,0.55000,0.00000,0.00000,-0.25000,0.00000,0.00000,0.60000,0.00000,0.00000,0.00000,-0.35000,0.00000,0.00000,-0.25000,0.00000,0.00000,0.60000,0.00000,0.00000,0.00000,0.10000,0.00000,0.00000,0.07000,0.00000,0.00000,0.72000,0.00000,0.00000,0.00000,0.54998,-0.00025,0.00022,0.39021,0.00385,-0.00428,0.60281,0.03950,0.00000,0.00000,-0.34956,0.00764,0.00773,0.39013,0.00239,-0.00284,0.60467,0.05554,0.00000,0.00000,0.55085,0.01500,0.01565,-0.24978,0.00406,-0.00478,0.60756,0.09007,0.00000,0.00000,-0.34993,0.00123,0.00138,-0.24983,0.00319,-0.00361,0.60298,0.03906,0.00000,0.00000,0.10013,0.00240,0.00266,0.07016,0.00294,-0.00334,0.72328,0.04236,0.00000,0.00000
5.7000,570,11,5.7001,49.96,0.55000,0.00000,0.00000,0.39000,0.00000,0.00000,0.60000,0.00000,0.00000,0.00000,-0.35000,0.00000,0.00000,0.39000,0.00000,0.00000,0.60000,0.00000,0.00000,0.00000,0.55000,0.00000,0.00000,-0.25000,0.00000,0.00000,0.60000,0.00000,0.00000,0.00000,-0.35000,0.00000,0.00000,-0.25000,0.00000,0.00000,0.60000,0.00000,0.00000,0.00000,0.10000,0.00000,0.00000,0.07000,0.00000,0.00000,0.72000,0.00000,0.00000,0.00000,0.54997,-0.00002,0.00074,0.39046,0.00608,-0.00476,0.60514,0.05347,0.00000,0.00000,-0.34909,0.01147,0.00780,0.39028,0.00391,-0.00335,0.60776,0.06737,0.00000,0.00000,0.55179,0.02289,0.01632,-0.24952,0.00662,-0.00559,0.61254,0.10875,0.00000,0.00000,-0.34985,0.00196,0.00155,-0.24962,0.00509,-0.00409,0.60523,0.05119,0.00000,0.00000,0.10029,0.00378,0.00293,0.07035,0.00470,-0.00379,0.72571,0.05448,0.00000,0.00000
5.7500,575,11,5.7501,50.01,0.55000,0.00000,0.00000,0.39000,0.00000,0.00000,0.60000,0.00000,0.00000,0.00000,-0.35000,0.00000,0.00000,0.39000,0.00000,0.00000,0.60000,0.00000,0.00000,0.00000,0.55000,0.00000,0.00000,-0.25000,0.00000,0.00000,0.60000,0.00000,0.00000,0.00000,-0.35000,0.00000,0.00000,-0.25000,0.00000,0.00000,0.60000,0.00000,0.00000,0.00000,0.10000,0.00000,0.00000,0.07000,0.00000,0.00000,0.72000,0.00000,0.00000,0.00000,0.54998,0.00048,0.00128,0.39082,0.00849,-0.00503,0.60815,0.06672,0.00000,0.00000,-0.34842,0.01520,0.00735,0.39052,0.00565,-0.00374,0.61138,0.07745,0.00000,0.00000,0.55314,0.03084,0.01597,-0.24911,0.00951,-0.00617,0.61837,0.12385,0.00000,0.00000,-0.34974,0.00274,0.00164,-0.24931,0.00717,-0.00438,0.60809,0.06278,0.00000,0.00000,0.10051,0.00525,0.00304,0.07063,0.00664,-0.00408,0.72871,0.06556,0.00000,0.00000
5.8000,580,11,5.8003,50.17,0.55000,0.00000,0.00000,0.39000,0.00000,0.00000,0.60000,0.00000,0.00000,0.00000,-0.35000,0.00000,0.00000,0.39000,0.00000,0.00000,0.60000,0.00000,0.00000,0.00000,0.55000,0.00000,0.00000,-0.25000,0.00000,0.00000,0.60000,0.00000,0.00000,0.00000,-0.35000,0.00000,0.00000,-0.25000,0.00000,0.00000,0.60000,0.00000,0.00000,0.00000,0.10000,0.00000,0.00000,0.07000,0.00000,0.00000,0.72000,0.00000,0.00000,0.00000,0.55002,0.00123,0.00177,0.39131,0.01099,-0.00514,0.61180,0.07901,0.00000,0.00000,-0.34757,0.01864,0.00663,0.39085,0.00756,-0.00402,0.61548,0.08621,0.00000,0.00000,0.55487,0.03846,0.01503,-0.24856,0.01265,-0.00659,0.62488,0.13608,0.00000,0.00000,-0.34958,0.00356,0.00168,-0.24890,0.00936,-0.00454,0.61150,0.07376,0.00000,0.00000,0.10081,0.00674,0.00304,0.07102,0.00868,-0.00424,0.73225,0.07565,0.00000,0.00000
5.8500,585,11,5.8501,49.86,0.55000,0.00000,0.00000,0.39000,0.00000,0.00000,0.60000,0.00000,0.00000,0.00000,-0.35000,0.00000,0.00000,0.39000,0.00000,0.00000,0.60000,0.00000,0.00000,0.00000,0.55000,0.00000,0.00000,-0.25000,0.00000,0.00000,0.60000,0.00000,0.00000,0.00000,-0.35000,0.00000,0.00000,-0.25000,0.00000,0.00000,0.60000,0.00000,0.00000,0.00000,0.10000,0.00000,0.00000,0.07000,0.00000,0.00000,0.72000,0.00000,0.00000,0.00000,0.55010,0.00220,0.00218,0.39192,0.01351,-0.00515,0.61603,0.09026,0.00000,0.00000,-0.34656,0.02169,0.00579,0.39128,0.00959,-0.00423,0.61999,0.09393,0.00000,0.00000,0.55697,0.04553,0.01376,-0.24785,0.01596,-0.00689,0.63194,0.14594,0.00000,0.00000,-0.34938,0.00439,0.00168,-0.24838,0.01161,-0.00461,0.61545,0.08408,0.00000,0.00000,0.10119,0.00821,0.00295,0.07150,0.01079,-0.00433,0.73626,0.08480,0.00000,0.00000
5.9000,590,11,5.9001,50.00,0.55000,0.00000,0.00000,0.39000,0.00000,0.00000,0.60000,0.00000,0.00000,0.00000,-0.35000,0.00000,0.00000,0.39000,0.00000,0.00000,0.60000,0.00000,0.00000,0.00000,0.55000,0.00000,0.00000,-0.25000,0.00000,0.00000,0.60000,0.00000,0.00000,0.00000,-0.35000,0.00000,0.00000,-0.25000,0.00000,0.00000,0.60000,0.00000,0.00000,0.00000,0.10000,0.00000,0.00000,0.07000,0.00000,0.00000,0.72000,0.00000,0.00000,0.00000,0.55024,0.00334,0.00248,0.39266,0.01603,-0.00509,0.62081,0.10047,0.00000,0.00000,-0.34541,0.02431,0.00493,0.39181,0.01171,-0.00439,0.62486,0.10079,0.00000,0.00000,0.55941,0.05194,0.01236,-0.24696,0.01939,-0.00709,0.63944,0.15382,0.00000,0.00000,-0.34914,0.00521,0.00166,-0.24774,0.01387,-0.00462,0.61990,0.09371,0.00000,0.00000,0.10163,0.00963,0.00281,0.07210,0.01292,-0.00437,0.74071,0.09307,0.00000,0.00000
5.9500,595,11,5.9500,49.90,0.55000,0.00000,0.00000,0.39000,0.00000,0.00000,0.60000,0.00000,0.00000,0.00000,-0.35000,0.00000,0.00000,0.39000,0.00000,0.00000,0.60000,0.00000,0.00000,0.00000,0.55000,0.00000,0.00000,-0.25000,0.00000,0.00000,0.60000,0.00000,0.00000,0.00000,-0.35000,0.00000,0.00000,-0.25000,0.00000,0.00000,0.60000,0.00000,0.00000,0.00000,0.10000,0.00000,0.00000,0.07000,0.00000,0.00000,0.72000,0.00000,0.00000,0.00000,0.55044,0.00461,0.00268,0.39352,0.01850,-0.00500,0.62606,0.10966,0.00000,0.00000,-0.34414,0.02653,0.00411,0.39245,0.01389,-0.00450,0.63005,0.10686,0.00000,0.00000,0.56216,0.05765,0.01094,-0.24591,0.02290,-0.00723,0.64729,0.15998,0.00000,0.00000,-0.34886,0.00601,0.00162,-0.24699,0.01614,-0.00459,0.62481,0.10262,0.00000,0.00000,0.10215,0.01096,0.00263,0.07279,0.01506,-0.00436,0.74555,0.10052,0.00000,0.00000
6.0000,600,12,6.0004,50.33,0.55000,0.00000,0.00000,0.39000,0.00000,0.00000,0.60000,0.00000,0.00000,0.00000,-0.35000,0.00000,0.00000,0.39000,0.00000,0.00000,0.60000,0.00000,0.00000,0.00000,0.55000,0.00000,0.00000,-0.25000,0.00000,0.00000,0.60000,0.00000,0.00000,0.00000,-0.35000,0.00000,0.00000,-0.25000,0.00000,0.00000,0.60000,0.00000,0.00000,0.00000,0.10000,0.00000,0.00000,0.07000,0.00000,0.00000,0.72000,0.00000,0.00000,0.00000,0.55000,0.00000,0.00000,0.39000,0.00000,0.00000,0.60000,0.00000,0.00000,0.00000,-0.35000,0.00000,0.00000,0.39000,0.00000,0.00000,0.60000,0.00000,0.00000,0.00000,0.55000,0.00000,0.00000,-0.25000,0.00000,0.00000,0.60000,0.00000,0.00000,0.00000,-0.35000,0.00000,0.00000,-0.25000,0.00000,0.00000,0.60000,0.00000,0.00000,0.00000,0.10000,0.00000,0.00000,0.07000,0.00000,0.00000,0.72000,0.00000,0.00000,0.00000
6.0500,605,12,6.0501,49.75,0.55000,0.00000,0.00000,0.39000,0.00000,0.00000,0.60000,0.00000,0.00000,0.00000,-0.35000,0.00000,0.00000,0.39000,0.00000,0.00000,0.60000,0.00000,0.00000,0.00000,0.55000,0.00000,0.00000,-0.25000,0.00000,0.00000,0.60000,0.00000,0.00000,0.00000,-0.35000,0.00000,0.00000,-0.25000,0.00000,0.00000,0.60000,0.00000,0.00000,0.00000,0.10000,0.00000,0.00000,0.07000,0.00000,0.00000,0.72000,0.00000,0.00000,0.00000,0.55000,-0.00018,-0.00065,0.39001,0.00053,-0.00202,0.60029,0.01261,0.00000,0.00000,-0.34998,0.00104,0.00388,0.39001,0.00070,-0.00268,0.60090,0.03385,0.00000,0.00000,0.55004,0.00202,0.00759,-0.24998,0.00127,-0.00483,0.60151,0.05737,0.00000,0.00000,-0.35000,0.00007,0.00027,-0.24999,0.00050,-0.00189,0.60041,0.01631,0.00000,0.00000,0.10000,0.00025,0.00095,0.07001,0.00054,-0.00205,0.72048,0.01906,0.00000,0.00000
6.1000,610,12,6.1001,50.01,0.55000,0.00000,0.00000,0.39000,0.00000,0.00000,0.60000,0.00000,0.00000,0.00000,-0.35000,0.00000,0.00000,0.39000,0.00000,0.00000,0.60000,0.00000,0.00000,0.00000,0.55000,0.00000,0.00000,-0.25000,0.00000,0.00000,0.60000,0.00000,0.00000,0.00000,-0.35000,0.00000,0.00000,-0.25000,0.00000,0.00000,0.60000,0.00000,0.00000,0.00000,0.10000,0.00000,0.00000,0.07000,0.00000,0.00000,0.72000,0.00000,0.00000,0.00000,0.54998,-0.00056,-0.00080,0.39007,0.00187,-0.00339,0.60133,0.02935,0.00000,0.00000,-0.34987,0.00352,0.00596,0.39009,0.00247,-0.00439,0.60322,0.05793,0.00000,0.00000,0.55025,0.00691,0.01190,-0.24984,0.00446,-0.00793,0.60549,0.09999,0.00000,0.00000,-0.34999,0.00025,0.00043,-0.24994,0.00175,-0.00315,0.60162,0.03214,0.00000,0.00000,0.10003,0.00087,0.00154,0.07007,0.00190,-0.00341,0.72188,0.03682,0.00000,0.00000
6.1500,615,12,6.1501,50.00,0.55000,0.00000,0.00000,0.39000,0.00000,0.00000,0.60000,0.00000,0.00000,0.00000,-0.35000,0.00000,0.00000,0.39000,0.00000,0.00000,0.60000,0.00000,0.00000,0.00000,0.55000,0.00000,0.00000,-0.25000,0.00000,0.00000,0.60000,0.00000,0.00000,0.00000,-0.35000,0.00000,0.00000,-0.25000,0.00000,0.00000,0.60000,0.00000,0.00000,0.00000,0.10000,0.00000,0.00000,0.07000,0.00000,0.00000,0.72000,0.00000,0.00000,0.00000,0.54994,-0.00093,-0.00067,0.39021,0.00378,-0.00432,0.60325,0.04750,0.00000,0.00000,-0.34962,0.00669,0.00684,0.39027,0.00491,-0.00545,0.60658,0.07565,0.00000,0.00000,0.55075,0.01334,0.01402,-0.24951,0.00886,-0.00984,0.61133,0.13195,0.00000,0.00000,-0.34997,0.00048,0.00054,-0.24981,0.00352,-0.00398,0.60362,0.04749,0.00000,0.00000,0.10010,0.00172,0.00189,0.07021,0.00381,-0.00430,0.72414,0.05304,0.00000,0.00000
6.2000,620,12,6.2001,50.01,0.55000,0.00000,0.00000,0.39000,0.00000,0.00000,0.60000,0.00000,0.00000,0.00000,-0.35000,0.00000,0.00000,0.39000,0.00000,0.00000,0.60000,0.00000,0.00000,0.00000,0.55000,0.00000,0.00000,-0.25000,0.00000,0.00000,0.60000,0.00000,0.00000,0.00000,-0.35000,0.00000,0.00000,-0.25000,0.00000,0.00000,0.60000,0.00000,0.00000,0.00000,0.10000,0.00000,0.00000,0.07000,0.00000,0.00000,0.72000,0.00000,0.00000,0.00000,0.54989,-0.00119,-0.00038,0.39045,0.00607,-0.00494,0.60608,0.06548,0.00000,0.00000,-0.34920,0.01010,0.00697,0.39059,0.00775,-0.00606,0.61072,0.08919,0.00000,0.00000,0.55159,0.02043,0.01470,-0.24894,0.01398,-0.01094,0.61856,0.15606,0.00000,0.00000,-0.34994,0.00076,0.00059,-0.24958,0.00561,-0.00451,0.60636,0.06223,0.00000,0.00000,0.10021,0.00270,0.00207,0.07045,0.00606,-0.00486,0.72716,0.06766,0.00000,0.00000
6.2500,625,12,6.2500,49.89,0.55000,0.00000,0.00000,0.39000,0.00000,0.00000,0.60000,0.00000,0.00000,0.00000,-0.35000,0.00000,0.00000,0.39000,0.00000,0.00000,0.60000,0.00000,0.00000,0.00000,0.55000,0.00000,0.00000,-0.25000,0.00000,0.00000,0.60000,0.00000,0.00000,0.00000,-0.35000,0.00000,0.00000,-0.25000,0.00000,0.00000,0.60000,0.00000,0.00000,0.00000,0.10000,0.00000,0.00000,0.07000,0.00000,0.00000,0.72000,0.00000,0.00000,0.00000,0.54983,-0.00129,-0.00003,0.39082,0.00860,-0.00534,0.60978,0.08246,0.00000,0.00000,-0.34861,0.01345,0.00662,0.39105,0.01080,-0.00637,0.61546,0.09991,0.00000,0.00000,0.55280,0.02761,0.01445,-0.24811,0.01950,-0.01148,0.62684,0.17429,0.00000,0.00000,-0.34990,0.00106,0.00062,-0.24924,0.00791,-0.00483,0.60983,0.07625,0.00000,0.00000,0.10037,0.00373,0.00212,0.07082,0.00853,-0.00519,0.73088,0.08071,0.00000,0.00000
6.3000,630,12,6.3003,50.33,0.55000,0.00000,0.00000,0.39000,0.00000,0.00000,0.60000,0.00000,0.00000,0.00000,-0.35000,0.00000,0.00000,0.39000,0.00000,0.00000,0.60000,0.00000,0.00000,0.00000,0.55000,0.00000,0.00000,-0.25000,0.00000,0.00000,0.60000,0.00000,0.00000,0.00000,-0.35000,0.00000,0.00000,-0.25000,0.00000,0.00000,0.60000,0.00000,0.00000,0.00000,0.10000,0.00000,0.00000,0.07000,0.00000,0.00000,0.72000,0.00000,0.00000,0.00000,0.54976,-0.00121,0.00033,0.39131,0.01128,-0.00559,0.61430,0.09801,0.00000,0.00000,-0.34786,0.01655,0.00600,0.39167,0.01396,-0.00648,0.62068,0.10869,0.00000,0.00000,0.55435,0.03451,0.01362,-0.24699,0.02518,-0.01165,0.63591,0.18805,0.00000,0.00000,-0.34984,0.00136,0.00062,-0.24879,0.01033,-0.00501,0.61397,0.08943,0.00000,0.00000,0.10058,0.00476,0.00208,0.07131,0.01113,-0.00536,0.73521,0.09230,0.00000,0.00000
6.3500,635,12,6.3501,49.71,0.55000,0.00000,0.00000,0.39000,0.00000,0.00000,0.60000,0.00000,0.00000,0.00000,-0.35000,0.00000,0.00000,0.39000,0.00000,0.00000,0.60000,0.00000,0.00000,0.00000,0.55000,0.00000,0.00000,-0.25000,0.00000,0.00000,0.60000,0.00000,0.00000,0.00000,-0.35000,0.00000,0.00000,-0.25000,0.00000,0.00000,0.60000,0.00000,0.00000,0.00000,0.10000,0.00000,0.00000,0.07000,0.00000,0.00000,0.72000,0.00000,0.00000,0.00000,0.54971,-0.00096,0.00067,0.39195,0.01406,-0.00572,0.61955,0.11196,0.00000,0.00000,-0.34696,0.01931,0.00522,0.39245,0.01714,-0.00645,0.62630,0.11607,0.00000,0.00000,0.55624,0.04091,0.01243,-0.24559,0.03089,-0.01158,0.64558,0.19835,0.00000,0.00000,-0.34976,0.00167,0.00061,-0.24821,0.01281,-0.00509,0.61875,0.10170,0.00000,0.00000,0.10084,0.00576,0.00198,0.07193,0.01378,-0.00543,0.74008,0.10254,0.00000,0.00000
6.4000,640,12,6.4001,50.06,0.55000,0.00000,0.00000,0.39000,0.00000,0.00000,0.60000,0.00000,0.00000,0.00000,-0.35000,0.00000,0.00000,0.39000,0.00000,0.00000,0.60000,0.00000,0.00000,0.00000,0.55000,0.00000,0.00000,-0.25000,0.00000,0.00000,0.60000,0.00000,0.00000,0.00000,-0.35000,0.00000,0.00000,-0.25000,0.00000,0.00000,0.60000,0.00000,0.00000,0.00000,0.10000,0.00000,0.00000,0.07000,0.00000,0.00000,0.72000,0.00000,0.00000,0.00000,0.54967,-0.00057,0.00095,0.39272,0.01688,-0.00576,0.62547,0.12429,0.00000,0.00000,-0.34593,0.02167,0.00439,0.39338,0.02027,-0.00634,0.63227,0.12240,0.00000,0.00000,0.55843,0.04668,0.01106,-0.24390,0.03651,-0.01133,0.65570,0.20594,0.00000,0.00000,-0.34967,0.00196,0.00059,-0.24751,0.01532,-0.00511,0.62413,0.11297,0.00000,0.00000,0.10115,0.00669,0.00183,0.07269,0.01644,-0.00542,0.74544,0.11155,0.00000,0.00000
6.4500,645,12,6.4501,49.97,0.55000,0.00000,0.00000,0.39000,0.00000,0.00000,0.60000,0.00000,0.00000,0.00000,-0.35000,0.00000,0.00000,0.39000,0.00000,0.00000,0.60000,0.00000,0.00000,0.00000,0.55000,0.00000,0.00000,-0.25000,0.00000,0.00000,0.60000,0.00000,0.00000,0.00000,-0.35000,0.00000,0.00000,-0.25000,0.00000,0.00000,0.60000,0.00000,0.00000,0.00000,0.10000,0.00000,0.00000,0.07000,0.00000,0.00000,0.72000,0.00000,0.00000,0.00000,0.54965,-0.00004,0.00118,0.39363,0.01970,-0.00575,0.63196,0.13505,0.00000,0.00000,-0.34480,0.02361,0.00354,0.39447,0.02334,-0.00617,0.63853,0.12790,0.00000,0.00000,0.56090,0.05175,0.00960,-0.24194,0.04199,-0.01098,0.66614,0.21141,0.00000,0.00000,-0.34956,0.00224,0.00056,-0.24668,0.01781,-0.00507,0.63003,0.12323,0.00000,0.00000,0.10151,0.00755,0.00165,0.07358,0.01908,-0.00536,0.75122,0.11943,0.00000,0.00000
6.5000,650,13,6.5003,50.21,0.55000,0.00000,0.00000,0.39000,0.00000,0.00000,0.60000,0.00000,0.00000,0.00000,-0.35000,0.00000,0.00000,0.39000,0.00000,0.00000,0.60000,0.00000,0.00000,0.00000,0.55000,0.00000,0.00000,-0.25000,0.00000,0.00000,0.60000,0.00000,0.00000,0.00000,-0.35000,0.00000,0.00000,-0.25000,0.00000,0.00000,0.60000,0.00000,0.00000,0.00000,0.10000,0.00000,0.00000,0.07000,0.00000,0.00000,0.72000,0.00000,0.00000,0.00000,0.55000,0.00000,0.00000,0.39000,0.00000,0.00000,0.60000,0.00000,0.00000,0.00000,-0.35000,0.00000,0.00000,0.39000,0.00000,0.00000,0.60000,0.00000,0.00000,0.00000,0.55000,0.00000,0.00000,-0.25000,0.00000,0.00000,0.60000,0.00000,0.00000,0.00000,-0.35000,0.00000,0.00000,-0.25000,0.00000,0.00000,0.60000,0.00000,0.00000,0.00000,0.10000,0.00000,0.00000,0.07000,0.00000,0.00000,0.72000,0.00000,0.00000,0.00000
6.5500,655,13,6.5500,49.70,0.55000,0.00000,0.00000,0.39000,0.00000,0.00000,0.60000,0.00000,0.00000,0.00000,-0.35000,0.00000,0.00000,0.39000,0.00000,0.00000,0.60000,0.00000,0.00000,0.00000,0.55000,0.00000,0.00000,-0.25000,0.00000,0.00000,0.60000,0.00000,0.00000,0.00000,-0.35000,0.00000,0.00000,-0.25000,0.00000,0.00000,0.60000,0.00000,0.00000,0.00000,0.10000,0.00000,0.00000,0.07000,0.00000,0.00000,0.72000,0.00000,0.00000,0.00000,0.54999,-0.00035,-0.00126,0.39001,0.00044,-0.00172,0.60030,0.01349,0.00000,0.00000,-0.34998,0.00093,0.00344,0.39002,0.00109,-0.00412,0.60109,0.04115,0.00000,0.00000,0.55003,0.00175,0.00653,-0.24997,0.00196,-0.00742,0.60192,0.07310,0.00000,0.00000,-0.35000,-0.00004,-0.00015,-0.24999,0.00051,-0.00196,0.60045,0.01808,0.00000,0.00000,0.10000,0.00013,0.00048,0.07001,0.00063,-0.00241,0.72055,0.02176,0.00000,0.00000
6.6000,660,13,6.6002,50.24,0.55000,0.00000,0.00000,0.39000,0.00000,0.00000,0.60000,0.00000,0.00000,0.00000,-0.35000,0.00000,0.00000,0.39000,0.00000,0.00000,0.60000,0.00000,0.00000,0.00000,0.55000,0.00000,0.00000,-0.25000,0.00000,0.00000,0.60000,0.00000,0.00000,0.00000,-0.35000,0.00000,0.00000,-0.25000,0.00000,0.00000,0.60000,0.00000,0.00000,0.00000,0.10000,0.00000,0.00000,0.07000,0.00000,0.00000,0.72000,0.00000,0.00000,0.00000,0.54996,-0.00112,-0.00182,0.39006,0.00162,-0.00301,0.60144,0.03245,0.00000,0.00000,-0.34989,0.00310,0.00521,0.39014,0.00377,-0.00660,0.60391,0.06961,0.00000,0.00000,0.55021,0.00593,0.01013,-0.24976,0.00681,-0.01197,0.60699,0.12692,0.00000,0.00000,-0.35000,-0.00014,-0.00026,-0.24994,0.00181,-0.00326,0.60180,0.03561,0.00000,0.00000,0.10002,0.00044,0.00076,0.07008,0.00223,-0.00400,0.72215,0.04190,0.00000,0.00000
6.6500,665,13,6.6501,49.86,0.55000,0.00000,0.00000,0.39000,0.00000,0.00000,0.60000,0.00000,0.00000,0.00000,-0.35000,0.00000,0.00000,0.39000,0.00000,0.00000,0.60000,0.00000,0.00000,0.00000,0.55000,0.00000,0.00000,-0.25000,0.00000,0.00000,0.60000,0.00000,0.00000,0.00000,-0.35000,0.00000,0.00000,-0.25000,0.00000,0.00000,0.60000,0.00000,0.00000,0.00000,0.10000,0.00000,0.00000,0.07000,0.00000,0.00000,0.72000,0.00000,0.00000,0.00000,0.54988,-0.00206,-0.00194,0.39018,0.00334,-0.00397,0.60358,0.05329,0.00000,0.00000,-0.34966,0.00586,0.00589,0.39041,0.00739,-0.00800,0.60792,0.08983,0.00000,0.00000,0.55064,0.01137,0.01177,-0.24926,0.01339,-0.01458,0.61438,0.16683,0.00000,0.00000,-0.35002,-0.00028,-0.00033,-0.24980,0.00364,-0.00412,0.60401,0.05256,0.00000,0.00000,0.10005,0.00085,0.00091,0.07024,0.00447,-0.00503,0.72471,0.06009,0.00000,0.00000
6.7000,670,13,6.7003,50.23,0.55000,0.00000,0.00000,0.39000,0.00000,0.00000,0.60000,0.00000,0.00000,0.00000,-0.35000,0.00000,0.00000,0.39000,0.00000,0.00000,0.60000,0.00000,0.00000,0.00000,0.55000,0.00000,0.00000,-0.25000,0.00000,0.00000,0.60000,0.00000,0.00000,0.00000,-0.35000,0.00000,0.00000,-0.25000,0.00000,0.00000,0.60000,0.00000,0.00000,0.00000,0.10000,0.00000,0.00000,0.07000,0.00000,0.00000,0.72000,0.00000,0.00000,0.00000,0.54975,-0.00298,-0.00179,0.39040,0.00548,-0.00469,0.60676,0.07395,0.00000,0.00000,-0.34930,0.00877,0.00586,0.39088,0.01150,-0.00867,0.61280,0.10467,0.00000,0.00000,0.55136,0.01727,0.01213,-0.24840,0.02091,-0.01589,0.62350,0.19648,0.00000,0.00000,-0.35003,-0.00046,-0.00039,-0.24957,0.00581,-0.00467,0.60704,0.06877,0.00000,0.00000,0.10010,0.00131,0.00095,0.07053,0.00710,-0.00566,0.72812,0.07627,0.00000,0.00000
6.7500,675,13,6.7502,49.83,0.55000,0.00000,0.00000,0.39000,0.00000,0.00000,0.60000,0.00000,0.00000,0.00000,-0.35000,0.00000,0.00000,0.39000,0.00000,0.00000,0.60000,0.00000,0.00000,0.00000,0.55000,0.00000,0.00000,-0.25000,0.00000,0.00000,0.60000,0.00000,0.00000,0.00000,-0.35000,0.00000,0.00000,-0.25000,0.00000,0.00000,0.60000,0.00000,0.00000,0.00000,0.10000,0.00000,0.00000,0.07000,0.00000,0.00000,0.72000,0.00000,0.00000,0.00000,0.54958,-0.00380,-0.00151,0.39073,0.00791,-0.00522,0.61095,0.09333,0.00000,0.00000,-0.34879,0.01154,0.00541,0.39157,0.01582,-0.00887,0.61833,0.11592,0.00000,0.00000,0.55237,0.02313,0.01167,-0.24716,0.02884,-0.01633,0.63390,0.21845,0.00000,0.00000,-0.35006,-0.00066,-0.00043,-0.24922,0.00819,-0.00501,0.61087,0.08408,0.00000,0.00000,0.10018,0.00178,0.00093,0.07096,0.00997,-0.00602,0.73230,0.09047,0.00000,0.00000
6.8000,680,13,6.8003,50.17,0.55000,0.00000,0.00000,0.39000,0.00000,0.00000,0.60000,0.00000,0.00000,0.00000,-0.35000,0.00000,0.00000,0.39000,0.00000,0.00000,0.60000,0.00000,0.00000,0.00000,0.55000,0.00000,0.00000,-0.25000,0.00000,0.00000,0.60000,0.00000,0.00000,0.00000,-0.35000,0.00000,0.00000,-0.25000,0.00000,0.00000,0.60000,0.00000,0.00000,0.00000,0.10000,0.00000,0.00000,0.07000,0.00000,0.00000,0.72000,0.00000,0.00000,0.00000,0.54938,-0.00446,-0.00117,0.39119,0.01057,-0.00559,0.61607,0.11086,0.00000,0.00000,-0.34815,0.01403,0.00470,0.39246,0.02015,-0.00876,0.62435,0.12470,0.00000,0.00000,0.55367,0.02863,0.01069,-0.24552,0.03683,-0.01620,0.64525,0.23458,0.00000,0.00000,-0.35010,-0.00088,-0.00046,-0.24874,0.01071,-0.00521,0.61543,0.09834,0.00000,0.00000,0.10028,0.00221,0.00085,0.07153,0.01297,-0.00619,0.73714,0.10281,0.00000,0.00000
6.8500,685,13,6.8501,49.78,0.55000,0.00000,0.00000,0.39000,0.00000,0.00000,0.60000,0.00000,0.00000,0.00000,-0.35000,0.00000,0.00000,0.39000,0.00000,0.00000,0.60000,0.00000,0.00000,0.00000,0.55000,0.00000,0.00000,-0.25000,0.00000,0.00000,0.60000,0.00000,0.00000,0.00000,-0.35000,0.00000,0.00000,-0.25000,0.00000,0.00000,0.60000,0.00000,0.00000,0.00000,0.10000,0.00000,0.00000,0.07000,0.00000,0.00000,0.72000,0.00000,0.00000,0.00000,0.54914,-0.00494,-0.00082,0.39179,0.01338,-0.00585,0.62200,0.12631,0.00000,0.00000,-0.34739,0.01613,0.00385,0.39358,0.02438,-0.00847,0.63077,0.13173,0.00000,0.00000,0.55522,0.03357,0.00940,-0.24348,0.04467,-0.01570,0.65729,0.24617,0.00000,0.00000,-0.35015,-0.00111,-0.00048,-0.24814,0.01329,-0.00530,0.62068,0.11141,0.00000,0.00000,0.10040,0.00261,0.00074,0.07226,0.01602,-0.00622,0.74255,0.11346,0.00000,0.00000
6.9000,690,13,6.9001,49.99,0.55000,0.00000,0.00000,0.39000,0.00000,0.00000,0.60000,0.00000,0.00000,0.00000,-0.35000,0.00000,0.00000,0.39000,0.00000,0.00000,0.60000,0.00000,0.00000,0.00000,0.55000,0.00000,0.00000,-0.25000,0.00000,0.00000,0.60000,0.00000,0.00000,0.00000,-0.35000,0.00000,0.00000,-0.25000,0.00000,0.00000,0.60000,0.00000,0.00000,0.00000,0.10000,0.00000,0.00000,0.07000,0.00000,0.00000,0.72000,0.00000,0.00000,0.00000,0.54888,-0.00526,-0.00048,0.39253,0.01629,-0.00601,0.62866,0.13965,0.00000,0.00000,-0.34654,0.01780,0.00295,0.39490,0.02844,-0.00807,0.63750,0.13746,0.00000,0.00000,0.55701,0.03783,0.00794,-0.24105,0.05220,-0.01498,0.66981,0.25422,0.00000,0.00000,-0.35021,-0.00135,-0.00050,-0.24742,0.01589,-0.00532,0.62655,0.12323,0.00000,0.00000,0.10054,0.00293,0.00060,0.07313,0.01906,-0.00617,0.74846,0.12254,0.00000,0.00000
6.9500,695,13,6.9503,50.17,0.55000,0.00000,0.00000,0.39000,0.00000,0.00000,0.60000,0.00000,0.00000,0.00000,-0.35000,0.00000,0.00000,0.39000,0.00000,0.00000,0.60000,0.00000,0.00000,0.00000,0.55000,0.00000,0.00000,-0.25000,0.00000,0.00000,0.60000,0.00000,0.00000,0.00000,-0.35000,0.00000,0.00000,-0.25000,0.00000,0.00000,0.60000,0.00000,0.00000,0.00000,0.10000,0.00000,0.00000,0.07000,0.00000,0.00000,0.72000,0.00000,0.00000,0.00000,0.54862,-0.00542,-0.00017,0.39342,0.01927,-0.00609,0.63594,0.15093,0.00000,0.00000,-0.34562,0.01902,0.00203,0.39642,0.03229,-0.00761,0.64450,0.14218,0.00000,0.00000,0.55899,0.04135,0.00641,-0.23826,0.05934,-0.01412,0.68266,0.25943,0.00000,0.00000,-0.35029,-0.00160,-0.00051,-0.24656,0.01850,-0.00529,0.63298,0.13372,0.00000,0.00000,0.10069,0.00319,0.00043,0.07416,0.02206,-0.00605,0.75478,0.13022,0.00000,0.00000
7.0000,700,14,7.0003,50.03,0.55000,0.00000,0.00000,0.39000,0.00000,0.00000,0.60000,0.00000,0.00000,0.00000,-0.35000,0.00000,0.00000,0.39000,0.00000,0.00000,0.60000,0.00000,0.00000,0.00000,0.55000,0.00000,0.00000,-0.25000,0.00000,0.00000,0.60000,0.00000,0.00000,0.00000,-0.35000,0.00000,0.00000,-0.25000,0.00000,0.00000,0.60000,0.00000,0.00000,0.00000,0.10000,0.00000,0.00000,0.07000,0.00000,0.00000,0.72000,0.00000,0.00000,0.00000,0.55000,0.00000,0.00000,0.39000,0.00000,0.00000,0.60000,0.00000,0.00000,0.00000,-0.35000,0.00000,0.00000,0.39000,0.00000,0.00000,0.60000,0.00000,0.00000,0.00000,0.55000,0.00000,0.00000,-0.25000,0.00000,0.00000,0.60000,0.00000,0.00000,0.00000,-0.35000,0.00000,0.00000,-0.25000,0.00000,0.00000,0.60000,0.00000,0.00000,0.00000,0.10000,0.00000,0.00000,0.07000,0.00000,0.00000,0.72000,0.00000,0.00000,0.00000
7.0500,705,14,7.0502,49.89,0.55000,0.00000,0.00000,0.39000,0.00000,0.00000,0.60000,0.00000,0.00000,0.00000,-0.35000,0.00000,0.00000,0.39000,0.00000,0.00000,0.60000,0.00000,0.00000,0.00000,0.55000,0.00000,0.00000,-0.25000,0.00000,0.00000,0.60000,0.00000,0.00000,0.00000,-0.35000,0.00000,0.00000,-0.25000,0.00000,0.00000,0.60000,0.00000,0.00000,0.00000,0.10000,0.00000,0.00000,0.07000,0.00000,0.00000,0.72000,0.00000,0.00000,0.00000,0.54999,-0.00043,-0.00160,0.39001,0.00030,-0.00121,0.60026,0.01202,0.00000,0.00000,-0.34999,0.00063,0.00232,0.39002,0.00144,-0.00542,0.60126,0.04720,0.00000,0.00000,0.55002,0.00116,0.00430,-0.24996,0.00256,-0.00965,0.60230,0.08737,0.00000,0.00000,-0.35000,-0.00013,-0.00051,-0.24999,0.00050,-0.00192,0.60044,0.01744,0.00000,0.00000,0.10000,-0.00002,-0.00008,0.07001,0.00068,-0.00260,0.72058,0.02283,0.00000,0.00000
7.1000,710,14,7.1003,50.08,0.55000,0.00000,0.00000,0.39000,0.00000,0.00000,0.60000,0.00000,0.00000,0.00000,-0.35000,0.00000,0.00000,0.39000,0.00000,0.00000,0.60000,0.00000,0.00000,0.00000,0.55000,0.00000,0.00000,-0.25000,0.00000,0.00000,0.60000,0.00000,0.00000,0.00000,-0.35000,0.00000,0.00000,-0.25000,0.00000,0.00000,0.60000,0.00000,0.00000,0.00000,0.10000,0.00000,0.00000,0.07000,0.00000,0.00000,0.72000,0.00000,0.00000,0.00000,0.54995,-0.00143,-0.00237,0.39004,0.00116,-0.00227,0.60131,0.03091,0.00000,0.00000,-0.34992,0.00206,0.00334,0.39018,0.00495,-0.00859,0.60446,0.07881,0.00000,0.00000,0.55014,0.00386,0.00642,-0.24968,0.00883,-0.01541,0.60834,0.15092,0.00000,0.00000,-0.35002,-0.00047,-0.00086,-0.24994,0.00178,-0.00321,0.60174,0.03436,0.00000,0.00000,0.10000,-0.00008,-0.00016,0.07009,0.00240,-0.00431,0.72225,0.04378,0.00000,0.00000
7.1500,715,14,7.1502,49.93,0.55000,0.00000,0.00000,0.39000,0.00000,0.00000,0.60000,0.00000,0.00000,0.00000,-0.35000,0.00000,0.00000,0.39000,0.00000,0.00000,0.60000,0.00000,0.00000,0.00000,0.55000,0.00000,0.00000,-0.25000,0.00000,0.00000,0.60000,0.00000,0.00000,0.00000,-0.35000,0.00000,0.00000,-0.25000,0.00000,0.00000,0.60000,0.00000,0.00000,0.00000,0.10000,0.00000,0.00000,0.07000,0.00000,0.00000,0.72000,0.00000,0.00000,0.00000,0.54985,-0.00267,-0.00260,0.39013,0.00251,-0.00318,0.60339,0.05221,0.00000,0.00000,-0.34978,0.00377,0.00351,0.39054,0.00962,-0.01026,0.60897,0.10033,0.00000,0.00000,0.55042,0.00722,0.00710,-0.24904,0.01725,-0.01857,0.61711,0.19720,0.00000,0.00000,-0.35005,-0.00096,-0.00110,-0.24980,0.00358,-0.00406,0.60386,0.05068,0.00000,0.00000,0.09999,-0.00018,-0.00025,0.07026,0.00480,-0.00539,0.72492,0.06241,0.00000,0.00000
7.2000,720,14,7.2003,50.11,0.55000,0.00000,0.00000,0.39000,0.00000,0.00000,0.60000,0.00000,0.00000,0.00000,-0.35000,0.00000,0.00000,0.39000,0.00000,0.00000,0.60000,0.00000,0.00000,0.00000,0.55000,0.00000,0.00000,-0.25000,0.00000,0.00000,0.60000,0.00000,0.00000,0.00000,-0.35000,0.00000,0.00000,-0.25000,0.00000,0.00000,0.60000,0.00000,0.00000,0.00000,0.10000,0.00000,0.00000,0.07000,0.00000,0.00000,0.72000,0.00000,0.00000,0.00000,0.54968,-0.00393,-0.00250,0.39030,0.00426,-0.00395,0.60653,0.07336,0.00000,0.00000,-0.34955,0.00542,0.00315,0.39115,0.01485,-0.01094,0.61439,0.11526,0.00000,0.00000,0.55087,0.01067,0.00684,-0.24794,0.02676,-0.01998,0.62785,0.23070,0.00000,0.00000,-0.35011,-0.00154,-0.00125,-0.24957,0.00571,-0.00461,0.60679,0.06624,0.00000,0.00000,0.09998,-0.00032,-0.00034,0.07057,0.00763,-0.00605,0.72845,0.07862,0.00000,0.00000
7.2500,725,14,7.2500,49.72,0.55000,0.00000,0.00000,0.39000,0.00000,0.00000,0.60000,0.00000,0.00000,0.00000,-0.35000,0.00000,0.00000,0.39000,0.00000,0.00000,0.60000,0.00000,0.00000,0.00000,0.55000,0.00000,0.00000,-0.25000,0.00000,0.00000,0.60000,0.00000,0.00000,0.00000,-0.35000,0.00000,0.00000,-0.25000,0.00000,0.00000,0.60000,0.00000,0.00000,0.00000,0.10000,0.00000,0.00000,0.07000,0.00000,0.00000,0.72000,0.00000,0.00000,0.00000,0.54945,-0.00509,-0.00221,0.39056,0.00636,-0.00458,0.61070,0.09298,0.00000,0.00000,-0.34924,0.00680,0.00245,0.39203,0.02025,-0.01099,0.62043,0.12579,0.00000,0.00000,0.55148,0.01383,0.00598,-0.24635,0.03667,-0.02024,0.64002,0.25452,0.00000,0.00000,-0.35021,-0.00218,-0.00136,-0.24923,0.00806,-0.00495,0.61047,0.08081,0.00000,0.00000,0.09996,-0.00051,-0.00043,0.07103,0.01069,-0.00641,0.73274,0.09244,0.00000,0.00000
7.3000,730,14,7.3003,50.30,0.55000,0.00000,0.00000,0.39000,0.00000,0.00000,0.60000,0.00000,0.00000,0.00000,-0.35000,0.00000,0.00000,0.39000,0.00000,0.00000,0.60000,0.00000,0.00000,0.00000,0.55000,0.00000,0.00000,-0.25000,0.00000,0.00000,0.60000,0.00000,0.00000,0.00000,-0.35000,0.00000,0.00000,-0.25000,0.00000,0.00000,0.60000,0.00000,0.00000,0.00000,0.10000,0.00000,0.00000,0.07000,0.00000,0.00000,0.72000,0.00000,0.00000,0.00000,0.54917,-0.00608,-0.00180,0.39094,0.00873,-0.00509,0.61579,0.11039,0.00000,0.00000,-0.34887,0.00779,0.00157,0.39317,0.02557,-0.01064,0.62691,0.13325,0.00000,0.00000,0.55224,0.01647,0.00476,-0.24427,0.04650,-0.01976,0.65318,0.27080,0.00000,0.00000,-0.35033,-0.00286,-0.00142,-0.24877,0.01054,-0.00515,0.61485,0.09420,0.00000,0.00000,0.09993,-0.00075,-0.00053,0.07164,0.01388,-0.00656,0.73766,0.10403,0.00000,0.00000
7.3500,735,14,7.3500,49.69,0.55000,0.00000,0.00000,0.39000,0.00000,0.00000,0.60000,0.00000,0.00000,0.00000,-0.35000,0.00000,0.00000,0.39000,0.00000,0.00000,0.60000,0.00000,0.00000,0.00000,0.55000,0.00000,0.00000,-0.25000,0.00000,0.00000,0.60000,0.00000,0.00000,0.00000,-0.35000,0.00000,0.00000,-0.25000,0.00000,0.00000,0.60000,0.00000,0.00000,0.00000,0.10000,0.00000,0.00000,0.07000,0.00000,0.00000,0.72000,0.00000,0.00000,0.00000,0.54885,-0.00685,-0.00134,0.39144,0.01133,-0.00549,0.62170,0.12535,0.00000,0.00000,-0.34847,0.00833,0.00060,0.39458,0.03065,-0.01005,0.63372,0.13846,0.00000,0.00000,0.55312,0.01846,0.00334,-0.24171,0.05597,-0.01881,0.66700,0.28106,0.00000,0.00000,-0.35049,-0.00357,-0.00146,-0.24817,0.01310,-0.00525,0.61987,0.10627,0.00000,0.00000,0.09988,-0.00103,-0.00064,0.07242,0.01711,-0.00657,0.74311,0.11355,0.00000,0.00000
7.4000,740,14,7.4002,50.18,0.55000,0.00000,0.00000,0.39000,0.00000,0.00000,0.60000,0.00000,0.00000,0.00000,-0.35000,0.00000,0.00000,0.39000,0.00000,0.00000,0.60000,0.00000,0.00000,0.00000,0.55000,0.00000,0.00000,-0.25000,0.00000,0.00000,0.60000,0.00000,0.00000,0.00000,-0.35000,0.00000,0.00000,-0.25000,0.00000,0.00000,0.60000,0.00000,0.00000,0.00000,0.10000,0.00000,0.00000,0.07000,0.00000,0.00000,0.72000,0.00000,0.00000,0.00000,0.54849,-0.00740,-0.00091,0.39207,0.01410,-0.00580,0.62829,0.13781,0.00000,0.00000,-0.34805,0.00839,-0.00036,0.39623,0.03540,-0.00932,0.64073,0.14192,0.00000,0.00000,0.55407,0.01974,0.00189,-0.23869,0.06490,-0.01756,0.68120,0.28640,0.00000,0.00000,-0.35069,-0.00429,-0.00149,-0.24745,0.01569,-0.00529,0.62546,0.11690,0.00000,0.00000,0.09982,-0.00137,-0.00074,0.07335,0.02031,-0.00647,0.74898,0.12118,0.00000,0.00000
7.4500,745,14,7.4501,49.90,0.55000,0.00000,0.00000,0.39000,0.00000,0.00000,0.60000,0.00000,0.00000,0.00000,-0.35000,0.00000,0.00000,0.39000,0.00000,0.00000,0.60000,0.00000,0.00000,0.00000,0.55000,0.00000,0.00000,-0.25000,0.00000,0.00000,0.60000,0.00000,0.00000,0.00000,-0.35000,0.00000,0.00000,-0.25000,0.00000,0.00000,0.60000,0.00000,0.00000,0.00000,0.10000,0.00000,0.00000,0.07000,0.00000,0.00000,0.72000,0.00000,0.00000,0.00000,0.54811,-0.00775,-0.00052,0.39285,0.01701,-0.00603,0.63544,0.14785,0.00000,0.00000,-0.34764,0.00799,-0.00124,0.39811,0.03978,-0.00851,0.64788,0.14401,0.00000,0.00000,0.55508,0.02032,0.00050,-0.23523,0.07317,-0.01613,0.69557,0.28775,0.00000,0.00000,-0.35092,-0.00503,-0.00150,-0.24661,0.01828,-0.00528,0.63154,0.12604,0.00000,0.00000,0.09974,-0.00176,-0.00085,0.07445,0.02345,-0.00631,0.75520,0.12710,0.00000,0.00000
7.5000,750,15,7.5002,50.10,0.55000,0.00000,0.00000,0.39000,0.00000,0.00000,0.60000,0.00000,0.00000,0.00000,-0.35000,0.00000,0.00000,0.39000,0.00000,0.00000,0.60000,0.00000,0.00000,0.00000,0.55000,0.00000,0.00000,-0.25000,0.00000,0.00000,0.60000,0.00000,0.00000,0.00000,-0.35000,0.00000,0.00000,-0.25000,0.00000,0.00000,0.60000,0.00000,0.00000,0.00000,0.10000,0.00000,0.00000,0.07000,0.00000,0.00000,0.72000,0.00000,0.00000,0.00000,0.55000,0.00000,0.00000,0.39000,0.00000,0.00000,0.60000,0.00000,0.00000,0.00000,-0.35000,0.00000,0.00000,0.39000,0.00000,0.00000,0.60000,0.00000,0.00000,0.00000,0.55000,0.00000,0.00000,-0.25000,0.00000,0.00000,0.60000,0.00000,0.00000,0.00000,-0.35000,0.00000,0.00000,-0.25000,0.00000,0.00000,0.60000,0.00000,0.00000,0.00000,0.10000,0.00000,0.00000,0.07000,0.00000,0.00000,0.72000,0.00000,0.00000,0.00000
7.5500,755,15,7.5500,49.84,0.55000,0.00000,0.00000,0.39000,0.00000,0.00000,0.60000,0.00000,0.00000,0.00000,-0.35000,0.00000,0.00000,0.39000,0.00000,0.00000,0.60000,0.00000,0.00000,0.00000,0.55000,0.00000,0.00000,-0.25000,0.00000,0.00000,0.60000,0.00000,0.00000,0.00000,-0.35000,0.00000,0.00000,-0.25000,0.00000,0.00000,0.60000,0.00000,0.00000,0.00000,0.10000,0.00000,0.00000,0.07000,0.00000,0.00000,0.72000,0.00000,0.00000,0.00000,0.55000,-0.00024,-0.00089,0.39000,0.00014,-0.00062,0.60012,0.00690,0.00000,0.00000,-0.35000,-0.00001,-0.00009,0.39003,0.00167,-0.00624,0.60130,0.04839,0.00000,0.00000,0.55000,0.00013,0.00042,-0.24995,0.00293,-0.01101,0.60241,0.09090,0.00000,0.00000,-0.35000,-0.00022,-0.00083,-0.24999,0.00047,-0.00180,0.60034,0.01357,0.00000,0.00000,0.10000,-0.00013,-0.00051,0.07001,0.00067,-0.00255,0.72052,0.02051,0.00000,0.00000
7.6000,760,15,7.6003,50.27,0.55000,0.00000,0.00000,0.39000,0.00000,0.00000,0.60000,0.00000,0.00000,0.00000,-0.35000,0.00000,0.00000,0.39000,0.00000,0.00000,0.60000,0.00000,0.00000,0.00000,0.55000,0.00000,0.00000,-0.25000,0.00000,0.00000,0.60000,0.00000,0.00000,0.00000,-0.35000,0.00000,0.00000,-0.25000,0.00000,0.00000,0.60000,0.00000,0.00000,0.00000,0.10000,0.00000,0.00000,0.07000,0.00000,0.00000,0.72000,0.00000,0.00000,0.00000,0.54997,-0.00080,-0.00134,0.39002,0.00064,-0.00142,0.60083,0.02201,0.00000,0.00000,-0.35000,-0.00013,-0.00042,0.39021,0.00568,-0.00975,0.60454,0.07900,0.00000,0.00000,0.55001,0.00033,0.00033,-0.24964,0.01005,-0.01740,0.60864,0.15469,0.00000,0.00000,-0.35003,-0.00077,-0.00139,-0.24994,0.00167,-0.00300,0.60135,0.02679,0.00000,0.00000,0.09998,-0.00048,-0.00087,0.07008,0.00236,-0.00421,0.72202,0.03906,0.00000,0.00000
7.6500,765,15,7.6501,49.86,0.55000,0.00000,0.00000,0.39000,0.00000,0.00000,0.60000,0.00000,0.00000,0.00000,-0.35000,0.00000,0.00000,0.39000,0.00000,0.00000,0.60000,0.00000,0.00000,0.00000,0.55000,0.00000,0.00000,-0.25000,0.00000,0.00000,0.60000,0.00000,0.00000,0.00000,-0.35000,0.00000,0.00000,-0.25000,0.00000,0.00000,0.60000,0.00000,0.00000,0.00000,0.10000,0.00000,0.00000,0.07000,0.00000,0.00000,0.72000,0.00000,0.00000,0.00000,0.54991,-0.00152,-0.00153,0.39007,0.00154,-0.00227,0.60237,0.04021,0.00000,0.00000,-0.35002,-0.00044,-0.00085,0.39062,0.01094,-0.01145,0.60901,0.09815,0.00000,0.00000,0.55003,0.00041,-0.00005,-0.24891,0.01949,-0.02069,0.61755,0.19885,0.00000,0.00000,-0.35008,-0.00155,-0.00177,-0.24982,0.00335,-0.00380,0.60301,0.03961,0.00000,0.00000,0.09995,-0.00097,-0.00113,0.07026,0.00470,-0.00527,0.72438,0.05517,0.00000,0.00000
7.7000,770,15,7.7003,50.13,0.55000,0.00000,0.00000,0.39000,0.00000,0.00000,0.60000,0.00000,0.00000,0.00000,-0.35000,0.00000,0.00000,0.39000,0.00000,0.00000,0.60000,0.00000,0.00000,0.00000,0.55000,0.00000,0.00000,-0.25000,0.00000,0.00000,0.60000,0.00000,0.00000,0.00000,-0.35000,0.00000,0.00000,-0.25000,0.00000,0.00000,0.60000,0.00000,0.00000,0.00000,0.10000,0.00000,0.00000,0.07000,0.00000,0.00000,0.72000,0.00000,0.00000,0.00000,0.54982,-0.00228,-0.00157,0.39018,0.00286,-0.00310,0.60485,0.05860,0.00000,0.00000,-0.35005,-0.00096,-0.00130,0.39131,0.01672,-0.01197,0.61424,0.10987,0.00000,0.00000,0.55005,0.00026,-0.00056,-0.24767,0.03001,-0.02194,0.62829,0.22855,0.00000,0.00000,-0.35018,-0.00249,-0.00203,-0.24960,0.00535,-0.00433,0.60530,0.05182,0.00000,0.00000,0.09988,-0.00157,-0.00131,0.07056,0.00745,-0.00590,0.72749,0.06873,0.00000,0.00000
7.7500,775,15,7.7500,49.75,0.55000,0.00000,0.00000,0.39000,0.00000,0.00000,0.60000,0.00000,0.00000,0.00000,-0.35000,0.00000,0.00000,0.39000,0.00000,0.00000,0.60000,0.00000,0.00000,0.00000,0.55000,0.00000,0.00000,-0.25000,0.00000,0.00000,0.60000,0.00000,0.00000,0.00000,-0.35000,0.00000,0.00000,-0.25000,0.00000,0.00000,0.60000,0.00000,0.00000,0.00000,0.10000,0.00000,0.00000,0.07000,0.00000,0.00000,0.72000,0.00000,0.00000,0.00000,0.54969,-0.00304,-0.00153,0.39037,0.00457,-0.00388,0.60821,0.07559,0.00000,0.00000,-0.35012,-0.00171,-0.00173,0.39229,0.02256,-0.01175,0.61992,0.11669,0.00000,0.00000,0.55005,-0.00015,-0.00110,-0.24590,0.04079,-0.02185,0.64022,0.24741,0.00000,0.00000,-0.35033,-0.00353,-0.00220,-0.24928,0.00756,-0.00466,0.60818,0.06319,0.00000,0.00000,0.09979,-0.00225,-0.00144,0.07101,0.01044,-0.00623,0.73122,0.07980,0.00000,0.00000
7.8000,780,15,7.8002,50.13,0.55000,0.00000,0.00000,0.39000,0.00000,0.00000,0.60000,0.00000,0.00000,0.00000,-0.35000,0.00000,0.00000,0.39000,0.00000,0.00000,0.60000,0.00000,0.00000,0.00000,0.55000,0.00000,0.00000,-0.25000,0.00000,0.00000,0.60000,0.00000,0.00000,0.00000,-0.35000,0.00000,0.00000,-0.25000,0.00000,0.00000,0.60000,0.00000,0.00000,0.00000,0.10000,0.00000,0.00000,0.07000,0.00000,0.00000,0.72000,0.00000,0.00000,0.00000,0.54951,-0.00377,-0.00146,0.39064,0.00665,-0.00456,0.61237,0.09037,0.00000,0.00000,-0.35022,-0.00265,-0.00210,0.39356,0.02817,-0.01108,0.62585,0.12023,0.00000,0.00000,0.55003,-0.00081,-0.00160,-0.24360,0.05131,-0.02093,0.65289,0.25801,0.00000,0.00000,-0.35054,-0.00464,-0.00232,-0.24884,0.00990,-0.00486,0.61160,0.07352,0.00000,0.00000,0.09966,-0.00298,-0.00154,0.07161,0.01353,-0.00635,0.73543,0.08855,0.00000,0.00000
7.8500,785,15,7.8501,49.98,0.55000,0.00000,0.00000,0.39000,0.00000,0.00000,0.60000,0.00000,0.00000,0.00000,-0.35000,0.00000,0.00000,0.39000,0.00000,0.00000,0.60000,0.00000,0.00000,0.00000,0.55000,0.00000,0.00000,-0.25000,0.00000,0.00000,0.60000,0.00000,0.00000,0.00000,-0.35000,0.00000,0.00000,-0.25000,0.00000,0.00000,0.60000,0.00000,0.00000,0.00000,0.10000,0.00000,0.00000,0.07000,0.00000,0.00000,0.72000,0.00000,0.00000,0.00000,0.54931,-0.00448,-0.00141,0.39104,0.00903,-0.00514,0.61721,0.10264,0.00000,0.00000,-0.35038,-0.00375,-0.00238,0.39510,0.03338,-0.01016,0.63190,0.12152,0.00000,0.00000,0.54997,-0.00171,-0.00203,-0.24078,0.06125,-0.01951,0.66592,0.26223,0.00000,0.00000,-0.35080,-0.00580,-0.00240,-0.24829,0.01231,-0.00497,0.61551,0.08263,0.00000,0.00000,0.09949,-0.00375,-0.00161,0.07236,0.01665,-0.00633,0.74004,0.09521,0.00000,0.00000
7.9000,790,15,7.8999,49.81,0.55000,0.00000,0.00000,0.39000,0.00000,0.00000,0.60000,0.00000,0.00000,0.00000,-0.35000,0.00000,0.00000,0.39000,0.00000,0.00000,0.60000,0.00000,0.00000,0.00000,0.55000,0.00000,0.00000,-0.25000,0.00000,0.00000,0.60000,0.00000,0.00000,0.00000,-0.35000,0.00000,0.00000,-0.25000,0.00000,0.00000,0.60000,0.00000,0.00000,0.00000,0.10000,0.00000,0.00000,0.07000,0.00000,0.00000,0.72000,0.00000,0.00000,0.00000,0.54907,-0.00516,-0.00138,0.39155,0.01168,-0.00562,0.62259,0.11232,0.00000,0.00000,-0.35060,-0.00497,-0.00258,0.39689,0.03811,-0.00911,0.63798,0.12123,0.00000,0.00000,0.54986,-0.00278,-0.00235,-0.23748,0.07040,-0.01781,0.67903,0.26148,0.00000,0.00000,-0.35112,-0.00699,-0.00245,-0.24761,0.01476,-0.00501,0.61984,0.09040,0.00000,0.00000,0.09928,-0.00455,-0.00166,0.07327,0.01973,-0.00621,0.74492,0.10000,0.00000,0.00000
7.9500,795,15,7.9500,50.08,0.55000,0.00000,0.00000,0.39000,0.00000,0.00000,0.60000,0.00000,0.00000,0.00000,-0.35000,0.00000,0.00000,0.39000,0.00000,0.00000,0.60000,0.00000,0.00000,0.00000,0.55000,0.00000,0.00000,-0.25000,0.00000,0.00000,0.60000,0.00000,0.00000,0.00000,-0.35000,0.00000,0.00000,-0.25000,0.00000,0.00000,0.60000,0.00000,0.00000,0.00000,0.10000,0.00000,0.00000,0.07000,0.00000,0.00000,0.72000,0.00000,0.00000,0.00000,0.54879,-0.00583,-0.00138,0.39221,0.01453,-0.00598,0.62840,0.11951,0.00000,0.00000,-0.35088,-0.00626,-0.00268,0.39890,0.04232,-0.00804,0.64401,0.11977,0.00000,0.00000,0.54969,-0.00399,-0.00256,-0.23375,0.07869,-0.01598,0.69200,0.25683,0.00000,0.00000,-0.35150,-0.00820,-0.00248,-0.24681,0.01723,-0.00502,0.62453,0.09676,0.00000,0.00000,0.09903,-0.00538,-0.00169,0.07433,0.02273,-0.00602,0.75001,0.10312,0.00000,0.00000
8.0000,800,16,8.0003,50.23,0.55000,0.00000,0.00000,0.39000,0.00000,0.00000,0.60000,0.00000,0.00000,0.00000,-0.35000,0.00000,0.00000,0.39000,0.00000,0.00000,0.60000,0.00000,0.00000,0.00000,0.55000,0.00000,0.00000,-0.25000,0.00000,0.00000,0.60000,0.00000,0.00000,0.00000,-0.35000,0.00000,0.00000,-0.25000,0.00000,0.00000,0.60000,0.00000,0.00000,0.00000,0.10000,0.00000,0.00000,0.07000,0.00000,0.00000,0.72000,0.00000,0.00000,0.00000,0.55000,0.00000,0.00000,0.39000,0.00000,0.00000,0.60000,0.00000,0.00000,0.00000,-0.35000,0.00000,0.00000,0.39000,0.00000,0.00000,0.60000,0.00000,0.00000,0.00000,0.55000,0.00000,0.00000,-0.25000,0.00000,0.00000,0.60000,0.00000,0.00000,0.00000,-0.35000,0.00000,0.00000,-0.25000,0.00000,0.00000,0.60000,0.00000,0.00000,0.00000,0.10000,0.00000,0.00000,0.07000,0.00000,0.00000,0.72000,0.00000,0.00000,0.00000
8.0500,805,16,8.0500,49.78,0.55000,0.00000,0.00000,0.39000,0.00000,0.00000,0.60000,0.00000,0.00000,0.00000,-0.35000,0.00000,0.00000,0.39000,0.00000,0.00000,0.60000,0.00000,0.00000,0.00000,0.55000,0.00000,0.00000,-0.25000,0.00000,0.00000,0.60000,0.00000,0.00000,0.00000,-0.35000,0.00000,0.00000,-0.25000,0.00000,0.00000,0.60000,0.00000,0.00000,0.00000,0.10000,0.00000,0.00000,0.07000,0.00000,0.00000,0.72000,0.00000,0.00000,0.00000,0.55000,-0.00014,-0.00057,0.39000,0.00005,-0.00027,0.59999,0.00135,0.00000,0.00000,-0.35001,-0.00033,-0.00122,0.39003,0.00165,-0.00617,0.60109,0.04016,0.00000,0.00000,0.54999,-0.00039,-0.00146,-0.24995,0.00295,-0.01107,0.60200,0.07539,0.00000,0.00000,-0.35001,-0.00031,-0.00118,-0.24999,0.00041,-0.00155,0.60020,0.00778,0.00000,0.00000,0.10000,-0.00017,-0.00067,0.07001,0.00060,-0.00229,0.72038,0.01485,0.00000,0.00000
8.1000,810,16,8.1002,50.14,0.55000,0.00000,0.00000,0.39000,0.00000,0.00000,0.60000,0.00000,0.00000,0.00000,-0.35000,0.00000,0.00000,0.39000,0.00000,0.00000,0.60000,0.00000,0.00000,0.00000,0.55000,0.00000,0.00000,-0.25000,0.00000,0.00000,0.60000,0.00000,0.00000,0.00000,-0.35000,0.00000,0.00000,-0.25000,0.00000,0.00000,0.60000,0.00000,0.00000,0.00000,0.10000,0.00000,0.00000,0.07000,0.00000,0.00000,0.72000,0.00000,0.00000,0.00000,0.54998,-0.00054,-0.00106,0.39001,0.00031,-0.00085,0.60026,0.01033,0.00000,0.00000,-0.35004,-0.00111,-0.00192,0.39020,0.00561,-0.00959,0.60375,0.06431,0.00000,0.00000,0.54995,-0.00133,-0.00229,-0.24964,0.01010,-0.01744,0.60713,0.12639,0.00000,0.00000,-0.35004,-0.00110,-0.00198,-0.24995,0.00144,-0.00259,0.60078,0.01542,0.00000,0.00000,0.09998,-0.00062,-0.00113,0.07008,0.00211,-0.00378,0.72146,0.02805,0.00000,0.00000
8.1500,815,16,8.1503,50.09,0.55000,0.00000,0.00000,0.39000,0.00000,0.00000,0.60000,0.00000,0.00000,0.00000,-0.35000,0.00000,0.00000,0.39000,0.00000,0.00000,0.60000,0.00000,0.00000,0.00000,0.55000,0.00000,0.00000,-0.25000,0.00000,0.00000,0.60000,0.00000,0.00000,0.00000,-0.35000,0.00000,0.00000,-0.25000,0.00000,0.00000,0.60000,0.00000,0.00000,0.00000,0.10000,0.00000,0.00000,0.07000,0.00000,0.00000,0.72000,0.00000,0.00000,0.00000,0.54994,-0.00118,-0.00152,0.39004,0.00090,-0.00158,0.60107,0.02224,0.00000,0.00000,-0.35012,-0.00214,-0.00222,0.39061,0.01076,-0.01120,0.60735,0.07831,0.00000,0.00000,0.54986,-0.00256,-0.00267,-0.24890,0.01955,-0.02069,0.61435,0.15995,0.00000,0.00000,-0.35012,-0.00221,-0.00252,-0.24984,0.00289,-0.00329,0.60173,0.02290,0.00000,0.00000,0.09993,-0.00126,-0.00145,0.07023,0.00421,-0.00471,0.72315,0.03917,0.00000,0.00000
8.2000,820,16,8.2004,50.16,0.55000,0.00000,0.00000,0.39000,0.00000,0.00000,0.60000,0.00000,0.00000,0.00000,-0.35000,0.00000,0.00000,0.39000,0.00000,0.00000,0.60000,0.00000,0.00000,0.00000,0.55000,0.00000,0.00000,-0.25000,0.00000,0.00000,0.60000,0.00000,0.00000,0.00000,-0.35000,0.00000,0.00000,-0.25000,0.00000,0.00000,0.60000,0.00000,0.00000,0.00000,0.10000,0.00000,0.00000,0.07000,0.00000,0.00000,0.72000,0.00000,0.00000,0.00000,0.54986,-0.00203,-0.00196,0.39010,0.00186,-0.00233,0.60249,0.03435,0.00000,0.00000,-0.35026,-0.00325,-0.00224,0.39129,0.01640,-0.01166,0.61148,0.08593,0.00000,0.00000,0.54969,-0.00389,-0.00271,-0.24766,0.03006,-0.02190,0.62292,0.18088,0.00000,0.00000,-0.35026,-0.00354,-0.00288,-0.24966,0.00463,-0.00375,0.60306,0.03005,0.00000,0.00000,0.09985,-0.00203,-0.00167,0.07050,0.00667,-0.00526,0.72534,0.04811,0.00000,0.00000
8.2500,825,16,8.2503,49.88,0.55000,0.00000,0.00000,0.39000,0.00000,0.00000,0.60000,0.00000,0.00000,0.00000,-0.35000,0.00000,0.00000,0.39000,0.00000,0.00000,0.60000,0.00000,0.00000,0.00000,0.55000,0.00000,0.00000,-0.25000,0.00000,0.00000,0.60000,0.00000,0.00000,0.00000,-0.35000,0.00000,0.00000,-0.25000,0.00000,0.00000,0.60000,0.00000,0.00000,0.00000,0.10000,0.00000,0.00000,0.07000,0.00000,0.00000,0.72000,0.00000,0.00000,0.00000,0.54973,-0.00310,-0.00239,0.39023,0.00319,-0.00306,0.60448,0.04513,0.00000,0.00000,-0.35044,-0.00431,-0.00207,0.39225,0.02208,-0.01140,0.61588,0.08958,0.00000,0.00000,0.54947,-0.00517,-0.00251,-0.24589,0.04082,-0.02179,0.63229,0.19256,0.00000,0.00000,-0.35048,-0.00501,-0.00311,-0.24938,0.00654,-0.00404,0.60473,0.03668,0.00000,0.00000,0.09973,-0.00289,-0.00183,0.07090,0.00933,-0.00554,0.72792,0.05490,0.00000,0.00000
8.3000,830,16,8.3003,49.99,0.55000,0.00000,0.00000,0.39000,0.00000,0.00000,0.60000,0.00000,0.00000,0.00000,-0.35000,0.00000,0.00000,0.39000,0.00000,0.00000,0.60000,0.00000,0.00000,0.00000,0.55000,0.00000,0.00000,-0.25000,0.00000,0.00000,0.60000,0.00000,0.00000,0.00000,-0.35000,0.00000,0.00000,-0.25000,0.00000,0.00000,0.60000,0.00000,0.00000,0.00000,0.10000,0.00000,0.00000,0.07000,0.00000,0.00000,0.72000,0.00000,0.00000,0.00000,0.54955,-0.00438,-0.00281,0.39043,0.00485,-0.00373,0.60697,0.05396,0.00000,0.00000,-0.35068,-0.00525,-0.00176,0.39349,0.02751,-0.01067,0.62039,0.09050,0.00000,0.00000,0.54918,-0.00632,-0.00215,-0.24359,0.05130,-0.02081,0.64205,0.19695,0.00000,0.00000,-0.35077,-0.00658,-0.00325,-0.24900,0.00858,-0.00422,0.60672,0.04264,0.00000,0.00000,0.09956,-0.00381,-0.00193,0.07144,0.01208,-0.00563,0.73079,0.05968,0.00000,0.00000
8.3500,835,16,8.3501,49.84,0.55000,0.00000,0.00000,0.39000,0.00000,0.00000,0.60000,0.00000,0.00000,0.00000,-0.35000,0.00000,0.00000,0.39000,0.00000,0.00000,0.60000,0.00000,0.00000,0.00000,0.55000,0.00000,0.00000,-0.25000,0.00000,0.00000,0.60000,0.00000,0.00000,0.00000,-0.35000,0.00000,0.00000,-0.25000,0.00000,0.00000,0.60000,0.00000,0.00000,0.00000,0.10000,0.00000,0.00000,0.07000,0.00000,0.00000,0.72000,0.00000,0.00000,0.00000,0.54929,-0.00586,-0.00324,0.39072,0.00683,-0.00432,0.60984,0.06080,0.00000,0.00000,-0.35097,-0.00602,-0.00135,0.39499,0.03251,-0.00969,0.62489,0.08920,0.00000,0.00000,0.54884,-0.00727,-0.00168,-0.24077,0.06115,-0.01930,0.65188,0.19511,0.00000,0.00000,-0.35114,-0.00820,-0.00334,-0.24852,0.01068,-0.00433,0.60898,0.04781,0.00000,0.00000,0.09935,-0.00478,-0.00201,0.07211,0.01484,-0.00559,0.73386,0.06261,0.00000,0.00000
8.4000,840,16,8.4001,49.95,0.55000,0.00000,0.00000,0.39000,0.00000,0.00000,0.60000,0.00000,0.00000,0.00000,-0.35000,0.00000,0.00000,0.39000,0.00000,0.00000,0.60000,0.00000,0.00000,0.00000,0.55000,0.00000,0.00000,-0.25000,0.00000,0.00000,0.60000,0.00000,0.00000,0.00000,-0.35000,0.00000,0.00000,-0.25000,0.00000,0.00000,0.60000,0.00000,0.00000,0.00000,0.10000,0.00000,0.00000,0.07000,0.00000,0.00000,0.72000,0.00000,0.00000,0.00000,0.54896,-0.00755,-0.00367,0.39112,0.00908,-0.00483,0.61302,0.06590,0.00000,0.00000,-0.35128,-0.00656,-0.00086,0.39673,0.03699,-0.00857,0.62927,0.08574,0.00000,0.00000,0.54846,-0.00796,-0.00113,-0.23748,0.07018,-0.01749,0.66147,0.18754,0.00000,0.00000,-0.35159,-0.00985,-0.00338,-0.24793,0.01281,-0.00438,0.61148,0.05214,0.00000,0.00000,0.09908,-0.00578,-0.00207,0.07292,0.01755,-0.00546,0.73703,0.06388,0.00000,0.00000
8.4500,845,16,8.4501,49.97,0.55000,0.00000,0.00000,0.39000,0.00000,0.00000,0.60000,0.00000,0.00000,0.00000,-0.35000,0.00000,0.00000,0.39000,0.00000,0.00000,0.60000,0.00000,0.00000,0.00000,0.55000,0.00000,0.00000,-0.25000,0.00000,0.00000,0.60000,0.00000,0.00000,0.00000,-0.35000,0.00000,0.00000,-0.25000,0.00000,0.00000,0.60000,0.00000,0.00000,0.00000,0.10000,0.00000,0.00000,0.07000,0.00000,0.00000,0.72000,0.00000,0.00000,0.00000,0.54853,-0.00946,-0.00410,0.39163,0.01156,-0.00527,0.61641,0.06979,0.00000,0.00000,-0.35162,-0.00685,-0.00034,0.39868,0.04090,-0.00738,0.63342,0.07989,0.00000,0.00000,0.54805,-0.00837,-0.00054,-0.23377,0.07828,-0.01550,0.67054,0.17437,0.00000,0.00000,-0.35212,-0.01151,-0.00340,-0.24724,0.01497,-0.00439,0.61418,0.05560,0.00000,0.00000,0.09877,-0.00681,-0.00212,0.07386,0.02019,-0.00526,0.74022,0.06368,0.00000,0.00000
8.5000,850,17,8.5000,50.00,0.55000,0.00000,0.00000,0.39000,0.00000,0.00000,0.60000,0.00000,0.00000,0.00000,-0.35000,0.00000,0.00000,0.39000,0.00000,0.00000,0.60000,0.00000,0.00000,0.00000,0.55000,0.00000,0.00000,-0.25000,0.00000,0.00000,0.60000,0.00000,0.00000,0.00000,-0.35000,0.00000,0.00000,-0.25000,0.00000,0.00000,0.60000,0.00000,0.00000,0.00000,0.10000,0.00000,0.00000,0.07000,0.00000,0.00000,0.72000,0.00000,0.00000,0.00000,0.55000,0.00000,0.00000,0.39000,0.00000,0.00000,0.60000,0.00000,0.00000,0.00000,-0.35000,0.00000,0.00000,0.39000,0.00000,0.00000,0.60000,0.00000,0.00000,0.00000,0.55000,0.00000,0.00000,-0.25000,0.00000,0.00000,0.60000,0.00000,0.00000,0.00000,-0.35000,0.00000,0.00000,-0.25000,0.00000,0.00000,0.60000,0.00000,0.00000,0.00000,0.10000,0.00000,0.00000,0.07000,0.00000,0.00000,0.72000,0.00000,0.00000,0.00000
8.5500,855,17,8.5501,50.02,0.55000,0.00000,0.00000,0.39000,0.00000,0.00000,0.60000,0.00000,0.00000,0.00000,-0.35000,0.00000,0.00000,0.39000,0.00000,0.00000,0.60000,0.00000,0.00000,0.00000,0.55000,0.00000,0.00000,-0.25000,0.00000,0.00000,0.60000,0.00000,0.00000,0.00000,-0.35000,0.00000,0.00000,-0.25000,0.00000,0.00000,0.60000,0.00000,0.00000,0.00000,0.10000,0.00000,0.00000,0.07000,0.00000,0.00000,0.72000,0.00000,0.00000,0.00000,0.54999,-0.00060,-0.00231,0.39000,-0.00007,0.00016,0.59992,-0.00196,0.00000,0.00000,-0.35000,0.00013,0.00051,0.39003,0.00152,-0.00564,0.60058,0.02104,0.00000,0.00000,0.55000,-0.00001,-0.00004,-0.24995,0.00276,-0.01034,0.60102,0.03737,0.00000,0.00000,-0.35001,-0.00038,-0.00145,-0.24999,0.00029,-0.00112,0.60008,0.00331,0.00000,0.00000,0.10000,-0.00024,-0.00091,0.07001,0.00048,-0.00184,0.72016,0.00630,0.00000,0.00000
8.6000,860,17,8.6001,50.00,0.55000,0.00000,0.00000,0.39000,0.00000,0.00000,0.60000,0.00000,0.00000,0.00000,-0.35000,0.00000,0.00000,0.39000,0.00000,0.00000,0.60000,0.00000,0.00000,0.00000,0.55000,0.00000,0.00000,-0.25000,0.00000,0.00000,0.60000,0.00000,0.00000,0.00000,-0.35000,0.00000,0.00000,-0.25000,0.00000,0.00000,0.60000,0.00000,0.00000,0.00000,0.10000,0.00000,0.00000,0.07000,0.00000,0.00000,0.72000,0.00000,0.00000,0.00000,0.54992,-0.00215,-0.00391,0.38999,-0.00007,-0.00022,0.59990,0.00174,0.00000,0.00000,-0.34998,0.00047,0.00087,0.39019,0.00509,-0.00858,0.60192,0.03114,0.00000,0.00000,0.55000,-0.00004,-0.00008,-0.24966,0.00939,-0.01607,0.60347,0.05852,0.00000,0.00000,-0.35005,-0.00134,-0.00241,-0.24996,0.00104,-0.00189,0.60033,0.00661,0.00000,0.00000,0.09997,-0.00085,-0.00154,0.07006,0.00170,-0.00304,0.72061,0.01171,0.00000,0.00000
8.6500,865,17,8.6500,49.96,0.55000,0.00000,0.00000,0.39000,0.00000,0.00000,0.60000,0.00000,0.00000,0.00000,-0.35000,0.00000,0.00000,0.39000,0.00000,0.00000,0.60000,0.00000,0.00000,0.00000,0.55000,0.00000,0.00000,-0.25000,0.00000,0.00000,0.60000,0.00000,0.00000,0.00000,-0.35000,0.00000,0.00000,-0.25000,0.00000,0.00000,0.60000,0.00000,0.00000,0.00000,0.10000,0.00000,0.00000,0.07000,0.00000,0.00000,0.72000,0.00000,0.00000,0.00000,0.54976,-0.00435,-0.00497,0.39000,0.00020,-0.00089,0.60013,0.00768,0.00000,0.00000,-0.34995,0.00095,0.00105,0.39055,0.00966,-0.00979,0.60359,0.03492,0.00000,0.00000,0.54999,-0.00011,-0.00024,-0.24898,0.01804,-0.01878,0.60670,0.06924,0.00000,0.00000,-0.35015,-0.00269,-0.00304,-0.24989,0.00210,-0.00240,0.60074,0.00991,0.00000,0.00000,0.09991,-0.00172,-0.00198,0.07019,0.00339,-0.00378,0.72131,0.01606,0.00000,0.00000
8.7000,870,17,8.7001,50.06,0.55000,0.00000,0.00000,0.39000,0.00000,0.00000,0.60000,0.00000,0.00000,0.00000,-0.35000,0.00000,0.00000,0.39000,0.00000,0.00000,0.60000,0.00000,0.00000,0.00000,0.55000,0.00000,0.00000,-0.25000,0.00000,0.00000,0.60000,0.00000,0.00000,0.00000,-0.35000,0.00000,0.00000,-0.25000,0.00000,0.00000,0.60000,0.00000,0.00000,0.00000,0.10000,0.00000,0.00000,0.07000,0.00000,0.00000,0.72000,0.00000,0.00000,0.00000,0.54948,-0.00696,-0.00562,0.39002,0.00083,-0.00167,0.60067,0.01391,0.00000,0.00000,-0.34989,0.00147,0.00103,0.39116,0.01452,-0.00991,0.60536,0.03536,0.00000,0.00000,0.54999,-0.00031,-0.00058,-0.24784,0.02750,-0.01954,0.61029,0.07352,0.00000,0.00000,-0.35032,-0.00429,-0.00344,-0.24975,0.00337,-0.00274,0.60132,0.01311,0.00000,0.00000,0.09980,-0.00277,-0.00230,0.07040,0.00536,-0.00422,0.72220,0.01934,0.00000,0.00000
8.7500,875,17,8.7501,50.06,0.55000,0.00000,0.00000,0.39000,0.00000,0.00000,0.60000,0.00000,0.00000,0.00000,-0.35000,0.00000,0.00000,0.39000,0.00000,0.00000,0.60000,0.00000,0.00000,0.00000,0.55000,0.00000,0.00000,-0.25000,0.00000,0.00000,0.60000,0.00000,0.00000,0.00000,-0.35000,0.00000,0.00000,-0.25000,0.00000,0.00000,0.60000,0.00000,0.00000,0.00000,0.10000,0.00000,0.00000,0.07000,0.00000,0.00000,0.72000,0.00000,0.00000,0.00000,0.54906,-0.00980,-0.00592,0.39009,0.00184,-0.00245,0.60151,0.01939,0.00000,0.00000,-0.34980,0.00193,0.00079,0.39200,0.01927,-0.00939,0.60711,0.03429,0.00000,0.00000,0.54996,-0.00073,-0.00117,-0.24623,0.03701,-0.01911,0.61399,0.07407,0.00000,0.00000,-0.35058,-0.00604,-0.00368,-0.24955,0.00477,-0.00296,0.60205,0.01610,0.00000,0.00000,0.09963,-0.00396,-0.00252,0.07073,0.00749,-0.00443,0.72323,0.02168,0.00000,0.00000
8.8000,880,17,8.8003,50.14,0.55000,0.00000,0.00000,0.39000,0.00000,0.00000,0.60000,0.00000,0.00000,0.00000,-0.35000,0.00000,0.00000,0.39000,0.00000,0.00000,0.60000,0.00000,0.00000,0.00000,0.55000,0.00000,0.00000,-0.25000,0.00000,0.00000,0.60000,0.00000,0.00000,0.00000,-0.35000,0.00000,0.00000,-0.25000,0.00000,0.00000,0.60000,0.00000,0.00000,0.00000,0.10000,0.00000,0.00000,0.07000,0.00000,0.00000,0.72000,0.00000,0.00000,0.00000,0.54850,-0.01272,-0.00595,0.39021,0.00321,-0.00315,0.60259,0.02366,0.00000,0.00000,-0.34970,0.00221,0.00032,0.39308,0.02368,-0.00854,0.60878,0.03274,0.00000,0.00000,0.54991,-0.00150,-0.00204,-0.24415,0.04613,-0.01799,0.61766,0.07259,0.00000,0.00000,-0.35093,-0.00788,-0.00381,-0.24927,0.00626,-0.00310,0.60292,0.01878,0.00000,0.00000,0.09940,-0.00524,-0.00269,0.07115,0.00968,-0.00448,0.72436,0.02321,0.00000,0.00000
8.8500,885,17,8.8500,49.70,0.55000,0.00000,0.00000,0.39000,0.00000,0.00000,0.60000,0.00000,0.00000,0.00000,-0.35000,0.00000,0.00000,0.39000,0.00000,0.00000,0.60000,0.00000,0.00000,0.00000,0.55000,0.00000,0.00000,-0.25000,0.00000,0.00000,0.60000,0.00000,0.00000,0.00000,-0.35000,0.00000,0.00000,-0.25000,0.00000,0.00000,0.60000,0.00000,0.00000,0.00000,0.10000,0.00000,0.00000,0.07000,0.00000,0.00000,0.72000,0.00000,0.00000,0.00000,0.54779,-0.01560,-0.00574,0.39041,0.00490,-0.00372,0.60385,0.02664,0.00000,0.00000,-0.34959,0.00221,-0.00037,0.39436,0.02763,-0.00757,0.61038,0.03118,0.00000,0.00000,0.54980,-0.00277,-0.00318,-0.24163,0.05461,-0.01653,0.62123,0.06997,0.00000,0.00000,-0.35137,-0.00976,-0.00385,-0.24892,0.00780,-0.00319,0.60392,0.02108,0.00000,0.00000,0.09910,-0.00659,-0.00282,0.07169,0.01187,-0.00443,0.72554,0.02404,0.00000,0.00000
8.9000,890,17,8.9000,50.06,0.55000,0.00000,0.00000,0.39000,0.00000,0.00000,0.60000,0.00000,0.00000,0.00000,-0.35000,0.00000,0.00000,0.39000,0.00000,0.00000,0.60000,0.00000,0.00000,0.00000,0.55000,0.00000,0.00000,-0.25000,0.00000,0.00000,0.60000,0.00000,0.00000,0.00000,-0.35000,0.00000,0.00000,-0.25000,0.00000,0.00000,0.60000,0.00000,0.00000,0.00000,0.10000,0.00000,0.00000,0.07000,0.00000,0.00000,0.72000,0.00000,0.00000,0.00000,0.54694,-0.01832,-0.00534,0.39070,0.00684,-0.00414,0.60523,0.02853,0.00000,0.00000,-0.34948,0.00181,-0.00126,0.39583,0.03110,-0.00660,0.61190,0.02956,0.00000,0.00000,0.54962,-0.00466,-0.00459,-0.23870,0.06233,-0.01497,0.62464,0.06635,0.00000,0.00000,-0.35190,-0.01165,-0.00384,-0.24849,0.00938,-0.00323,0.60503,0.02299,0.00000,0.00000,0.09874,-0.00800,-0.00293,0.07234,0.01402,-0.00431,0.72675,0.02428,0.00000,0.00000
8.9500,895,17,8.9502,50.13,0.55000,0.00000,0.00000,0.39000,0.00000,0.00000,0.60000,0.00000,0.00000,0.00000,-0.35000,0.00000,0.00000,0.39000,0.00000,0.00000,0.60000,0.00000,0.00000,0.00000,0.55000,0.00000,0.00000,-0.25000,0.00000,0.00000,0.60000,0.00000,0.00000,0.00000,-0.35000,0.00000,0.00000,-0.25000,0.00000,0.00000,0.60000,0.00000,0.00000,0.00000,0.10000,0.00000,0.00000,0.07000,0.00000,0.00000,0.72000,0.00000,0.00000,0.00000,0.54596,-0.02081,-0.00481,0.39110,0.00895,-0.00444,0.60669,0.02979,0.00000,0.00000,-0.34941,0.00095,-0.00229,0.39746,0.03412,-0.00569,0.61333,0.02739,0.00000,0.00000,0.54932,-0.00729,-0.00616,-0.23541,0.06929,-0.01339,0.62784,0.06131,0.00000,0.00000,-0.35253,-0.01352,-0.00379,-0.24798,0.01097,-0.00325,0.60622,0.02450,0.00000,0.00000,0.09830,-0.00946,-0.00302,0.07309,0.01609,-0.00414,0.72796,0.02402,0.00000,0.00000
9.0000,900,18,9.0003,50.11,0.55000,0.00000,0.00000,0.39000,0.00000,0.00000,0.60000,0.00000,0.00000,0.00000,-0.35000,0.00000,0.00000,0.39000,0.00000,0.00000,0.60000,0.00000,0.00000,0.00000,0.55000,0.00000,0.00000,-0.25000,0.00000,0.00000,0.60000,0.00000,0.00000,0.00000,-0.35000,0.00000,0.00000,-0.25000,0.00000,0.00000,0.60000,0.00000,0.00000,0.00000,0.10000,0.00000,0.00000,0.07000,0.00000,0.00000,0.72000,0.00000,0.00000,0.00000,0.55000,0.00000,0.00000,0.39000,0.00000,0.00000,0.60000,0.00000,0.00000,0.00000,-0.35000,0.00000,0.00000,0.39000,0.00000,0.00000,0.60000,0.00000,0.00000,0.00000,0.55000,0.00000,0.00000,-0.25000,0.00000,0.00000,0.60000,0.00000,0.00000,0.00000,-0.35000,0.00000,0.00000,-0.25000,0.00000,0.00000,0.60000,0.00000,0.00000,0.00000,0.10000,0.00000,0.00000,0.07000,0.00000,0.00000,0.72000,0.00000,0.00000,0.00000
9.0500,905,18,9.0501,49.81,0.55000,0.00000,0.00000,0.39000,0.00000,0.00000,0.60000,0.00000,0.00000,0.00000,-0.35000,0.00000,0.00000,0.39000,0.00000,0.00000,0.60000,0.00000,0.00000,0.00000,0.55000,0.00000,0.00000,-0.25000,0.00000,0.00000,0.60000,0.00000,0.00000,0.00000,-0.35000,0.00000,0.00000,-0.25000,0.00000,0.00000,0.60000,0.00000,0.00000,0.00000,0.10000,0.00000,0.00000,0.07000,0.00000,0.00000,0.72000,0.00000,0.00000,0.00000,0.54999,-0.00052,-0.00197,0.39000,-0.00020,0.00069,0.60000,0.00049,0.00000,0.00000,-0.35001,-0.00039,-0.00154,0.39002,0.00132,-0.00492,0.60018,0.00637,0.00000,0.00000,0.54998,-0.00118,-0.00461,-0.24996,0.00241,-0.00903,0.60035,0.01271,0.00000,0.00000,-0.35001,-0.00030,-0.00114,-0.25000,0.00014,-0.00054,0.60005,0.00193,0.00000,0.00000,0.09999,-0.00039,-0.00148,0.07001,0.00035,-0.00133,0.72006,0.00218,0.00000,0.00000
9.1000,910,18,9.1001,50.05,0.55000,0.00000,0.00000,0.39000,0.00000,0.00000,0.60000,0.00000,0.00000,0.00000,-0.35000,0.00000,0.00000,0.39000,0.00000,0.00000,0.60000,0.00000,0.00000,0.00000,0.55000,0.00000,0.00000,-0.25000,0.00000,0.00000,0.60000,0.00000,0.00000,0.00000,-0.35000,0.00000,0.00000,-0.25000,0.00000,0.00000,0.60000,0.00000,0.00000,0.00000,0.10000,0.00000,0.00000,0.07000,0.00000,0.00000,0.72000,0.00000,0.00000,0.00000,0.54994,-0.00180,-0.00311,0.38998,-0.00058,0.00077,0.60008,0.00287,0.00000,0.00000,-0.35005,-0.00147,-0.00284,0.39016,0.00445,-0.00756,0.60057,0.00890,0.00000,0.00000,0.54985,-0.00433,-0.00806,-0.24970,0.00822,-0.01414,0.60118,0.01969,0.00000,0.00000,-0.35004,-0.00106,-0.00190,-0.24998,0.00050,-0.00092,0.60019,0.00374,0.00000,0.00000,0.09995,-0.00137,-0.00247,0.07004,0.00123,-0.00219,0.72021,0.00403,0.00000,0.00000
9.1500,915,18,9.1501,49.92,0.55000,0.00000,0.00000,0.39000,0.00000,0.00000,0.60000,0.00000,0.00000,0.00000,-0.35000,0.00000,0.00000,0.39000,0.00000,0.00000,0.60000,0.00000,0.00000,0.00000,0.55000,0.00000,0.00000,-0.25000,0.00000,0.00000,0.60000,0.00000,0.00000,0.00000,-0.35000,0.00000,0.00000,-0.25000,0.00000,0.00000,0.60000,0.00000,0.00000,0.00000,0.10000,0.00000,0.00000,0.07000,0.00000,0.00000,0.72000,0.00000,0.00000,0.00000,0.54980,-0.00349,-0.00373,0.38994,-0.00090,0.00050,0.60030,0.00590,0.00000,0.00000,-0.35016,-0.00314,-0.00392,0.39048,0.00849,-0.00871,0.60104,0.00937,0.00000,0.00000,0.54952,-0.00895,-0.01063,-0.24911,0.01586,-0.01665,0.60226,0.02328,0.00000,0.00000,-0.35012,-0.00212,-0.00241,-0.24994,0.00102,-0.00117,0.60042,0.00543,0.00000,0.00000,0.09985,-0.00275,-0.00313,0.07013,0.00244,-0.00272,0.72045,0.00550,0.00000,0.00000
9.2000,920,18,9.2002,50.09,0.55000,0.00000,0.00000,0.39000,0.00000,0.00000,0.60000,0.00000,0.00000,0.00000,-0.35000,0.00000,0.00000,0.39000,0.00000,0.00000,0.60000,0.00000,0.00000,0.00000,0.55000,0.00000,0.00000,-0.25000,0.00000,0.00000,0.60000,0.00000,0.00000,0.00000,-0.35000,0.00000,0.00000,-0.25000,0.00000,0.00000,0.60000,0.00000,0.00000,0.00000,0.10000,0.00000,0.00000,0.07000,0.00000,0.00000,0.72000,0.00000,0.00000,0.00000,0.54958,-0.00540,-0.00401,0.38989,-0.00104,0.00004,0.60067,0.00886,0.00000,0.00000,-0.35037,-0.00528,-0.00478,0.39102,0.01284,-0.00891,0.60150,0.00891,0.00000,0.00000,0.54894,-0.01464,-0.01250,-0.24810,0.02428,-0.01745,0.60347,0.02508,0.00000,0.00000,-0.35025,-0.00339,-0.00273,-0.24988,0.00164,-0.00136,0.60073,0.00693,0.00000,0.00000,0.09967,-0.00440,-0.00355,0.07029,0.00386,-0.00302,0.72076,0.00663,0.00000,0.00000
9.2500,925,18,9.2501,49.94,0.55000,0.00000,0.00000,0.39000,0.00000,0.00000,0.60000,0.00000,0.00000,0.00000,-0.35000,0.00000,0.00000,0.39000,0.00000,0.00000,0.60000,0.00000,0.00000,0.00000,0.55000,0.00000,0.00000,-0.25000,0.00000,0.00000,0.60000,0.00000,0.00000,0.00000,-0.35000,0.00000,0.00000,-0.25000,0.00000,0.00000,0.60000,0.00000,0.00000,0.00000,0.10000,0.00000,0.00000,0.07000,0.00000,0.00000,0.72000,0.00000,0.00000,0.00000,0.54926,-0.00739,-0.00410,0.38984,-0.00093,-0.00050,0.60118,0.01141,0.00000,0.00000,-0.35070,-0.00779,-0.00543,0.39177,0.01714,-0.00851,0.60192,0.00824,0.00000,0.00000,0.54804,-0.02112,-0.01383,-0.24668,0.03280,-0.01714,0.60476,0.02618,0.00000,0.00000,-0.35046,-0.00478,-0.00292,-0.24978,0.00234,-0.00149,0.60111,0.00820,0.00000,0.00000,0.09941,-0.00621,-0.00381,0.07052,0.00537,-0.00315,0.72111,0.00748,0.00000,0.00000
9.3000,930,18,9.3003,50.20,0.55000,0.00000,0.00000,0.39000,0.00000,0.00000,0.60000,0.00000,0.00000,0.00000,-0.35000,0.00000,0.00000,0.39000,0.00000,0.00000,0.60000,0.00000,0.00000,0.00000,0.55000,0.00000,0.00000,-0.25000,0.00000,0.00000,0.60000,0.00000,0.00000,0.00000,-0.35000,0.00000,0.00000,-0.25000,0.00000,0.00000,0.60000,0.00000,0.00000,0.00000,0.10000,0.00000,0.00000,0.07000,0.00000,0.00000,0.72000,0.00000,0.00000,0.00000,0.54884,-0.00940,-0.00408,0.38980,-0.00055,-0.00105,0.60180,0.01336,0.00000,0.00000,-0.35116,-0.01058,-0.00590,0.39273,0.02114,-0.00777,0.60232,0.00775,0.00000,0.00000,0.54681,-0.02814,-0.01471,-0.24483,0.04098,-0.01615,0.60609,0.02725,0.00000,0.00000,-0.35073,-0.00624,-0.00303,-0.24964,0.00310,-0.00158,0.60155,0.00918,0.00000,0.00000,0.09905,-0.00812,-0.00396,0.07083,0.00693,-0.00317,0.72150,0.00812,0.00000,0.00000
9.3500,935,18,9.3500,49.76,0.55000,0.00000,0.00000,0.39000,0.00000,0.00000,0.60000,0.00000,0.00000,0.00000,-0.35000,0.00000,0.00000,0.39000,0.00000,0.00000,0.60000,0.00000,0.00000,0.00000,0.55000,0.00000,0.00000,-0.25000,0.00000,0.00000,0.60000,0.00000,0.00000,0.00000,-0.35000,0.00000,0.00000,-0.25000,0.00000,0.00000,0.60000,0.00000,0.00000,0.00000,0.10000,0.00000,0.00000,0.07000,0.00000,0.00000,0.72000,0.00000,0.00000,0.00000,0.54832,-0.01139,-0.00402,0.38979,0.00009,-0.00157,0.60250,0.01463,0.00000,0.00000,-0.35176,-0.01355,-0.00619,0.39387,0.02473,-0.00683,0.60271,0.00767,0.00000,0.00000,0.54523,-0.03549,-0.01521,-0.24259,0.04858,-0.01476,0.60749,0.02871,0.00000,0.00000,-0.35108,-0.00774,-0.00308,-0.24947,0.00389,-0.00165,0.60202,0.00985,0.00000,0.00000,0.09859,-0.01008,-0.00402,0.07121,0.00847,-0.00311,0.72192,0.00859,0.00000,0.00000
9.4000,940,18,9.4002,50.11,0.55000,0.00000,0.00000,0.39000,0.00000,0.00000,0.60000,0.00000,0.00000,0.00000,-0.35000,0.00000,0.00000,0.39000,0.00000,0.00000,0.60000,0.00000,0.00000,0.00000,0.55000,0.00000,0.00000,-0.25000,0.00000,0.00000,0.60000,0.00000,0.00000,0.00000,-0.35000,0.00000,0.00000,-0.25000,0.00000,0.00000,0.60000,0.00000,0.00000,0.00000,0.10000,0.00000,0.00000,0.07000,0.00000,0.00000,0.72000,0.00000,0.00000,0.00000,0.54770,-0.01334,-0.00395,0.38981,0.00098,-0.00204,0.60325,0.01523,0.00000,0.00000,-0.35251,-0.01662,-0.00632,0.39519,0.02783,-0.00581,0.60310,0.00808,0.00000,0.00000,0.54326,-0.04301,-0.01540,-0.23998,0.05542,-0.01314,0.60897,0.03069,0.00000,0.00000,-0.35151,-0.00925,-0.00308,-0.24925,0.00471,-0.00170,0.60252,0.01017,0.00000,0.00000,0.09804,-0.01205,-0.00403,0.07168,0.00996,-0.00299,0.72236,0.00890,0.00000,0.00000
9.4500,945,18,9.4501,49.91,0.55000,0.00000,0.00000,0.39000,0.00000,0.00000,0.60000,0.00000,0.00000,0.00000,-0.35000,0.00000,0.00000,0.39000,0.00000,0.00000,0.60000,0.00000,0.00000,0.00000,0.55000,0.00000,0.00000,-0.25000,0.00000,0.00000,0.60000,0.00000,0.00000,0.00000,-0.35000,0.00000,0.00000,-0.25000,0.00000,0.00000,0.60000,0.00000,0.00000,0.00000,0.10000,0.00000,0.00000,0.07000,0.00000,0.00000,0.72000,0.00000,0.00000,0.00000,0.54699,-0.01526,-0.00389,0.38989,0.00208,-0.00245,0.60401,0.01516,0.00000,0.00000,-0.35342,-0.01973,-0.00631,0.39665,0.03043,-0.00477,0.60352,0.00892,0.00000,0.00000,0.54092,-0.05055,-0.01533,-0.23706,0.06145,-0.01142,0.61057,0.03315,0.00000,0.00000,-0.35201,-0.01076,-0.00305,-0.24900,0.00555,-0.00174,0.60303,0.01014,0.00000,0.00000,0.09739,-0.01402,-0.00399,0.07221,0.01139,-0.00283,0.72281,0.00906,0.00000,0.00000
9.5000,950,19,9.5001,50.01,0.55000,0.00000,0.00000,0.39000,0.00000,0.00000,0.60000,0.00000,0.00000,0.00000,-0.35000,0.00000,0.00000,0.39000,0.00000,0.00000,0.60000,0.00000,0.00000,0.00000,0.55000,0.00000,0.00000,-0.25000,0.00000,0.00000,0.60000,0.00000,0.00000,0.00000,-0.35000,0.00000,0.00000,-0.25000,0.00000,0.00000,0.60000,0.00000,0.00000,0.00000,0.10000,0.00000,0.00000,0.07000,0.00000,0.00000,0.72000,0.00000,0.00000,0.00000,0.55000,0.00000,0.00000,0.39000,0.00000,0.00000,0.60000,0.00000,0.00000,0.00000,-0.35000,0.00000,0.00000,0.39000,0.00000,0.00000,0.60000,0.00000,0.00000,0.00000,0.55000,0.00000,0.00000,-0.25000,0.00000,0.00000,0.60000,0.00000,0.00000,0.00000,-0.35000,0.00000,0.00000,-0.25000,0.00000,0.00000,0.60000,0.00000,0.00000,0.00000,0.10000,0.00000,0.00000,0.07000,0.00000,0.00000,0.72000,0.00000,0.00000,0.00000
9.5500,955,19,9.5501,50.06,0.55000,0.00000,0.00000,0.39000,0.00000,0.00000,0.60000,0.00000,0.00000,0.00000,-0.35000,0.00000,0.00000,0.39000,0.00000,0.00000,0.60000,0.00000,0.00000,0.00000,0.55000,0.00000,0.00000,-0.25000,0.00000,0.00000,0.60000,0.00000,0.00000,0.00000,-0.35000,0.00000,0.00000,-0.25000,0.00000,0.00000,0.60000,0.00000,0.00000,0.00000,0.10000,0.00000,0.00000,0.07000,0.00000,0.00000,0.72000,0.00000,0.00000,0.00000,0.55000,0.00005,0.00012,0.38999,-0.00039,0.00140,0.59997,-0.00122,0.00000,0.00000,-0.35002,-0.00115,-0.00432,0.39002,0.00108,-0.00401,0.60015,0.00565,0.00000,0.00000,0.54996,-0.00233,-0.00880,-0.24997,0.00182,-0.00678,0.60036,0.01358,0.00000,0.00000,-0.35000,-0.00009,-0.00033,-0.25000,0.00002,-0.00007,0.59998,-0.00091,0.00000,0.00000,0.09999,-0.00038,-0.00147,0.07000,0.00018,-0.00069,0.72003,0.00125,0.00000,0.00000
9.6000,960,19,9.6003,50.13,0.55000,0.00000,0.00000,0.39000,0.00000,0.00000,0.60000,0.00000,0.00000,0.00000,-0.35000,0.00000,0.00000,0.39000,0.00000,0.00000,0.60000,0.00000,0.00000,0.00000,0.55000,0.00000,0.00000,-0.25000,0.00000,0.00000,0.60000,0.00000,0.00000,0.00000,-0.35000,0.00000,0.00000,-0.25000,0.00000,0.00000,0.60000,0.00000,0.00000,0.00000,0.10000,0.00000,0.00000,0.07000,0.00000,0.00000,0.72000,0.00000,0.00000,0.00000,0.55000,0.00007,-0.00005,0.38995,-0.00123,0.00191,0.59989,-0.00168,0.00000,0.00000,-0.35014,-0.00394,-0.00681,0.39013,0.00361,-0.00602,0.60053,0.00909,0.00000,0.00000,0.54971,-0.00807,-0.01415,-0.24978,0.00614,-0.01038,0.60130,0.02338,0.00000,0.00000,-0.35001,-0.00031,-0.00055,-0.25000,0.00007,-0.00013,0.59991,-0.00188,0.00000,0.00000,0.09995,-0.00136,-0.00245,0.07002,0.00063,-0.00113,0.72012,0.00212,0.00000,0.00000
9.6500,965,19,9.6501,49.82,0.55000,0.00000,0.00000,0.39000,0.00000,0.00000,0.60000,0.00000,0.00000,0.00000,-0.35000,0.00000,0.00000,0.39000,0.00000,0.00000,0.60000,0.00000,0.00000,0.00000,0.55000,0.00000,0.00000,-0.25000,0.00000,0.00000,0.60000,0.00000,0.00000,0.00000,-0.35000,0.00000,0.00000,-0.25000,0.00000,0.00000,0.60000,0.00000,0.00000,0.00000,0.10000,0.00000,0.00000,0.07000,0.00000,0.00000,0.72000,0.00000,0.00000,0.00000,0.55001,-0.00003,-0.00039,0.38987,-0.00217,0.00187,0.59981,-0.00166,0.00000,0.00000,-0.35043,-0.00763,-0.00809,0.39039,0.00678,-0.00672,0.60103,0.01045,0.00000,0.00000,0.54912,-0.01583,-0.01718,-0.24933,0.01167,-0.01188,0.60263,0.02939,0.00000,0.00000,-0.35003,-0.00062,-0.00071,-0.24999,0.00014,-0.00017,0.59979,-0.00293,0.00000,0.00000,0.09985,-0.00274,-0.00309,0.07007,0.00126,-0.00140,0.72024,0.00252,0.00000,0.00000
9.7000,970,19,9.7002,50.08,0.55000,0.00000,0.00000,0.39000,0.00000,0.00000,0.60000,0.00000,0.00000,0.00000,-0.35000,0.00000,0.00000,0.39000,0.00000,0.00000,0.60000,0.00000,0.00000,0.00000,0.55000,0.00000,0.00000,-0.25000,0.00000,0.00000,0.60000,0.00000,0.00000,0.00000,-0.35000,0.00000,0.00000,-0.25000,0.00000,0.00000,0.60000,0.00000,0.00000,0.00000,0.10000,0.00000,0.00000,0.07000,0.00000,0.00000,0.72000,0.00000,0.00000,0.00000,0.55000,-0.00032,-0.00079,0.38974,-0.00301,0.00150,0.59973,-0.00158,0.00000,0.00000,-0.35091,-0.01174,-0.00860,0.39081,0.01007,-0.00659,0.60155,0.01023,0.00000,0.00000,0.54811,-0.02467,-0.01867,-0.24860,0.01757,-0.01201,0.60418,0.03218,0.00000,0.00000,-0.35007,-0.00099,-0.00081,-0.24998,0.00024,-0.00022,0.59961,-0.00409,0.00000,0.00000,0.09967,-0.00436,-0.00348,0.07015,0.00199,-0.00155,0.72036,0.00240,0.00000,0.00000
9.7500,975,19,9.7501,49.94,0.55000,0.00000,0.00000,0.39000,0.00000,0.00000,0.60000,0.00000,0.00000,0.00000,-0.35000,0.00000,0.00000,0.39000,0.00000,0.00000,0.60000,0.00000,0.00000,0.00000,0.55000,0.00000,0.00000,-0.25000,0.00000,0.00000,0.60000,0.00000,0.00000,0.00000,-0.35000,0.00000,0.00000,-0.25000,0.00000,0.00000,0.60000,0.00000,0.00000,0.00000,0.10000,0.00000,0.00000,0.07000,0.00000,0.00000,0.72000,0.00000,0.00000,0.00000,0.54997,-0.00081,-0.00119,0.38957,-0.00362,0.00095,0.59964,-0.00181,0.00000,0.00000,-0.35160,-0.01598,-0.00862,0.39139,0.01316,-0.00593,0.60203,0.00901,0.00000,0.00000,0.54664,-0.03398,-0.01915,-0.24758,0.02330,-0.01126,0.60581,0.03254,0.00000,0.00000,-0.35013,-0.00140,-0.00088,-0.24997,0.00035,-0.00026,0.59938,-0.00541,0.00000,0.00000,0.09941,-0.00613,-0.00371,0.07027,0.00277,-0.00161,0.72047,0.00177,0.00000,0.00000
9.8000,980,19,9.8003,50.18,0.55000,0.00000,0.00000,0.39000,0.00000,0.00000,0.60000,0.00000,0.00000,0.00000,-0.35000,0.00000,0.00000,0.39000,0.00000,0.00000,0.60000,0.00000,0.00000,0.00000,0.55000,0.00000,0.00000,-0.25000,0.00000,0.00000,0.60000,0.00000,0.00000,0.00000,-0.35000,0.00000,0.00000,-0.25000,0.00000,0.00000,0.60000,0.00000,0.00000,0.00000,0.10000,0.00000,0.00000,0.07000,0.00000,0.00000,0.72000,0.00000,0.00000,0.00000,0.54991,-0.00149,-0.00157,0.38938,-0.00393,0.00031,0.59954,-0.00256,0.00000,0.00000,-0.35251,-0.02015,-0.00832,0.39212,0.01584,-0.00497,0.60244,0.00716,0.00000,0.00000,0.54471,-0.04336,-0.01897,-0.24628,0.02853,-0.00997,0.60740,0.03102,0.00000,0.00000,-0.35021,-0.00185,-0.00092,-0.24995,0.00049,-0.00030,0.59907,-0.00693,0.00000,0.00000,0.09906,-0.00797,-0.00380,0.07043,0.00356,-0.00161,0.72053,0.00066,0.00000,0.00000
9.8500,985,19,9.8500,49.75,0.55000,0.00000,0.00000,0.39000,0.00000,0.00000,0.60000,0.00000,0.00000,0.00000,-0.35000,0.00000,0.00000,0.39000,0.00000,0.00000,0.60000,0.00000,0.00000,0.00000,0.55000,0.00000,0.00000,-0.25000,0.00000,0.00000,0.60000,0.00000,0.00000,0.00000,-0.35000,0.00000,0.00000,-0.25000,0.00000,0.00000,0.60000,0.00000,0.00000,0.00000,0.10000,0.00000,0.00000,0.07000,0.00000,0.00000,0.72000,0.00000,0.00000,0.00000,0.54982,-0.00234,-0.00191,0.38918,-0.00392,-0.00035,0.59938,-0.00394,0.00000,0.00000,-0.35362,-0.02412,-0.00785,0.39297,0.01801,-0.00385,0.60274,0.00489,0.00000,0.00000,0.54231,-0.05252,-0.01835,-0.24474,0.03303,-0.00837,0.60888,0.02796,0.00000,0.00000,-0.35032,-0.00230,-0.00094,-0.24992,0.00064,-0.00033,0.59868,-0.00869,0.00000,0.00000,0.09861,-0.00984,-0.00381,0.07062,0.00434,-0.00156,0.72053,-0.00090,0.00000,0.00000
9.9000,990,19,9.8999,49.91,0.55000,0.00000,0.00000,0.39000,0.00000,0.00000,0.60000,0.00000,0.00000,0.00000,-0.35000,0.00000,0.00000,0.39000,0.00000,0.00000,0.60000,0.00000,0.00000,0.00000,0.55000,0.00000,0.00000,-0.25000,0.00000,0.00000,0.60000,0.00000,0.00000,0.00000,-0.35000,0.00000,0.00000,-0.25000,0.00000,0.00000,0.60000,0.00000,0.00000,0.00000,0.10000,0.00000,0.00000,0.07000,0.00000,0.00000,0.72000,0.00000,0.00000,0.00000,0.54968,-0.00335,-0.00219,0.38899,-0.00359,-0.00100,0.59913,-0.00596,0.00000,0.00000,-0.35492,-0.02783,-0.00728,0.39391,0.01961,-0.00267,0.60292,0.00235,0.00000,0.00000,0.53946,-0.06132,-0.01747,-0.24299,0.03672,-0.00663,0.61018,0.02361,0.00000,0.00000,-0.35044,-0.00277,-0.00095,-0.24988,0.00081,-0.00037,0.59820,-0.01068,0.00000,0.00000,0.09808,-0.01170,-0.00376,0.07086,0.00509,-0.00149,0.72043,-0.00289,0.00000,0.00000
9.9500,995,19,9.9500,50.08,0.55000,0.00000,0.00000,0.39000,0.00000,0.00000,0.60000,0.00000,0.00000,0.00000,-0.35000,0.00000,0.00000,0.39000,0.00000,0.00000,0.60000,0.00000,0.00000,0.00000,0.55000,0.00000,0.00000,-0.25000,0.00000,0.00000,0.60000,0.00000,0.00000,0.00000,-0.35000,0.00000,0.00000,-0.25000,0.00000,0.00000,0.60000,0.00000,0.00000,0.00000,0.10000,0.00000,0.00000,0.07000,0.00000,0.00000,0.72000,0.00000,0.00000,0.00000,0.54948,-0.00448,-0.00240,0.38883,-0.00295,-0.00161,0.59877,-0.00863,0.00000,0.00000,-0.35639,-0.03125,-0.00666,0.39492,0.02063,-0.00149,0.60297,-0.00043,0.00000,0.00000,0.53619,-0.06963,-0.01642,-0.24108,0.03953,-0.00484,0.61123,0.01809,0.00000,0.00000,-0.35059,-0.00324,-0.00095,-0.24984,0.00100,-0.00040,0.59761,-0.01292,0.00000,0.00000,0.09745,-0.01352,-0.00365,0.07113,0.00579,-0.00139,0.72023,-0.00528,0.00000,0.00000
10.0000,1000,20,10.0004,50.42,0.55000,0.00000,0.00000,0.39000,0.00000,0.00000,0.60000,0.00000,0.00000,0.00000,-0.35000,0.00000,0.00000,0.39000,0.00000,0.00000,0.60000,0.00000,0.00000,0.00000,0.55000,0.00000,0.00000,-0.25000,0.00000,0.00000,0.60000,0.00000,0.00000,0.00000,-0.35000,0.00000,0.00000,-0.25000,0.00000,0.00000,0.60000,0.00000,0.00000,0.00000,0.10000,0.00000,0.00000,0.07000,0.00000,0.00000,0.72000,0.00000,0.00000,0.00000,0.55000,0.00000,0.00000,0.39000,0.00000,0.00000,0.60000,0.00000,0.00000,0.00000,-0.35000,0.00000,0.00000,0.39000,0.00000,0.00000,0.60000,0.00000,0.00000,0.00000,0.55000,0.00000,0.00000,-0.25000,0.00000,0.00000,0.60000,0.00000,0.00000,0.00000,-0.35000,0.00000,0.00000,-0.25000,0.00000,0.00000,0.60000,0.00000,0.00000,0.00000,0.10000,0.00000,0.00000,0.07000,0.00000,0.00000,0.72000,0.00000,0.00000,0.00000
10.0500,1005,20,10.0500,49.59,0.55000,0.00000,0.00000,0.39000,0.00000,0.00000,0.60000,0.00000,0.00000,0.00000,-0.35000,0.00000,0.00000,0.39000,0.00000,0.00000,0.60000,0.00000,0.00000,0.00000,0.55000,0.00000,0.00000,-0.25000,0.00000,0.00000,0.60000,0.00000,0.00000,0.00000,-0.35000,0.00000,0.00000,-0.25000,0.00000,0.00000,0.60000,0.00000,0.00000,0.00000,0.10000,0.00000,0.00000,0.07000,0.00000,0.00000,0.72000,0.00000,0.00000,0.00000,0.55001,0.00066,0.00246,0.39000,-0.00022,0.00077,0.59980,-0.00766,0.00000,0.00000,-0.35003,-0.00152,-0.00569,0.39001,0.00041,-0.00148,0.60002,0.00050,0.00000,0.00000,0.54996,-0.00246,-0.00922,-0.24999,0.00062,-0.00225,0.59996,-0.00230,0.00000,0.00000,-0.35000,0.00008,0.00030,-0.25000,-0.00001,0.00005,0.59988,-0.00498,0.00000,0.00000,0.10000,-0.00020,-0.00075,0.07000,0.00003,-0.00013,0.71991,-0.00347,0.00000,0.00000
10.1000,1010,20,10.1003,50.29,0.55000,0.00000,0.00000,0.39000,0.00000,0.00000,0.60000,0.00000,0.00000,0.00000,-0.35000,0.00000,0.00000,0.39000,0.00000,0.00000,0.60000,0.00000,0.00000,0.00000,0.55000,0.00000,0.00000,-0.25000,0.00000,0.00000,0.60000,0.00000,0.00000,0.00000,-0.35000,0.00000,0.00000,-0.25000,0.00000,0.00000,0.60000,0.00000,0.00000,0.00000,0.10000,0.00000,0.00000,0.07000,0.00000,0.00000,0.72000,0.00000,0.00000,0.00000,0.55008,0.00222,0.00370,0.38997,-0.00066,0.00095,0.59925,-0.01423,0.00000,0.00000,-0.35019,-0.00517,-0.00881,0.39005,0.00129,-0.00196,0.60001,-0.00113,0.00000,0.00000,0.54970,-0.00838,-0.01440,-0.24993,0.00197,-0.00305,0.59972,-0.00793,0.00000,0.00000,-0.34999,0.00027,0.00048,-0.25000,-0.00005,0.00008,0.59951,-0.00979,0.00000,0.00000,0.09998,-0.00069,-0.00123,0.07000,0.00012,-0.00020,0.71965,-0.00713,0.00000,0.00000
10.1500,1015,20,10.1503,49.96,0.55000,0.00000,0.00000,0.39000,0.00000,0.00000,0.60000,0.00000,0.00000,0.00000,-0.35000,0.00000,0.00000,0.39000,0.00000,0.00000,0.60000,0.00000,0.00000,0.00000,0.55000,0.00000,0.00000,-0.25000,0.00000,0.00000,0.60000,0.00000,0.00000,0.00000,-0.35000,0.00000,0.00000,-0.25000,0.00000,0.00000,0.60000,0.00000,0.00000,0.00000,0.10000,0.00000,0.00000,0.07000,0.00000,0.00000,0.72000,0.00000,0.00000,0.00000,0.55024,0.00416,0.00410,0.38993,-0.00110,0.00080,0.59839,-0.02011,0.00000,0.00000,-0.35056,-0.00987,-0.01011,0.39014,0.00224,-0.00184,0.59988,-0.00451,0.00000,0.00000,0.54909,-0.01611,-0.01670,-0.24979,0.00348,-0.00297,0.59911,-0.01658,0.00000,0.00000,-0.34997,0.00053,0.00058,-0.25001,-0.00009,0.00010,0.59890,-0.01436,0.00000,0.00000,0.09992,-0.00137,-0.00149,0.07001,0.00023,-0.00024,0.71920,-0.01107,0.00000,0.00000
10.2000,1020,20,10.2003,50.02,0.55000,0.00000,0.00000,0.39000,0.00000,0.00000,0.60000,0.00000,0.00000,0.00000,-0.35000,0.00000,0.00000,0.39000,0.00000,0.00000,0.60000,0.00000,0.00000,0.00000,0.55000,0.00000,0.00000,-0.25000,0.00000,0.00000,0.60000,0.00000,0.00000,0.00000,-0.35000,0.00000,0.00000,-0.25000,0.00000,0.00000,0.60000,0.00000,0.00000,0.00000,0.10000,0.00000,0.00000,0.07000,0.00000,0.00000,0.72000,0.00000,0.00000,0.00000,0.55050,0.00614,0.00392,0.38987,-0.00141,0.00048,0.59725,-0.02531,0.00000,0.00000,-0.35118,-0.01487,-0.01008,0.39027,0.00304,-0.00140,0.59954,-0.00963,0.00000,0.00000,0.54808,-0.02442,-0.01687,-0.24958,0.00481,-0.00241,0.59801,-0.02832,0.00000,0.00000,-0.34994,0.00083,0.00061,-0.25001,-0.00014,0.00010,0.59807,-0.01865,0.00000,0.00000,0.09984,-0.00213,-0.00159,0.07003,0.00035,-0.00025,0.71854,-0.01531,0.00000,0.00000
10.2500,1025,20,10.2502,49.86,0.55000,0.00000,0.00000,0.39000,0.00000,0.00000,0.60000,0.00000,0.00000,0.00000,-0.35000,0.00000,0.00000,0.39000,0.00000,0.00000,0.60000,0.00000,0.00000,0.00000,0.55000,0.00000,0.00000,-0.25000,0.00000,0.00000,0.60000,0.00000,0.00000,0.00000,-0.35000,0.00000,0.00000,-0.25000,0.00000,0.00000,0.60000,0.00000,0.00000,0.00000,0.10000,0.00000,0.00000,0.07000,0.00000,0.00000,0.72000,0.00000,0.00000,0.00000,0.55085,0.00792,0.00327,0.38979,-0.00157,0.00016,0.59588,-0.02951,0.00000,0.00000,-0.35204,-0.01958,-0.00898,0.39044,0.00360,-0.00086,0.59888,-0.01687,0.00000,0.00000,0.54665,-0.03237,-0.01528,-0.24931,0.00581,-0.00166,0.59622,-0.04361,0.00000,0.00000,-0.34989,0.00113,0.00059,-0.25002,-0.00018,0.00009,0.59704,-0.02261,0.00000,0.00000,0.09971,-0.00290,-0.00153,0.07005,0.00047,-0.00024,0.71766,-0.01980,0.00000,0.00000
10.3000,1030,20,10.3001,49.96,0.55000,0.00000,0.00000,0.39000,0.00000,0.00000,0.60000,0.00000,0.00000,0.00000,-0.35000,0.00000,0.00000,0.39000,0.00000,0.00000,0.60000,0.00000,0.00000,0.00000,0.55000,0.00000,0.00000,-0.25000,0.00000,0.00000,0.60000,0.00000,0.00000,0.00000,-0.35000,0.00000,0.00000,-0.25000,0.00000,0.00000,0.60000,0.00000,0.00000,0.00000,0.10000,0.00000,0.00000,0.07000,0.00000,0.00000,0.72000,0.00000,0.00000,0.00000,0.55128,0.00928,0.00220,0.38971,-0.00158,-0.00006,0.59433,-0.03193,0.00000,0.00000,-0.35312,-0.02351,-0.00687,0.39063,0.00391,-0.00043,0.59780,-0.02712,0.00000,0.00000,0.54486,-0.03914,-0.01206,-0.24901,0.00645,-0.00101,0.59357,-0.06340,0.00000,0.00000,-0.34982,0.00140,0.00051,-0.25003,-0.00022,0.00007,0.59582,-0.02626,0.00000,0.00000,0.09955,-0.00361,-0.00135,0.07007,0.00058,-0.00020,0.71656,-0.02445,0.00000,0.00000
